image_id,file_name,source_file_name,source_stem,source_scene_id,num_objects,mask_area_pixels,mask_area_ratio,mean_bbox_fill_ratio,median_bbox_fill_ratio,max_pair_bbox_iou,num_bbox_overlap_pairs,has_bbox_overlap,overlap_group,area_group,stratum,split,area_threshold,stratify_by,no_overlap_iou_max,overlap_iou_min,selected_eval,source_image_id
1,P0000_0004.png,P0000_0004.png,P0000_0004,P0000,2,14819,0.0141324996948242,0.2709185765502843,0.2709185765502843,0.0,0,False,no_overlap,high_mask_area,no_overlap__high_mask_area,train,0.011932373046875,mask_area,0.0,0.001,False,1
2,P0000_0005.png,P0000_0005.png,P0000_0005,P0000,2,13405,0.0127840042114257,0.2264842316277763,0.2264842316277763,0.0532227344737357,1,True,overlap,high_mask_area,overlap__high_mask_area,train,0.011932373046875,mask_area,0.0,0.001,False,2
3,P0000_0007.png,P0000_0007.png,P0000_0007,P0000,0,0,0.0,0.0,0.0,0.0,0,False,no_overlap,low_mask_area,negative,train,0.011932373046875,mask_area,0.0,0.001,False,3
4,P0000_0010.png,P0000_0010.png,P0000_0010,P0000,0,0,0.0,0.0,0.0,0.0,0,False,no_overlap,low_mask_area,negative,train,0.011932373046875,mask_area,0.0,0.001,False,4
5,P0000_0011.png,P0000_0011.png,P0000_0011,P0000,3,19674,0.0187625885009765,0.2601859309879712,0.2875433343838638,0.0122015824461267,1,True,overlap,high_mask_area,overlap__high_mask_area,train,0.011932373046875,mask_area,0.0,0.001,False,5
6,P0000_0012.png,P0000_0012.png,P0000_0012,P0000,1,5515,0.0052595138549804,0.2325434305953786,0.2325434305953786,0.0,0,False,no_overlap,low_mask_area,no_overlap__low_mask_area,train,0.011932373046875,mask_area,0.0,0.001,False,6
7,P0000_0013.png,P0000_0013.png,P0000_0013,P0000,1,5440,0.00518798828125,0.2293810086017878,0.2293810086017878,0.0,0,False,no_overlap,low_mask_area,no_overlap__low_mask_area,train,0.011932373046875,mask_area,0.0,0.001,False,7
8,P0000_0015.png,P0000_0015.png,P0000_0015,P0000,2,11398,0.0108699798583984,0.2206466268471912,0.2206466268471912,0.0,0,False,no_overlap,low_mask_area,no_overlap__low_mask_area,train,0.011932373046875,mask_area,0.0,0.001,False,8
9,P0000_0016.png,P0000_0016.png,P0000_0016,P0000,1,5155,0.0049161911010742,0.2767636636959089,0.2767636636959089,0.0,0,False,no_overlap,low_mask_area,no_overlap__low_mask_area,train,0.011932373046875,mask_area,0.0,0.001,False,9
10,P0000_0017.png,P0000_0017.png,P0000_0017,P0000,1,5987,0.0057096481323242,0.1952197730533455,0.1952197730533455,0.0,0,False,no_overlap,low_mask_area,no_overlap__low_mask_area,train,0.011932373046875,mask_area,0.0,0.001,False,10
11,P0000_0018.png,P0000_0018.png,P0000_0018,P0000,1,6043,0.0057630538940429,0.1982546504379777,0.1982546504379777,0.0,0,False,no_overlap,low_mask_area,no_overlap__low_mask_area,train,0.011932373046875,mask_area,0.0,0.001,False,11
12,P0000_0021.png,P0000_0021.png,P0000_0021,P0000,1,5709,0.0054445266723632,0.2471107648357356,0.2471107648357356,0.0,0,False,no_overlap,low_mask_area,no_overlap__low_mask_area,train,0.011932373046875,mask_area,0.0,0.001,False,12
13,P0000_0022.png,P0000_0022.png,P0000_0022,P0000,3,20197,0.019261360168457,0.2611366930371455,0.2661616161616161,0.0,0,False,no_overlap,high_mask_area,no_overlap__high_mask_area,train,0.011932373046875,mask_area,0.0,0.001,False,13
14,P0000_0023.png,P0000_0023.png,P0000_0023,P0000,5,30619,0.0292005538940429,0.2165683390050482,0.2067841660601841,0.0733955857385399,1,True,overlap,high_mask_area,overlap__high_mask_area,train,0.011932373046875,mask_area,0.0,0.001,False,14
15,P0000_0024.png,P0000_0024.png,P0000_0024,P0000,1,3717,0.003544807434082,0.24609375,0.24609375,0.0,0,False,no_overlap,low_mask_area,no_overlap__low_mask_area,train,0.011932373046875,mask_area,0.0,0.001,False,15
16,P0000_0025.png,P0000_0025.png,P0000_0025,P0000,4,16175,0.015425682067871,0.2081238884284758,0.2114513820465877,0.0,0,False,no_overlap,high_mask_area,no_overlap__high_mask_area,train,0.011932373046875,mask_area,0.0,0.001,False,16
17,P0000_0026.png,P0000_0026.png,P0000_0026,P0000,1,4518,0.0043087005615234,0.19973474801061,0.19973474801061,0.0,0,False,no_overlap,low_mask_area,no_overlap__low_mask_area,train,0.011932373046875,mask_area,0.0,0.001,False,17
18,P0000_0028.png,P0000_0028.png,P0000_0028,P0000,1,5659,0.0053968429565429,0.2449465437389083,0.2449465437389083,0.0,0,False,no_overlap,low_mask_area,no_overlap__low_mask_area,train,0.011932373046875,mask_area,0.0,0.001,False,18
19,P0000_0029.png,P0000_0029.png,P0000_0029,P0000,1,7049,0.0067224502563476,0.2230484447679017,0.2230484447679017,0.0,0,False,no_overlap,low_mask_area,no_overlap__low_mask_area,train,0.011932373046875,mask_area,0.0,0.001,False,19
20,P0000_0030.png,P0000_0030.png,P0000_0030,P0000,3,20733,0.0197725296020507,0.2135307571531518,0.2113406955035914,0.0733955857385399,1,True,overlap,high_mask_area,overlap__high_mask_area,train,0.011932373046875,mask_area,0.0,0.001,False,20
21,P0000_0031.png,P0000_0031.png,P0000_0031,P0000,2,9544,0.0091018676757812,0.2285795718788755,0.2285795718788755,0.0,0,False,no_overlap,low_mask_area,no_overlap__low_mask_area,train,0.011932373046875,mask_area,0.0,0.001,False,21
22,P0000_0032.png,P0000_0032.png,P0000_0032,P0000,3,10030,0.0095653533935546,0.2089478649708657,0.2215563661629321,0.0,0,False,no_overlap,low_mask_area,no_overlap__low_mask_area,train,0.011932373046875,mask_area,0.0,0.001,False,22
23,P0000_0033.png,P0000_0033.png,P0000_0033,P0000,1,4244,0.0040473937988281,0.1876215738284704,0.1876215738284704,0.0,0,False,no_overlap,low_mask_area,no_overlap__low_mask_area,train,0.011932373046875,mask_area,0.0,0.001,False,23
24,P0001_0004.png,P0001_0004.png,P0001_0004,P0001,0,0,0.0,0.0,0.0,0.0,0,False,no_overlap,low_mask_area,negative,train,0.011932373046875,mask_area,0.0,0.001,False,24
25,P0019_0009.png,P0019_0009.png,P0019_0009,P0019,0,0,0.0,0.0,0.0,0.0,0,False,no_overlap,low_mask_area,negative,train,0.011932373046875,mask_area,0.0,0.001,False,26
26,P0019_0010.png,P0019_0010.png,P0019_0010,P0019,0,0,0.0,0.0,0.0,0.0,0,False,no_overlap,low_mask_area,negative,train,0.011932373046875,mask_area,0.0,0.001,False,27
27,P0019_0018.png,P0019_0018.png,P0019_0018,P0019,0,0,0.0,0.0,0.0,0.0,0,False,no_overlap,low_mask_area,negative,train,0.011932373046875,mask_area,0.0,0.001,False,28
28,P0021_0001.png,P0021_0001.png,P0021_0001,P0021,0,0,0.0,0.0,0.0,0.0,0,False,no_overlap,low_mask_area,negative,train,0.011932373046875,mask_area,0.0,0.001,False,1
29,P0021_0004.png,P0021_0004.png,P0021_0004,P0021,0,0,0.0,0.0,0.0,0.0,0,False,no_overlap,low_mask_area,negative,train,0.011932373046875,mask_area,0.0,0.001,False,2
30,P0025_0015.png,P0025_0015.png,P0025_0015,P0025,0,0,0.0,0.0,0.0,0.0,0,False,no_overlap,low_mask_area,negative,train,0.011932373046875,mask_area,0.0,0.001,False,3
31,P0027_0000.png,P0027_0000.png,P0027_0000,P0027,0,0,0.0,0.0,0.0,0.0,0,False,no_overlap,low_mask_area,negative,train,0.011932373046875,mask_area,0.0,0.001,False,46
32,P0032_0000.png,P0032_0000.png,P0032_0000,P0032,0,0,0.0,0.0,0.0,0.0,0,False,no_overlap,low_mask_area,negative,train,0.011932373046875,mask_area,0.0,0.001,False,4
33,P0032_0001.png,P0032_0001.png,P0032_0001,P0032,5,36951,0.0352392196655273,0.215193829838799,0.1978458049886621,0.0784088438965313,2,True,overlap,high_mask_area,overlap__high_mask_area,train,0.011932373046875,mask_area,0.0,0.001,False,5
34,P0032_0002.png,P0032_0002.png,P0032_0002,P0032,2,15649,0.0149240493774414,0.2026579725386214,0.2026579725386214,0.0,0,False,no_overlap,high_mask_area,no_overlap__high_mask_area,train,0.011932373046875,mask_area,0.0,0.001,False,6
35,P0032_0003.png,P0032_0003.png,P0032_0003,P0032,4,29171,0.0278196334838867,0.2244176589205386,0.2148687769859915,0.0,0,False,no_overlap,high_mask_area,no_overlap__high_mask_area,train,0.011932373046875,mask_area,0.0,0.001,False,7
36,P0032_0004.png,P0032_0004.png,P0032_0004,P0032,4,29704,0.0283279418945312,0.2054773311607199,0.2142969660621582,0.0165468828346983,1,True,overlap,high_mask_area,overlap__high_mask_area,train,0.011932373046875,mask_area,0.0,0.001,False,8
37,P0032_0005.png,P0032_0005.png,P0032_0005,P0032,1,7271,0.0069341659545898,0.2813854489164086,0.2813854489164086,0.0,0,False,no_overlap,low_mask_area,no_overlap__low_mask_area,train,0.011932373046875,mask_area,0.0,0.001,False,9
38,P0036_0002.png,P0036_0002.png,P0036_0002,P0036,2,6425,0.0061273574829101,0.1938564448987258,0.1938564448987258,0.0,0,False,no_overlap,low_mask_area,no_overlap__low_mask_area,train,0.011932373046875,mask_area,0.0,0.001,False,47
39,P0036_0003.png,P0036_0003.png,P0036_0003,P0036,2,7285,0.0069475173950195,0.2504899251470886,0.2504899251470886,0.0,0,False,no_overlap,low_mask_area,no_overlap__low_mask_area,train,0.011932373046875,mask_area,0.0,0.001,False,48
40,P0036_0005.png,P0036_0005.png,P0036_0005,P0036,1,8237,0.0078554153442382,0.1573718499837603,0.1573718499837603,0.0,0,False,no_overlap,low_mask_area,no_overlap__low_mask_area,train,0.011932373046875,mask_area,0.0,0.001,False,49
41,P0036_0006.png,P0036_0006.png,P0036_0006,P0036,2,10925,0.0104188919067382,0.2166063607739561,0.2166063607739561,0.0,0,False,no_overlap,low_mask_area,no_overlap__low_mask_area,train,0.011932373046875,mask_area,0.0,0.001,False,50
42,P0036_0007.png,P0036_0007.png,P0036_0007,P0036,1,3098,0.0029544830322265,0.1850657108721624,0.1850657108721624,0.0,0,False,no_overlap,low_mask_area,no_overlap__low_mask_area,train,0.011932373046875,mask_area,0.0,0.001,False,51
43,P0036_0008.png,P0036_0008.png,P0036_0008,P0036,5,15977,0.0152368545532226,0.1934212084996856,0.1904583020285499,0.0932449949589514,2,True,overlap,high_mask_area,overlap__high_mask_area,train,0.011932373046875,mask_area,0.0,0.001,False,52
44,P0036_0009.png,P0036_0009.png,P0036_0009,P0036,2,5806,0.0055370330810546,0.1934596032187618,0.1934596032187618,0.0,0,False,no_overlap,low_mask_area,no_overlap__low_mask_area,train,0.011932373046875,mask_area,0.0,0.001,False,53
45,P0036_0010.png,P0036_0010.png,P0036_0010,P0036,3,50803,0.0484495162963867,0.1949684445173426,0.1785274562915538,0.0865420483275997,1,True,overlap,high_mask_area,overlap__high_mask_area,train,0.011932373046875,mask_area,0.0,0.001,False,54
46,P0036_0011.png,P0036_0011.png,P0036_0011,P0036,5,39233,0.0374155044555664,0.1798002515034106,0.1802925084175084,0.1251512817691715,1,True,overlap,high_mask_area,overlap__high_mask_area,train,0.011932373046875,mask_area,0.0,0.001,False,55
47,P0036_0012.png,P0036_0012.png,P0036_0012,P0036,3,13467,0.0128431320190429,0.1762600951045295,0.187683284457478,0.0,0,False,no_overlap,high_mask_area,no_overlap__high_mask_area,train,0.011932373046875,mask_area,0.0,0.001,False,56
48,P0036_0013.png,P0036_0013.png,P0036_0013,P0036,1,4625,0.0044107437133789,0.2260508308895405,0.2260508308895405,0.0,0,False,no_overlap,low_mask_area,no_overlap__low_mask_area,train,0.011932373046875,mask_area,0.0,0.001,False,57
49,P0036_0014.png,P0036_0014.png,P0036_0014,P0036,2,8598,0.0081996917724609,0.2443168829673966,0.2443168829673966,0.0,0,False,no_overlap,low_mask_area,no_overlap__low_mask_area,train,0.011932373046875,mask_area,0.0,0.001,False,58
50,P0036_0015.png,P0036_0015.png,P0036_0015,P0036,1,11358,0.0108318328857421,0.2165903890160183,0.2165903890160183,0.0,0,False,no_overlap,low_mask_area,no_overlap__low_mask_area,train,0.011932373046875,mask_area,0.0,0.001,False,59
51,P0036_0016.png,P0036_0016.png,P0036_0016,P0036,6,57130,0.054483413696289,0.1661002186657219,0.1615111691360237,0.0686540011990159,4,True,overlap,high_mask_area,overlap__high_mask_area,train,0.011932373046875,mask_area,0.0,0.001,False,60
52,P0036_0017.png,P0036_0017.png,P0036_0017,P0036,2,29884,0.0284996032714843,0.2283952901420251,0.2283952901420251,0.0689065624570669,1,True,overlap,high_mask_area,overlap__high_mask_area,train,0.011932373046875,mask_area,0.0,0.001,False,61
53,P0036_0021.png,P0036_0021.png,P0036_0021,P0036,2,13390,0.0127696990966796,0.2226792660132691,0.2226792660132691,0.0,0,False,no_overlap,high_mask_area,no_overlap__high_mask_area,train,0.011932373046875,mask_area,0.0,0.001,False,62
54,P0036_0022.png,P0036_0022.png,P0036_0022,P0036,2,21095,0.0201177597045898,0.1790722905865711,0.1790722905865711,0.0128915817970865,1,True,overlap,high_mask_area,overlap__high_mask_area,train,0.011932373046875,mask_area,0.0,0.001,False,63
55,P0036_0023.png,P0036_0023.png,P0036_0023,P0036,3,22975,0.0219106674194335,0.174331723540118,0.1686377946056326,0.0686540011990159,1,True,overlap,high_mask_area,overlap__high_mask_area,train,0.011932373046875,mask_area,0.0,0.001,False,64
56,P0038_0000.png,P0038_0000.png,P0038_0000,P0038,2,30149,0.028752326965332,0.1883234337476974,0.1883234337476974,0.0252865662332372,1,True,overlap,high_mask_area,overlap__high_mask_area,train,0.011932373046875,mask_area,0.0,0.001,False,65
57,P0038_0001.png,P0038_0001.png,P0038_0001,P0038,0,0,0.0,0.0,0.0,0.0,0,False,no_overlap,low_mask_area,negative,train,0.011932373046875,mask_area,0.0,0.001,False,66
58,P0038_0004.png,P0038_0004.png,P0038_0004,P0038,2,57823,0.0551443099975585,0.1701528687519993,0.1701528687519993,0.0,0,False,no_overlap,high_mask_area,no_overlap__high_mask_area,train,0.011932373046875,mask_area,0.0,0.001,False,67
59,P0038_0005.png,P0038_0005.png,P0038_0005,P0038,1,25560,0.0243759155273437,0.1827541827541827,0.1827541827541827,0.0,0,False,no_overlap,high_mask_area,no_overlap__high_mask_area,train,0.011932373046875,mask_area,0.0,0.001,False,68
60,P0038_0006.png,P0038_0006.png,P0038_0006,P0038,2,92978,0.0886707305908203,0.1915530582934736,0.1915530582934736,0.0468023500423965,1,True,overlap,high_mask_area,overlap__high_mask_area,train,0.011932373046875,mask_area,0.0,0.001,False,69
61,P0038_0007.png,P0038_0007.png,P0038_0007,P0038,2,22717,0.0216646194458007,0.102889126131395,0.102889126131395,0.0974747397778014,1,True,overlap,high_mask_area,overlap__high_mask_area,train,0.011932373046875,mask_area,0.0,0.001,False,70
62,P0038_0008.png,P0038_0008.png,P0038_0008,P0038,1,24192,0.0230712890625,0.2553434026788259,0.2553434026788259,0.0,0,False,no_overlap,high_mask_area,no_overlap__high_mask_area,train,0.011932373046875,mask_area,0.0,0.001,False,71
63,P0038_0013.png,P0038_0013.png,P0038_0013,P0038,2,19401,0.0185022354125976,0.0688441612456937,0.0688441612456937,0.0,0,False,no_overlap,high_mask_area,no_overlap__high_mask_area,train,0.011932373046875,mask_area,0.0,0.001,False,72
64,P0038_0014.png,P0038_0014.png,P0038_0014,P0038,1,81336,0.0775680541992187,0.4113488089819451,0.4113488089819451,0.0,0,False,no_overlap,high_mask_area,no_overlap__high_mask_area,train,0.011932373046875,mask_area,0.0,0.001,False,73
65,P0039_0012.png,P0039_0012.png,P0039_0012,P0039,0,0,0.0,0.0,0.0,0.0,0,False,no_overlap,low_mask_area,negative,train,0.011932373046875,mask_area,0.0,0.001,False,10
66,P0039_0016.png,P0039_0016.png,P0039_0016,P0039,0,0,0.0,0.0,0.0,0.0,0,False,no_overlap,low_mask_area,negative,train,0.011932373046875,mask_area,0.0,0.001,False,11
67,P0042_0000.png,P0042_0000.png,P0042_0000,P0042,1,1685,0.0016069412231445,0.2806462358427715,0.2806462358427715,0.0,0,False,no_overlap,low_mask_area,no_overlap__low_mask_area,train,0.011932373046875,mask_area,0.0,0.001,False,83
68,P0042_0001.png,P0042_0001.png,P0042_0001,P0042,16,38316,0.0365409851074218,0.2273535973489452,0.2279896890566745,0.2378367091250783,10,True,overlap,high_mask_area,overlap__high_mask_area,train,0.011932373046875,mask_area,0.0,0.001,False,84
69,P0042_0002.png,P0042_0002.png,P0042_0002,P0042,16,36755,0.0350522994995117,0.2210422383152256,0.2165928869891476,0.2378367091250783,10,True,overlap,high_mask_area,overlap__high_mask_area,train,0.011932373046875,mask_area,0.0,0.001,False,85
70,P0042_0003.png,P0042_0003.png,P0042_0003,P0042,13,25323,0.0241498947143554,0.2433092347179594,0.239806704922984,0.0969497476409918,9,True,overlap,high_mask_area,overlap__high_mask_area,train,0.011932373046875,mask_area,0.0,0.001,False,86
71,P0042_0004.png,P0042_0004.png,P0042_0004,P0042,12,26904,0.0256576538085937,0.2181282771519378,0.2100530361376865,0.0372529964366699,3,True,overlap,high_mask_area,overlap__high_mask_area,train,0.011932373046875,mask_area,0.0,0.001,False,87
72,P0042_0005.png,P0042_0005.png,P0042_0005,P0042,9,19571,0.0186643600463867,0.2078298808379814,0.2019010160603081,0.0685352365647303,3,True,overlap,high_mask_area,overlap__high_mask_area,train,0.011932373046875,mask_area,0.0,0.001,False,88
73,P0042_0006.png,P0042_0006.png,P0042_0006,P0042,13,25889,0.0246896743774414,0.2504454926578608,0.2482419127988748,0.0969497476409918,9,True,overlap,high_mask_area,overlap__high_mask_area,train,0.011932373046875,mask_area,0.0,0.001,False,89
74,P0042_0007.png,P0042_0007.png,P0042_0007,P0042,10,22306,0.0212726593017578,0.2142735986395568,0.2145313843319973,0.0372529964366699,3,True,overlap,high_mask_area,overlap__high_mask_area,train,0.011932373046875,mask_area,0.0,0.001,False,90
75,P0042_0008.png,P0042_0008.png,P0042_0008,P0042,7,15209,0.0145044326782226,0.1939880306249291,0.2041953457882661,0.0372529964366699,2,True,overlap,high_mask_area,overlap__high_mask_area,train,0.011932373046875,mask_area,0.0,0.001,False,91
76,P0063_0002.png,P0063_0002.png,P0063_0002,P0063,0,0,0.0,0.0,0.0,0.0,0,False,no_overlap,low_mask_area,negative,train,0.011932373046875,mask_area,0.0,0.001,False,92
77,P0063_0008.png,P0063_0008.png,P0063_0008,P0063,0,0,0.0,0.0,0.0,0.0,0,False,no_overlap,low_mask_area,negative,train,0.011932373046875,mask_area,0.0,0.001,False,93
78,P0065_0009.png,P0065_0009.png,P0065_0009,P0065,0,0,0.0,0.0,0.0,0.0,0,False,no_overlap,low_mask_area,negative,train,0.011932373046875,mask_area,0.0,0.001,False,95
79,P0070_0002.png,P0070_0002.png,P0070_0002,P0070,0,0,0.0,0.0,0.0,0.0,0,False,no_overlap,low_mask_area,negative,train,0.011932373046875,mask_area,0.0,0.001,False,98
80,P0082_0034.png,P0082_0034.png,P0082_0034,P0082,0,0,0.0,0.0,0.0,0.0,0,False,no_overlap,low_mask_area,negative,train,0.011932373046875,mask_area,0.0,0.001,False,99
81,P0087_0006.png,P0087_0006.png,P0087_0006,P0087,0,0,0.0,0.0,0.0,0.0,0,False,no_overlap,low_mask_area,negative,train,0.011932373046875,mask_area,0.0,0.001,False,12
82,P0087_0022.png,P0087_0022.png,P0087_0022,P0087,0,0,0.0,0.0,0.0,0.0,0,False,no_overlap,low_mask_area,negative,train,0.011932373046875,mask_area,0.0,0.001,False,13
83,P0096_0000.png,P0096_0000.png,P0096_0000,P0096,0,0,0.0,0.0,0.0,0.0,0,False,no_overlap,low_mask_area,negative,train,0.011932373046875,mask_area,0.0,0.001,False,101
84,P0098_0001.png,P0098_0001.png,P0098_0001,P0098,0,0,0.0,0.0,0.0,0.0,0,False,no_overlap,low_mask_area,negative,train,0.011932373046875,mask_area,0.0,0.001,False,14
85,P0122_0002.png,P0122_0002.png,P0122_0002,P0122,0,0,0.0,0.0,0.0,0.0,0,False,no_overlap,low_mask_area,negative,train,0.011932373046875,mask_area,0.0,0.001,False,125
86,P0128_0002.png,P0128_0002.png,P0128_0002,P0128,0,0,0.0,0.0,0.0,0.0,0,False,no_overlap,low_mask_area,negative,train,0.011932373046875,mask_area,0.0,0.001,False,126
87,P0133_0001.png,P0133_0001.png,P0133_0001,P0133,0,0,0.0,0.0,0.0,0.0,0,False,no_overlap,low_mask_area,negative,train,0.011932373046875,mask_area,0.0,0.001,False,127
88,P0133_0002.png,P0133_0002.png,P0133_0002,P0133,0,0,0.0,0.0,0.0,0.0,0,False,no_overlap,low_mask_area,negative,train,0.011932373046875,mask_area,0.0,0.001,False,128
89,P0140_0001.png,P0140_0001.png,P0140_0001,P0140,0,0,0.0,0.0,0.0,0.0,0,False,no_overlap,low_mask_area,negative,train,0.011932373046875,mask_area,0.0,0.001,False,129
90,P0141_0000.png,P0141_0000.png,P0141_0000,P0141,0,0,0.0,0.0,0.0,0.0,0,False,no_overlap,low_mask_area,negative,train,0.011932373046875,mask_area,0.0,0.001,False,130
91,P0141_0007.png,P0141_0007.png,P0141_0007,P0141,0,0,0.0,0.0,0.0,0.0,0,False,no_overlap,low_mask_area,negative,train,0.011932373046875,mask_area,0.0,0.001,False,131
92,P0160_0000.png,P0160_0000.png,P0160_0000,P0160,1,1030,0.0009822845458984,0.2351598173515981,0.2351598173515981,0.0,0,False,no_overlap,low_mask_area,no_overlap__low_mask_area,train,0.011932373046875,mask_area,0.0,0.001,False,21
93,P0160_0004.png,P0160_0004.png,P0160_0004,P0160,5,16754,0.0159778594970703,0.215449256175348,0.223972602739726,0.0024468857051249,2,True,overlap,high_mask_area,overlap__high_mask_area,train,0.011932373046875,mask_area,0.0,0.001,False,22
94,P0160_0005.png,P0160_0005.png,P0160_0005,P0160,9,36034,0.0343647003173828,0.2576611943002546,0.2644099968364441,0.0291290909860705,1,True,overlap,high_mask_area,overlap__high_mask_area,train,0.011932373046875,mask_area,0.0,0.001,False,23
95,P0160_0006.png,P0160_0006.png,P0160_0006,P0160,2,5093,0.004857063293457,0.3039497972561833,0.3039497972561833,0.0,0,False,no_overlap,low_mask_area,no_overlap__low_mask_area,train,0.011932373046875,mask_area,0.0,0.001,False,24
96,P0160_0007.png,P0160_0007.png,P0160_0007,P0160,1,2072,0.0019760131835937,0.2449172576832151,0.2449172576832151,0.0,0,False,no_overlap,low_mask_area,no_overlap__low_mask_area,train,0.011932373046875,mask_area,0.0,0.001,False,25
97,P0160_0008.png,P0160_0008.png,P0160_0008,P0160,4,14036,0.0133857727050781,0.2962113734078024,0.2789650124969434,0.0,0,False,no_overlap,high_mask_area,no_overlap__high_mask_area,train,0.011932373046875,mask_area,0.0,0.001,False,26
98,P0160_0009.png,P0160_0009.png,P0160_0009,P0160,6,20167,0.0192327499389648,0.2893439947266344,0.2608792029466623,0.0387153541575011,1,True,overlap,high_mask_area,overlap__high_mask_area,train,0.011932373046875,mask_area,0.0,0.001,False,27
99,P0160_0010.png,P0160_0010.png,P0160_0010,P0160,2,2633,0.0025110244750976,0.2593526529362838,0.2593526529362838,0.0,0,False,no_overlap,low_mask_area,no_overlap__low_mask_area,train,0.011932373046875,mask_area,0.0,0.001,False,28
100,P0160_0011.png,P0160_0011.png,P0160_0011,P0160,2,2615,0.0024938583374023,0.2569389070715471,0.2569389070715471,0.0,0,False,no_overlap,low_mask_area,no_overlap__low_mask_area,train,0.011932373046875,mask_area,0.0,0.001,False,29
101,P0160_0012.png,P0160_0012.png,P0160_0012,P0160,2,7098,0.0067691802978515,0.318964487918807,0.318964487918807,0.0,0,False,no_overlap,low_mask_area,no_overlap__low_mask_area,train,0.011932373046875,mask_area,0.0,0.001,False,30
102,P0160_0013.png,P0160_0013.png,P0160_0013,P0160,5,13452,0.0128288269042968,0.4059706557723735,0.4171245421245421,0.0,0,False,no_overlap,high_mask_area,no_overlap__high_mask_area,train,0.011932373046875,mask_area,0.0,0.001,False,31
103,P0160_0014.png,P0160_0014.png,P0160_0014,P0160,1,1259,0.0012006759643554,0.4014668367346938,0.4014668367346938,0.0,0,False,no_overlap,low_mask_area,no_overlap__low_mask_area,train,0.011932373046875,mask_area,0.0,0.001,False,32
104,P0160_0015.png,P0160_0015.png,P0160_0015,P0160,1,1221,0.001164436340332,0.3893494897959184,0.3893494897959184,0.0,0,False,no_overlap,low_mask_area,no_overlap__low_mask_area,train,0.011932373046875,mask_area,0.0,0.001,False,33
105,P0161_0000.png,P0161_0000.png,P0161_0000,P0161,1,1629,0.0015535354614257,0.1766428106701366,0.1766428106701366,0.0,0,False,no_overlap,low_mask_area,no_overlap__low_mask_area,train,0.011932373046875,mask_area,0.0,0.001,False,132
106,P0161_0001.png,P0161_0001.png,P0161_0001,P0161,1,1654,0.0015773773193359,0.1793537193667317,0.1793537193667317,0.0,0,False,no_overlap,low_mask_area,no_overlap__low_mask_area,train,0.011932373046875,mask_area,0.0,0.001,False,133
107,P0161_0004.png,P0161_0004.png,P0161_0004,P0161,4,7132,0.0068016052246093,0.1871805752264574,0.1796572697276379,0.0,0,False,no_overlap,low_mask_area,no_overlap__low_mask_area,train,0.011932373046875,mask_area,0.0,0.001,False,134
108,P0161_0005.png,P0161_0005.png,P0161_0005,P0161,8,11428,0.0108985900878906,0.2625832480546421,0.2630965302544162,0.0949715544136538,1,True,overlap,low_mask_area,overlap__low_mask_area,train,0.011932373046875,mask_area,0.0,0.001,False,135
109,P0161_0006.png,P0161_0006.png,P0161_0006,P0161,3,14123,0.0134687423706054,0.2545104464876307,0.25762129669386,0.0127032798554454,1,True,overlap,high_mask_area,overlap__high_mask_area,train,0.011932373046875,mask_area,0.0,0.001,False,136
110,P0161_0007.png,P0161_0007.png,P0161_0007,P0161,3,13158,0.0125484466552734,0.2371437420797407,0.2415751609238924,0.0127032798554454,1,True,overlap,high_mask_area,overlap__high_mask_area,train,0.011932373046875,mask_area,0.0,0.001,False,137
111,P0161_0008.png,P0161_0008.png,P0161_0008,P0161,5,8989,0.0085725784301757,0.1688339046734149,0.1652994257588187,0.0777533730781299,1,True,overlap,low_mask_area,overlap__low_mask_area,train,0.011932373046875,mask_area,0.0,0.001,False,138
112,P0161_0009.png,P0161_0009.png,P0161_0009,P0161,4,8527,0.008131980895996,0.1608055198528473,0.1625630898140536,0.0949715544136538,1,True,overlap,low_mask_area,overlap__low_mask_area,train,0.011932373046875,mask_area,0.0,0.001,False,139
113,P0162_0000.png,P0162_0000.png,P0162_0000,P0162,11,1451,0.0013837814331054,0.4901969051709536,0.5055555555555555,0.025096525096525,1,True,overlap,low_mask_area,overlap__low_mask_area,train,0.011932373046875,mask_area,0.0,0.001,False,18
114,P0162_0001.png,P0162_0001.png,P0162_0001,P0162,11,1471,0.0014028549194335,0.5071592725653917,0.4916666666666666,0.025096525096525,1,True,overlap,low_mask_area,overlap__low_mask_area,train,0.011932373046875,mask_area,0.0,0.001,False,19
115,P0162_0002.png,P0162_0002.png,P0162_0002,P0162,11,1413,0.001347541809082,0.4787819317108153,0.4088235294117647,0.025096525096525,1,True,overlap,low_mask_area,overlap__low_mask_area,train,0.011932373046875,mask_area,0.0,0.001,False,20
116,P0162_0003.png,P0162_0003.png,P0162_0003,P0162,11,1479,0.0014104843139648,0.5058668323824944,0.44,0.025096525096525,1,True,overlap,low_mask_area,overlap__low_mask_area,train,0.011932373046875,mask_area,0.0,0.001,False,21
117,P0168_0000.png,P0168_0000.png,P0168_0000,P0168,10,34024,0.0324478149414062,0.1693322364371582,0.1652519162338283,0.1675000817073569,9,True,overlap,high_mask_area,overlap__high_mask_area,train,0.011932373046875,mask_area,0.0,0.001,False,160
118,P0168_0001.png,P0168_0001.png,P0168_0001,P0168,2,8067,0.0076932907104492,0.1661483011554502,0.1661483011554502,0.0,0,False,no_overlap,low_mask_area,no_overlap__low_mask_area,train,0.011932373046875,mask_area,0.0,0.001,False,161
119,P0168_0002.png,P0168_0002.png,P0168_0002,P0168,15,37484,0.0357475280761718,0.2020957397092581,0.1841430499325236,0.2512041496850685,14,True,overlap,high_mask_area,overlap__high_mask_area,train,0.011932373046875,mask_area,0.0,0.001,False,162
120,P0168_0003.png,P0168_0003.png,P0168_0003,P0168,9,17764,0.0169410705566406,0.179867375297651,0.1643465909090909,0.1585503963759909,5,True,overlap,high_mask_area,overlap__high_mask_area,train,0.011932373046875,mask_area,0.0,0.001,False,163
121,P0168_0004.png,P0168_0004.png,P0168_0004,P0168,11,22926,0.0218639373779296,0.2002565710182642,0.1840533895328416,0.2275608260069515,11,True,overlap,high_mask_area,overlap__high_mask_area,train,0.011932373046875,mask_area,0.0,0.001,False,164
122,P0168_0005.png,P0168_0005.png,P0168_0005,P0168,9,17841,0.0170145034790039,0.1809813514008303,0.1613847855794885,0.1585503963759909,5,True,overlap,high_mask_area,overlap__high_mask_area,train,0.011932373046875,mask_area,0.0,0.001,False,165
123,P0171_0000.png,P0171_0000.png,P0171_0000,P0171,7,34994,0.0333728790283203,0.4120172918521277,0.4810823754789272,0.1330058489270029,2,True,overlap,high_mask_area,overlap__high_mask_area,train,0.011932373046875,mask_area,0.0,0.001,False,185
124,P0171_0001.png,P0171_0001.png,P0171_0001,P0171,9,39970,0.0381183624267578,0.423717947288019,0.4656635802469135,0.1330058489270029,2,True,overlap,high_mask_area,overlap__high_mask_area,train,0.011932373046875,mask_area,0.0,0.001,False,186
125,P0171_0002.png,P0171_0002.png,P0171_0002,P0171,8,21863,0.0208501815795898,0.4499842848469269,0.475258968298109,0.0,0,False,no_overlap,high_mask_area,no_overlap__high_mask_area,train,0.011932373046875,mask_area,0.0,0.001,False,187
126,P0171_0003.png,P0171_0003.png,P0171_0003,P0171,7,19338,0.018442153930664,0.4457474992881253,0.46875,0.0,0,False,no_overlap,high_mask_area,no_overlap__high_mask_area,train,0.011932373046875,mask_area,0.0,0.001,False,188
127,P0171_0005.png,P0171_0005.png,P0171_0005,P0171,3,23302,0.0222225189208984,0.4455382222021826,0.4399814255862549,0.0,0,False,no_overlap,high_mask_area,no_overlap__high_mask_area,train,0.011932373046875,mask_area,0.0,0.001,False,189
128,P0171_0007.png,P0171_0007.png,P0171_0007,P0171,3,23282,0.0222034454345703,0.4451874377992585,0.4435221732064082,0.0,0,False,no_overlap,high_mask_area,no_overlap__high_mask_area,train,0.011932373046875,mask_area,0.0,0.001,False,190
129,P0174_0000.png,P0174_0000.png,P0174_0000,P0174,15,44654,0.0425853729248046,0.2895188246360537,0.2894606630381,0.190927620040764,20,True,overlap,high_mask_area,overlap__high_mask_area,train,0.011932373046875,mask_area,0.0,0.001,False,197
130,P0174_0001.png,P0174_0001.png,P0174_0001,P0174,14,37577,0.0358362197875976,0.2992533847049152,0.2954975348208469,0.190927620040764,19,True,overlap,high_mask_area,overlap__high_mask_area,train,0.011932373046875,mask_area,0.0,0.001,False,198
131,P0174_0002.png,P0174_0002.png,P0174_0002,P0174,5,15078,0.0143795013427734,0.3578174237648486,0.3580931263858093,0.0377039683305976,1,True,overlap,high_mask_area,overlap__high_mask_area,train,0.011932373046875,mask_area,0.0,0.001,False,199
132,P0174_0003.png,P0174_0003.png,P0174_0003,P0174,5,15306,0.014596939086914,0.3611793209943323,0.3575268817204301,0.0377039683305976,1,True,overlap,high_mask_area,overlap__high_mask_area,train,0.011932373046875,mask_area,0.0,0.001,False,200
133,P0174_0004.png,P0174_0004.png,P0174_0004,P0174,5,15090,0.0143909454345703,0.3575900273413306,0.3602150537634409,0.0377039683305976,1,True,overlap,high_mask_area,overlap__high_mask_area,train,0.011932373046875,mask_area,0.0,0.001,False,201
134,P0174_0005.png,P0174_0005.png,P0174_0005,P0174,5,15116,0.0144157409667968,0.3575203136707627,0.3573853989813242,0.0377039683305976,1,True,overlap,high_mask_area,overlap__high_mask_area,train,0.011932373046875,mask_area,0.0,0.001,False,202
135,P0178_0000.png,P0178_0000.png,P0178_0000,P0178,4,47360,0.045166015625,0.2345472017937974,0.2291574095866897,0.1745602165087956,2,True,overlap,high_mask_area,overlap__high_mask_area,train,0.011932373046875,mask_area,0.0,0.001,False,203
136,P0178_0001.png,P0178_0001.png,P0178_0001,P0178,1,7694,0.0073375701904296,0.2200297414779226,0.2200297414779226,0.0,0,False,no_overlap,low_mask_area,no_overlap__low_mask_area,train,0.011932373046875,mask_area,0.0,0.001,False,204
137,P0178_0002.png,P0178_0002.png,P0178_0002,P0178,1,7684,0.0073280334472656,0.2197437657286662,0.2197437657286662,0.0,0,False,no_overlap,low_mask_area,no_overlap__low_mask_area,train,0.011932373046875,mask_area,0.0,0.001,False,205
138,P0178_0004.png,P0178_0004.png,P0178_0004,P0178,4,39837,0.0379915237426757,0.2110774408437395,0.2121232541677792,0.1362723961043788,2,True,overlap,high_mask_area,overlap__high_mask_area,train,0.011932373046875,mask_area,0.0,0.001,False,206
139,P0178_0005.png,P0178_0005.png,P0178_0005,P0178,4,39482,0.0376529693603515,0.2088865269134165,0.2080426920358627,0.1362723961043788,2,True,overlap,high_mask_area,overlap__high_mask_area,train,0.011932373046875,mask_area,0.0,0.001,False,207
140,P0178_0007.png,P0178_0007.png,P0178_0007,P0178,4,39528,0.0376968383789062,0.2091667343022165,0.2094140770923952,0.1362723961043788,2,True,overlap,high_mask_area,overlap__high_mask_area,train,0.011932373046875,mask_area,0.0,0.001,False,208
141,P0178_0008.png,P0178_0008.png,P0178_0008,P0178,4,39534,0.0377025604248046,0.2094120840382249,0.2110136816823629,0.1362723961043788,2,True,overlap,high_mask_area,overlap__high_mask_area,train,0.011932373046875,mask_area,0.0,0.001,False,209
142,P0179_0000.png,P0179_0000.png,P0179_0000,P0179,6,22601,0.0215539932250976,0.2527178885247724,0.2559444179381874,0.1247685514883919,3,True,overlap,high_mask_area,overlap__high_mask_area,train,0.011932373046875,mask_area,0.0,0.001,False,22
143,P0179_0001.png,P0179_0001.png,P0179_0001,P0179,12,32307,0.0308103561401367,0.2923855778925014,0.2889641019358,0.2133885030294074,10,True,overlap,high_mask_area,overlap__high_mask_area,train,0.011932373046875,mask_area,0.0,0.001,False,23
144,P0179_0002.png,P0179_0002.png,P0179_0002,P0179,6,16166,0.0154170989990234,0.2854628244459156,0.2797531293575116,0.204601169149538,5,True,overlap,high_mask_area,overlap__high_mask_area,train,0.011932373046875,mask_area,0.0,0.001,False,24
145,P0179_0007.png,P0179_0007.png,P0179_0007,P0179,15,42588,0.0406150817871093,0.2881085816420061,0.2817281728172817,0.2067995597407362,12,True,overlap,high_mask_area,overlap__high_mask_area,train,0.011932373046875,mask_area,0.0,0.001,False,25
146,P0179_0008.png,P0179_0008.png,P0179_0008,P0179,17,43683,0.0416593551635742,0.2998014540751231,0.2985764235764235,0.2020059827555868,19,True,overlap,high_mask_area,overlap__high_mask_area,train,0.011932373046875,mask_area,0.0,0.001,False,26
147,P0179_0012.png,P0179_0012.png,P0179_0012,P0179,1,2347,0.0022382736206054,0.2926798852724778,0.2926798852724778,0.0,0,False,no_overlap,low_mask_area,no_overlap__low_mask_area,train,0.011932373046875,mask_area,0.0,0.001,False,27
148,P0179_0013.png,P0179_0013.png,P0179_0013,P0179,2,5270,0.0050258636474609,0.429840404983017,0.429840404983017,0.0,0,False,no_overlap,low_mask_area,no_overlap__low_mask_area,train,0.011932373046875,mask_area,0.0,0.001,False,28
149,P0179_0015.png,P0179_0015.png,P0179_0015,P0179,1,4166,0.0039730072021484,0.2695044637081123,0.2695044637081123,0.0,0,False,no_overlap,low_mask_area,no_overlap__low_mask_area,train,0.011932373046875,mask_area,0.0,0.001,False,29
150,P0179_0019.png,P0179_0019.png,P0179_0019,P0179,1,2490,0.0023746490478515,0.2619949494949495,0.2619949494949495,0.0,0,False,no_overlap,low_mask_area,no_overlap__low_mask_area,train,0.011932373046875,mask_area,0.0,0.001,False,30
151,P0179_0020.png,P0179_0020.png,P0179_0020,P0179,12,36189,0.0345125198364257,0.2998087711422208,0.295596334227184,0.1499265066144047,6,True,overlap,high_mask_area,overlap__high_mask_area,train,0.011932373046875,mask_area,0.0,0.001,False,31
152,P0179_0021.png,P0179_0021.png,P0179_0021,P0179,7,22447,0.021407127380371,0.301285587364331,0.2971307334815114,0.165674066053059,4,True,overlap,high_mask_area,overlap__high_mask_area,train,0.011932373046875,mask_area,0.0,0.001,False,32
153,P0179_0026.png,P0179_0026.png,P0179_0026,P0179,5,14193,0.0135354995727539,0.3202648918304976,0.3017781369973732,0.1091772151898734,7,True,overlap,high_mask_area,overlap__high_mask_area,train,0.011932373046875,mask_area,0.0,0.001,False,33
154,P0179_0027.png,P0179_0027.png,P0179_0027,P0179,20,57265,0.0546121597290039,0.296001834288473,0.2935155256835715,0.1273428886438809,20,True,overlap,high_mask_area,overlap__high_mask_area,train,0.011932373046875,mask_area,0.0,0.001,False,34
155,P0179_0028.png,P0179_0028.png,P0179_0028,P0179,10,27251,0.0259885787963867,0.3693734394416714,0.3154072723754935,0.0263876251137397,1,True,overlap,high_mask_area,overlap__high_mask_area,train,0.011932373046875,mask_area,0.0,0.001,False,35
156,P0179_0029.png,P0179_0029.png,P0179_0029,P0179,9,24156,0.0230369567871093,0.3779777421903609,0.315531914893617,0.0263876251137397,1,True,overlap,high_mask_area,overlap__high_mask_area,train,0.011932373046875,mask_area,0.0,0.001,False,36
157,P0179_0033.png,P0179_0033.png,P0179_0033,P0179,9,26982,0.0257320404052734,0.3134423596901609,0.2926739926739927,0.0982321851649353,6,True,overlap,high_mask_area,overlap__high_mask_area,train,0.011932373046875,mask_area,0.0,0.001,False,37
158,P0179_0034.png,P0179_0034.png,P0179_0034,P0179,9,29143,0.0277929306030273,0.3726331397238818,0.3280711128381988,0.0263876251137397,2,True,overlap,high_mask_area,overlap__high_mask_area,train,0.011932373046875,mask_area,0.0,0.001,False,38
159,P0179_0035.png,P0179_0035.png,P0179_0035,P0179,7,22075,0.0210523605346679,0.3827038866819509,0.3649021652456603,0.0263876251137397,1,True,overlap,high_mask_area,overlap__high_mask_area,train,0.011932373046875,mask_area,0.0,0.001,False,39
160,P0183_0000.png,P0183_0000.png,P0183_0000,P0183,9,27203,0.0259428024291992,0.2978110420416116,0.3017368266117162,0.0859665427509293,3,True,overlap,high_mask_area,overlap__high_mask_area,train,0.011932373046875,mask_area,0.0,0.001,False,210
161,P0183_0001.png,P0183_0001.png,P0183_0001,P0183,16,43934,0.0418987274169921,0.3055047007499946,0.3019729713352866,0.1358390358492493,7,True,overlap,high_mask_area,overlap__high_mask_area,train,0.011932373046875,mask_area,0.0,0.001,False,211
162,P0183_0002.png,P0183_0002.png,P0183_0002,P0183,16,43264,0.041259765625,0.3096925578563967,0.3038957213724679,0.1358390358492493,7,True,overlap,high_mask_area,overlap__high_mask_area,train,0.011932373046875,mask_area,0.0,0.001,False,212
163,P0183_0003.png,P0183_0003.png,P0183_0003,P0183,26,71920,0.0685882568359375,0.3179822514827709,0.3140203707669974,0.0988796882610813,20,True,overlap,high_mask_area,overlap__high_mask_area,train,0.011932373046875,mask_area,0.0,0.001,False,213
164,P0183_0004.png,P0183_0004.png,P0183_0004,P0183,22,59912,0.0571365356445312,0.3240262810530113,0.3181808174774926,0.1587775323822599,21,True,overlap,high_mask_area,overlap__high_mask_area,train,0.011932373046875,mask_area,0.0,0.001,False,214
165,P0183_0005.png,P0183_0005.png,P0183_0005,P0183,21,56647,0.0540227890014648,0.3265017485503786,0.3187890540831717,0.1587775323822599,19,True,overlap,high_mask_area,overlap__high_mask_area,train,0.011932373046875,mask_area,0.0,0.001,False,215
166,P0183_0006.png,P0183_0006.png,P0183_0006,P0183,31,89974,0.0858058929443359,0.3263715771573632,0.3236134934248141,0.0870582728761994,31,True,overlap,high_mask_area,overlap__high_mask_area,train,0.011932373046875,mask_area,0.0,0.001,False,216
167,P0183_0007.png,P0183_0007.png,P0183_0007,P0183,12,35059,0.0334348678588867,0.3246988681553317,0.3132868844749457,0.1197724157979982,11,True,overlap,high_mask_area,overlap__high_mask_area,train,0.011932373046875,mask_area,0.0,0.001,False,217
168,P0183_0008.png,P0183_0008.png,P0183_0008,P0183,11,31917,0.0304384231567382,0.3265959424412346,0.2992424242424242,0.1197724157979982,11,True,overlap,high_mask_area,overlap__high_mask_area,train,0.011932373046875,mask_area,0.0,0.001,False,218
169,P0183_0009.png,P0183_0009.png,P0183_0009,P0183,26,65386,0.062356948852539,0.4115995733036141,0.4338056809900829,0.0856389986824769,9,True,overlap,high_mask_area,overlap__high_mask_area,train,0.011932373046875,mask_area,0.0,0.001,False,219
170,P0183_0010.png,P0183_0010.png,P0183_0010,P0183,10,30223,0.028822898864746,0.3760229476639052,0.3947280114636048,0.1102910245133657,7,True,overlap,high_mask_area,overlap__high_mask_area,train,0.011932373046875,mask_area,0.0,0.001,False,220
171,P0183_0011.png,P0183_0011.png,P0183_0011,P0183,10,30233,0.0288324356079101,0.3815118149894893,0.3970769621447099,0.1102910245133657,7,True,overlap,high_mask_area,overlap__high_mask_area,train,0.011932373046875,mask_area,0.0,0.001,False,221
172,P0183_0012.png,P0183_0012.png,P0183_0012,P0183,13,33656,0.0320968627929687,0.4470673607895451,0.4456098291878933,0.0,0,False,no_overlap,high_mask_area,no_overlap__high_mask_area,train,0.011932373046875,mask_area,0.0,0.001,False,222
173,P0183_0013.png,P0183_0013.png,P0183_0013,P0183,1,2654,0.0025310516357421,0.3902941176470588,0.3902941176470588,0.0,0,False,no_overlap,low_mask_area,no_overlap__low_mask_area,train,0.011932373046875,mask_area,0.0,0.001,False,223
174,P0183_0014.png,P0183_0014.png,P0183_0014,P0183,1,2589,0.0024690628051757,0.380735294117647,0.380735294117647,0.0,0,False,no_overlap,low_mask_area,no_overlap__low_mask_area,train,0.011932373046875,mask_area,0.0,0.001,False,224
175,P0183_0015.png,P0183_0015.png,P0183_0015,P0183,7,21426,0.0204334259033203,0.4928289005769147,0.4860114777618364,0.0099693251533742,1,True,overlap,high_mask_area,overlap__high_mask_area,train,0.011932373046875,mask_area,0.0,0.001,False,225
176,P0183_0016.png,P0183_0016.png,P0183_0016,P0183,1,2090,0.001993179321289,0.4935064935064935,0.4935064935064935,0.0,0,False,no_overlap,low_mask_area,no_overlap__low_mask_area,train,0.011932373046875,mask_area,0.0,0.001,False,226
177,P0183_0017.png,P0183_0017.png,P0183_0017,P0183,1,2026,0.001932144165039,0.4783943329397875,0.4783943329397875,0.0,0,False,no_overlap,low_mask_area,no_overlap__low_mask_area,train,0.011932373046875,mask_area,0.0,0.001,False,227
178,P0183_0018.png,P0183_0018.png,P0183_0018,P0183,12,44329,0.0422754287719726,0.4273539301586525,0.468150915253832,0.0148505178141079,2,True,overlap,high_mask_area,overlap__high_mask_area,train,0.011932373046875,mask_area,0.0,0.001,False,228
179,P0183_0019.png,P0183_0019.png,P0183_0019,P0183,4,14513,0.0138406753540039,0.4028945675124021,0.385593220338983,0.0,0,False,no_overlap,high_mask_area,no_overlap__high_mask_area,train,0.011932373046875,mask_area,0.0,0.001,False,229
180,P0183_0020.png,P0183_0020.png,P0183_0020,P0183,4,14117,0.013463020324707,0.4025399392124708,0.3636879539951574,0.0,0,False,no_overlap,high_mask_area,no_overlap__high_mask_area,train,0.011932373046875,mask_area,0.0,0.001,False,230
181,P0183_0021.png,P0183_0021.png,P0183_0021,P0183,8,36578,0.0348834991455078,0.4272876205940811,0.4525740526068004,0.0,0,False,no_overlap,high_mask_area,no_overlap__high_mask_area,train,0.011932373046875,mask_area,0.0,0.001,False,231
182,P0183_0022.png,P0183_0022.png,P0183_0022,P0183,3,13334,0.0127162933349609,0.3780140344594601,0.3207475786924939,0.0,0,False,no_overlap,high_mask_area,no_overlap__high_mask_area,train,0.011932373046875,mask_area,0.0,0.001,False,232
183,P0183_0023.png,P0183_0023.png,P0183_0023,P0183,3,11343,0.010817527770996,0.3238051160997697,0.3243795399515738,0.0,0,False,no_overlap,low_mask_area,no_overlap__low_mask_area,train,0.011932373046875,mask_area,0.0,0.001,False,233
184,P0187_0000.png,P0187_0000.png,P0187_0000,P0187,9,38106,0.0363407135009765,0.2243418014822771,0.1989121989121989,0.1347338185535892,3,True,overlap,high_mask_area,overlap__high_mask_area,train,0.011932373046875,mask_area,0.0,0.001,False,41
185,P0187_0001.png,P0187_0001.png,P0187_0001,P0187,6,24791,0.0236425399780273,0.1897952724545024,0.1799037648660102,0.1347338185535892,2,True,overlap,high_mask_area,overlap__high_mask_area,train,0.011932373046875,mask_area,0.0,0.001,False,42
186,P0187_0002.png,P0187_0002.png,P0187_0002,P0187,9,46825,0.0446557998657226,0.2636861179092663,0.2831402199528672,0.0446447735565572,1,True,overlap,high_mask_area,overlap__high_mask_area,train,0.011932373046875,mask_area,0.0,0.001,False,43
187,P0187_0003.png,P0187_0003.png,P0187_0003,P0187,7,38155,0.0363874435424804,0.2716065620728641,0.2822564807541241,0.0446447735565572,1,True,overlap,high_mask_area,overlap__high_mask_area,train,0.011932373046875,mask_area,0.0,0.001,False,44
188,P0187_0004.png,P0187_0004.png,P0187_0004,P0187,8,51524,0.0491371154785156,0.2675770219940387,0.2748162286462907,0.1040680274263273,1,True,overlap,high_mask_area,overlap__high_mask_area,train,0.011932373046875,mask_area,0.0,0.001,False,45
189,P0187_0005.png,P0187_0005.png,P0187_0005,P0187,9,56819,0.0541868209838867,0.2529167028915673,0.2655034827889362,0.1022895297981291,1,True,overlap,high_mask_area,overlap__high_mask_area,train,0.011932373046875,mask_area,0.0,0.001,False,46
190,P0188_0000.png,P0188_0000.png,P0188_0000,P0188,2,6769,0.0064554214477539,0.19852428278481,0.19852428278481,0.0,0,False,no_overlap,low_mask_area,no_overlap__low_mask_area,train,0.011932373046875,mask_area,0.0,0.001,False,40
191,P0188_0003.png,P0188_0003.png,P0188_0003,P0188,4,20840,0.0198745727539062,0.1777997267080324,0.1831039987068355,0.0,0,False,no_overlap,high_mask_area,no_overlap__high_mask_area,train,0.011932373046875,mask_area,0.0,0.001,False,41
192,P0188_0004.png,P0188_0004.png,P0188_0004,P0188,2,11820,0.0112724304199218,0.2532325610430021,0.2532325610430021,0.0,0,False,no_overlap,low_mask_area,no_overlap__low_mask_area,train,0.011932373046875,mask_area,0.0,0.001,False,42
193,P0188_0005.png,P0188_0005.png,P0188_0005,P0188,3,20655,0.019698143005371,0.2428433986239145,0.2270330075603909,0.0,0,False,no_overlap,high_mask_area,no_overlap__high_mask_area,train,0.011932373046875,mask_area,0.0,0.001,False,43
194,P0188_0006.png,P0188_0006.png,P0188_0006,P0188,4,25817,0.0246210098266601,0.2076188489597293,0.1937857245686756,0.0,0,False,no_overlap,high_mask_area,no_overlap__high_mask_area,train,0.011932373046875,mask_area,0.0,0.001,False,44
195,P0188_0007.png,P0188_0007.png,P0188_0007,P0188,2,11591,0.0110540390014648,0.2479711131507818,0.2479711131507818,0.0,0,False,no_overlap,low_mask_area,no_overlap__low_mask_area,train,0.011932373046875,mask_area,0.0,0.001,False,45
196,P0188_0008.png,P0188_0008.png,P0188_0008,P0188,3,20364,0.0194206237792968,0.239765615106579,0.2273280472063433,0.0,0,False,no_overlap,high_mask_area,no_overlap__high_mask_area,train,0.011932373046875,mask_area,0.0,0.001,False,46
197,P0190_0000.png,P0190_0000.png,P0190_0000,P0190,13,35651,0.0339994430541992,0.3180132431386052,0.3206555349412492,0.1466821885913853,5,True,overlap,high_mask_area,overlap__high_mask_area,train,0.011932373046875,mask_area,0.0,0.001,False,47
198,P0190_0001.png,P0190_0001.png,P0190_0001,P0190,13,35395,0.0337553024291992,0.3146009038101554,0.309369202226345,0.1466821885913853,5,True,overlap,high_mask_area,overlap__high_mask_area,train,0.011932373046875,mask_area,0.0,0.001,False,48
199,P0190_0002.png,P0190_0002.png,P0190_0002,P0190,12,19867,0.0189466476440429,0.352830250936623,0.3806441350400479,0.0887573964497041,3,True,overlap,high_mask_area,overlap__high_mask_area,train,0.011932373046875,mask_area,0.0,0.001,False,49
200,P0190_0003.png,P0190_0003.png,P0190_0003,P0190,12,19689,0.0187768936157226,0.3476883771841921,0.3777666404612159,0.0887573964497041,3,True,overlap,high_mask_area,overlap__high_mask_area,train,0.011932373046875,mask_area,0.0,0.001,False,50
201,P0190_0004.png,P0190_0004.png,P0190_0004,P0190,4,9345,0.0089120864868164,0.3721337266739947,0.3886671593988667,0.0,0,False,no_overlap,low_mask_area,no_overlap__low_mask_area,train,0.011932373046875,mask_area,0.0,0.001,False,51
202,P0190_0005.png,P0190_0005.png,P0190_0005,P0190,4,9547,0.0091047286987304,0.3758302131405001,0.3862329540378321,0.0,0,False,no_overlap,low_mask_area,no_overlap__low_mask_area,train,0.011932373046875,mask_area,0.0,0.001,False,52
203,P0190_0006.png,P0190_0006.png,P0190_0006,P0190,4,14912,0.01422119140625,0.4006759421614017,0.388467981882616,0.0,0,False,no_overlap,high_mask_area,no_overlap__high_mask_area,train,0.011932373046875,mask_area,0.0,0.001,False,53
204,P0190_0007.png,P0190_0007.png,P0190_0007,P0190,4,14876,0.0141868591308593,0.4010153993171748,0.3908890025963196,0.0,0,False,no_overlap,high_mask_area,no_overlap__high_mask_area,train,0.011932373046875,mask_area,0.0,0.001,False,54
205,P0209_0001.png,P0209_0001.png,P0209_0001,P0209,6,16548,0.0157814025878906,0.2802667133326436,0.2920520982712703,0.0208868894601542,4,True,overlap,high_mask_area,overlap__high_mask_area,train,0.011932373046875,mask_area,0.0,0.001,False,55
206,P0209_0002.png,P0209_0002.png,P0209_0002,P0209,6,16171,0.0154218673706054,0.2745032777228569,0.2854140940025618,0.0208868894601542,4,True,overlap,high_mask_area,overlap__high_mask_area,train,0.011932373046875,mask_area,0.0,0.001,False,56
207,P0209_0003.png,P0209_0003.png,P0209_0003,P0209,5,12091,0.0115308761596679,0.2518285791864461,0.2406331565210069,0.0939886430389661,3,True,overlap,low_mask_area,overlap__low_mask_area,train,0.011932373046875,mask_area,0.0,0.001,False,57
208,P0209_0006.png,P0209_0006.png,P0209_0006,P0209,8,17425,0.0166177749633789,0.2466485080085686,0.242939003635609,0.0847961916096399,8,True,overlap,high_mask_area,overlap__high_mask_area,train,0.011932373046875,mask_area,0.0,0.001,False,58
209,P0209_0007.png,P0209_0007.png,P0209_0007,P0209,14,31284,0.0298347473144531,0.2470486225368433,0.2352557019477475,0.0813704496788008,7,True,overlap,high_mask_area,overlap__high_mask_area,train,0.011932373046875,mask_area,0.0,0.001,False,59
210,P0209_0008.png,P0209_0008.png,P0209_0008,P0209,15,32756,0.0312385559082031,0.2459289247706189,0.2416711882799783,0.0813704496788008,7,True,overlap,high_mask_area,overlap__high_mask_area,train,0.011932373046875,mask_area,0.0,0.001,False,60
211,P0209_0009.png,P0209_0009.png,P0209_0009,P0209,2,5530,0.0052738189697265,0.3167582296563398,0.3167582296563398,0.0340216555233418,1,True,overlap,low_mask_area,overlap__low_mask_area,train,0.011932373046875,mask_area,0.0,0.001,False,61
212,P0209_0010.png,P0209_0010.png,P0209_0010,P0209,13,25550,0.0243663787841796,0.2211608797090242,0.2122961956521739,0.2972972972972973,11,True,overlap,high_mask_area,overlap__high_mask_area,train,0.011932373046875,mask_area,0.0,0.001,False,62
213,P0209_0011.png,P0209_0011.png,P0209_0011,P0209,14,27141,0.025883674621582,0.2290909143457932,0.2138307786381622,0.2972972972972973,11,True,overlap,high_mask_area,overlap__high_mask_area,train,0.011932373046875,mask_area,0.0,0.001,False,63
214,P0209_0012.png,P0209_0012.png,P0209_0012,P0209,12,31025,0.0295877456665039,0.2845642395316176,0.2928573152636767,0.1540178571428571,11,True,overlap,high_mask_area,overlap__high_mask_area,train,0.011932373046875,mask_area,0.0,0.001,False,64
215,P0209_0013.png,P0209_0013.png,P0209_0013,P0209,12,26172,0.0249595642089843,0.2546201606578171,0.2427163621407819,0.2667010385210282,9,True,overlap,high_mask_area,overlap__high_mask_area,train,0.011932373046875,mask_area,0.0,0.001,False,65
216,P0209_0014.png,P0209_0014.png,P0209_0014,P0209,12,25359,0.024184226989746,0.2656316151282755,0.2346144919857691,0.2667010385210282,9,True,overlap,high_mask_area,overlap__high_mask_area,train,0.011932373046875,mask_area,0.0,0.001,False,66
217,P0210_0000.png,P0210_0000.png,P0210_0000,P0210,2,5207,0.0049657821655273,0.3347569853250357,0.3347569853250357,0.0,0,False,no_overlap,low_mask_area,no_overlap__low_mask_area,train,0.011932373046875,mask_area,0.0,0.001,False,234
218,P0210_0001.png,P0210_0001.png,P0210_0001,P0210,2,5201,0.0049600601196289,0.3341096995626945,0.3341096995626945,0.0,0,False,no_overlap,low_mask_area,no_overlap__low_mask_area,train,0.011932373046875,mask_area,0.0,0.001,False,235
219,P0210_0002.png,P0210_0002.png,P0210_0002,P0210,13,30559,0.0291433334350585,0.3089451314608714,0.3013955984970478,0.0155376009944064,1,True,overlap,high_mask_area,overlap__high_mask_area,train,0.011932373046875,mask_area,0.0,0.001,False,236
220,P0210_0003.png,P0210_0003.png,P0210_0003,P0210,13,30464,0.029052734375,0.3082405915157588,0.3037925696594427,0.0155376009944064,1,True,overlap,high_mask_area,overlap__high_mask_area,train,0.011932373046875,mask_area,0.0,0.001,False,237
221,P0210_0004.png,P0210_0004.png,P0210_0004,P0210,9,21344,0.020355224609375,0.3145252101802044,0.3097205824478551,0.0174459176552686,1,True,overlap,high_mask_area,overlap__high_mask_area,train,0.011932373046875,mask_area,0.0,0.001,False,238
222,P0210_0005.png,P0210_0005.png,P0210_0005,P0210,9,21171,0.0201902389526367,0.311814961638846,0.3048668503213957,0.0174459176552686,1,True,overlap,high_mask_area,overlap__high_mask_area,train,0.011932373046875,mask_area,0.0,0.001,False,239
223,P0215_0000.png,P0215_0000.png,P0215_0000,P0215,6,27064,0.0258102416992187,0.2695868256485234,0.2727293689523905,0.0,0,False,no_overlap,high_mask_area,no_overlap__high_mask_area,train,0.011932373046875,mask_area,0.0,0.001,False,67
224,P0215_0001.png,P0215_0001.png,P0215_0001,P0215,4,12635,0.0120496749877929,0.2300256797464389,0.2295447504906083,0.0,0,False,no_overlap,high_mask_area,no_overlap__high_mask_area,train,0.011932373046875,mask_area,0.0,0.001,False,68
225,P0215_0002.png,P0215_0002.png,P0215_0002,P0215,6,28906,0.027566909790039,0.2648103496811426,0.2669143779276394,0.0,0,False,no_overlap,high_mask_area,no_overlap__high_mask_area,train,0.011932373046875,mask_area,0.0,0.001,False,69
226,P0215_0003.png,P0215_0003.png,P0215_0003,P0215,8,34938,0.0333194732666015,0.2476352031315905,0.2635764311965685,0.0,0,False,no_overlap,high_mask_area,no_overlap__high_mask_area,train,0.011932373046875,mask_area,0.0,0.001,False,70
227,P0215_0004.png,P0215_0004.png,P0215_0004,P0215,8,58743,0.0560216903686523,0.2781383121035619,0.2613597020144885,0.0,0,False,no_overlap,high_mask_area,no_overlap__high_mask_area,train,0.011932373046875,mask_area,0.0,0.001,False,71
228,P0215_0005.png,P0215_0005.png,P0215_0005,P0215,8,58716,0.0559959411621093,0.2850298661149627,0.2760131280715704,0.0,0,False,no_overlap,high_mask_area,no_overlap__high_mask_area,train,0.011932373046875,mask_area,0.0,0.001,False,72
229,P0215_0006.png,P0215_0006.png,P0215_0006,P0215,7,60863,0.0580434799194335,0.269161334111587,0.2661931818181818,0.0,0,False,no_overlap,high_mask_area,no_overlap__high_mask_area,train,0.011932373046875,mask_area,0.0,0.001,False,73
230,P0215_0007.png,P0215_0007.png,P0215_0007,P0215,8,70280,0.0670242309570312,0.274346592034929,0.2700588833870507,0.0,0,False,no_overlap,high_mask_area,no_overlap__high_mask_area,train,0.011932373046875,mask_area,0.0,0.001,False,74
231,P0217_0000.png,P0217_0000.png,P0217_0000,P0217,22,124531,0.1187620162963867,0.2449554240053973,0.2407959927513,0.2373487478831799,33,True,overlap,high_mask_area,overlap__high_mask_area,train,0.011932373046875,mask_area,0.0,0.001,False,49
232,P0217_0001.png,P0217_0001.png,P0217_0001,P0217,18,84325,0.080418586730957,0.241310052411154,0.2419824670976744,0.1664057257884142,26,True,overlap,high_mask_area,overlap__high_mask_area,train,0.011932373046875,mask_area,0.0,0.001,False,50
233,P0217_0002.png,P0217_0002.png,P0217_0002,P0217,19,100193,0.0955514907836914,0.2578942249127661,0.2374386434627398,0.169407183037646,29,True,overlap,high_mask_area,overlap__high_mask_area,train,0.011932373046875,mask_area,0.0,0.001,False,51
234,P0217_0003.png,P0217_0003.png,P0217_0003,P0217,17,109928,0.1048355102539062,0.2339860788117761,0.2255947497949138,0.169407183037646,29,True,overlap,high_mask_area,overlap__high_mask_area,train,0.011932373046875,mask_area,0.0,0.001,False,52
235,P0218_0000.png,P0218_0000.png,P0218_0000,P0218,3,66875,0.0637769699096679,0.1702428090669835,0.1740117330994023,0.125585084397377,2,True,overlap,high_mask_area,overlap__high_mask_area,train,0.011932373046875,mask_area,0.0,0.001,False,246
236,P0218_0003.png,P0218_0003.png,P0218_0003,P0218,1,24083,0.0229673385620117,0.1549842332196409,0.1549842332196409,0.0,0,False,no_overlap,high_mask_area,no_overlap__high_mask_area,train,0.011932373046875,mask_area,0.0,0.001,False,247
237,P0218_0004.png,P0218_0004.png,P0218_0004,P0218,3,47279,0.045088768005371,0.1049327943992713,0.1053397795292651,0.1677733219380711,2,True,overlap,high_mask_area,overlap__high_mask_area,train,0.011932373046875,mask_area,0.0,0.001,False,248
238,P0218_0007.png,P0218_0007.png,P0218_0007,P0218,3,94348,0.0899772644042968,0.228293818367732,0.1886778960750039,0.1508868551065036,2,True,overlap,high_mask_area,overlap__high_mask_area,train,0.011932373046875,mask_area,0.0,0.001,False,249
239,P0218_0008.png,P0218_0008.png,P0218_0008,P0218,2,49487,0.047194480895996,0.1638989033483696,0.1638989033483696,0.1366533879472199,1,True,overlap,high_mask_area,overlap__high_mask_area,train,0.011932373046875,mask_area,0.0,0.001,False,250
240,P0218_0010.png,P0218_0010.png,P0218_0010,P0218,1,4580,0.0043678283691406,0.0501862809555117,0.0501862809555117,0.0,0,False,no_overlap,low_mask_area,no_overlap__low_mask_area,train,0.011932373046875,mask_area,0.0,0.001,False,251
241,P0218_0011.png,P0218_0011.png,P0218_0011,P0218,4,102059,0.0973310470581054,0.1583200871210137,0.1763002504119255,0.1641539756638861,3,True,overlap,high_mask_area,overlap__high_mask_area,train,0.011932373046875,mask_area,0.0,0.001,False,252
242,P0219_0000.png,P0219_0000.png,P0219_0000,P0219,10,29343,0.0279836654663085,0.3092978041511146,0.3328859230225804,0.0470836393769892,3,True,overlap,high_mask_area,overlap__high_mask_area,train,0.011932373046875,mask_area,0.0,0.001,False,253
243,P0219_0001.png,P0219_0001.png,P0219_0001,P0219,10,28618,0.027292251586914,0.3065975764177834,0.3307392773870655,0.0470836393769892,3,True,overlap,high_mask_area,overlap__high_mask_area,train,0.011932373046875,mask_area,0.0,0.001,False,254
244,P0219_0002.png,P0219_0002.png,P0219_0002,P0219,15,31348,0.0298957824707031,0.3380159514597563,0.3304257835600236,0.0479262672811059,3,True,overlap,high_mask_area,overlap__high_mask_area,train,0.011932373046875,mask_area,0.0,0.001,False,255
245,P0219_0003.png,P0219_0003.png,P0219_0003,P0219,15,31226,0.0297794342041015,0.3368446027006752,0.336514392991239,0.0479262672811059,3,True,overlap,high_mask_area,overlap__high_mask_area,train,0.011932373046875,mask_area,0.0,0.001,False,256
246,P0219_0004.png,P0219_0004.png,P0219_0004,P0219,16,33189,0.031651496887207,0.3251826854099374,0.328904769158496,0.0606717226435536,5,True,overlap,high_mask_area,overlap__high_mask_area,train,0.011932373046875,mask_area,0.0,0.001,False,257
247,P0219_0005.png,P0219_0005.png,P0219_0005,P0219,16,33149,0.0316133499145507,0.324831319467567,0.3274933918568391,0.0606717226435536,5,True,overlap,high_mask_area,overlap__high_mask_area,train,0.011932373046875,mask_area,0.0,0.001,False,258
248,P0220_0000.png,P0220_0000.png,P0220_0000,P0220,3,3320,0.0031661987304687,0.3472530769710056,0.3274633123689727,0.0,0,False,no_overlap,low_mask_area,no_overlap__low_mask_area,train,0.011932373046875,mask_area,0.0,0.001,False,75
249,P0220_0001.png,P0220_0001.png,P0220_0001,P0220,5,5038,0.0048046112060546,0.3486137528850324,0.3459302325581395,0.0,0,False,no_overlap,low_mask_area,no_overlap__low_mask_area,train,0.011932373046875,mask_area,0.0,0.001,False,76
250,P0220_0002.png,P0220_0002.png,P0220_0002,P0220,35,28844,0.0275077819824218,0.3755508926899834,0.3744619799139168,0.0653950953678474,12,True,overlap,high_mask_area,overlap__high_mask_area,train,0.011932373046875,mask_area,0.0,0.001,False,77
251,P0220_0003.png,P0220_0003.png,P0220_0003,P0220,35,28919,0.0275793075561523,0.3764595647045489,0.3781512605042016,0.0653950953678474,12,True,overlap,high_mask_area,overlap__high_mask_area,train,0.011932373046875,mask_area,0.0,0.001,False,78
252,P0220_0004.png,P0220_0004.png,P0220_0004,P0220,35,28911,0.027571678161621,0.3763901692928326,0.3761969904240766,0.0653950953678474,12,True,overlap,high_mask_area,overlap__high_mask_area,train,0.011932373046875,mask_area,0.0,0.001,False,79
253,P0220_0005.png,P0220_0005.png,P0220_0005,P0220,35,28905,0.0275659561157226,0.3762798174816544,0.3786492374727669,0.0653950953678474,12,True,overlap,high_mask_area,overlap__high_mask_area,train,0.011932373046875,mask_area,0.0,0.001,False,80
254,P0221_0000.png,P0221_0000.png,P0221_0000,P0221,29,19098,0.0182132720947265,0.2995566302366911,0.3009259259259259,0.1497227356746765,12,True,overlap,high_mask_area,overlap__high_mask_area,train,0.011932373046875,mask_area,0.0,0.001,False,81
255,P0221_0001.png,P0221_0001.png,P0221_0001,P0221,46,30882,0.0294513702392578,0.3643167400570153,0.352859087180252,0.0792653455775737,19,True,overlap,high_mask_area,overlap__high_mask_area,train,0.011932373046875,mask_area,0.0,0.001,False,82
256,P0221_0002.png,P0221_0002.png,P0221_0002,P0221,36,23893,0.0227861404418945,0.370626875320696,0.3740884242886531,0.057471264367816,15,True,overlap,high_mask_area,overlap__high_mask_area,train,0.011932373046875,mask_area,0.0,0.001,False,83
257,P0221_0003.png,P0221_0003.png,P0221_0003,P0221,35,23557,0.022465705871582,0.2937142406893039,0.2920833333333333,0.0792653455775737,17,True,overlap,high_mask_area,overlap__high_mask_area,train,0.011932373046875,mask_area,0.0,0.001,False,84
258,P0221_0004.png,P0221_0004.png,P0221_0004,P0221,60,39622,0.0377864837646484,0.3420875370407751,0.3367311654615869,0.1217964983506724,32,True,overlap,high_mask_area,overlap__high_mask_area,train,0.011932373046875,mask_area,0.0,0.001,False,85
259,P0221_0005.png,P0221_0005.png,P0221_0005,P0221,44,28850,0.0275135040283203,0.3723476523458897,0.3655105917010679,0.057471264367816,19,True,overlap,high_mask_area,overlap__high_mask_area,train,0.011932373046875,mask_area,0.0,0.001,False,86
260,P0223_0000.png,P0223_0000.png,P0223_0000,P0223,20,20489,0.0195398330688476,0.242858532684677,0.2454702116065752,0.0891089108910891,13,True,overlap,high_mask_area,overlap__high_mask_area,train,0.011932373046875,mask_area,0.0,0.001,False,259
261,P0223_0001.png,P0223_0001.png,P0223_0001,P0223,20,22461,0.0214204788208007,0.2353008358090763,0.2439162028447742,0.1044226044226044,13,True,overlap,high_mask_area,overlap__high_mask_area,train,0.011932373046875,mask_area,0.0,0.001,False,260
262,P0223_0002.png,P0223_0002.png,P0223_0002,P0223,4,2711,0.0025854110717773,0.268640170931276,0.262895696857961,0.0418450759050214,1,True,overlap,low_mask_area,overlap__low_mask_area,train,0.011932373046875,mask_area,0.0,0.001,False,261
263,P0223_0003.png,P0223_0003.png,P0223_0003,P0223,13,10236,0.0097618103027343,0.3872138263393885,0.4104956268221574,0.0418450759050214,1,True,overlap,low_mask_area,overlap__low_mask_area,train,0.011932373046875,mask_area,0.0,0.001,False,262
264,P0233_0002.png,P0233_0002.png,P0233_0002,P0233,0,0,0.0,0.0,0.0,0.0,0,False,no_overlap,low_mask_area,negative,train,0.011932373046875,mask_area,0.0,0.001,False,263
265,P0249_0000.png,P0249_0000.png,P0249_0000,P0249,17,11930,0.0113773345947265,0.3554906612675652,0.3439716312056737,0.0509461426491994,5,True,overlap,low_mask_area,overlap__low_mask_area,train,0.011932373046875,mask_area,0.0,0.001,False,264
266,P0249_0001.png,P0249_0001.png,P0249_0001,P0249,16,10889,0.0103845596313476,0.3502519569991862,0.3433198846242324,0.0493583415597235,6,True,overlap,low_mask_area,overlap__low_mask_area,train,0.011932373046875,mask_area,0.0,0.001,False,265
267,P0250_0000.png,P0250_0000.png,P0250_0000,P0250,13,31203,0.0297574996948242,0.2432606189916621,0.2390449438202247,0.1435953492994137,6,True,overlap,high_mask_area,overlap__high_mask_area,train,0.011932373046875,mask_area,0.0,0.001,False,266
268,P0250_0001.png,P0250_0001.png,P0250_0001,P0250,4,8836,0.0084266662597656,0.2490078802635119,0.2471075733239875,0.0,0,False,no_overlap,low_mask_area,no_overlap__low_mask_area,train,0.011932373046875,mask_area,0.0,0.001,False,267
269,P0250_0002.png,P0250_0002.png,P0250_0002,P0250,4,8802,0.0083942413330078,0.2482818491971552,0.2447000616568557,0.0,0,False,no_overlap,low_mask_area,no_overlap__low_mask_area,train,0.011932373046875,mask_area,0.0,0.001,False,268
270,P0250_0003.png,P0250_0003.png,P0250_0003,P0250,14,36577,0.0348825454711914,0.2418250108069273,0.2393428371938686,0.1435953492994137,6,True,overlap,high_mask_area,overlap__high_mask_area,train,0.011932373046875,mask_area,0.0,0.001,False,269
271,P0250_0004.png,P0250_0004.png,P0250_0004,P0250,4,8798,0.0083904266357421,0.248049907600005,0.2458070149055906,0.0,0,False,no_overlap,low_mask_area,no_overlap__low_mask_area,train,0.011932373046875,mask_area,0.0,0.001,False,270
272,P0250_0005.png,P0250_0005.png,P0250_0005,P0250,4,8736,0.008331298828125,0.2462129166687474,0.24335933505734,0.0,0,False,no_overlap,low_mask_area,no_overlap__low_mask_area,train,0.011932373046875,mask_area,0.0,0.001,False,271
273,P0254_0000.png,P0254_0000.png,P0254_0000,P0254,8,9788,0.0093345642089843,0.3218340141355558,0.3341715578381022,0.1171821305841924,3,True,overlap,low_mask_area,overlap__low_mask_area,train,0.011932373046875,mask_area,0.0,0.001,False,88
274,P0254_0001.png,P0254_0001.png,P0254_0001,P0254,26,38265,0.0364923477172851,0.3035323956975582,0.2909562439761087,0.2125354225704284,22,True,overlap,high_mask_area,overlap__high_mask_area,train,0.011932373046875,mask_area,0.0,0.001,False,89
275,P0254_0002.png,P0254_0002.png,P0254_0002,P0254,26,38190,0.0364208221435546,0.3026919233799692,0.2931596718689404,0.2125354225704284,22,True,overlap,high_mask_area,overlap__high_mask_area,train,0.011932373046875,mask_area,0.0,0.001,False,90
276,P0254_0003.png,P0254_0003.png,P0254_0003,P0254,43,54047,0.0515432357788085,0.2904124549708766,0.2845849802371542,0.2320969057930082,48,True,overlap,high_mask_area,overlap__high_mask_area,train,0.011932373046875,mask_area,0.0,0.001,False,91
277,P0254_0004.png,P0254_0004.png,P0254_0004,P0254,17,30544,0.0291290283203125,0.3093569276930275,0.28424497428705,0.1903695408734602,15,True,overlap,high_mask_area,overlap__high_mask_area,train,0.011932373046875,mask_area,0.0,0.001,False,92
278,P0254_0005.png,P0254_0005.png,P0254_0005,P0254,15,28526,0.0272045135498046,0.3170914112912088,0.2795698924731182,0.1903695408734602,15,True,overlap,high_mask_area,overlap__high_mask_area,train,0.011932373046875,mask_area,0.0,0.001,False,93
279,P0254_0006.png,P0254_0006.png,P0254_0006,P0254,54,45095,0.0430059432983398,0.2899043005533686,0.2763087606837607,0.2320969057930082,62,True,overlap,high_mask_area,overlap__high_mask_area,train,0.011932373046875,mask_area,0.0,0.001,False,94
280,P0254_0007.png,P0254_0007.png,P0254_0007,P0254,1,528,0.0005035400390625,0.2608695652173913,0.2608695652173913,0.0,0,False,no_overlap,low_mask_area,no_overlap__low_mask_area,train,0.011932373046875,mask_area,0.0,0.001,False,95
281,P0255_0000.png,P0255_0000.png,P0255_0000,P0255,41,28846,0.0275096893310546,0.3510895440921074,0.3437352245862884,0.3187456926257753,40,True,overlap,high_mask_area,overlap__high_mask_area,train,0.011932373046875,mask_area,0.0,0.001,False,278
282,P0255_0001.png,P0255_0001.png,P0255_0001,P0255,69,47157,0.0449724197387695,0.3411639701385881,0.3473205257836198,0.3187456926257753,65,True,overlap,high_mask_area,overlap__high_mask_area,train,0.011932373046875,mask_area,0.0,0.001,False,279
283,P0255_0002.png,P0255_0002.png,P0255_0002,P0255,67,45670,0.0435543060302734,0.3425496587414042,0.3533990659055526,0.3002309468822171,63,True,overlap,high_mask_area,overlap__high_mask_area,train,0.011932373046875,mask_area,0.0,0.001,False,280
284,P0255_0003.png,P0255_0003.png,P0255_0003,P0255,35,22965,0.0219011306762695,0.345304916838789,0.3405895691609977,0.1145230304555751,25,True,overlap,high_mask_area,overlap__high_mask_area,train,0.011932373046875,mask_area,0.0,0.001,False,281
285,P0255_0004.png,P0255_0004.png,P0255_0004,P0255,40,26921,0.0256738662719726,0.3490415761587609,0.3501680773376746,0.1833810888252149,31,True,overlap,high_mask_area,overlap__high_mask_area,train,0.011932373046875,mask_area,0.0,0.001,False,282
286,P0255_0005.png,P0255_0005.png,P0255_0005,P0255,39,26180,0.0249671936035156,0.3512087437843398,0.3571428571428571,0.1833810888252149,30,True,overlap,high_mask_area,overlap__high_mask_area,train,0.011932373046875,mask_area,0.0,0.001,False,283
287,P0257_0000.png,P0257_0000.png,P0257_0000,P0257,20,36289,0.0346078872680664,0.2742947783818552,0.2522752904989747,0.1764102564102564,10,True,overlap,high_mask_area,overlap__high_mask_area,train,0.011932373046875,mask_area,0.0,0.001,False,284
288,P0257_0001.png,P0257_0001.png,P0257_0001,P0257,25,39848,0.0380020141601562,0.2649334502318783,0.2534375,0.2066738428417653,24,True,overlap,high_mask_area,overlap__high_mask_area,train,0.011932373046875,mask_area,0.0,0.001,False,285
289,P0257_0002.png,P0257_0002.png,P0257_0002,P0257,20,36836,0.0351295471191406,0.2806714042085356,0.2605133400991717,0.1764102564102564,10,True,overlap,high_mask_area,overlap__high_mask_area,train,0.011932373046875,mask_area,0.0,0.001,False,286
290,P0257_0003.png,P0257_0003.png,P0257_0003,P0257,24,38589,0.0368013381958007,0.2712324828031661,0.2619059932113926,0.2066738428417653,24,True,overlap,high_mask_area,overlap__high_mask_area,train,0.011932373046875,mask_area,0.0,0.001,False,287
291,P0258_0000.png,P0258_0000.png,P0258_0000,P0258,31,19834,0.0189151763916015,0.2934064585290467,0.2924,0.1241830065359477,21,True,overlap,high_mask_area,overlap__high_mask_area,train,0.011932373046875,mask_area,0.0,0.001,False,96
292,P0258_0001.png,P0258_0001.png,P0258_0001,P0258,31,19680,0.018768310546875,0.2914513334536652,0.2932367149758454,0.1241830065359477,21,True,overlap,high_mask_area,overlap__high_mask_area,train,0.011932373046875,mask_area,0.0,0.001,False,97
293,P0259_0004.png,P0259_0004.png,P0259_0004,P0259,5,8711,0.0083074569702148,0.5629087947987469,0.5321356275303644,0.1240016813787305,1,True,overlap,low_mask_area,overlap__low_mask_area,train,0.011932373046875,mask_area,0.0,0.001,False,98
294,P0259_0005.png,P0259_0005.png,P0259_0005,P0259,5,8733,0.0083284378051757,0.5649942649344564,0.5313765182186235,0.1240016813787305,1,True,overlap,low_mask_area,overlap__low_mask_area,train,0.011932373046875,mask_area,0.0,0.001,False,99
295,P0259_0007.png,P0259_0007.png,P0259_0007,P0259,4,7491,0.0071439743041992,0.5634504029240871,0.5083220872694557,0.1240016813787305,1,True,overlap,low_mask_area,overlap__low_mask_area,train,0.011932373046875,mask_area,0.0,0.001,False,100
296,P0259_0008.png,P0259_0008.png,P0259_0008,P0259,4,7304,0.0069656372070312,0.5483725121883017,0.5016306792622582,0.1240016813787305,1,True,overlap,low_mask_area,overlap__low_mask_area,train,0.011932373046875,mask_area,0.0,0.001,False,101
297,P0260_0002.png,P0260_0002.png,P0260_0002,P0260,0,0,0.0,0.0,0.0,0.0,0,False,no_overlap,low_mask_area,negative,train,0.011932373046875,mask_area,0.0,0.001,False,288
298,P0261_0000.png,P0261_0000.png,P0261_0000,P0261,1,1631,0.0015554428100585,0.330161943319838,0.330161943319838,0.0,0,False,no_overlap,low_mask_area,no_overlap__low_mask_area,train,0.011932373046875,mask_area,0.0,0.001,False,289
299,P0261_0001.png,P0261_0001.png,P0261_0001,P0261,1,1608,0.0015335083007812,0.3255060728744939,0.3255060728744939,0.0,0,False,no_overlap,low_mask_area,no_overlap__low_mask_area,train,0.011932373046875,mask_area,0.0,0.001,False,290
300,P0261_0002.png,P0261_0002.png,P0261_0002,P0261,1,1658,0.0015811920166015,0.3356275303643725,0.3356275303643725,0.0,0,False,no_overlap,low_mask_area,no_overlap__low_mask_area,train,0.011932373046875,mask_area,0.0,0.001,False,291
301,P0261_0003.png,P0261_0003.png,P0261_0003,P0261,1,1635,0.0015592575073242,0.3309716599190283,0.3309716599190283,0.0,0,False,no_overlap,low_mask_area,no_overlap__low_mask_area,train,0.011932373046875,mask_area,0.0,0.001,False,292
302,P0289_0000.png,P0289_0000.png,P0289_0000,P0289,11,24913,0.0237588882446289,0.2214051066018547,0.2220459952418715,0.1355098389982111,13,True,overlap,high_mask_area,overlap__high_mask_area,train,0.011932373046875,mask_area,0.0,0.001,False,55
303,P0289_0001.png,P0289_0001.png,P0289_0001,P0289,12,26738,0.0254993438720703,0.2090321150111806,0.2063883942324309,0.1153299691342903,13,True,overlap,high_mask_area,overlap__high_mask_area,train,0.011932373046875,mask_area,0.0,0.001,False,56
304,P0289_0002.png,P0289_0002.png,P0289_0002,P0289,11,25023,0.0238637924194335,0.2149809921064242,0.2210547184773988,0.1355098389982111,13,True,overlap,high_mask_area,overlap__high_mask_area,train,0.011932373046875,mask_area,0.0,0.001,False,57
305,P0289_0003.png,P0289_0003.png,P0289_0003,P0289,12,27082,0.025827407836914,0.2053231218033908,0.2017832302694688,0.1153299691342903,13,True,overlap,high_mask_area,overlap__high_mask_area,train,0.011932373046875,mask_area,0.0,0.001,False,58
306,P0294_0000.png,P0294_0000.png,P0294_0000,P0294,5,37745,0.0359964370727539,0.1602247780328613,0.1552197802197802,0.0944770657816356,3,True,overlap,high_mask_area,overlap__high_mask_area,train,0.011932373046875,mask_area,0.0,0.001,False,293
307,P0294_0001.png,P0294_0001.png,P0294_0001,P0294,4,33829,0.032261848449707,0.171853500623034,0.17862465305757,0.088505863323898,2,True,overlap,high_mask_area,overlap__high_mask_area,train,0.011932373046875,mask_area,0.0,0.001,False,294
308,P0294_0002.png,P0294_0002.png,P0294_0002,P0294,5,28636,0.0273094177246093,0.1672873128838155,0.1613606267932023,0.088505863323898,2,True,overlap,high_mask_area,overlap__high_mask_area,train,0.011932373046875,mask_area,0.0,0.001,False,295
309,P0294_0003.png,P0294_0003.png,P0294_0003,P0294,5,29837,0.0284547805786132,0.1598494314432714,0.1500496579121606,0.088505863323898,3,True,overlap,high_mask_area,overlap__high_mask_area,train,0.011932373046875,mask_area,0.0,0.001,False,296
310,P0301_0000.png,P0301_0000.png,P0301_0000,P0301,1,390,0.0003719329833984,0.3842364532019704,0.3842364532019704,0.0,0,False,no_overlap,low_mask_area,no_overlap__low_mask_area,train,0.011932373046875,mask_area,0.0,0.001,False,297
311,P0310_0004.png,P0310_0004.png,P0310_0004,P0310,0,0,0.0,0.0,0.0,0.0,0,False,no_overlap,low_mask_area,negative,train,0.011932373046875,mask_area,0.0,0.001,False,298
312,P0324_0010.png,P0324_0010.png,P0324_0010,P0324,0,0,0.0,0.0,0.0,0.0,0,False,no_overlap,low_mask_area,negative,train,0.011932373046875,mask_area,0.0,0.001,False,300
313,P0327_0004.png,P0327_0004.png,P0327_0004,P0327,0,0,0.0,0.0,0.0,0.0,0,False,no_overlap,low_mask_area,negative,train,0.011932373046875,mask_area,0.0,0.001,False,301
314,P0331_0005.png,P0331_0005.png,P0331_0005,P0331,0,0,0.0,0.0,0.0,0.0,0,False,no_overlap,low_mask_area,negative,train,0.011932373046875,mask_area,0.0,0.001,False,102
315,P0340_0001.png,P0340_0001.png,P0340_0001,P0340,0,0,0.0,0.0,0.0,0.0,0,False,no_overlap,low_mask_area,negative,train,0.011932373046875,mask_area,0.0,0.001,False,103
316,P0345_0006.png,P0345_0006.png,P0345_0006,P0345,0,0,0.0,0.0,0.0,0.0,0,False,no_overlap,low_mask_area,negative,train,0.011932373046875,mask_area,0.0,0.001,False,302
317,P0346_0023.png,P0346_0023.png,P0346_0023,P0346,0,0,0.0,0.0,0.0,0.0,0,False,no_overlap,low_mask_area,negative,train,0.011932373046875,mask_area,0.0,0.001,False,303
318,P0380_0000.png,P0380_0000.png,P0380_0000,P0380,0,0,0.0,0.0,0.0,0.0,0,False,no_overlap,low_mask_area,negative,train,0.011932373046875,mask_area,0.0,0.001,False,104
319,P0385_0000.png,P0385_0000.png,P0385_0000,P0385,0,0,0.0,0.0,0.0,0.0,0,False,no_overlap,low_mask_area,negative,train,0.011932373046875,mask_area,0.0,0.001,False,305
320,P0395_0001.png,P0395_0001.png,P0395_0001,P0395,0,0,0.0,0.0,0.0,0.0,0,False,no_overlap,low_mask_area,negative,train,0.011932373046875,mask_area,0.0,0.001,False,306
321,P0400_0001.png,P0400_0001.png,P0400_0001,P0400,0,0,0.0,0.0,0.0,0.0,0,False,no_overlap,low_mask_area,negative,train,0.011932373046875,mask_area,0.0,0.001,False,307
322,P0478_0000.png,P0478_0000.png,P0478_0000,P0478,11,23263,0.0221853256225585,0.2196160401756637,0.2221170904790065,0.2396737854963623,9,True,overlap,high_mask_area,overlap__high_mask_area,train,0.011932373046875,mask_area,0.0,0.001,False,59
323,P0478_0001.png,P0478_0001.png,P0478_0001,P0478,11,23388,0.0223045349121093,0.2206907475690412,0.2213417281806339,0.2396737854963623,9,True,overlap,high_mask_area,overlap__high_mask_area,train,0.011932373046875,mask_area,0.0,0.001,False,60
324,P0491_0005.png,P0491_0005.png,P0491_0005,P0491,0,0,0.0,0.0,0.0,0.0,0,False,no_overlap,low_mask_area,negative,train,0.011932373046875,mask_area,0.0,0.001,False,308
325,P0524_0003.png,P0524_0003.png,P0524_0003,P0524,0,0,0.0,0.0,0.0,0.0,0,False,no_overlap,low_mask_area,negative,train,0.011932373046875,mask_area,0.0,0.001,False,309
326,P0525_0000.png,P0525_0000.png,P0525_0000,P0525,0,0,0.0,0.0,0.0,0.0,0,False,no_overlap,low_mask_area,negative,train,0.011932373046875,mask_area,0.0,0.001,False,105
327,P0526_0004.png,P0526_0004.png,P0526_0004,P0526,0,0,0.0,0.0,0.0,0.0,0,False,no_overlap,low_mask_area,negative,train,0.011932373046875,mask_area,0.0,0.001,False,106
328,P0531_0002.png,P0531_0002.png,P0531_0002,P0531,0,0,0.0,0.0,0.0,0.0,0,False,no_overlap,low_mask_area,negative,train,0.011932373046875,mask_area,0.0,0.001,False,310
329,P0557_0000.png,P0557_0000.png,P0557_0000,P0557,0,0,0.0,0.0,0.0,0.0,0,False,no_overlap,low_mask_area,negative,train,0.011932373046875,mask_area,0.0,0.001,False,311
330,P0593_0001.png,P0593_0001.png,P0593_0001,P0593,0,0,0.0,0.0,0.0,0.0,0,False,no_overlap,low_mask_area,negative,train,0.011932373046875,mask_area,0.0,0.001,False,313
331,P0596_0001.png,P0596_0001.png,P0596_0001,P0596,0,0,0.0,0.0,0.0,0.0,0,False,no_overlap,low_mask_area,negative,train,0.011932373046875,mask_area,0.0,0.001,False,314
332,P0602_0002.png,P0602_0002.png,P0602_0002,P0602,0,0,0.0,0.0,0.0,0.0,0,False,no_overlap,low_mask_area,negative,train,0.011932373046875,mask_area,0.0,0.001,False,315
333,P0602_0003.png,P0602_0003.png,P0602_0003,P0602,0,0,0.0,0.0,0.0,0.0,0,False,no_overlap,low_mask_area,negative,train,0.011932373046875,mask_area,0.0,0.001,False,316
334,P0677_0000.png,P0677_0000.png,P0677_0000,P0677,0,0,0.0,0.0,0.0,0.0,0,False,no_overlap,low_mask_area,negative,train,0.011932373046875,mask_area,0.0,0.001,False,319
335,P0688_0000.png,P0688_0000.png,P0688_0000,P0688,0,0,0.0,0.0,0.0,0.0,0,False,no_overlap,low_mask_area,negative,train,0.011932373046875,mask_area,0.0,0.001,False,320
336,P0693_0001.png,P0693_0001.png,P0693_0001,P0693,0,0,0.0,0.0,0.0,0.0,0,False,no_overlap,low_mask_area,negative,train,0.011932373046875,mask_area,0.0,0.001,False,321
337,P0696_0001.png,P0696_0001.png,P0696_0001,P0696,0,0,0.0,0.0,0.0,0.0,0,False,no_overlap,low_mask_area,negative,train,0.011932373046875,mask_area,0.0,0.001,False,322
338,P0697_0000.png,P0697_0000.png,P0697_0000,P0697,9,21805,0.0207948684692382,0.2824035815146689,0.2850629613547547,0.1084169268584335,7,True,overlap,high_mask_area,overlap__high_mask_area,train,0.011932373046875,mask_area,0.0,0.001,False,61
339,P0697_0001.png,P0697_0001.png,P0697_0001,P0697,9,21815,0.0208044052124023,0.2823863271271249,0.2852800694745983,0.1084169268584335,7,True,overlap,high_mask_area,overlap__high_mask_area,train,0.011932373046875,mask_area,0.0,0.001,False,62
340,P0697_0002.png,P0697_0002.png,P0697_0002,P0697,11,27055,0.025801658630371,0.2781893869846447,0.2744165946413137,0.1084169268584335,11,True,overlap,high_mask_area,overlap__high_mask_area,train,0.011932373046875,mask_area,0.0,0.001,False,63
341,P0697_0003.png,P0697_0003.png,P0697_0003,P0697,12,29491,0.0281248092651367,0.279293430613626,0.2734520296048111,0.1084169268584335,12,True,overlap,high_mask_area,overlap__high_mask_area,train,0.011932373046875,mask_area,0.0,0.001,False,64
342,P0699_0000.png,P0699_0000.png,P0699_0000,P0699,8,22070,0.0210475921630859,0.2673564161440031,0.2610470117983051,0.0350944481733627,2,True,overlap,high_mask_area,overlap__high_mask_area,train,0.011932373046875,mask_area,0.0,0.001,False,107
343,P0730_0001.png,P0730_0001.png,P0730_0001,P0730,0,0,0.0,0.0,0.0,0.0,0,False,no_overlap,low_mask_area,negative,train,0.011932373046875,mask_area,0.0,0.001,False,325
344,P0737_0001.png,P0737_0001.png,P0737_0001,P0737,0,0,0.0,0.0,0.0,0.0,0,False,no_overlap,low_mask_area,negative,train,0.011932373046875,mask_area,0.0,0.001,False,326
345,P0737_0002.png,P0737_0002.png,P0737_0002,P0737,0,0,0.0,0.0,0.0,0.0,0,False,no_overlap,low_mask_area,negative,train,0.011932373046875,mask_area,0.0,0.001,False,327
346,P0754_0001.png,P0754_0001.png,P0754_0001,P0754,0,0,0.0,0.0,0.0,0.0,0,False,no_overlap,low_mask_area,negative,train,0.011932373046875,mask_area,0.0,0.001,False,328
347,P0780_0001.png,P0780_0001.png,P0780_0001,P0780,0,0,0.0,0.0,0.0,0.0,0,False,no_overlap,low_mask_area,negative,train,0.011932373046875,mask_area,0.0,0.001,False,329
348,P0781_0001.png,P0781_0001.png,P0781_0001,P0781,0,0,0.0,0.0,0.0,0.0,0,False,no_overlap,low_mask_area,negative,train,0.011932373046875,mask_area,0.0,0.001,False,330
349,P0783_0000.png,P0783_0000.png,P0783_0000,P0783,11,111853,0.1066713333129882,0.3027996084563518,0.3008502289077828,0.243549635011942,13,True,overlap,high_mask_area,overlap__high_mask_area,train,0.011932373046875,mask_area,0.0,0.001,False,108
350,P0783_0001.png,P0783_0001.png,P0783_0001,P0783,7,76169,0.0726404190063476,0.3206716047670023,0.3144673318313485,0.2676722863058267,7,True,overlap,high_mask_area,overlap__high_mask_area,train,0.011932373046875,mask_area,0.0,0.001,False,109
351,P0783_0002.png,P0783_0002.png,P0783_0002,P0783,7,70091,0.0668439865112304,0.2918132409557447,0.2959370078740157,0.1611833435825353,2,True,overlap,high_mask_area,overlap__high_mask_area,train,0.011932373046875,mask_area,0.0,0.001,False,110
352,P0783_0003.png,P0783_0003.png,P0783_0003,P0783,5,49263,0.046980857849121,0.3041404001985452,0.3106730769230769,0.0280917664370276,1,True,overlap,high_mask_area,overlap__high_mask_area,train,0.011932373046875,mask_area,0.0,0.001,False,111
353,P0783_0004.png,P0783_0004.png,P0783_0004,P0783,6,59936,0.057159423828125,0.2537100387071276,0.2485422428104466,0.2180438635356668,4,True,overlap,high_mask_area,overlap__high_mask_area,train,0.011932373046875,mask_area,0.0,0.001,False,112
354,P0783_0005.png,P0783_0005.png,P0783_0005,P0783,9,92767,0.0884695053100586,0.2493836076401087,0.2628874206007214,0.2515831530407593,9,True,overlap,high_mask_area,overlap__high_mask_area,train,0.011932373046875,mask_area,0.0,0.001,False,113
355,P0785_0000.png,P0785_0000.png,P0785_0000,P0785,1,14329,0.0136651992797851,0.2508929822103936,0.2508929822103936,0.0,0,False,no_overlap,high_mask_area,no_overlap__high_mask_area,train,0.011932373046875,mask_area,0.0,0.001,False,65
356,P0785_0001.png,P0785_0001.png,P0785_0001,P0785,1,17423,0.016615867614746,0.2317073170731707,0.2317073170731707,0.0,0,False,no_overlap,high_mask_area,no_overlap__high_mask_area,train,0.011932373046875,mask_area,0.0,0.001,False,66
357,P0785_0002.png,P0785_0002.png,P0785_0002,P0785,2,27473,0.0262002944946289,0.2141540481947106,0.2141540481947106,0.0,0,False,no_overlap,high_mask_area,no_overlap__high_mask_area,train,0.011932373046875,mask_area,0.0,0.001,False,67
358,P0785_0003.png,P0785_0003.png,P0785_0003,P0785,1,25307,0.0241346359252929,0.2512260011515476,0.2512260011515476,0.0,0,False,no_overlap,high_mask_area,no_overlap__high_mask_area,train,0.011932373046875,mask_area,0.0,0.001,False,68
359,P0785_0004.png,P0785_0004.png,P0785_0004,P0785,3,63837,0.0608797073364257,0.2684472904390437,0.2487581250330285,0.0,0,False,no_overlap,high_mask_area,no_overlap__high_mask_area,train,0.011932373046875,mask_area,0.0,0.001,False,69
360,P0785_0005.png,P0785_0005.png,P0785_0005,P0785,3,55649,0.0530710220336914,0.2686681901670508,0.2785234899328859,0.006230189091704,1,True,overlap,high_mask_area,overlap__high_mask_area,train,0.011932373046875,mask_area,0.0,0.001,False,70
361,P0785_0006.png,P0785_0006.png,P0785_0006,P0785,2,37767,0.0360174179077148,0.240236809866933,0.240236809866933,0.0,0,False,no_overlap,high_mask_area,no_overlap__high_mask_area,train,0.011932373046875,mask_area,0.0,0.001,False,71
362,P0785_0007.png,P0785_0007.png,P0785_0007,P0785,5,82377,0.0785608291625976,0.2282445540045586,0.2243637970360286,0.0,0,False,no_overlap,high_mask_area,no_overlap__high_mask_area,train,0.011932373046875,mask_area,0.0,0.001,False,72
363,P0785_0008.png,P0785_0008.png,P0785_0008,P0785,2,40499,0.0386228561401367,0.2237555353253341,0.2237555353253341,0.0,0,False,no_overlap,high_mask_area,no_overlap__high_mask_area,train,0.011932373046875,mask_area,0.0,0.001,False,73
364,P0785_0009.png,P0785_0009.png,P0785_0009,P0785,2,34654,0.0330486297607421,0.2600020687887727,0.2600020687887727,0.006230189091704,1,True,overlap,high_mask_area,overlap__high_mask_area,train,0.011932373046875,mask_area,0.0,0.001,False,74
365,P0785_0010.png,P0785_0010.png,P0785_0010,P0785,1,16277,0.0155229568481445,0.2551893891885112,0.2551893891885112,0.0,0,False,no_overlap,high_mask_area,no_overlap__high_mask_area,train,0.011932373046875,mask_area,0.0,0.001,False,75
366,P0785_0011.png,P0785_0011.png,P0785_0011,P0785,5,82038,0.0782375335693359,0.2340494140973089,0.2250444834545432,0.0,0,False,no_overlap,high_mask_area,no_overlap__high_mask_area,train,0.011932373046875,mask_area,0.0,0.001,False,76
367,P0786_0000.png,P0786_0000.png,P0786_0000,P0786,2,16141,0.0153932571411132,0.263401025668091,0.263401025668091,0.0,0,False,no_overlap,high_mask_area,no_overlap__high_mask_area,train,0.011932373046875,mask_area,0.0,0.001,False,77
368,P0786_0001.png,P0786_0001.png,P0786_0001,P0786,10,72132,0.0687904357910156,0.2323680400123193,0.2275459168347667,0.1237022310580958,5,True,overlap,high_mask_area,overlap__high_mask_area,train,0.011932373046875,mask_area,0.0,0.001,False,78
369,P0786_0002.png,P0786_0002.png,P0786_0002,P0786,10,72766,0.0693950653076171,0.2339022487243158,0.23320911456277,0.1237022310580958,5,True,overlap,high_mask_area,overlap__high_mask_area,train,0.011932373046875,mask_area,0.0,0.001,False,79
370,P0786_0003.png,P0786_0003.png,P0786_0003,P0786,1,1403,0.0013380050659179,0.0539532379633902,0.0539532379633902,0.0,0,False,no_overlap,low_mask_area,no_overlap__low_mask_area,train,0.011932373046875,mask_area,0.0,0.001,False,80
371,P0786_0004.png,P0786_0004.png,P0786_0004,P0786,7,53882,0.0513858795166015,0.2360418824281736,0.2281558756968593,0.0538956029827719,3,True,overlap,high_mask_area,overlap__high_mask_area,train,0.011932373046875,mask_area,0.0,0.001,False,81
372,P0786_0005.png,P0786_0005.png,P0786_0005,P0786,7,53573,0.051091194152832,0.2352748441362344,0.2240437158469945,0.0538956029827719,3,True,overlap,high_mask_area,overlap__high_mask_area,train,0.011932373046875,mask_area,0.0,0.001,False,82
373,P0786_0006.png,P0786_0006.png,P0786_0006,P0786,3,14677,0.0139970779418945,0.1931597315280958,0.2178924988372865,0.0,0,False,no_overlap,high_mask_area,no_overlap__high_mask_area,train,0.011932373046875,mask_area,0.0,0.001,False,83
374,P0786_0007.png,P0786_0007.png,P0786_0007,P0786,5,36932,0.0352210998535156,0.2912171197862453,0.2726099507556461,0.0149549267885988,1,True,overlap,high_mask_area,overlap__high_mask_area,train,0.011932373046875,mask_area,0.0,0.001,False,84
375,P0786_0008.png,P0786_0008.png,P0786_0008,P0786,5,35105,0.0334787368774414,0.2811722381461987,0.269587366276108,0.0149549267885988,1,True,overlap,high_mask_area,overlap__high_mask_area,train,0.011932373046875,mask_area,0.0,0.001,False,85
376,P0786_0009.png,P0786_0009.png,P0786_0009,P0786,5,27922,0.0266284942626953,0.2524120045179571,0.3018808777429467,0.0,0,False,no_overlap,high_mask_area,no_overlap__high_mask_area,train,0.011932373046875,mask_area,0.0,0.001,False,86
377,P0786_0010.png,P0786_0010.png,P0786_0010,P0786,8,52558,0.0501232147216796,0.2704343500995503,0.2913594572276333,0.0149549267885988,2,True,overlap,high_mask_area,overlap__high_mask_area,train,0.011932373046875,mask_area,0.0,0.001,False,87
378,P0786_0011.png,P0786_0011.png,P0786_0011,P0786,7,44330,0.042276382446289,0.2731390333498845,0.3071878682309544,0.0149549267885988,1,True,overlap,high_mask_area,overlap__high_mask_area,train,0.011932373046875,mask_area,0.0,0.001,False,88
379,P0790_0003.png,P0790_0003.png,P0790_0003,P0790,0,0,0.0,0.0,0.0,0.0,0,False,no_overlap,low_mask_area,negative,train,0.011932373046875,mask_area,0.0,0.001,False,331
380,P0792_0001.png,P0792_0001.png,P0792_0001,P0792,0,0,0.0,0.0,0.0,0.0,0,False,no_overlap,low_mask_area,negative,train,0.011932373046875,mask_area,0.0,0.001,False,332
381,P0801_0002.png,P0801_0002.png,P0801_0002,P0801,0,0,0.0,0.0,0.0,0.0,0,False,no_overlap,low_mask_area,negative,train,0.011932373046875,mask_area,0.0,0.001,False,114
382,P0816_0000.png,P0816_0000.png,P0816_0000,P0816,0,0,0.0,0.0,0.0,0.0,0,False,no_overlap,low_mask_area,negative,train,0.011932373046875,mask_area,0.0,0.001,False,334
383,P0835_0007.png,P0835_0007.png,P0835_0007,P0835,0,0,0.0,0.0,0.0,0.0,0,False,no_overlap,low_mask_area,negative,train,0.011932373046875,mask_area,0.0,0.001,False,335
384,P0840_0001.png,P0840_0001.png,P0840_0001,P0840,3,36450,0.0347614288330078,0.1216474971744748,0.1445445000807624,0.0581249406726925,1,True,overlap,high_mask_area,overlap__high_mask_area,train,0.011932373046875,mask_area,0.0,0.001,False,336
385,P0840_0002.png,P0840_0002.png,P0840_0002,P0840,4,59539,0.0567808151245117,0.1499475898727554,0.1621541612531355,0.0885633600104673,2,True,overlap,high_mask_area,overlap__high_mask_area,train,0.011932373046875,mask_area,0.0,0.001,False,337
386,P0840_0003.png,P0840_0003.png,P0840_0003,P0840,3,23821,0.0227174758911132,0.2182999024740182,0.2304942557236135,0.1248856358645928,1,True,overlap,high_mask_area,overlap__high_mask_area,train,0.011932373046875,mask_area,0.0,0.001,False,338
387,P0840_0004.png,P0840_0004.png,P0840_0004,P0840,4,96795,0.0923109054565429,0.1911145409808872,0.1871052137058719,0.1136535348084187,3,True,overlap,high_mask_area,overlap__high_mask_area,train,0.011932373046875,mask_area,0.0,0.001,False,339
388,P0840_0005.png,P0840_0005.png,P0840_0005,P0840,5,113519,0.1082601547241211,0.1894063908305554,0.1748494479759116,0.1136535348084187,3,True,overlap,high_mask_area,overlap__high_mask_area,train,0.011932373046875,mask_area,0.0,0.001,False,340
389,P0840_0006.png,P0840_0006.png,P0840_0006,P0840,6,28135,0.0268316268920898,0.1489248419205787,0.1406576987824333,0.0581875936253541,2,True,overlap,high_mask_area,overlap__high_mask_area,train,0.011932373046875,mask_area,0.0,0.001,False,341
390,P0840_0007.png,P0840_0007.png,P0840_0007,P0840,5,64141,0.0611696243286132,0.2010257055514415,0.2073433195592286,0.0549006418341321,2,True,overlap,high_mask_area,overlap__high_mask_area,train,0.011932373046875,mask_area,0.0,0.001,False,342
391,P0840_0008.png,P0840_0008.png,P0840_0008,P0840,3,46530,0.0443744659423828,0.1951138468231296,0.2083161157024793,0.0535615651745918,1,True,overlap,high_mask_area,overlap__high_mask_area,train,0.011932373046875,mask_area,0.0,0.001,False,343
392,P0840_0009.png,P0840_0009.png,P0840_0009,P0840,5,28191,0.0268850326538085,0.2698372833930881,0.2318885448916408,0.0310470930666467,3,True,overlap,high_mask_area,overlap__high_mask_area,train,0.011932373046875,mask_area,0.0,0.001,False,344
393,P0840_0010.png,P0840_0010.png,P0840_0010,P0840,5,49323,0.0470380783081054,0.2874161608212279,0.2658391608391608,0.0347295306251315,1,True,overlap,high_mask_area,overlap__high_mask_area,train,0.011932373046875,mask_area,0.0,0.001,False,345
394,P0840_0011.png,P0840_0011.png,P0840_0011,P0840,4,25971,0.0247678756713867,0.2570025516406216,0.2513877581823172,0.0347295306251315,1,True,overlap,high_mask_area,overlap__high_mask_area,train,0.011932373046875,mask_area,0.0,0.001,False,346
395,P0841_0000.png,P0841_0000.png,P0841_0000,P0841,7,56354,0.0537433624267578,0.2493322778500245,0.232217046455999,0.1059250028322193,1,True,overlap,high_mask_area,overlap__high_mask_area,train,0.011932373046875,mask_area,0.0,0.001,False,347
396,P0841_0001.png,P0841_0001.png,P0841_0001,P0841,3,24892,0.0237388610839843,0.2520842273285438,0.2591774354628817,0.0,0,False,no_overlap,high_mask_area,no_overlap__high_mask_area,train,0.011932373046875,mask_area,0.0,0.001,False,348
397,P0841_0002.png,P0841_0002.png,P0841_0002,P0841,2,19648,0.01873779296875,0.2139997314197691,0.2139997314197691,0.0829694323144104,1,True,overlap,high_mask_area,overlap__high_mask_area,train,0.011932373046875,mask_area,0.0,0.001,False,349
398,P0841_0003.png,P0841_0003.png,P0841_0003,P0841,3,21602,0.0206012725830078,0.1881460109931027,0.1633175009134088,0.0829694323144104,1,True,overlap,high_mask_area,overlap__high_mask_area,train,0.011932373046875,mask_area,0.0,0.001,False,350
399,P0841_0004.png,P0841_0004.png,P0841_0004,P0841,3,21592,0.0205917358398437,0.3004099131429144,0.2715187770023263,0.0,0,False,no_overlap,high_mask_area,no_overlap__high_mask_area,train,0.011932373046875,mask_area,0.0,0.001,False,351
400,P0841_0005.png,P0841_0005.png,P0841_0005,P0841,5,41942,0.0399990081787109,0.2554564512932887,0.2678026526481162,0.0,0,False,no_overlap,high_mask_area,no_overlap__high_mask_area,train,0.011932373046875,mask_area,0.0,0.001,False,352
401,P0841_0006.png,P0841_0006.png,P0841_0006,P0841,6,49385,0.0470972061157226,0.2644780477967683,0.282367253021218,0.0589370285914751,2,True,overlap,high_mask_area,overlap__high_mask_area,train,0.011932373046875,mask_area,0.0,0.001,False,353
402,P0841_0007.png,P0841_0007.png,P0841_0007,P0841,4,27257,0.0259943008422851,0.2535392649836644,0.2519411609273119,0.0,0,False,no_overlap,high_mask_area,no_overlap__high_mask_area,train,0.011932373046875,mask_area,0.0,0.001,False,354
403,P0841_0008.png,P0841_0008.png,P0841_0008,P0841,1,8904,0.0084915161132812,0.2690111483730626,0.2690111483730626,0.0,0,False,no_overlap,low_mask_area,no_overlap__low_mask_area,train,0.011932373046875,mask_area,0.0,0.001,False,355
404,P0841_0009.png,P0841_0009.png,P0841_0009,P0841,6,51345,0.0489664077758789,0.2533196040639234,0.2426748034700491,0.0,0,False,no_overlap,high_mask_area,no_overlap__high_mask_area,train,0.011932373046875,mask_area,0.0,0.001,False,356
405,P0841_0010.png,P0841_0010.png,P0841_0010,P0841,4,31318,0.0298671722412109,0.2564908854978913,0.2595717712417851,0.0589370285914751,2,True,overlap,high_mask_area,overlap__high_mask_area,train,0.011932373046875,mask_area,0.0,0.001,False,357
406,P0857_0004.png,P0857_0004.png,P0857_0004,P0857,0,0,0.0,0.0,0.0,0.0,0,False,no_overlap,low_mask_area,negative,train,0.011932373046875,mask_area,0.0,0.001,False,115
407,P0857_0005.png,P0857_0005.png,P0857_0005,P0857,0,0,0.0,0.0,0.0,0.0,0,False,no_overlap,low_mask_area,negative,train,0.011932373046875,mask_area,0.0,0.001,False,116
408,P0888_0001.png,P0888_0001.png,P0888_0001,P0888,0,0,0.0,0.0,0.0,0.0,0,False,no_overlap,low_mask_area,negative,train,0.011932373046875,mask_area,0.0,0.001,False,363
409,P0888_0003.png,P0888_0003.png,P0888_0003,P0888,0,0,0.0,0.0,0.0,0.0,0,False,no_overlap,low_mask_area,negative,train,0.011932373046875,mask_area,0.0,0.001,False,364
410,P0888_0013.png,P0888_0013.png,P0888_0013,P0888,0,0,0.0,0.0,0.0,0.0,0,False,no_overlap,low_mask_area,negative,train,0.011932373046875,mask_area,0.0,0.001,False,365
411,P0896_0005.png,P0896_0005.png,P0896_0005,P0896,0,0,0.0,0.0,0.0,0.0,0,False,no_overlap,low_mask_area,negative,train,0.011932373046875,mask_area,0.0,0.001,False,368
412,P0900_0005.png,P0900_0005.png,P0900_0005,P0900,0,0,0.0,0.0,0.0,0.0,0,False,no_overlap,low_mask_area,negative,train,0.011932373046875,mask_area,0.0,0.001,False,369
413,P0900_0008.png,P0900_0008.png,P0900_0008,P0900,0,0,0.0,0.0,0.0,0.0,0,False,no_overlap,low_mask_area,negative,train,0.011932373046875,mask_area,0.0,0.001,False,370
414,P0905_0001.png,P0905_0001.png,P0905_0001,P0905,0,0,0.0,0.0,0.0,0.0,0,False,no_overlap,low_mask_area,negative,train,0.011932373046875,mask_area,0.0,0.001,False,371
415,P0936_0005.png,P0936_0005.png,P0936_0005,P0936,0,0,0.0,0.0,0.0,0.0,0,False,no_overlap,low_mask_area,negative,train,0.011932373046875,mask_area,0.0,0.001,False,375
416,P0946_0000.png,P0946_0000.png,P0946_0000,P0946,0,0,0.0,0.0,0.0,0.0,0,False,no_overlap,low_mask_area,negative,train,0.011932373046875,mask_area,0.0,0.001,False,376
417,P0946_0005.png,P0946_0005.png,P0946_0005,P0946,0,0,0.0,0.0,0.0,0.0,0,False,no_overlap,low_mask_area,negative,train,0.011932373046875,mask_area,0.0,0.001,False,377
418,P0948_0002.png,P0948_0002.png,P0948_0002,P0948,0,0,0.0,0.0,0.0,0.0,0,False,no_overlap,low_mask_area,negative,train,0.011932373046875,mask_area,0.0,0.001,False,379
419,P0952_0001.png,P0952_0001.png,P0952_0001,P0952,0,0,0.0,0.0,0.0,0.0,0,False,no_overlap,low_mask_area,negative,train,0.011932373046875,mask_area,0.0,0.001,False,380
420,P0952_0012.png,P0952_0012.png,P0952_0012,P0952,0,0,0.0,0.0,0.0,0.0,0,False,no_overlap,low_mask_area,negative,train,0.011932373046875,mask_area,0.0,0.001,False,381
421,P0952_0014.png,P0952_0014.png,P0952_0014,P0952,0,0,0.0,0.0,0.0,0.0,0,False,no_overlap,low_mask_area,negative,train,0.011932373046875,mask_area,0.0,0.001,False,382
422,P0960_0005.png,P0960_0005.png,P0960_0005,P0960,0,0,0.0,0.0,0.0,0.0,0,False,no_overlap,low_mask_area,negative,train,0.011932373046875,mask_area,0.0,0.001,False,383
423,P0970_0004.png,P0970_0004.png,P0970_0004,P0970,0,0,0.0,0.0,0.0,0.0,0,False,no_overlap,low_mask_area,negative,train,0.011932373046875,mask_area,0.0,0.001,False,384
424,P0986_0003.png,P0986_0003.png,P0986_0003,P0986,0,0,0.0,0.0,0.0,0.0,0,False,no_overlap,low_mask_area,negative,train,0.011932373046875,mask_area,0.0,0.001,False,385
425,P0991_0008.png,P0991_0008.png,P0991_0008,P0991,0,0,0.0,0.0,0.0,0.0,0,False,no_overlap,low_mask_area,negative,train,0.011932373046875,mask_area,0.0,0.001,False,386
426,P0993_0002.png,P0993_0002.png,P0993_0002,P0993,0,0,0.0,0.0,0.0,0.0,0,False,no_overlap,low_mask_area,negative,train,0.011932373046875,mask_area,0.0,0.001,False,387
427,P0998_0002.png,P0998_0002.png,P0998_0002,P0998,0,0,0.0,0.0,0.0,0.0,0,False,no_overlap,low_mask_area,negative,train,0.011932373046875,mask_area,0.0,0.001,False,388
428,P1003_0005.png,P1003_0005.png,P1003_0005,P1003,0,0,0.0,0.0,0.0,0.0,0,False,no_overlap,low_mask_area,negative,train,0.011932373046875,mask_area,0.0,0.001,False,389
429,P10090_0003.png,P10090_0003.png,P10090_0003,P10090,0,0,0.0,0.0,0.0,0.0,0,False,no_overlap,low_mask_area,negative,train,0.011932373046875,mask_area,0.0,0.001,False,390
430,P1009_0004.png,P1009_0004.png,P1009_0004,P1009,0,0,0.0,0.0,0.0,0.0,0,False,no_overlap,low_mask_area,negative,train,0.011932373046875,mask_area,0.0,0.001,False,391
431,P1012_0003.png,P1012_0003.png,P1012_0003,P1012,0,0,0.0,0.0,0.0,0.0,0,False,no_overlap,low_mask_area,negative,train,0.011932373046875,mask_area,0.0,0.001,False,392
432,P1014_0000.png,P1014_0000.png,P1014_0000,P1014,0,0,0.0,0.0,0.0,0.0,0,False,no_overlap,low_mask_area,negative,train,0.011932373046875,mask_area,0.0,0.001,False,393
433,P1016_0005.png,P1016_0005.png,P1016_0005,P1016,0,0,0.0,0.0,0.0,0.0,0,False,no_overlap,low_mask_area,negative,train,0.011932373046875,mask_area,0.0,0.001,False,394
434,P10210_0000.png,P10210_0000.png,P10210_0000,P10210,0,0,0.0,0.0,0.0,0.0,0,False,no_overlap,low_mask_area,negative,train,0.011932373046875,mask_area,0.0,0.001,False,395
435,P1029_0001.png,P1029_0001.png,P1029_0001,P1029,0,0,0.0,0.0,0.0,0.0,0,False,no_overlap,low_mask_area,negative,train,0.011932373046875,mask_area,0.0,0.001,False,396
436,P10339_0011.png,P10339_0011.png,P10339_0011,P10339,0,0,0.0,0.0,0.0,0.0,0,False,no_overlap,low_mask_area,negative,train,0.011932373046875,mask_area,0.0,0.001,False,397
437,P1043_0003.png,P1043_0003.png,P1043_0003,P1043,0,0,0.0,0.0,0.0,0.0,0,False,no_overlap,low_mask_area,negative,train,0.011932373046875,mask_area,0.0,0.001,False,120
438,P1049_0000.png,P1049_0000.png,P1049_0000,P1049,4,39958,0.0381069183349609,0.1611456644105311,0.2002842364214097,0.0908768193113241,2,True,overlap,high_mask_area,overlap__high_mask_area,train,0.011932373046875,mask_area,0.0,0.001,False,398
439,P1049_0001.png,P1049_0001.png,P1049_0001,P1049,1,13073,0.0124673843383789,0.2117222168237618,0.2117222168237618,0.0,0,False,no_overlap,high_mask_area,no_overlap__high_mask_area,train,0.011932373046875,mask_area,0.0,0.001,False,399
440,P1049_0007.png,P1049_0007.png,P1049_0007,P1049,4,52838,0.0503902435302734,0.2139376541843158,0.2139007442873876,0.0925893936776645,3,True,overlap,high_mask_area,overlap__high_mask_area,train,0.011932373046875,mask_area,0.0,0.001,False,400
441,P1049_0008.png,P1049_0008.png,P1049_0008,P1049,4,53391,0.050917625427246,0.2280902730741756,0.2288793941232965,0.0,0,False,no_overlap,high_mask_area,no_overlap__high_mask_area,train,0.011932373046875,mask_area,0.0,0.001,False,401
442,P1049_0009.png,P1049_0009.png,P1049_0009,P1049,3,40269,0.0384035110473632,0.2074107043684583,0.2042255704365079,0.1055628789876087,2,True,overlap,high_mask_area,overlap__high_mask_area,train,0.011932373046875,mask_area,0.0,0.001,False,402
443,P1049_0010.png,P1049_0010.png,P1049_0010,P1049,3,38357,0.0365800857543945,0.334472749320535,0.327020202020202,0.0,0,False,no_overlap,high_mask_area,no_overlap__high_mask_area,train,0.011932373046875,mask_area,0.0,0.001,False,403
444,P1049_0011.png,P1049_0011.png,P1049_0011,P1049,2,25789,0.0245943069458007,0.346192271277809,0.346192271277809,0.0,0,False,no_overlap,high_mask_area,no_overlap__high_mask_area,train,0.011932373046875,mask_area,0.0,0.001,False,404
445,P1049_0013.png,P1049_0013.png,P1049_0013,P1049,1,12734,0.0121440887451171,0.3109645909645909,0.3109645909645909,0.0,0,False,no_overlap,high_mask_area,no_overlap__high_mask_area,train,0.011932373046875,mask_area,0.0,0.001,False,405
446,P1055_0022.png,P1055_0022.png,P1055_0022,P1055,0,0,0.0,0.0,0.0,0.0,0,False,no_overlap,low_mask_area,negative,train,0.011932373046875,mask_area,0.0,0.001,False,406
447,P1059_0007.png,P1059_0007.png,P1059_0007,P1059,0,0,0.0,0.0,0.0,0.0,0,False,no_overlap,low_mask_area,negative,train,0.011932373046875,mask_area,0.0,0.001,False,407
448,P10600_0000.png,P10600_0000.png,P10600_0000,P10600,0,0,0.0,0.0,0.0,0.0,0,False,no_overlap,low_mask_area,negative,train,0.011932373046875,mask_area,0.0,0.001,False,408
449,P1060_0007.png,P1060_0007.png,P1060_0007,P1060,0,0,0.0,0.0,0.0,0.0,0,False,no_overlap,low_mask_area,negative,train,0.011932373046875,mask_area,0.0,0.001,False,409
450,P1065_0004.png,P1065_0004.png,P1065_0004,P1065,0,0,0.0,0.0,0.0,0.0,0,False,no_overlap,low_mask_area,negative,train,0.011932373046875,mask_area,0.0,0.001,False,410
451,P1065_0015.png,P1065_0015.png,P1065_0015,P1065,0,0,0.0,0.0,0.0,0.0,0,False,no_overlap,low_mask_area,negative,train,0.011932373046875,mask_area,0.0,0.001,False,411
452,P1067_0000.png,P1067_0000.png,P1067_0000,P1067,0,0,0.0,0.0,0.0,0.0,0,False,no_overlap,low_mask_area,negative,train,0.011932373046875,mask_area,0.0,0.001,False,412
453,P1067_0009.png,P1067_0009.png,P1067_0009,P1067,0,0,0.0,0.0,0.0,0.0,0,False,no_overlap,low_mask_area,negative,train,0.011932373046875,mask_area,0.0,0.001,False,413
454,P1071_0000.png,P1071_0000.png,P1071_0000,P1071,0,0,0.0,0.0,0.0,0.0,0,False,no_overlap,low_mask_area,negative,train,0.011932373046875,mask_area,0.0,0.001,False,414
455,P1071_0010.png,P1071_0010.png,P1071_0010,P1071,0,0,0.0,0.0,0.0,0.0,0,False,no_overlap,low_mask_area,negative,train,0.011932373046875,mask_area,0.0,0.001,False,415
456,P1078_0000.png,P1078_0000.png,P1078_0000,P1078,6,12458,0.011880874633789,0.3235072867507537,0.3153545321637426,0.0,0,False,no_overlap,low_mask_area,no_overlap__low_mask_area,train,0.011932373046875,mask_area,0.0,0.001,False,416
457,P1078_0001.png,P1078_0001.png,P1078_0001,P1078,20,48435,0.0461912155151367,0.3113999944466104,0.316088146449758,0.0190867955573837,1,True,overlap,high_mask_area,overlap__high_mask_area,train,0.011932373046875,mask_area,0.0,0.001,False,417
458,P1078_0002.png,P1078_0002.png,P1078_0002,P1078,14,36489,0.0347986221313476,0.307731304893759,0.3177891074115743,0.0182816316881615,1,True,overlap,high_mask_area,overlap__high_mask_area,train,0.011932373046875,mask_area,0.0,0.001,False,418
459,P1078_0003.png,P1078_0003.png,P1078_0003,P1078,3,18848,0.017974853515625,0.2479541673440735,0.2326817558299039,0.0,0,False,no_overlap,high_mask_area,no_overlap__high_mask_area,train,0.011932373046875,mask_area,0.0,0.001,False,419
460,P1078_0004.png,P1078_0004.png,P1078_0004,P1078,10,26936,0.0256881713867187,0.3047288994017788,0.3067378178648201,0.0,0,False,no_overlap,high_mask_area,no_overlap__high_mask_area,train,0.011932373046875,mask_area,0.0,0.001,False,420
461,P1078_0005.png,P1078_0005.png,P1078_0005,P1078,5,17166,0.0163707733154296,0.310331185772106,0.3311688311688311,0.0,0,False,no_overlap,high_mask_area,no_overlap__high_mask_area,train,0.011932373046875,mask_area,0.0,0.001,False,421
462,P1078_0006.png,P1078_0006.png,P1078_0006,P1078,2,16073,0.0153284072875976,0.2366587237337085,0.2366587237337085,0.0,0,False,no_overlap,high_mask_area,no_overlap__high_mask_area,train,0.011932373046875,mask_area,0.0,0.001,False,422
463,P1078_0007.png,P1078_0007.png,P1078_0007,P1078,5,14869,0.0141801834106445,0.2907410503303697,0.2902494331065759,0.0,0,False,no_overlap,high_mask_area,no_overlap__high_mask_area,train,0.011932373046875,mask_area,0.0,0.001,False,423
464,P1078_0008.png,P1078_0008.png,P1078_0008,P1078,2,8510,0.0081157684326171,0.2853675581765542,0.2853675581765542,0.0,0,False,no_overlap,low_mask_area,no_overlap__low_mask_area,train,0.011932373046875,mask_area,0.0,0.001,False,424
465,P10808_0034.png,P10808_0034.png,P10808_0034,P10808,0,0,0.0,0.0,0.0,0.0,0,False,no_overlap,low_mask_area,negative,train,0.011932373046875,mask_area,0.0,0.001,False,125
466,P1088_0000.png,P1088_0000.png,P1088_0000,P1088,16,40012,0.0381584167480468,0.4348529526966899,0.4385713996322354,0.0,0,False,no_overlap,high_mask_area,no_overlap__high_mask_area,train,0.011932373046875,mask_area,0.0,0.001,False,425
467,P1088_0001.png,P1088_0001.png,P1088_0001,P1088,5,23693,0.0225954055786132,0.3315006162958882,0.3173738748959988,0.0,0,False,no_overlap,high_mask_area,no_overlap__high_mask_area,train,0.011932373046875,mask_area,0.0,0.001,False,426
468,P1088_0002.png,P1088_0002.png,P1088_0002,P1088,3,17399,0.0165929794311523,0.3082372334061645,0.3176007866273353,0.0,0,False,no_overlap,high_mask_area,no_overlap__high_mask_area,train,0.011932373046875,mask_area,0.0,0.001,False,427
469,P1088_0003.png,P1088_0003.png,P1088_0003,P1088,10,23657,0.0225610733032226,0.4236404498916116,0.4281913276166149,0.0,0,False,no_overlap,high_mask_area,no_overlap__high_mask_area,train,0.011932373046875,mask_area,0.0,0.001,False,428
470,P1088_0004.png,P1088_0004.png,P1088_0004,P1088,3,21091,0.0201139450073242,0.3250917440592593,0.3272159090909091,0.0,0,False,no_overlap,high_mask_area,no_overlap__high_mask_area,train,0.011932373046875,mask_area,0.0,0.001,False,429
471,P1088_0005.png,P1088_0005.png,P1088_0005,P1088,3,21015,0.0200414657592773,0.324077173118834,0.3258522727272727,0.0,0,False,no_overlap,high_mask_area,no_overlap__high_mask_area,train,0.011932373046875,mask_area,0.0,0.001,False,430
472,P1089_0000.png,P1089_0000.png,P1089_0000,P1089,5,12243,0.0116758346557617,0.4542014423159942,0.4468013468013468,0.0,0,False,no_overlap,low_mask_area,no_overlap__low_mask_area,train,0.011932373046875,mask_area,0.0,0.001,False,431
473,P1089_0001.png,P1089_0001.png,P1089_0001,P1089,6,14741,0.0140581130981445,0.4546533097133318,0.4431037857730102,0.0,0,False,no_overlap,high_mask_area,no_overlap__high_mask_area,train,0.011932373046875,mask_area,0.0,0.001,False,432
474,P1089_0002.png,P1089_0002.png,P1089_0002,P1089,3,7385,0.0070428848266601,0.4801806588518176,0.4811447811447811,0.0,0,False,no_overlap,low_mask_area,no_overlap__low_mask_area,train,0.011932373046875,mask_area,0.0,0.001,False,433
475,P1090_0000.png,P1090_0000.png,P1090_0000,P1090,0,0,0.0,0.0,0.0,0.0,0,False,no_overlap,low_mask_area,negative,train,0.011932373046875,mask_area,0.0,0.001,False,434
476,P1103_0000.png,P1103_0000.png,P1103_0000,P1103,21,62525,0.0596284866333007,0.3275775601719394,0.3292204964436057,0.1870485363071854,22,True,overlap,high_mask_area,overlap__high_mask_area,train,0.011932373046875,mask_area,0.0,0.001,False,435
477,P1103_0001.png,P1103_0001.png,P1103_0001,P1103,12,46824,0.0446548461914062,0.2987597077090192,0.273732441953208,0.0838405722342584,7,True,overlap,high_mask_area,overlap__high_mask_area,train,0.011932373046875,mask_area,0.0,0.001,False,436
478,P1103_0002.png,P1103_0002.png,P1103_0002,P1103,20,60232,0.0574417114257812,0.3329066961844947,0.3339619303998911,0.1870485363071854,21,True,overlap,high_mask_area,overlap__high_mask_area,train,0.011932373046875,mask_area,0.0,0.001,False,437
479,P1103_0003.png,P1103_0003.png,P1103_0003,P1103,10,39621,0.037785530090332,0.3051356473088149,0.2910414574225058,0.0838405722342584,5,True,overlap,high_mask_area,overlap__high_mask_area,train,0.011932373046875,mask_area,0.0,0.001,False,438
480,P11054_0712.png,P11054_0712.png,P11054_0712,P11054,0,0,0.0,0.0,0.0,0.0,0,False,no_overlap,low_mask_area,negative,train,0.011932373046875,mask_area,0.0,0.001,False,439
481,P11054_1218.png,P11054_1218.png,P11054_1218,P11054,1,604,0.0005760192871093,0.3973684210526316,0.3973684210526316,0.0,0,False,no_overlap,low_mask_area,no_overlap__low_mask_area,train,0.011932373046875,mask_area,0.0,0.001,False,440
482,P1109_0000.png,P1109_0000.png,P1109_0000,P1109,11,27863,0.0265722274780273,0.272548038753882,0.2721139430284857,0.0740111731843575,5,True,overlap,high_mask_area,overlap__high_mask_area,train,0.011932373046875,mask_area,0.0,0.001,False,441
483,P1109_0001.png,P1109_0001.png,P1109_0001,P1109,6,12624,0.0120391845703125,0.3009925577624146,0.2908427845877726,0.0202117420596727,2,True,overlap,high_mask_area,overlap__high_mask_area,train,0.011932373046875,mask_area,0.0,0.001,False,442
484,P1109_0002.png,P1109_0002.png,P1109_0002,P1109,3,5141,0.0049028396606445,0.3246999395873817,0.3235517328611181,0.0,0,False,no_overlap,low_mask_area,no_overlap__low_mask_area,train,0.011932373046875,mask_area,0.0,0.001,False,443
485,P1109_0003.png,P1109_0003.png,P1109_0003,P1109,2,3708,0.0035362243652343,0.3591761638420455,0.3591761638420455,0.0,0,False,no_overlap,low_mask_area,no_overlap__low_mask_area,train,0.011932373046875,mask_area,0.0,0.001,False,444
486,P1109_0004.png,P1109_0004.png,P1109_0004,P1109,7,16559,0.015791893005371,0.3038168345443067,0.2909399224806202,0.0258573262424353,1,True,overlap,high_mask_area,overlap__high_mask_area,train,0.011932373046875,mask_area,0.0,0.001,False,445
487,P1109_0005.png,P1109_0005.png,P1109_0005,P1109,9,20900,0.0199317932128906,0.3019476390198648,0.3081351689612015,0.0295907660020986,1,True,overlap,high_mask_area,overlap__high_mask_area,train,0.011932373046875,mask_area,0.0,0.001,False,446
488,P1113_0000.png,P1113_0000.png,P1113_0000,P1113,1,52061,0.0496492385864257,0.2556031795128609,0.2556031795128609,0.0,0,False,no_overlap,high_mask_area,no_overlap__high_mask_area,train,0.011932373046875,mask_area,0.0,0.001,False,447
489,P1113_0001.png,P1113_0001.png,P1113_0001,P1113,1,42020,0.0400733947753906,0.2902535055605443,0.2902535055605443,0.0,0,False,no_overlap,high_mask_area,no_overlap__high_mask_area,train,0.011932373046875,mask_area,0.0,0.001,False,448
490,P1113_0002.png,P1113_0002.png,P1113_0002,P1113,1,42833,0.0408487319946289,0.3654692832764505,0.3654692832764505,0.0,0,False,no_overlap,high_mask_area,no_overlap__high_mask_area,train,0.011932373046875,mask_area,0.0,0.001,False,449
491,P1113_0003.png,P1113_0003.png,P1113_0003,P1113,1,44566,0.0425014495849609,0.3285148792192188,0.3285148792192188,0.0,0,False,no_overlap,high_mask_area,no_overlap__high_mask_area,train,0.011932373046875,mask_area,0.0,0.001,False,450
492,P1114_0000.png,P1114_0000.png,P1114_0000,P1114,1,81279,0.0775136947631836,0.2127037629245033,0.2127037629245033,0.0,0,False,no_overlap,high_mask_area,no_overlap__high_mask_area,train,0.011932373046875,mask_area,0.0,0.001,False,451
493,P1114_0004.png,P1114_0004.png,P1114_0004,P1114,1,88668,0.0845603942871093,0.1965015856553044,0.1965015856553044,0.0,0,False,no_overlap,high_mask_area,no_overlap__high_mask_area,train,0.011932373046875,mask_area,0.0,0.001,False,452
494,P1114_0006.png,P1114_0006.png,P1114_0006,P1114,1,38305,0.0365304946899414,0.1502551650825903,0.1502551650825903,0.0,0,False,no_overlap,high_mask_area,no_overlap__high_mask_area,train,0.011932373046875,mask_area,0.0,0.001,False,453
495,P1114_0011.png,P1114_0011.png,P1114_0011,P1114,2,86285,0.0822877883911132,0.2423412020930618,0.2423412020930618,0.1448019539131358,1,True,overlap,high_mask_area,overlap__high_mask_area,train,0.011932373046875,mask_area,0.0,0.001,False,454
496,P1116_0001.png,P1116_0001.png,P1116_0001,P1116,1,9545,0.0091028213500976,0.021069523910433,0.021069523910433,0.0,0,False,no_overlap,low_mask_area,no_overlap__low_mask_area,train,0.011932373046875,mask_area,0.0,0.001,False,455
497,P1116_0008.png,P1116_0008.png,P1116_0008,P1116,1,33729,0.0321664810180664,0.0717737559449711,0.0717737559449711,0.0,0,False,no_overlap,high_mask_area,no_overlap__high_mask_area,train,0.011932373046875,mask_area,0.0,0.001,False,456
498,P1116_0010.png,P1116_0010.png,P1116_0010,P1116,1,26367,0.0251455307006835,0.084009864396411,0.084009864396411,0.0,0,False,no_overlap,high_mask_area,no_overlap__high_mask_area,train,0.011932373046875,mask_area,0.0,0.001,False,457
499,P1116_0012.png,P1116_0012.png,P1116_0012,P1116,1,799,0.0007619857788085,0.003002811142346,0.003002811142346,0.0,0,False,no_overlap,low_mask_area,no_overlap__low_mask_area,train,0.011932373046875,mask_area,0.0,0.001,False,458
500,P1116_0014.png,P1116_0014.png,P1116_0014,P1116,1,7521,0.0071725845336914,0.0240686633747331,0.0240686633747331,0.0,0,False,no_overlap,low_mask_area,no_overlap__low_mask_area,train,0.011932373046875,mask_area,0.0,0.001,False,459
501,P1117_0000.png,P1117_0000.png,P1117_0000,P1117,1,6213,0.005925178527832,0.0633708002692723,0.0633708002692723,0.0,0,False,no_overlap,low_mask_area,no_overlap__low_mask_area,train,0.011932373046875,mask_area,0.0,0.001,False,460
502,P1117_0001.png,P1117_0001.png,P1117_0001,P1117,1,26232,0.0250167846679687,0.2675588013300422,0.2675588013300422,0.0,0,False,no_overlap,high_mask_area,no_overlap__high_mask_area,train,0.011932373046875,mask_area,0.0,0.001,False,461
503,P1117_0002.png,P1117_0002.png,P1117_0002,P1117,1,28490,0.027170181274414,0.2549440715883669,0.2549440715883669,0.0,0,False,no_overlap,high_mask_area,no_overlap__high_mask_area,train,0.011932373046875,mask_area,0.0,0.001,False,462
504,P1117_0003.png,P1117_0003.png,P1117_0003,P1117,1,24751,0.023604393005371,0.2214854586129754,0.2214854586129754,0.0,0,False,no_overlap,high_mask_area,no_overlap__high_mask_area,train,0.011932373046875,mask_area,0.0,0.001,False,463
505,P1118_0000.png,P1118_0000.png,P1118_0000,P1118,1,5782,0.0055141448974609,0.2671286671286671,0.2671286671286671,0.0,0,False,no_overlap,low_mask_area,no_overlap__low_mask_area,train,0.011932373046875,mask_area,0.0,0.001,False,464
506,P1118_0001.png,P1118_0001.png,P1118_0001,P1118,1,9422,0.0089855194091796,0.2209662288930581,0.2209662288930581,0.0,0,False,no_overlap,low_mask_area,no_overlap__low_mask_area,train,0.011932373046875,mask_area,0.0,0.001,False,465
507,P1118_0002.png,P1118_0002.png,P1118_0002,P1118,1,9250,0.0088214874267578,0.2169324577861163,0.2169324577861163,0.0,0,False,no_overlap,low_mask_area,no_overlap__low_mask_area,train,0.011932373046875,mask_area,0.0,0.001,False,466
508,P1119_0000.png,P1119_0000.png,P1119_0000,P1119,3,62205,0.0593233108520507,0.2881594209345158,0.1737019991370631,0.0870484242890084,1,True,overlap,high_mask_area,overlap__high_mask_area,train,0.011932373046875,mask_area,0.0,0.001,False,89
509,P1119_0001.png,P1119_0001.png,P1119_0001,P1119,1,39853,0.0380067825317382,0.6613508131430468,0.6613508131430468,0.0,0,False,no_overlap,high_mask_area,no_overlap__high_mask_area,train,0.011932373046875,mask_area,0.0,0.001,False,90
510,P1119_0002.png,P1119_0002.png,P1119_0002,P1119,1,12643,0.0120573043823242,0.2083690421253873,0.2083690421253873,0.0,0,False,no_overlap,high_mask_area,no_overlap__high_mask_area,train,0.011932373046875,mask_area,0.0,0.001,False,91
511,P1119_0003.png,P1119_0003.png,P1119_0003,P1119,2,35227,0.0335950851440429,0.2263720239133722,0.2263720239133722,0.0,0,False,no_overlap,high_mask_area,no_overlap__high_mask_area,train,0.011932373046875,mask_area,0.0,0.001,False,92
512,P1119_0004.png,P1119_0004.png,P1119_0004,P1119,2,33716,0.0321540832519531,0.214279816262168,0.214279816262168,0.0,0,False,no_overlap,high_mask_area,no_overlap__high_mask_area,train,0.011932373046875,mask_area,0.0,0.001,False,93
513,P1121_0000.png,P1121_0000.png,P1121_0000,P1121,2,48902,0.0466365814208984,0.2284356616616022,0.2284356616616022,0.095826038883258,1,True,overlap,high_mask_area,overlap__high_mask_area,train,0.011932373046875,mask_area,0.0,0.001,False,467
514,P1121_0001.png,P1121_0001.png,P1121_0001,P1121,2,48707,0.0464506149291992,0.2275246981399548,0.2275246981399548,0.095826038883258,1,True,overlap,high_mask_area,overlap__high_mask_area,train,0.011932373046875,mask_area,0.0,0.001,False,468
515,P1121_0002.png,P1121_0002.png,P1121_0002,P1121,2,51535,0.049147605895996,0.3076448584222339,0.3076448584222339,0.0331222246487588,1,True,overlap,high_mask_area,overlap__high_mask_area,train,0.011932373046875,mask_area,0.0,0.001,False,469
516,P1121_0003.png,P1121_0003.png,P1121_0003,P1121,2,48959,0.0466909408569335,0.2772170483135041,0.2772170483135041,0.0,0,False,no_overlap,high_mask_area,no_overlap__high_mask_area,train,0.011932373046875,mask_area,0.0,0.001,False,470
517,P1122_0000.png,P1122_0000.png,P1122_0000,P1122,1,24603,0.0234632492065429,0.3126572626763248,0.3126572626763248,0.0,0,False,no_overlap,high_mask_area,no_overlap__high_mask_area,train,0.011932373046875,mask_area,0.0,0.001,False,471
518,P1122_0001.png,P1122_0001.png,P1122_0001,P1122,2,33569,0.0320138931274414,0.1943700531308929,0.1943700531308929,0.0,0,False,no_overlap,high_mask_area,no_overlap__high_mask_area,train,0.011932373046875,mask_area,0.0,0.001,False,472
519,P1122_0002.png,P1122_0002.png,P1122_0002,P1122,1,54980,0.0524330139160156,0.6410390942903448,0.6410390942903448,0.0,0,False,no_overlap,high_mask_area,no_overlap__high_mask_area,train,0.011932373046875,mask_area,0.0,0.001,False,473
520,P1122_0004.png,P1122_0004.png,P1122_0004,P1122,1,6182,0.0058956146240234,0.086816088079991,0.086816088079991,0.0,0,False,no_overlap,low_mask_area,no_overlap__low_mask_area,train,0.011932373046875,mask_area,0.0,0.001,False,474
521,P1122_0008.png,P1122_0008.png,P1122_0008,P1122,2,56522,0.053903579711914,0.2553590263841734,0.2553590263841734,0.0,0,False,no_overlap,high_mask_area,no_overlap__high_mask_area,train,0.011932373046875,mask_area,0.0,0.001,False,475
522,P1122_0012.png,P1122_0012.png,P1122_0012,P1122,1,25683,0.0244932174682617,0.2133901642613225,0.2133901642613225,0.0,0,False,no_overlap,high_mask_area,no_overlap__high_mask_area,train,0.011932373046875,mask_area,0.0,0.001,False,476
523,P1122_0013.png,P1122_0013.png,P1122_0013,P1122,1,33283,0.0317411422729492,0.1915502198485232,0.1915502198485232,0.0,0,False,no_overlap,high_mask_area,no_overlap__high_mask_area,train,0.011932373046875,mask_area,0.0,0.001,False,477
524,P1122_0016.png,P1122_0016.png,P1122_0016,P1122,2,26468,0.0252418518066406,0.1328118511090055,0.1328118511090055,0.0,0,False,no_overlap,high_mask_area,no_overlap__high_mask_area,train,0.011932373046875,mask_area,0.0,0.001,False,478
525,P1122_0017.png,P1122_0017.png,P1122_0017,P1122,1,22787,0.0217313766479492,0.297170057381325,0.297170057381325,0.0,0,False,no_overlap,high_mask_area,no_overlap__high_mask_area,train,0.011932373046875,mask_area,0.0,0.001,False,479
526,P1122_0018.png,P1122_0018.png,P1122_0018,P1122,2,50535,0.0481939315795898,0.2020740307363659,0.2020740307363659,0.0,0,False,no_overlap,high_mask_area,no_overlap__high_mask_area,train,0.011932373046875,mask_area,0.0,0.001,False,480
527,P1122_0019.png,P1122_0019.png,P1122_0019,P1122,2,50723,0.0483732223510742,0.1919308964815338,0.1919308964815338,0.0,0,False,no_overlap,high_mask_area,no_overlap__high_mask_area,train,0.011932373046875,mask_area,0.0,0.001,False,481
528,P1122_0020.png,P1122_0020.png,P1122_0020,P1122,2,26099,0.0248899459838867,0.1457737308952694,0.1457737308952694,0.0,0,False,no_overlap,high_mask_area,no_overlap__high_mask_area,train,0.011932373046875,mask_area,0.0,0.001,False,482
529,P1122_0022.png,P1122_0022.png,P1122_0022,P1122,1,24783,0.023634910583496,0.2183851325749231,0.2183851325749231,0.0,0,False,no_overlap,high_mask_area,no_overlap__high_mask_area,train,0.011932373046875,mask_area,0.0,0.001,False,483
530,P1122_0023.png,P1122_0023.png,P1122_0023,P1122,1,24590,0.0234508514404296,0.2166844373166024,0.2166844373166024,0.0,0,False,no_overlap,high_mask_area,no_overlap__high_mask_area,train,0.011932373046875,mask_area,0.0,0.001,False,484
531,P1122_0024.png,P1122_0024.png,P1122_0024,P1122,1,33940,0.0323677062988281,0.3712982310275793,0.3712982310275793,0.0,0,False,no_overlap,high_mask_area,no_overlap__high_mask_area,train,0.011932373046875,mask_area,0.0,0.001,False,485
532,P1122_0025.png,P1122_0025.png,P1122_0025,P1122,1,6517,0.0062150955200195,0.0178386664111898,0.0178386664111898,0.0,0,False,no_overlap,low_mask_area,no_overlap__low_mask_area,train,0.011932373046875,mask_area,0.0,0.001,False,486
533,P1122_0026.png,P1122_0026.png,P1122_0026,P1122,1,32023,0.0305395126342773,0.214562339193825,0.214562339193825,0.0,0,False,no_overlap,high_mask_area,no_overlap__high_mask_area,train,0.011932373046875,mask_area,0.0,0.001,False,487
534,P1122_0027.png,P1122_0027.png,P1122_0027,P1122,1,34633,0.0330286026000976,0.2320500107204116,0.2320500107204116,0.0,0,False,no_overlap,high_mask_area,no_overlap__high_mask_area,train,0.011932373046875,mask_area,0.0,0.001,False,488
535,P1122_0029.png,P1122_0029.png,P1122_0029,P1122,1,195079,0.1860418319702148,0.4872881779305383,0.4872881779305383,0.0,0,False,no_overlap,high_mask_area,no_overlap__high_mask_area,train,0.011932373046875,mask_area,0.0,0.001,False,489
536,P1122_0033.png,P1122_0033.png,P1122_0033,P1122,1,475,0.0004529953002929,0.0014075909155563,0.0014075909155563,0.0,0,False,no_overlap,low_mask_area,no_overlap__low_mask_area,train,0.011932373046875,mask_area,0.0,0.001,False,490
537,P1128_0000.png,P1128_0000.png,P1128_0000,P1128,2,26908,0.0256614685058593,0.0651004254181362,0.0651004254181362,0.1004421805089414,1,True,overlap,high_mask_area,overlap__high_mask_area,train,0.011932373046875,mask_area,0.0,0.001,False,491
538,P1128_0001.png,P1128_0001.png,P1128_0001,P1128,2,113053,0.1078157424926757,0.1987990121683955,0.1987990121683955,0.0899654917471226,1,True,overlap,high_mask_area,overlap__high_mask_area,train,0.011932373046875,mask_area,0.0,0.001,False,492
539,P1128_0002.png,P1128_0002.png,P1128_0002,P1128,1,152121,0.1450738906860351,0.5027264435279187,0.5027264435279187,0.0,0,False,no_overlap,high_mask_area,no_overlap__high_mask_area,train,0.011932373046875,mask_area,0.0,0.001,False,493
540,P1128_0003.png,P1128_0003.png,P1128_0003,P1128,1,113476,0.1082191467285156,0.3750132191201353,0.3750132191201353,0.0,0,False,no_overlap,high_mask_area,no_overlap__high_mask_area,train,0.011932373046875,mask_area,0.0,0.001,False,494
541,P1130_0000.png,P1130_0000.png,P1130_0000,P1130,1,80462,0.0767345428466796,0.3038721397036886,0.3038721397036886,0.0,0,False,no_overlap,high_mask_area,no_overlap__high_mask_area,train,0.011932373046875,mask_area,0.0,0.001,False,128
542,P1130_0001.png,P1130_0001.png,P1130_0001,P1130,2,114566,0.1092586517333984,0.2935450934724191,0.2935450934724191,0.0,0,False,no_overlap,high_mask_area,no_overlap__high_mask_area,train,0.011932373046875,mask_area,0.0,0.001,False,129
543,P1130_0002.png,P1130_0002.png,P1130_0002,P1130,1,74577,0.0711221694946289,0.308398809031511,0.308398809031511,0.0,0,False,no_overlap,high_mask_area,no_overlap__high_mask_area,train,0.011932373046875,mask_area,0.0,0.001,False,130
544,P1130_0003.png,P1130_0003.png,P1130_0003,P1130,1,76693,0.0731401443481445,0.3396952650927936,0.3396952650927936,0.0,0,False,no_overlap,high_mask_area,no_overlap__high_mask_area,train,0.011932373046875,mask_area,0.0,0.001,False,131
545,P1130_0004.png,P1130_0004.png,P1130_0004,P1130,1,103448,0.0986557006835937,0.326540404040404,0.326540404040404,0.0,0,False,no_overlap,high_mask_area,no_overlap__high_mask_area,train,0.011932373046875,mask_area,0.0,0.001,False,132
546,P1130_0008.png,P1130_0008.png,P1130_0008,P1130,1,78565,0.074925422668457,0.2405600872036057,0.2405600872036057,0.0,0,False,no_overlap,high_mask_area,no_overlap__high_mask_area,train,0.011932373046875,mask_area,0.0,0.001,False,133
547,P1131_0000.png,P1131_0000.png,P1131_0000,P1131,1,29330,0.0279712677001953,0.1764136246894867,0.1764136246894867,0.0,0,False,no_overlap,high_mask_area,no_overlap__high_mask_area,train,0.011932373046875,mask_area,0.0,0.001,False,495
548,P1131_0001.png,P1131_0001.png,P1131_0001,P1131,1,5595,0.0053358078002929,0.0399682825425399,0.0399682825425399,0.0,0,False,no_overlap,low_mask_area,no_overlap__low_mask_area,train,0.011932373046875,mask_area,0.0,0.001,False,496
549,P1131_0008.png,P1131_0008.png,P1131_0008,P1131,1,59052,0.0563163757324218,0.3002868010495698,0.3002868010495698,0.0,0,False,no_overlap,high_mask_area,no_overlap__high_mask_area,train,0.011932373046875,mask_area,0.0,0.001,False,497
550,P1131_0009.png,P1131_0009.png,P1131_0009,P1131,2,52864,0.0504150390625,0.1379489378599619,0.1379489378599619,0.1080867995885458,1,True,overlap,high_mask_area,overlap__high_mask_area,train,0.011932373046875,mask_area,0.0,0.001,False,498
551,P1131_0010.png,P1131_0010.png,P1131_0010,P1131,2,105304,0.1004257202148437,0.3141991515384529,0.3141991515384529,0.1416879354720598,1,True,overlap,high_mask_area,overlap__high_mask_area,train,0.011932373046875,mask_area,0.0,0.001,False,499
552,P1131_0018.png,P1131_0018.png,P1131_0018,P1131,1,1794,0.0017108917236328,0.0120107655021892,0.0120107655021892,0.0,0,False,no_overlap,low_mask_area,no_overlap__low_mask_area,train,0.011932373046875,mask_area,0.0,0.001,False,500
553,P1131_0019.png,P1131_0019.png,P1131_0019,P1131,1,84537,0.0806207656860351,0.2325172661336237,0.2325172661336237,0.0,0,False,no_overlap,high_mask_area,no_overlap__high_mask_area,train,0.011932373046875,mask_area,0.0,0.001,False,501
554,P1131_0025.png,P1131_0025.png,P1131_0025,P1131,1,29245,0.0278902053833007,0.2428885843611145,0.2428885843611145,0.0,0,False,no_overlap,high_mask_area,no_overlap__high_mask_area,train,0.011932373046875,mask_area,0.0,0.001,False,502
555,P1131_0027.png,P1131_0027.png,P1131_0027,P1131,1,484473,0.4620294570922851,1.9187049504950493,1.9187049504950493,0.0,0,False,no_overlap,high_mask_area,no_overlap__high_mask_area,train,0.011932373046875,mask_area,0.0,0.001,False,503
556,P1131_0028.png,P1131_0028.png,P1131_0028,P1131,2,136901,0.130558967590332,0.1939606785909977,0.1939606785909977,0.1545849268194496,1,True,overlap,high_mask_area,overlap__high_mask_area,train,0.011932373046875,mask_area,0.0,0.001,False,504
557,P1131_0030.png,P1131_0030.png,P1131_0030,P1131,1,30715,0.0292921066284179,0.0789669888934594,0.0789669888934594,0.0,0,False,no_overlap,high_mask_area,no_overlap__high_mask_area,train,0.011932373046875,mask_area,0.0,0.001,False,505
558,P1131_0031.png,P1131_0031.png,P1131_0031,P1131,1,13731,0.0130949020385742,0.040128471897503,0.040128471897503,0.0,0,False,no_overlap,high_mask_area,no_overlap__high_mask_area,train,0.011932373046875,mask_area,0.0,0.001,False,506
559,P1131_0034.png,P1131_0034.png,P1131_0034,P1131,1,3131,0.0029859542846679,0.0637159137159137,0.0637159137159137,0.0,0,False,no_overlap,low_mask_area,no_overlap__low_mask_area,train,0.011932373046875,mask_area,0.0,0.001,False,507
560,P1131_0035.png,P1131_0035.png,P1131_0035,P1131,1,19821,0.0189027786254882,0.27501665001665,0.27501665001665,0.0,0,False,no_overlap,high_mask_area,no_overlap__high_mask_area,train,0.011932373046875,mask_area,0.0,0.001,False,508
561,P1131_0036.png,P1131_0036.png,P1131_0036,P1131,1,7071,0.0067434310913085,0.0243438085270463,0.0243438085270463,0.0,0,False,no_overlap,low_mask_area,no_overlap__low_mask_area,train,0.011932373046875,mask_area,0.0,0.001,False,509
562,P1131_0037.png,P1131_0037.png,P1131_0037,P1131,1,74268,0.0708274841308593,0.3064860247357843,0.3064860247357843,0.0,0,False,no_overlap,high_mask_area,no_overlap__high_mask_area,train,0.011932373046875,mask_area,0.0,0.001,False,510
563,P1131_0038.png,P1131_0038.png,P1131_0038,P1131,1,7198,0.0068645477294921,0.0202558005374906,0.0202558005374906,0.0,0,False,no_overlap,low_mask_area,no_overlap__low_mask_area,train,0.011932373046875,mask_area,0.0,0.001,False,511
564,P1131_0039.png,P1131_0039.png,P1131_0039,P1131,1,8144,0.0077667236328125,0.0260513798210567,0.0260513798210567,0.0,0,False,no_overlap,low_mask_area,no_overlap__low_mask_area,train,0.011932373046875,mask_area,0.0,0.001,False,512
565,P1132_0000.png,P1132_0000.png,P1132_0000,P1132,2,62411,0.0595197677612304,0.1165309718299575,0.1165309718299575,0.103181106877068,1,True,overlap,high_mask_area,overlap__high_mask_area,train,0.011932373046875,mask_area,0.0,0.001,False,513
566,P1132_0006.png,P1132_0006.png,P1132_0006,P1132,2,13592,0.0129623413085937,0.1739946489238743,0.1739946489238743,0.0471829031362753,1,True,overlap,high_mask_area,overlap__high_mask_area,train,0.011932373046875,mask_area,0.0,0.001,False,514
567,P1132_0007.png,P1132_0007.png,P1132_0007,P1132,3,19269,0.018376350402832,0.2870329851681405,0.2719281204468188,0.1043730369654506,2,True,overlap,high_mask_area,overlap__high_mask_area,train,0.011932373046875,mask_area,0.0,0.001,False,515
568,P1132_0013.png,P1132_0013.png,P1132_0013,P1132,3,24161,0.0230417251586914,0.3555749801829388,0.3707373271889401,0.0,0,False,no_overlap,high_mask_area,no_overlap__high_mask_area,train,0.011932373046875,mask_area,0.0,0.001,False,516
569,P1132_0014.png,P1132_0014.png,P1132_0014,P1132,1,5895,0.0056219100952148,0.0329535798935646,0.0329535798935646,0.0,0,False,no_overlap,low_mask_area,no_overlap__low_mask_area,train,0.011932373046875,mask_area,0.0,0.001,False,517
570,P1132_0020.png,P1132_0020.png,P1132_0020,P1132,1,18857,0.0179834365844726,0.1314186552185548,0.1314186552185548,0.0,0,False,no_overlap,high_mask_area,no_overlap__high_mask_area,train,0.011932373046875,mask_area,0.0,0.001,False,518
571,P1132_0027.png,P1132_0027.png,P1132_0027,P1132,1,57938,0.0552539825439453,0.1435352409265452,0.1435352409265452,0.0,0,False,no_overlap,high_mask_area,no_overlap__high_mask_area,train,0.011932373046875,mask_area,0.0,0.001,False,519
572,P1132_0028.png,P1132_0028.png,P1132_0028,P1132,1,3092,0.0029487609863281,0.0097071529033554,0.0097071529033554,0.0,0,False,no_overlap,low_mask_area,no_overlap__low_mask_area,train,0.011932373046875,mask_area,0.0,0.001,False,520
573,P1132_0034.png,P1132_0034.png,P1132_0034,P1132,2,188752,0.1800079345703125,0.4270744903158411,0.4270744903158411,0.1169686541629239,1,True,overlap,high_mask_area,overlap__high_mask_area,train,0.011932373046875,mask_area,0.0,0.001,False,521
574,P1132_0035.png,P1132_0035.png,P1132_0035,P1132,2,128929,0.1229562759399414,0.2737303404753292,0.2737303404753292,0.1137323683891127,1,True,overlap,high_mask_area,overlap__high_mask_area,train,0.011932373046875,mask_area,0.0,0.001,False,522
575,P1132_0040.png,P1132_0040.png,P1132_0040,P1132,2,129411,0.1234159469604492,0.2894219417900479,0.2894219417900479,0.1169686541629239,1,True,overlap,high_mask_area,overlap__high_mask_area,train,0.011932373046875,mask_area,0.0,0.001,False,523
576,P1132_0041.png,P1132_0041.png,P1132_0041,P1132,2,155973,0.148747444152832,0.330755714519185,0.330755714519185,0.1137323683891127,1,True,overlap,high_mask_area,overlap__high_mask_area,train,0.011932373046875,mask_area,0.0,0.001,False,524
577,P1133_0000.png,P1133_0000.png,P1133_0000,P1133,2,160203,0.1527814865112304,0.2986126007052189,0.2986126007052189,0.2317338524965643,1,True,overlap,high_mask_area,overlap__high_mask_area,train,0.011932373046875,mask_area,0.0,0.001,False,525
578,P1133_0001.png,P1133_0001.png,P1133_0001,P1133,2,174793,0.1666955947875976,0.3255560387544808,0.3255560387544808,0.2317338524965643,1,True,overlap,high_mask_area,overlap__high_mask_area,train,0.011932373046875,mask_area,0.0,0.001,False,526
579,P1133_0002.png,P1133_0002.png,P1133_0002,P1133,2,166237,0.1585359573364257,0.310154114898104,0.310154114898104,0.2317338524965643,1,True,overlap,high_mask_area,overlap__high_mask_area,train,0.011932373046875,mask_area,0.0,0.001,False,527
580,P1133_0003.png,P1133_0003.png,P1133_0003,P1133,2,178632,0.1703567504882812,0.3326146753508158,0.3326146753508158,0.2317338524965643,1,True,overlap,high_mask_area,overlap__high_mask_area,train,0.011932373046875,mask_area,0.0,0.001,False,528
581,P1134_0000.png,P1134_0000.png,P1134_0000,P1134,1,42680,0.0407028198242187,0.1872471855888108,0.1872471855888108,0.0,0,False,no_overlap,high_mask_area,no_overlap__high_mask_area,train,0.011932373046875,mask_area,0.0,0.001,False,529
582,P1134_0004.png,P1134_0004.png,P1134_0004,P1134,1,34057,0.0324792861938476,0.2980449469667798,0.2980449469667798,0.0,0,False,no_overlap,high_mask_area,no_overlap__high_mask_area,train,0.011932373046875,mask_area,0.0,0.001,False,530
583,P1134_0005.png,P1134_0005.png,P1134_0005,P1134,1,34752,0.03314208984375,0.3033095936321743,0.3033095936321743,0.0,0,False,no_overlap,high_mask_area,no_overlap__high_mask_area,train,0.011932373046875,mask_area,0.0,0.001,False,531
584,P1134_0007.png,P1134_0007.png,P1134_0007,P1134,1,33925,0.032353401184082,0.2968897679140266,0.2968897679140266,0.0,0,False,no_overlap,high_mask_area,no_overlap__high_mask_area,train,0.011932373046875,mask_area,0.0,0.001,False,532
585,P1134_0008.png,P1134_0008.png,P1134_0008,P1134,1,35382,0.0337429046630859,0.3088081273565145,0.3088081273565145,0.0,0,False,no_overlap,high_mask_area,no_overlap__high_mask_area,train,0.011932373046875,mask_area,0.0,0.001,False,533
586,P1137_0000.png,P1137_0000.png,P1137_0000,P1137,3,14912,0.01422119140625,0.1648920293795349,0.16578231292517,0.0,0,False,no_overlap,high_mask_area,no_overlap__high_mask_area,train,0.011932373046875,mask_area,0.0,0.001,False,94
587,P1143_0002.png,P1143_0002.png,P1143_0002,P1143,2,32508,0.0310020446777343,0.216392115652248,0.216392115652248,0.0470773915885056,1,True,overlap,high_mask_area,overlap__high_mask_area,train,0.011932373046875,mask_area,0.0,0.001,False,610
588,P1143_0003.png,P1143_0003.png,P1143_0003,P1143,1,18890,0.018014907836914,0.2095164152617568,0.2095164152617568,0.0,0,False,no_overlap,high_mask_area,no_overlap__high_mask_area,train,0.011932373046875,mask_area,0.0,0.001,False,611
589,P1143_0005.png,P1143_0005.png,P1143_0005,P1143,1,50275,0.0479459762573242,0.2305008436032863,0.2305008436032863,0.0,0,False,no_overlap,high_mask_area,no_overlap__high_mask_area,train,0.011932373046875,mask_area,0.0,0.001,False,612
590,P1143_0006.png,P1143_0006.png,P1143_0006,P1143,1,50020,0.0477027893066406,0.1878756009615384,0.1878756009615384,0.0,0,False,no_overlap,high_mask_area,no_overlap__high_mask_area,train,0.011932373046875,mask_area,0.0,0.001,False,613
591,P1143_0008.png,P1143_0008.png,P1143_0008,P1143,2,28409,0.0270929336547851,0.1794053791050501,0.1794053791050501,0.0,0,False,no_overlap,high_mask_area,no_overlap__high_mask_area,train,0.011932373046875,mask_area,0.0,0.001,False,614
592,P1143_0009.png,P1143_0009.png,P1143_0009,P1143,1,11085,0.0105714797973632,0.2207287933094384,0.2207287933094384,0.0,0,False,no_overlap,low_mask_area,no_overlap__low_mask_area,train,0.011932373046875,mask_area,0.0,0.001,False,615
593,P1143_0015.png,P1143_0015.png,P1143_0015,P1143,2,45907,0.0437803268432617,0.2371430651571723,0.2371430651571723,0.0,0,False,no_overlap,high_mask_area,no_overlap__high_mask_area,train,0.011932373046875,mask_area,0.0,0.001,False,616
594,P1143_0026.png,P1143_0026.png,P1143_0026,P1143,1,43637,0.0416154861450195,0.429646039482105,0.429646039482105,0.0,0,False,no_overlap,high_mask_area,no_overlap__high_mask_area,train,0.011932373046875,mask_area,0.0,0.001,False,617
595,P1143_0027.png,P1143_0027.png,P1143_0027,P1143,1,26588,0.0253562927246093,0.2617830945699798,0.2617830945699798,0.0,0,False,no_overlap,high_mask_area,no_overlap__high_mask_area,train,0.011932373046875,mask_area,0.0,0.001,False,618
596,P1143_0028.png,P1143_0028.png,P1143_0028,P1143,2,16439,0.0156774520874023,0.1977518408492339,0.1977518408492339,0.1088687625882007,1,True,overlap,high_mask_area,overlap__high_mask_area,train,0.011932373046875,mask_area,0.0,0.001,False,619
597,P1143_0029.png,P1143_0029.png,P1143_0029,P1143,1,6918,0.0065975189208984,0.2271249876883679,0.2271249876883679,0.0,0,False,no_overlap,low_mask_area,no_overlap__low_mask_area,train,0.011932373046875,mask_area,0.0,0.001,False,620
598,P1143_0033.png,P1143_0033.png,P1143_0033,P1143,2,32332,0.0308341979980468,0.1848584141975335,0.1848584141975335,0.0,0,False,no_overlap,high_mask_area,no_overlap__high_mask_area,train,0.011932373046875,mask_area,0.0,0.001,False,621
599,P1143_0034.png,P1143_0034.png,P1143_0034,P1143,1,13697,0.0130624771118164,0.1852798744690636,0.1852798744690636,0.0,0,False,no_overlap,high_mask_area,no_overlap__high_mask_area,train,0.011932373046875,mask_area,0.0,0.001,False,622
600,P1143_0035.png,P1143_0035.png,P1143_0035,P1143,2,15256,0.0145492553710937,0.1993096786756215,0.1993096786756215,0.0350353068984247,1,True,overlap,high_mask_area,overlap__high_mask_area,train,0.011932373046875,mask_area,0.0,0.001,False,623
601,P1143_0036.png,P1143_0036.png,P1143_0036,P1143,1,33919,0.0323476791381835,0.2130590452261306,0.2130590452261306,0.0,0,False,no_overlap,high_mask_area,no_overlap__high_mask_area,train,0.011932373046875,mask_area,0.0,0.001,False,624
602,P1143_0037.png,P1143_0037.png,P1143_0037,P1143,2,32938,0.031412124633789,0.2051918767664466,0.2051918767664466,0.0306513409961685,1,True,overlap,high_mask_area,overlap__high_mask_area,train,0.011932373046875,mask_area,0.0,0.001,False,625
603,P1143_0038.png,P1143_0038.png,P1143_0038,P1143,2,108781,0.1037416458129882,0.6840000744847301,0.6840000744847301,0.0,0,False,no_overlap,high_mask_area,no_overlap__high_mask_area,train,0.011932373046875,mask_area,0.0,0.001,False,626
604,P1143_0043.png,P1143_0043.png,P1143_0043,P1143,1,111840,0.106658935546875,0.7473537902277344,0.7473537902277344,0.0,0,False,no_overlap,high_mask_area,no_overlap__high_mask_area,train,0.011932373046875,mask_area,0.0,0.001,False,627
605,P1143_0045.png,P1143_0045.png,P1143_0045,P1143,1,72392,0.0690383911132812,0.4873110114840395,0.4873110114840395,0.0,0,False,no_overlap,high_mask_area,no_overlap__high_mask_area,train,0.011932373046875,mask_area,0.0,0.001,False,628
606,P1144_0000.png,P1144_0000.png,P1144_0000,P1144,1,31412,0.0299568176269531,0.1910426701698049,0.1910426701698049,0.0,0,False,no_overlap,high_mask_area,no_overlap__high_mask_area,train,0.011932373046875,mask_area,0.0,0.001,False,629
607,P1144_0001.png,P1144_0001.png,P1144_0001,P1144,1,35410,0.0337696075439453,0.2148313079774551,0.2148313079774551,0.0,0,False,no_overlap,high_mask_area,no_overlap__high_mask_area,train,0.011932373046875,mask_area,0.0,0.001,False,630
608,P1144_0002.png,P1144_0002.png,P1144_0002,P1144,1,36562,0.0348682403564453,0.2218204541731633,0.2218204541731633,0.0,0,False,no_overlap,high_mask_area,no_overlap__high_mask_area,train,0.011932373046875,mask_area,0.0,0.001,False,631
609,P1144_0003.png,P1144_0003.png,P1144_0003,P1144,1,30676,0.0292549133300781,0.1865664379895878,0.1865664379895878,0.0,0,False,no_overlap,high_mask_area,no_overlap__high_mask_area,train,0.011932373046875,mask_area,0.0,0.001,False,632
610,P1144_0004.png,P1144_0004.png,P1144_0004,P1144,1,36062,0.0343914031982421,0.2187869705812761,0.2187869705812761,0.0,0,False,no_overlap,high_mask_area,no_overlap__high_mask_area,train,0.011932373046875,mask_area,0.0,0.001,False,633
611,P1144_0005.png,P1144_0005.png,P1144_0005,P1144,1,35041,0.0334177017211914,0.2125925970866423,0.2125925970866423,0.0,0,False,no_overlap,high_mask_area,no_overlap__high_mask_area,train,0.011932373046875,mask_area,0.0,0.001,False,634
612,P1147_0000.png,P1147_0000.png,P1147_0000,P1147,1,217293,0.2072267532348632,0.556275776263949,0.556275776263949,0.0,0,False,no_overlap,high_mask_area,no_overlap__high_mask_area,train,0.011932373046875,mask_area,0.0,0.001,False,635
613,P1147_0002.png,P1147_0002.png,P1147_0002,P1147,1,20239,0.019301414489746,0.0398024724377858,0.0398024724377858,0.0,0,False,no_overlap,high_mask_area,no_overlap__high_mask_area,train,0.011932373046875,mask_area,0.0,0.001,False,636
614,P1147_0003.png,P1147_0003.png,P1147_0003,P1147,1,35489,0.0338449478149414,0.1846365953904583,0.1846365953904583,0.0,0,False,no_overlap,high_mask_area,no_overlap__high_mask_area,train,0.011932373046875,mask_area,0.0,0.001,False,637
615,P1147_0008.png,P1147_0008.png,P1147_0008,P1147,1,15716,0.0149879455566406,0.1806000850369451,0.1806000850369451,0.0,0,False,no_overlap,high_mask_area,no_overlap__high_mask_area,train,0.011932373046875,mask_area,0.0,0.001,False,638
616,P1147_0009.png,P1147_0009.png,P1147_0009,P1147,2,31510,0.0300502777099609,0.2909380656369283,0.2909380656369283,0.0,0,False,no_overlap,high_mask_area,no_overlap__high_mask_area,train,0.011932373046875,mask_area,0.0,0.001,False,639
617,P1147_0011.png,P1147_0011.png,P1147_0011,P1147,1,36941,0.0352296829223632,0.1746198316245255,0.1746198316245255,0.0,0,False,no_overlap,high_mask_area,no_overlap__high_mask_area,train,0.011932373046875,mask_area,0.0,0.001,False,640
618,P1147_0017.png,P1147_0017.png,P1147_0017,P1147,1,27052,0.0257987976074218,0.2465189181307866,0.2465189181307866,0.0,0,False,no_overlap,high_mask_area,no_overlap__high_mask_area,train,0.011932373046875,mask_area,0.0,0.001,False,641
619,P1147_0020.png,P1147_0020.png,P1147_0020,P1147,1,33305,0.0317621231079101,0.1635709093766575,0.1635709093766575,0.0,0,False,no_overlap,high_mask_area,no_overlap__high_mask_area,train,0.011932373046875,mask_area,0.0,0.001,False,642
620,P1147_0028.png,P1147_0028.png,P1147_0028,P1147,1,7254,0.0069179534912109,0.0558257657380329,0.0558257657380329,0.0,0,False,no_overlap,low_mask_area,no_overlap__low_mask_area,train,0.011932373046875,mask_area,0.0,0.001,False,643
621,P1147_0029.png,P1147_0029.png,P1147_0029,P1147,1,1055,0.0010061264038085,0.0085012087026591,0.0085012087026591,0.0,0,False,no_overlap,low_mask_area,no_overlap__low_mask_area,train,0.011932373046875,mask_area,0.0,0.001,False,644
622,P1147_0030.png,P1147_0030.png,P1147_0030,P1147,1,116100,0.1107215881347656,0.5483605860515204,0.5483605860515204,0.0,0,False,no_overlap,high_mask_area,no_overlap__high_mask_area,train,0.011932373046875,mask_area,0.0,0.001,False,645
623,P1147_0038.png,P1147_0038.png,P1147_0038,P1147,1,18656,0.017791748046875,0.154309346567411,0.154309346567411,0.0,0,False,no_overlap,high_mask_area,no_overlap__high_mask_area,train,0.011932373046875,mask_area,0.0,0.001,False,646
624,P1147_0046.png,P1147_0046.png,P1147_0046,P1147,1,58479,0.055769920349121,0.3805739945333854,0.3805739945333854,0.0,0,False,no_overlap,high_mask_area,no_overlap__high_mask_area,train,0.011932373046875,mask_area,0.0,0.001,False,647
625,P1148_0003.png,P1148_0003.png,P1148_0003,P1148,2,60757,0.0579423904418945,0.203536960633597,0.203536960633597,0.0401721664275466,1,True,overlap,high_mask_area,overlap__high_mask_area,train,0.011932373046875,mask_area,0.0,0.001,False,648
626,P1148_0008.png,P1148_0008.png,P1148_0008,P1148,1,59535,0.056777000427246,0.2453655239492577,0.2453655239492577,0.0,0,False,no_overlap,high_mask_area,no_overlap__high_mask_area,train,0.011932373046875,mask_area,0.0,0.001,False,649
627,P1148_0010.png,P1148_0010.png,P1148_0010,P1148,1,136756,0.1304206848144531,0.4851568043138924,0.4851568043138924,0.0,0,False,no_overlap,high_mask_area,no_overlap__high_mask_area,train,0.011932373046875,mask_area,0.0,0.001,False,650
628,P1148_0015.png,P1148_0015.png,P1148_0015,P1148,2,84520,0.0806045532226562,0.1087149789290346,0.1087149789290346,0.1197430293396913,1,True,overlap,high_mask_area,overlap__high_mask_area,train,0.011932373046875,mask_area,0.0,0.001,False,651
629,P1148_0016.png,P1148_0016.png,P1148_0016,P1148,2,192502,0.1835842132568359,0.3326181087502484,0.3326181087502484,0.0932684294264717,1,True,overlap,high_mask_area,overlap__high_mask_area,train,0.011932373046875,mask_area,0.0,0.001,False,652
630,P1148_0017.png,P1148_0017.png,P1148_0017,P1148,1,94796,0.0904045104980468,0.3778961299889975,0.3778961299889975,0.0,0,False,no_overlap,high_mask_area,no_overlap__high_mask_area,train,0.011932373046875,mask_area,0.0,0.001,False,653
631,P1148_0024.png,P1148_0024.png,P1148_0024,P1148,1,2791,0.0026617050170898,0.0102851541483332,0.0102851541483332,0.0,0,False,no_overlap,low_mask_area,no_overlap__low_mask_area,train,0.011932373046875,mask_area,0.0,0.001,False,654
632,P1148_0025.png,P1148_0025.png,P1148_0025,P1148,2,99619,0.0950040817260742,0.1499227465155001,0.1499227465155001,0.0878327942274197,1,True,overlap,high_mask_area,overlap__high_mask_area,train,0.011932373046875,mask_area,0.0,0.001,False,655
633,P1148_0026.png,P1148_0026.png,P1148_0026,P1148,1,38611,0.0368223190307617,0.1657593996582723,0.1657593996582723,0.0,0,False,no_overlap,high_mask_area,no_overlap__high_mask_area,train,0.011932373046875,mask_area,0.0,0.001,False,656
634,P1148_0027.png,P1148_0027.png,P1148_0027,P1148,1,123537,0.1178140640258789,0.7574403119596806,0.7574403119596806,0.0,0,False,no_overlap,high_mask_area,no_overlap__high_mask_area,train,0.011932373046875,mask_area,0.0,0.001,False,657
635,P1148_0031.png,P1148_0031.png,P1148_0031,P1148,1,79451,0.0757703781127929,0.2371671641791044,0.2371671641791044,0.0,0,False,no_overlap,high_mask_area,no_overlap__high_mask_area,train,0.011932373046875,mask_area,0.0,0.001,False,658
636,P1148_0032.png,P1148_0032.png,P1148_0032,P1148,1,19220,0.0183296203613281,0.1845681087050463,0.1845681087050463,0.0,0,False,no_overlap,high_mask_area,no_overlap__high_mask_area,train,0.011932373046875,mask_area,0.0,0.001,False,659
637,P1148_0038.png,P1148_0038.png,P1148_0038,P1148,1,159794,0.1523914337158203,0.5646271483491633,0.5646271483491633,0.0,0,False,no_overlap,high_mask_area,no_overlap__high_mask_area,train,0.011932373046875,mask_area,0.0,0.001,False,660
638,P1149_0001.png,P1149_0001.png,P1149_0001,P1149,1,8986,0.0085697174072265,0.2790683229813664,0.2790683229813664,0.0,0,False,no_overlap,low_mask_area,no_overlap__low_mask_area,train,0.011932373046875,mask_area,0.0,0.001,False,134
639,P1149_0002.png,P1149_0002.png,P1149_0002,P1149,4,36662,0.0349636077880859,0.3313416169482345,0.3290985821310632,0.0190572621910427,3,True,overlap,high_mask_area,overlap__high_mask_area,train,0.011932373046875,mask_area,0.0,0.001,False,135
640,P1150_0000.png,P1150_0000.png,P1150_0000,P1150,1,5754,0.0054874420166015,0.2396601274522054,0.2396601274522054,0.0,0,False,no_overlap,low_mask_area,no_overlap__low_mask_area,train,0.011932373046875,mask_area,0.0,0.001,False,661
641,P1152_0001.png,P1152_0001.png,P1152_0001,P1152,1,1185,0.0011301040649414,0.0064835585708814,0.0064835585708814,0.0,0,False,no_overlap,low_mask_area,no_overlap__low_mask_area,train,0.011932373046875,mask_area,0.0,0.001,False,662
642,P1152_0002.png,P1152_0002.png,P1152_0002,P1152,1,57566,0.0548992156982421,0.271694088107307,0.271694088107307,0.0,0,False,no_overlap,high_mask_area,no_overlap__high_mask_area,train,0.011932373046875,mask_area,0.0,0.001,False,663
643,P1152_0003.png,P1152_0003.png,P1152_0003,P1152,1,61587,0.0587339401245117,0.2039655834779498,0.2039655834779498,0.0,0,False,no_overlap,high_mask_area,no_overlap__high_mask_area,train,0.011932373046875,mask_area,0.0,0.001,False,664
644,P1152_0006.png,P1152_0006.png,P1152_0006,P1152,2,58499,0.0557889938354492,0.2716636799892614,0.2716636799892614,0.1148740012292563,1,True,overlap,high_mask_area,overlap__high_mask_area,train,0.011932373046875,mask_area,0.0,0.001,False,665
645,P1152_0008.png,P1152_0008.png,P1152_0008,P1152,1,611216,0.5829010009765625,2.183304161457403,2.183304161457403,0.0,0,False,no_overlap,high_mask_area,no_overlap__high_mask_area,train,0.011932373046875,mask_area,0.0,0.001,False,666
646,P1152_0009.png,P1152_0009.png,P1152_0009,P1152,1,833,0.0007944107055664,0.0023517786561264,0.0023517786561264,0.0,0,False,no_overlap,low_mask_area,no_overlap__low_mask_area,train,0.011932373046875,mask_area,0.0,0.001,False,667
647,P1152_0010.png,P1152_0010.png,P1152_0010,P1152,4,51940,0.0495338439941406,0.2268993308287443,0.2274636422706598,0.1408696880351688,3,True,overlap,high_mask_area,overlap__high_mask_area,train,0.011932373046875,mask_area,0.0,0.001,False,668
648,P1152_0011.png,P1152_0011.png,P1152_0011,P1152,1,34045,0.0324678421020507,0.3824851140321312,0.3824851140321312,0.0,0,False,no_overlap,high_mask_area,no_overlap__high_mask_area,train,0.011932373046875,mask_area,0.0,0.001,False,669
649,P1154_0003.png,P1154_0003.png,P1154_0003,P1154,4,42867,0.0408811569213867,0.2609852012346953,0.2600430737026131,0.1853826025557601,4,True,overlap,high_mask_area,overlap__high_mask_area,train,0.011932373046875,mask_area,0.0,0.001,False,670
650,P1154_0004.png,P1154_0004.png,P1154_0004,P1154,4,43807,0.0417776107788085,0.2675503698152686,0.253583947087097,0.1853826025557601,4,True,overlap,high_mask_area,overlap__high_mask_area,train,0.011932373046875,mask_area,0.0,0.001,False,671
651,P1154_0007.png,P1154_0007.png,P1154_0007,P1154,7,79546,0.0758609771728515,0.3284433630359533,0.3192465457685665,0.2028519548884705,9,True,overlap,high_mask_area,overlap__high_mask_area,train,0.011932373046875,mask_area,0.0,0.001,False,672
652,P1154_0008.png,P1154_0008.png,P1154_0008,P1154,5,58226,0.0555286407470703,0.3167917444274122,0.3023538119911177,0.19921875,5,True,overlap,high_mask_area,overlap__high_mask_area,train,0.011932373046875,mask_area,0.0,0.001,False,673
653,P1154_0009.png,P1154_0009.png,P1154_0009,P1154,2,42746,0.0407657623291015,0.5907434166567966,0.5907434166567966,0.1815155830821713,1,True,overlap,high_mask_area,overlap__high_mask_area,train,0.011932373046875,mask_area,0.0,0.001,False,674
654,P1154_0011.png,P1154_0011.png,P1154_0011,P1154,1,18769,0.0178995132446289,0.299245866615647,0.299245866615647,0.0,0,False,no_overlap,high_mask_area,no_overlap__high_mask_area,train,0.011932373046875,mask_area,0.0,0.001,False,675
655,P1154_0012.png,P1154_0012.png,P1154_0012,P1154,3,29286,0.0279293060302734,0.2524271459721418,0.2540142960737594,0.1512245171075523,2,True,overlap,high_mask_area,overlap__high_mask_area,train,0.011932373046875,mask_area,0.0,0.001,False,676
656,P1154_0015.png,P1154_0015.png,P1154_0015,P1154,3,32603,0.0310926437377929,0.3457288524630435,0.3154505336617406,0.1686120246770275,2,True,overlap,high_mask_area,overlap__high_mask_area,train,0.011932373046875,mask_area,0.0,0.001,False,677
657,P1154_0016.png,P1154_0016.png,P1154_0016,P1154,5,59227,0.0564832687377929,0.2456737308175471,0.2337256367146148,0.1611892680039555,3,True,overlap,high_mask_area,overlap__high_mask_area,train,0.011932373046875,mask_area,0.0,0.001,False,678
658,P1154_0020.png,P1154_0020.png,P1154_0020,P1154,3,28245,0.0269365310668945,0.2975875268650234,0.2956434729064039,0.1686120246770275,2,True,overlap,high_mask_area,overlap__high_mask_area,train,0.011932373046875,mask_area,0.0,0.001,False,679
659,P1154_0021.png,P1154_0021.png,P1154_0021,P1154,3,22305,0.0212717056274414,0.2614919392979616,0.2267256774594301,0.1529223690880025,1,True,overlap,high_mask_area,overlap__high_mask_area,train,0.011932373046875,mask_area,0.0,0.001,False,680
660,P1155_0002.png,P1155_0002.png,P1155_0002,P1155,2,27939,0.0266447067260742,0.2914322754952055,0.2914322754952055,0.0728513876454789,1,True,overlap,high_mask_area,overlap__high_mask_area,train,0.011932373046875,mask_area,0.0,0.001,False,681
661,P1155_0003.png,P1155_0003.png,P1155_0003,P1155,2,27807,0.0265188217163085,0.2900551933284274,0.2900551933284274,0.0728513876454789,1,True,overlap,high_mask_area,overlap__high_mask_area,train,0.011932373046875,mask_area,0.0,0.001,False,682
662,P1155_0005.png,P1155_0005.png,P1155_0005,P1155,3,55377,0.0528116226196289,0.3048750974218988,0.2831997257528611,0.0816236696065022,2,True,overlap,high_mask_area,overlap__high_mask_area,train,0.011932373046875,mask_area,0.0,0.001,False,683
663,P1155_0006.png,P1155_0006.png,P1155_0006,P1155,3,39709,0.0378694534301757,0.3079466142031272,0.3081667684966978,0.0734867302915413,1,True,overlap,high_mask_area,overlap__high_mask_area,train,0.011932373046875,mask_area,0.0,0.001,False,684
664,P1155_0007.png,P1155_0007.png,P1155_0007,P1155,3,38925,0.0371217727661132,0.3057874002600234,0.3030219274000368,0.0752668014622193,1,True,overlap,high_mask_area,overlap__high_mask_area,train,0.011932373046875,mask_area,0.0,0.001,False,685
665,P1155_0008.png,P1155_0008.png,P1155_0008,P1155,3,52247,0.0498266220092773,0.2496802103472807,0.3046153846153846,0.2147575649830641,2,True,overlap,high_mask_area,overlap__high_mask_area,train,0.011932373046875,mask_area,0.0,0.001,False,686
666,P1155_0009.png,P1155_0009.png,P1155_0009,P1155,4,87592,0.0835342407226562,0.326855010262289,0.315955929654208,0.0832208839355623,3,True,overlap,high_mask_area,overlap__high_mask_area,train,0.011932373046875,mask_area,0.0,0.001,False,687
667,P1155_0012.png,P1155_0012.png,P1155_0012,P1155,3,56336,0.0537261962890625,0.2559352454268465,0.2671698113207547,0.1789211100717181,2,True,overlap,high_mask_area,overlap__high_mask_area,train,0.011932373046875,mask_area,0.0,0.001,False,688
668,P1155_0013.png,P1155_0013.png,P1155_0013,P1155,2,48635,0.0463819503784179,0.3683200990080532,0.3683200990080532,0.0832208839355623,1,True,overlap,high_mask_area,overlap__high_mask_area,train,0.011932373046875,mask_area,0.0,0.001,False,689
669,P1156_0002.png,P1156_0002.png,P1156_0002,P1156,3,86139,0.0821485519409179,0.2145097574947788,0.20500740641741,0.1305731778468719,2,True,overlap,high_mask_area,overlap__high_mask_area,train,0.011932373046875,mask_area,0.0,0.001,False,136
670,P1156_0003.png,P1156_0003.png,P1156_0003,P1156,3,113062,0.1078243255615234,0.2912150991637256,0.2505146262188515,0.1501991673904579,3,True,overlap,high_mask_area,overlap__high_mask_area,train,0.011932373046875,mask_area,0.0,0.001,False,137
671,P1156_0005.png,P1156_0005.png,P1156_0005,P1156,2,55234,0.0526752471923828,0.2113186261843117,0.2113186261843117,0.0174711840405331,1,True,overlap,high_mask_area,overlap__high_mask_area,train,0.011932373046875,mask_area,0.0,0.001,False,138
672,P1156_0006.png,P1156_0006.png,P1156_0006,P1156,2,19930,0.0190067291259765,0.0729370768985452,0.0729370768985452,0.1103287042221973,1,True,overlap,high_mask_area,overlap__high_mask_area,train,0.011932373046875,mask_area,0.0,0.001,False,139
673,P1156_0008.png,P1156_0008.png,P1156_0008,P1156,3,49878,0.0475673675537109,0.2301347586438259,0.2602856862497722,0.16791371100962,2,True,overlap,high_mask_area,overlap__high_mask_area,train,0.011932373046875,mask_area,0.0,0.001,False,140
674,P1156_0009.png,P1156_0009.png,P1156_0009,P1156,4,84226,0.0803241729736328,0.2827714534752822,0.199398845292189,0.1536203997939807,3,True,overlap,high_mask_area,overlap__high_mask_area,train,0.011932373046875,mask_area,0.0,0.001,False,141
675,P1156_0012.png,P1156_0012.png,P1156_0012,P1156,3,78862,0.0752086639404296,0.3054949877569238,0.3597975775676124,0.1770994287791815,3,True,overlap,high_mask_area,overlap__high_mask_area,train,0.011932373046875,mask_area,0.0,0.001,False,142
676,P1158_0001.png,P1158_0001.png,P1158_0001,P1158,0,0,0.0,0.0,0.0,0.0,0,False,no_overlap,low_mask_area,negative,train,0.011932373046875,mask_area,0.0,0.001,False,690
677,P1158_0003.png,P1158_0003.png,P1158_0003,P1158,5,38085,0.036320686340332,0.2988470438676636,0.3260232966746925,0.1002853067047075,3,True,overlap,high_mask_area,overlap__high_mask_area,train,0.011932373046875,mask_area,0.0,0.001,False,691
678,P1158_0009.png,P1158_0009.png,P1158_0009,P1158,1,10067,0.0096006393432617,0.2702622889205079,0.2702622889205079,0.0,0,False,no_overlap,low_mask_area,no_overlap__low_mask_area,train,0.011932373046875,mask_area,0.0,0.001,False,692
679,P1158_0010.png,P1158_0010.png,P1158_0010,P1158,4,33463,0.0319128036499023,0.2928021314723618,0.2927785771937026,0.099900525792241,1,True,overlap,high_mask_area,overlap__high_mask_area,train,0.011932373046875,mask_area,0.0,0.001,False,693
680,P1158_0015.png,P1158_0015.png,P1158_0015,P1158,1,4881,0.0046548843383789,0.1388462194913808,0.1388462194913808,0.0,0,False,no_overlap,low_mask_area,no_overlap__low_mask_area,train,0.011932373046875,mask_area,0.0,0.001,False,694
681,P1158_0016.png,P1158_0016.png,P1158_0016,P1158,10,121436,0.1158103942871093,0.2763196612138238,0.2652350781847986,0.1822660098522167,12,True,overlap,high_mask_area,overlap__high_mask_area,train,0.011932373046875,mask_area,0.0,0.001,False,695
682,P1158_0017.png,P1158_0017.png,P1158_0017,P1158,12,81674,0.077890396118164,0.3568217770049015,0.3664962275954344,0.07678598513575,5,True,overlap,high_mask_area,overlap__high_mask_area,train,0.011932373046875,mask_area,0.0,0.001,False,696
683,P1158_0018.png,P1158_0018.png,P1158_0018,P1158,5,37938,0.0361804962158203,0.3504148984924963,0.3594155844155844,0.0310958476428348,1,True,overlap,high_mask_area,overlap__high_mask_area,train,0.011932373046875,mask_area,0.0,0.001,False,697
684,P1158_0019.png,P1158_0019.png,P1158_0019,P1158,1,5997,0.0057191848754882,0.142755123902021,0.142755123902021,0.0,0,False,no_overlap,low_mask_area,no_overlap__low_mask_area,train,0.011932373046875,mask_area,0.0,0.001,False,698
685,P1158_0020.png,P1158_0020.png,P1158_0020,P1158,1,6522,0.0062198638916015,0.155252445904449,0.155252445904449,0.0,0,False,no_overlap,low_mask_area,no_overlap__low_mask_area,train,0.011932373046875,mask_area,0.0,0.001,False,699
686,P1158_0022.png,P1158_0022.png,P1158_0022,P1158,5,15970,0.0152301788330078,0.217946955300333,0.208957855757362,0.1570620385463611,2,True,overlap,high_mask_area,overlap__high_mask_area,train,0.011932373046875,mask_area,0.0,0.001,False,700
687,P1158_0023.png,P1158_0023.png,P1158_0023,P1158,4,80022,0.0763149261474609,0.377388330543468,0.3901954316948566,0.2695179445534727,4,True,overlap,high_mask_area,overlap__high_mask_area,train,0.011932373046875,mask_area,0.0,0.001,False,701
688,P1158_0024.png,P1158_0024.png,P1158_0024,P1158,8,83067,0.0792188644409179,0.3295875502575364,0.3192312672372492,0.277626475200132,2,True,overlap,high_mask_area,overlap__high_mask_area,train,0.011932373046875,mask_area,0.0,0.001,False,702
689,P1158_0025.png,P1158_0025.png,P1158_0025,P1158,3,18177,0.0173349380493164,0.3179754738263855,0.3130554380025391,0.0543141412493883,1,True,overlap,high_mask_area,overlap__high_mask_area,train,0.011932373046875,mask_area,0.0,0.001,False,703
690,P1158_0028.png,P1158_0028.png,P1158_0028,P1158,2,30761,0.0293359756469726,0.4174495595307101,0.4174495595307101,0.0,0,False,no_overlap,high_mask_area,no_overlap__high_mask_area,train,0.011932373046875,mask_area,0.0,0.001,False,704
691,P1158_0029.png,P1158_0029.png,P1158_0029,P1158,11,68970,0.065774917602539,0.2567449988175989,0.2184343434343434,0.2043431670566623,6,True,overlap,high_mask_area,overlap__high_mask_area,train,0.011932373046875,mask_area,0.0,0.001,False,705
692,P1158_0030.png,P1158_0030.png,P1158_0030,P1158,6,37564,0.0358238220214843,0.2819683059851015,0.2875566134843026,0.1807296961481983,6,True,overlap,high_mask_area,overlap__high_mask_area,train,0.011932373046875,mask_area,0.0,0.001,False,706
693,P1158_0032.png,P1158_0032.png,P1158_0032,P1158,1,16747,0.0159711837768554,0.2548234936092514,0.2548234936092514,0.0,0,False,no_overlap,high_mask_area,no_overlap__high_mask_area,train,0.011932373046875,mask_area,0.0,0.001,False,707
694,P1158_0036.png,P1158_0036.png,P1158_0036,P1158,13,87426,0.0833759307861328,0.2144725393912048,0.2026733500417711,0.2956044442477092,17,True,overlap,high_mask_area,overlap__high_mask_area,train,0.011932373046875,mask_area,0.0,0.001,False,708
695,P1158_0037.png,P1158_0037.png,P1158_0037,P1158,9,60636,0.0578269958496093,0.2942462083781442,0.2784078516902944,0.492186499295504,11,True,overlap,high_mask_area,overlap__high_mask_area,train,0.011932373046875,mask_area,0.0,0.001,False,709
696,P1158_0039.png,P1158_0039.png,P1158_0039,P1158,1,12922,0.0123233795166015,0.4297020484171322,0.4297020484171322,0.0,0,False,no_overlap,high_mask_area,no_overlap__high_mask_area,train,0.011932373046875,mask_area,0.0,0.001,False,710
697,P1158_0040.png,P1158_0040.png,P1158_0040,P1158,1,10509,0.0100221633911132,0.3494612928970471,0.3494612928970471,0.0,0,False,no_overlap,low_mask_area,no_overlap__low_mask_area,train,0.011932373046875,mask_area,0.0,0.001,False,711
698,P1158_0041.png,P1158_0041.png,P1158_0041,P1158,1,8089,0.0077142715454101,0.2689877627028465,0.2689877627028465,0.0,0,False,no_overlap,low_mask_area,no_overlap__low_mask_area,train,0.011932373046875,mask_area,0.0,0.001,False,712
699,P1158_0042.png,P1158_0042.png,P1158_0042,P1158,1,8933,0.008519172668457,0.2267143799807116,0.2267143799807116,0.0,0,False,no_overlap,low_mask_area,no_overlap__low_mask_area,train,0.011932373046875,mask_area,0.0,0.001,False,713
700,P1158_0043.png,P1158_0043.png,P1158_0043,P1158,7,51581,0.0491914749145507,0.2199728658620715,0.2126517273576097,0.2294103883949461,4,True,overlap,high_mask_area,overlap__high_mask_area,train,0.011932373046875,mask_area,0.0,0.001,False,714
701,P1158_0044.png,P1158_0044.png,P1158_0044,P1158,5,40553,0.0386743545532226,0.2863403050914782,0.2162882696938424,0.2112378538234051,2,True,overlap,high_mask_area,overlap__high_mask_area,train,0.011932373046875,mask_area,0.0,0.001,False,715
702,P1158_0049.png,P1158_0049.png,P1158_0049,P1158,1,7073,0.0067453384399414,0.2646090534979424,0.2646090534979424,0.0,0,False,no_overlap,low_mask_area,no_overlap__low_mask_area,train,0.011932373046875,mask_area,0.0,0.001,False,716
703,P1158_0050.png,P1158_0050.png,P1158_0050,P1158,4,34989,0.0333681106567382,0.2488084641246133,0.2371298197693973,0.0,0,False,no_overlap,high_mask_area,no_overlap__high_mask_area,train,0.011932373046875,mask_area,0.0,0.001,False,717
704,P1158_0051.png,P1158_0051.png,P1158_0051,P1158,4,32371,0.0308713912963867,0.205775948186957,0.2031815209822869,0.0127066017005827,1,True,overlap,high_mask_area,overlap__high_mask_area,train,0.011932373046875,mask_area,0.0,0.001,False,718
705,P1159_0000.png,P1159_0000.png,P1159_0000,P1159,5,17618,0.0168018341064453,0.1735395525494157,0.1886387298282144,0.2292420752440495,8,True,overlap,high_mask_area,overlap__high_mask_area,train,0.011932373046875,mask_area,0.0,0.001,False,719
706,P1159_0001.png,P1159_0001.png,P1159_0001,P1159,7,35234,0.0336017608642578,0.2107130662822705,0.1926691729323308,0.280896,5,True,overlap,high_mask_area,overlap__high_mask_area,train,0.011932373046875,mask_area,0.0,0.001,False,720
707,P1159_0002.png,P1159_0002.png,P1159_0002,P1159,14,68487,0.0653142929077148,0.2232751511609534,0.2137968110321051,0.2982072584171403,29,True,overlap,high_mask_area,overlap__high_mask_area,train,0.011932373046875,mask_area,0.0,0.001,False,721
708,P1159_0004.png,P1159_0004.png,P1159_0004,P1159,9,52110,0.0496959686279296,0.2307508838472604,0.2077183171857728,0.2875385546683577,10,True,overlap,high_mask_area,overlap__high_mask_area,train,0.011932373046875,mask_area,0.0,0.001,False,722
709,P1159_0005.png,P1159_0005.png,P1159_0005,P1159,3,37317,0.035588264465332,0.2053229409134762,0.1996061306618717,0.31619995543341,3,True,overlap,high_mask_area,overlap__high_mask_area,train,0.011932373046875,mask_area,0.0,0.001,False,723
710,P1159_0006.png,P1159_0006.png,P1159_0006,P1159,3,20609,0.0196542739868164,0.1969552745164282,0.1950775375939849,0.280896,2,True,overlap,high_mask_area,overlap__high_mask_area,train,0.011932373046875,mask_area,0.0,0.001,False,724
711,P1159_0007.png,P1159_0007.png,P1159_0007,P1159,4,20776,0.0198135375976562,0.2437906304384113,0.2505646153791567,0.0771142218172782,2,True,overlap,high_mask_area,overlap__high_mask_area,train,0.011932373046875,mask_area,0.0,0.001,False,725
712,P1159_0009.png,P1159_0009.png,P1159_0009,P1159,2,13653,0.0130205154418945,0.2030898512738706,0.2030898512738706,0.0,0,False,no_overlap,high_mask_area,no_overlap__high_mask_area,train,0.011932373046875,mask_area,0.0,0.001,False,726
713,P1159_0011.png,P1159_0011.png,P1159_0011,P1159,1,15737,0.0150079727172851,0.2804919347651724,0.2804919347651724,0.0,0,False,no_overlap,high_mask_area,no_overlap__high_mask_area,train,0.011932373046875,mask_area,0.0,0.001,False,727
714,P1159_0012.png,P1159_0012.png,P1159_0012,P1159,6,45372,0.0432701110839843,0.1877844367384522,0.1857388944278276,0.1440573323971624,3,True,overlap,high_mask_area,overlap__high_mask_area,train,0.011932373046875,mask_area,0.0,0.001,False,728
715,P1159_0013.png,P1159_0013.png,P1159_0013,P1159,4,32250,0.0307559967041015,0.1977778217425042,0.1984277797353257,0.1861993428258488,2,True,overlap,high_mask_area,overlap__high_mask_area,train,0.011932373046875,mask_area,0.0,0.001,False,729
716,P1159_0014.png,P1159_0014.png,P1159_0014,P1159,4,64268,0.0612907409667968,0.2125658975339052,0.2258571267615269,0.1022947193807022,2,True,overlap,high_mask_area,overlap__high_mask_area,train,0.011932373046875,mask_area,0.0,0.001,False,730
717,P1159_0016.png,P1159_0016.png,P1159_0016,P1159,1,8814,0.0084056854248046,0.1659012196958289,0.1659012196958289,0.0,0,False,no_overlap,low_mask_area,no_overlap__low_mask_area,train,0.011932373046875,mask_area,0.0,0.001,False,731
718,P1159_0017.png,P1159_0017.png,P1159_0017,P1159,1,5253,0.005009651184082,0.2720070422535211,0.2720070422535211,0.0,0,False,no_overlap,low_mask_area,no_overlap__low_mask_area,train,0.011932373046875,mask_area,0.0,0.001,False,732
719,P1159_0018.png,P1159_0018.png,P1159_0018,P1159,1,15134,0.0144329071044921,0.2368832957675933,0.2368832957675933,0.0,0,False,no_overlap,high_mask_area,no_overlap__high_mask_area,train,0.011932373046875,mask_area,0.0,0.001,False,733
720,P1159_0019.png,P1159_0019.png,P1159_0019,P1159,2,56520,0.0539016723632812,0.2924133655188199,0.2924133655188199,0.0904355141396492,1,True,overlap,high_mask_area,overlap__high_mask_area,train,0.011932373046875,mask_area,0.0,0.001,False,734
721,P1167_0000.png,P1167_0000.png,P1167_0000,P1167,9,2360,0.0022506713867187,0.5900131830645743,0.6,0.0115002613695765,2,True,overlap,low_mask_area,overlap__low_mask_area,train,0.011932373046875,mask_area,0.0,0.001,False,773
722,P1167_0001.png,P1167_0001.png,P1167_0001,P1167,15,3895,0.0037145614624023,0.3987833355042947,0.3877551020408163,0.1317647058823529,16,True,overlap,low_mask_area,overlap__low_mask_area,train,0.011932373046875,mask_area,0.0,0.001,False,774
723,P1167_0006.png,P1167_0006.png,P1167_0006,P1167,9,2334,0.0022258758544921,0.5790783924938877,0.6066481994459834,0.0115002613695765,2,True,overlap,low_mask_area,overlap__low_mask_area,train,0.011932373046875,mask_area,0.0,0.001,False,775
724,P1167_0007.png,P1167_0007.png,P1167_0007,P1167,5,2449,0.0023355484008789,0.3653762088974855,0.3465045592705167,0.0709677419354838,1,True,overlap,low_mask_area,overlap__low_mask_area,train,0.011932373046875,mask_area,0.0,0.001,False,776
725,P1167_0009.png,P1167_0009.png,P1167_0009,P1167,1,743,0.0007085800170898,0.9489144316730524,0.9489144316730524,0.0,0,False,no_overlap,low_mask_area,no_overlap__low_mask_area,train,0.011932373046875,mask_area,0.0,0.001,False,777
726,P1167_0012.png,P1167_0012.png,P1167_0012,P1167,4,2889,0.0027551651000976,0.3224951917631067,0.3251177536231884,0.0,0,False,no_overlap,low_mask_area,no_overlap__low_mask_area,train,0.011932373046875,mask_area,0.0,0.001,False,778
727,P1167_0013.png,P1167_0013.png,P1167_0013,P1167,9,6347,0.0060529708862304,0.3011564559962207,0.2982608695652174,0.0,0,False,no_overlap,low_mask_area,no_overlap__low_mask_area,train,0.011932373046875,mask_area,0.0,0.001,False,779
728,P1168_0011.png,P1168_0011.png,P1168_0011,P1168,1,437,0.0004167556762695,0.3901785714285714,0.3901785714285714,0.0,0,False,no_overlap,low_mask_area,no_overlap__low_mask_area,train,0.011932373046875,mask_area,0.0,0.001,False,160
729,P1168_0013.png,P1168_0013.png,P1168_0013,P1168,4,3510,0.0033473968505859,0.3874014157616182,0.3761417615042058,0.0,0,False,no_overlap,low_mask_area,no_overlap__low_mask_area,train,0.011932373046875,mask_area,0.0,0.001,False,161
730,P1168_0014.png,P1168_0014.png,P1168_0014,P1168,7,5511,0.0052556991577148,0.36287695811981,0.3734042553191489,0.0,0,False,no_overlap,low_mask_area,no_overlap__low_mask_area,train,0.011932373046875,mask_area,0.0,0.001,False,162
731,P1171_0004.png,P1171_0004.png,P1171_0004,P1171,1,3262,0.0031108856201171,0.2513097072419106,0.2513097072419106,0.0,0,False,no_overlap,low_mask_area,no_overlap__low_mask_area,train,0.011932373046875,mask_area,0.0,0.001,False,780
732,P1171_0005.png,P1171_0005.png,P1171_0005,P1171,1,1465,0.0013971328735351,0.195855614973262,0.195855614973262,0.0,0,False,no_overlap,low_mask_area,no_overlap__low_mask_area,train,0.011932373046875,mask_area,0.0,0.001,False,781
733,P1171_0006.png,P1171_0006.png,P1171_0006,P1171,1,1474,0.0014057159423828,0.1970588235294117,0.1970588235294117,0.0,0,False,no_overlap,low_mask_area,no_overlap__low_mask_area,train,0.011932373046875,mask_area,0.0,0.001,False,782
734,P1171_0010.png,P1171_0010.png,P1171_0010,P1171,10,7603,0.0072507858276367,0.267139169304052,0.2708706849938814,0.1140514349608647,7,True,overlap,low_mask_area,overlap__low_mask_area,train,0.011932373046875,mask_area,0.0,0.001,False,783
735,P1171_0011.png,P1171_0011.png,P1171_0011,P1171,3,4481,0.0042734146118164,0.2341610497911287,0.2283092324805339,0.0468563639461577,1,True,overlap,low_mask_area,overlap__low_mask_area,train,0.011932373046875,mask_area,0.0,0.001,False,784
736,P1171_0016.png,P1171_0016.png,P1171_0016,P1171,1,1330,0.0012683868408203,0.1841085271317829,0.1841085271317829,0.0,0,False,no_overlap,low_mask_area,no_overlap__low_mask_area,train,0.011932373046875,mask_area,0.0,0.001,False,785
737,P1171_0017.png,P1171_0017.png,P1171_0017,P1171,8,9632,0.009185791015625,0.2527979968122679,0.2551367378884996,0.1562819203268641,3,True,overlap,low_mask_area,overlap__low_mask_area,train,0.011932373046875,mask_area,0.0,0.001,False,786
738,P1171_0023.png,P1171_0023.png,P1171_0023,P1171,5,7655,0.0073003768920898,0.1762228612275857,0.1796461319901846,0.1597740568892475,4,True,overlap,low_mask_area,overlap__low_mask_area,train,0.011932373046875,mask_area,0.0,0.001,False,787
739,P1171_0024.png,P1171_0024.png,P1171_0024,P1171,5,8696,0.0082931518554687,0.1804626976719487,0.1914802065404475,0.1597740568892475,3,True,overlap,low_mask_area,overlap__low_mask_area,train,0.011932373046875,mask_area,0.0,0.001,False,788
740,P1171_0029.png,P1171_0029.png,P1171_0029,P1171,7,16517,0.015751838684082,0.2191345630119126,0.2148962148962149,0.0686174939697854,2,True,overlap,high_mask_area,overlap__high_mask_area,train,0.011932373046875,mask_area,0.0,0.001,False,789
741,P1171_0030.png,P1171_0030.png,P1171_0030,P1171,1,3228,0.0030784606933593,0.1343656343656343,0.1343656343656343,0.0,0,False,no_overlap,low_mask_area,no_overlap__low_mask_area,train,0.011932373046875,mask_area,0.0,0.001,False,790
742,P1171_0036.png,P1171_0036.png,P1171_0036,P1171,2,3034,0.0028934478759765,0.2539872944912237,0.2539872944912237,0.0,0,False,no_overlap,low_mask_area,no_overlap__low_mask_area,train,0.011932373046875,mask_area,0.0,0.001,False,791
743,P1171_0042.png,P1171_0042.png,P1171_0042,P1171,2,3084,0.0029411315917968,0.1584865717120181,0.1584865717120181,0.0,0,False,no_overlap,low_mask_area,no_overlap__low_mask_area,train,0.011932373046875,mask_area,0.0,0.001,False,792
744,P1171_0050.png,P1171_0050.png,P1171_0050,P1171,3,3674,0.0035037994384765,0.3136367562984464,0.3175283732660782,0.0,0,False,no_overlap,low_mask_area,no_overlap__low_mask_area,train,0.011932373046875,mask_area,0.0,0.001,False,793
745,P1171_0057.png,P1171_0057.png,P1171_0057,P1171,3,3664,0.0034942626953125,0.3127897620340474,0.3134930643127364,0.0,0,False,no_overlap,low_mask_area,no_overlap__low_mask_area,train,0.011932373046875,mask_area,0.0,0.001,False,794
746,P1173_0000.png,P1173_0000.png,P1173_0000,P1173,1,6627,0.0063199996948242,0.1798127798127798,0.1798127798127798,0.0,0,False,no_overlap,low_mask_area,no_overlap__low_mask_area,train,0.011932373046875,mask_area,0.0,0.001,False,795
747,P1173_0005.png,P1173_0005.png,P1173_0005,P1173,5,17409,0.0166025161743164,0.1738796587814174,0.2025563642819101,0.104884670890101,3,True,overlap,high_mask_area,overlap__high_mask_area,train,0.011932373046875,mask_area,0.0,0.001,False,796
748,P1173_0006.png,P1173_0006.png,P1173_0006,P1173,13,44963,0.0428800582885742,0.2355785519813357,0.2347750109217999,0.0873373118520479,8,True,overlap,high_mask_area,overlap__high_mask_area,train,0.011932373046875,mask_area,0.0,0.001,False,797
749,P1173_0007.png,P1173_0007.png,P1173_0007,P1173,10,33438,0.0318889617919921,0.2474763052252826,0.2229459384493709,0.0861096873398257,6,True,overlap,high_mask_area,overlap__high_mask_area,train,0.011932373046875,mask_area,0.0,0.001,False,798
750,P1173_0008.png,P1173_0008.png,P1173_0008,P1173,1,3502,0.0033397674560546,0.3310018903591682,0.3310018903591682,0.0,0,False,no_overlap,low_mask_area,no_overlap__low_mask_area,train,0.011932373046875,mask_area,0.0,0.001,False,799
751,P1173_0010.png,P1173_0010.png,P1173_0010,P1173,2,13510,0.0128841400146484,0.259574178716506,0.259574178716506,0.0820465721447295,1,True,overlap,high_mask_area,overlap__high_mask_area,train,0.011932373046875,mask_area,0.0,0.001,False,800
752,P1173_0011.png,P1173_0011.png,P1173_0011,P1173,12,66755,0.0636625289916992,0.2331438470916681,0.232194283258113,0.168272179528809,8,True,overlap,high_mask_area,overlap__high_mask_area,train,0.011932373046875,mask_area,0.0,0.001,False,801
753,P1173_0012.png,P1173_0012.png,P1173_0012,P1173,25,85195,0.0812482833862304,0.220815256631498,0.2118975249674337,0.1406821231894118,20,True,overlap,high_mask_area,overlap__high_mask_area,train,0.011932373046875,mask_area,0.0,0.001,False,802
754,P1173_0013.png,P1173_0013.png,P1173_0013,P1173,7,16360,0.0156021118164062,0.2561887876435954,0.259514687100894,0.098115890508354,3,True,overlap,high_mask_area,overlap__high_mask_area,train,0.011932373046875,mask_area,0.0,0.001,False,803
755,P1173_0014.png,P1173_0014.png,P1173_0014,P1173,3,7179,0.0068464279174804,0.2602148602044097,0.2557040998217468,0.098115890508354,2,True,overlap,low_mask_area,overlap__low_mask_area,train,0.011932373046875,mask_area,0.0,0.001,False,804
756,P1173_0016.png,P1173_0016.png,P1173_0016,P1173,2,13086,0.0124797821044921,0.2685711271487308,0.2685711271487308,0.2233207327711544,1,True,overlap,high_mask_area,overlap__high_mask_area,train,0.011932373046875,mask_area,0.0,0.001,False,805
757,P1173_0017.png,P1173_0017.png,P1173_0017,P1173,8,26063,0.024855613708496,0.2316787636641422,0.2309060251753216,0.0992255566311713,5,True,overlap,high_mask_area,overlap__high_mask_area,train,0.011932373046875,mask_area,0.0,0.001,False,806
758,P1173_0018.png,P1173_0018.png,P1173_0018,P1173,9,26623,0.0253896713256835,0.2713706211426279,0.2609625668449198,0.1878433457380826,6,True,overlap,high_mask_area,overlap__high_mask_area,train,0.011932373046875,mask_area,0.0,0.001,False,807
759,P1173_0019.png,P1173_0019.png,P1173_0019,P1173,9,26464,0.025238037109375,0.2669566549154354,0.2561497326203208,0.1878433457380826,6,True,overlap,high_mask_area,overlap__high_mask_area,train,0.011932373046875,mask_area,0.0,0.001,False,808
760,P1174_0000.png,P1174_0000.png,P1174_0000,P1174,1,8844,0.0084342956542968,0.2256813310196999,0.2256813310196999,0.0,0,False,no_overlap,low_mask_area,no_overlap__low_mask_area,train,0.011932373046875,mask_area,0.0,0.001,False,163
761,P1174_0001.png,P1174_0001.png,P1174_0001,P1174,2,11000,0.0104904174804687,0.2237059370380544,0.2237059370380544,0.0726794376387404,1,True,overlap,low_mask_area,overlap__low_mask_area,train,0.011932373046875,mask_area,0.0,0.001,False,164
762,P1174_0008.png,P1174_0008.png,P1174_0008,P1174,1,4351,0.0041494369506835,0.1672818146866589,0.1672818146866589,0.0,0,False,no_overlap,low_mask_area,no_overlap__low_mask_area,train,0.011932373046875,mask_area,0.0,0.001,False,165
763,P1174_0009.png,P1174_0009.png,P1174_0009,P1174,2,9577,0.0091333389282226,0.1933093734491689,0.1933093734491689,0.0704677255425576,1,True,overlap,low_mask_area,overlap__low_mask_area,train,0.011932373046875,mask_area,0.0,0.001,False,166
764,P1174_0017.png,P1174_0017.png,P1174_0017,P1174,1,7101,0.0067720413208007,0.1580106809078771,0.1580106809078771,0.0,0,False,no_overlap,low_mask_area,no_overlap__low_mask_area,train,0.011932373046875,mask_area,0.0,0.001,False,167
765,P1174_0018.png,P1174_0018.png,P1174_0018,P1174,4,17956,0.0171241760253906,0.2640857740961102,0.2758802570749473,0.081426909654905,2,True,overlap,high_mask_area,overlap__high_mask_area,train,0.011932373046875,mask_area,0.0,0.001,False,168
766,P1174_0019.png,P1174_0019.png,P1174_0019,P1174,1,23791,0.022688865661621,0.1508298781492893,0.1508298781492893,0.0,0,False,no_overlap,high_mask_area,no_overlap__high_mask_area,train,0.011932373046875,mask_area,0.0,0.001,False,169
767,P1174_0026.png,P1174_0026.png,P1174_0026,P1174,23,95815,0.0913763046264648,0.2797690544490263,0.2658823529411764,0.3151938357813629,21,True,overlap,high_mask_area,overlap__high_mask_area,train,0.011932373046875,mask_area,0.0,0.001,False,170
768,P1174_0027.png,P1174_0027.png,P1174_0027,P1174,15,54474,0.051950454711914,0.247553554099187,0.266044142614601,0.2192438319252252,17,True,overlap,high_mask_area,overlap__high_mask_area,train,0.011932373046875,mask_area,0.0,0.001,False,171
769,P1174_0034.png,P1174_0034.png,P1174_0034,P1174,9,27840,0.02655029296875,0.3262182809500638,0.3254349816849817,0.1670741646291768,6,True,overlap,high_mask_area,overlap__high_mask_area,train,0.011932373046875,mask_area,0.0,0.001,False,172
770,P1174_0035.png,P1174_0035.png,P1174_0035,P1174,12,45454,0.0433483123779296,0.2875006039732545,0.262283473383142,0.0846495302983379,8,True,overlap,high_mask_area,overlap__high_mask_area,train,0.011932373046875,mask_area,0.0,0.001,False,173
771,P1174_0036.png,P1174_0036.png,P1174_0036,P1174,15,65473,0.0624399185180664,0.2813136448081506,0.2625321973449574,0.1271630360174849,9,True,overlap,high_mask_area,overlap__high_mask_area,train,0.011932373046875,mask_area,0.0,0.001,False,174
772,P1174_0037.png,P1174_0037.png,P1174_0037,P1174,10,26499,0.0252714157104492,0.2747987086017073,0.2879796033410273,0.2268188302425107,8,True,overlap,high_mask_area,overlap__high_mask_area,train,0.011932373046875,mask_area,0.0,0.001,False,175
773,P1174_0042.png,P1174_0042.png,P1174_0042,P1174,1,4106,0.003915786743164,0.3525068681318681,0.3525068681318681,0.0,0,False,no_overlap,low_mask_area,no_overlap__low_mask_area,train,0.011932373046875,mask_area,0.0,0.001,False,176
774,P1174_0043.png,P1174_0043.png,P1174_0043,P1174,12,32525,0.0310182571411132,0.3192143259584202,0.3039751341408345,0.1224334600760456,9,True,overlap,high_mask_area,overlap__high_mask_area,train,0.011932373046875,mask_area,0.0,0.001,False,177
775,P1174_0044.png,P1174_0044.png,P1174_0044,P1174,9,38199,0.0364294052124023,0.3356580951037424,0.32875,0.0755214576840086,4,True,overlap,high_mask_area,overlap__high_mask_area,train,0.011932373046875,mask_area,0.0,0.001,False,178
776,P1174_0045.png,P1174_0045.png,P1174_0045,P1174,18,49208,0.0469284057617187,0.2893285885685113,0.2871561598233141,0.1756420878210439,8,True,overlap,high_mask_area,overlap__high_mask_area,train,0.011932373046875,mask_area,0.0,0.001,False,179
777,P1174_0046.png,P1174_0046.png,P1174_0046,P1174,3,7716,0.0073585510253906,0.2667044808207177,0.2601341207086378,0.061487799611315,1,True,overlap,low_mask_area,overlap__low_mask_area,train,0.011932373046875,mask_area,0.0,0.001,False,180
778,P1174_0047.png,P1174_0047.png,P1174_0047,P1174,2,5297,0.0050516128540039,0.3116467766660623,0.3116467766660623,0.0,0,False,no_overlap,low_mask_area,no_overlap__low_mask_area,train,0.011932373046875,mask_area,0.0,0.001,False,181
779,P1174_0052.png,P1174_0052.png,P1174_0052,P1174,1,2954,0.002817153930664,0.3996212121212121,0.3996212121212121,0.0,0,False,no_overlap,low_mask_area,no_overlap__low_mask_area,train,0.011932373046875,mask_area,0.0,0.001,False,182
780,P1174_0053.png,P1174_0053.png,P1174_0053,P1174,9,25933,0.0247316360473632,0.2959024809470899,0.2828260869565217,0.0624856420859177,5,True,overlap,high_mask_area,overlap__high_mask_area,train,0.011932373046875,mask_area,0.0,0.001,False,183
781,P1174_0060.png,P1174_0060.png,P1174_0060,P1174,1,2918,0.0027828216552734,0.3947510822510822,0.3947510822510822,0.0,0,False,no_overlap,low_mask_area,no_overlap__low_mask_area,train,0.011932373046875,mask_area,0.0,0.001,False,184
782,P1174_0061.png,P1174_0061.png,P1174_0061,P1174,9,25847,0.0246496200561523,0.2996354067017519,0.2926249008723235,0.0674770528404862,5,True,overlap,high_mask_area,overlap__high_mask_area,train,0.011932373046875,mask_area,0.0,0.001,False,185
783,P1178_0003.png,P1178_0003.png,P1178_0003,P1178,1,2852,0.0027198791503906,0.5334829779274224,0.5334829779274224,0.0,0,False,no_overlap,low_mask_area,no_overlap__low_mask_area,train,0.011932373046875,mask_area,0.0,0.001,False,809
784,P1178_0007.png,P1178_0007.png,P1178_0007,P1178,1,12003,0.0114469528198242,0.3068486847150855,0.3068486847150855,0.0,0,False,no_overlap,low_mask_area,no_overlap__low_mask_area,train,0.011932373046875,mask_area,0.0,0.001,False,810
785,P1178_0008.png,P1178_0008.png,P1178_0008,P1178,1,12024,0.0114669799804687,0.2806329645707884,0.2806329645707884,0.0,0,False,no_overlap,low_mask_area,no_overlap__low_mask_area,train,0.011932373046875,mask_area,0.0,0.001,False,811
786,P1178_0009.png,P1178_0009.png,P1178_0009,P1178,5,19669,0.0187578201293945,0.465482137265598,0.4249607535321821,0.0110255248451895,1,True,overlap,high_mask_area,overlap__high_mask_area,train,0.011932373046875,mask_area,0.0,0.001,False,812
787,P1178_0010.png,P1178_0010.png,P1178_0010,P1178,3,15075,0.0143766403198242,0.2495751507335028,0.233276740237691,0.0,0,False,no_overlap,high_mask_area,no_overlap__high_mask_area,train,0.011932373046875,mask_area,0.0,0.001,False,813
788,P1178_0011.png,P1178_0011.png,P1178_0011,P1178,3,15067,0.0143690109252929,0.2466649802395616,0.2277413308341143,0.0,0,False,no_overlap,high_mask_area,no_overlap__high_mask_area,train,0.011932373046875,mask_area,0.0,0.001,False,814
789,P1178_0016.png,P1178_0016.png,P1178_0016,P1178,1,3702,0.0035305023193359,0.2334174022698613,0.2334174022698613,0.0,0,False,no_overlap,low_mask_area,no_overlap__low_mask_area,train,0.011932373046875,mask_area,0.0,0.001,False,815
790,P1178_0017.png,P1178_0017.png,P1178_0017,P1178,1,3754,0.003580093383789,0.2366960907944514,0.2366960907944514,0.0,0,False,no_overlap,low_mask_area,no_overlap__low_mask_area,train,0.011932373046875,mask_area,0.0,0.001,False,816
791,P1181_0006.png,P1181_0006.png,P1181_0006,P1181,0,0,0.0,0.0,0.0,0.0,0,False,no_overlap,low_mask_area,negative,train,0.011932373046875,mask_area,0.0,0.001,False,817
792,P1181_0021.png,P1181_0021.png,P1181_0021,P1181,0,0,0.0,0.0,0.0,0.0,0,False,no_overlap,low_mask_area,negative,train,0.011932373046875,mask_area,0.0,0.001,False,818
793,P1184_0010.png,P1184_0010.png,P1184_0010,P1184,7,1631,0.0015554428100585,0.3577827787264002,0.3798076923076923,0.0563204005006257,3,True,overlap,low_mask_area,overlap__low_mask_area,train,0.011932373046875,mask_area,0.0,0.001,False,137
794,P1184_0011.png,P1184_0011.png,P1184_0011,P1184,5,1422,0.0013561248779296,0.3818171911993422,0.3383838383838384,0.0317965023847376,1,True,overlap,low_mask_area,overlap__low_mask_area,train,0.011932373046875,mask_area,0.0,0.001,False,138
795,P1184_0012.png,P1184_0012.png,P1184_0012,P1184,3,653,0.0006227493286132,0.5168567251461988,0.5197368421052632,0.0,0,False,no_overlap,low_mask_area,no_overlap__low_mask_area,train,0.011932373046875,mask_area,0.0,0.001,False,139
796,P1184_0013.png,P1184_0013.png,P1184_0013,P1184,3,574,0.0005474090576171,0.4533316133470932,0.465,0.0,0,False,no_overlap,low_mask_area,no_overlap__low_mask_area,train,0.011932373046875,mask_area,0.0,0.001,False,140
797,P1184_0017.png,P1184_0017.png,P1184_0017,P1184,3,2521,0.0024042129516601,0.3310772519593902,0.2962068965517241,0.0329457364341085,2,True,overlap,low_mask_area,overlap__low_mask_area,train,0.011932373046875,mask_area,0.0,0.001,False,141
798,P1184_0018.png,P1184_0018.png,P1184_0018,P1184,14,3371,0.0032148361206054,0.3513228255112603,0.3419872347766086,0.0576461168935148,6,True,overlap,low_mask_area,overlap__low_mask_area,train,0.011932373046875,mask_area,0.0,0.001,False,142
799,P1184_0019.png,P1184_0019.png,P1184_0019,P1184,7,1740,0.0016593933105468,0.384223076522609,0.3837719298245614,0.0317965023847376,2,True,overlap,low_mask_area,overlap__low_mask_area,train,0.011932373046875,mask_area,0.0,0.001,False,143
800,P1191_0000.png,P1191_0000.png,P1191_0000,P1191,0,0,0.0,0.0,0.0,0.0,0,False,no_overlap,low_mask_area,negative,train,0.011932373046875,mask_area,0.0,0.001,False,819
801,P1200_0018.png,P1200_0018.png,P1200_0018,P1200,0,0,0.0,0.0,0.0,0.0,0,False,no_overlap,low_mask_area,negative,train,0.011932373046875,mask_area,0.0,0.001,False,820
802,P1208_0000.png,P1208_0000.png,P1208_0000,P1208,0,0,0.0,0.0,0.0,0.0,0,False,no_overlap,low_mask_area,negative,train,0.011932373046875,mask_area,0.0,0.001,False,821
803,P1211_0003.png,P1211_0003.png,P1211_0003,P1211,0,0,0.0,0.0,0.0,0.0,0,False,no_overlap,low_mask_area,negative,train,0.011932373046875,mask_area,0.0,0.001,False,186
804,P1214_0003.png,P1214_0003.png,P1214_0003,P1214,0,0,0.0,0.0,0.0,0.0,0,False,no_overlap,low_mask_area,negative,train,0.011932373046875,mask_area,0.0,0.001,False,822
805,P1214_0004.png,P1214_0004.png,P1214_0004,P1214,0,0,0.0,0.0,0.0,0.0,0,False,no_overlap,low_mask_area,negative,train,0.011932373046875,mask_area,0.0,0.001,False,823
806,P1225_0022.png,P1225_0022.png,P1225_0022,P1225,0,0,0.0,0.0,0.0,0.0,0,False,no_overlap,low_mask_area,negative,train,0.011932373046875,mask_area,0.0,0.001,False,824
807,P1238_0015.png,P1238_0015.png,P1238_0015,P1238,0,0,0.0,0.0,0.0,0.0,0,False,no_overlap,low_mask_area,negative,train,0.011932373046875,mask_area,0.0,0.001,False,187
808,P1239_0013.png,P1239_0013.png,P1239_0013,P1239,1,857,0.0008172988891601,0.2354395604395604,0.2354395604395604,0.0,0,False,no_overlap,low_mask_area,no_overlap__low_mask_area,train,0.011932373046875,mask_area,0.0,0.001,False,829
809,P1239_0014.png,P1239_0014.png,P1239_0014,P1239,1,854,0.0008144378662109,0.2346153846153846,0.2346153846153846,0.0,0,False,no_overlap,low_mask_area,no_overlap__low_mask_area,train,0.011932373046875,mask_area,0.0,0.001,False,830
810,P1239_0018.png,P1239_0018.png,P1239_0018,P1239,1,883,0.0008420944213867,0.2425824175824175,0.2425824175824175,0.0,0,False,no_overlap,low_mask_area,no_overlap__low_mask_area,train,0.011932373046875,mask_area,0.0,0.001,False,831
811,P1239_0019.png,P1239_0019.png,P1239_0019,P1239,1,910,0.0008678436279296,0.25,0.25,0.0,0,False,no_overlap,low_mask_area,no_overlap__low_mask_area,train,0.011932373046875,mask_area,0.0,0.001,False,832
812,P1239_0024.png,P1239_0024.png,P1239_0024,P1239,0,0,0.0,0.0,0.0,0.0,0,False,no_overlap,low_mask_area,negative,train,0.011932373046875,mask_area,0.0,0.001,False,833
813,P1240_0008.png,P1240_0008.png,P1240_0008,P1240,0,0,0.0,0.0,0.0,0.0,0,False,no_overlap,low_mask_area,negative,train,0.011932373046875,mask_area,0.0,0.001,False,834
814,P1240_0019.png,P1240_0019.png,P1240_0019,P1240,0,0,0.0,0.0,0.0,0.0,0,False,no_overlap,low_mask_area,negative,train,0.011932373046875,mask_area,0.0,0.001,False,835
815,P1241_0010.png,P1241_0010.png,P1241_0010,P1241,0,0,0.0,0.0,0.0,0.0,0,False,no_overlap,low_mask_area,negative,train,0.011932373046875,mask_area,0.0,0.001,False,836
816,P1243_0004.png,P1243_0004.png,P1243_0004,P1243,0,0,0.0,0.0,0.0,0.0,0,False,no_overlap,low_mask_area,negative,train,0.011932373046875,mask_area,0.0,0.001,False,837
817,P1243_0005.png,P1243_0005.png,P1243_0005,P1243,0,0,0.0,0.0,0.0,0.0,0,False,no_overlap,low_mask_area,negative,train,0.011932373046875,mask_area,0.0,0.001,False,838
818,P1246_0022.png,P1246_0022.png,P1246_0022,P1246,0,0,0.0,0.0,0.0,0.0,0,False,no_overlap,low_mask_area,negative,train,0.011932373046875,mask_area,0.0,0.001,False,839
819,P1251_0001.png,P1251_0001.png,P1251_0001,P1251,0,0,0.0,0.0,0.0,0.0,0,False,no_overlap,low_mask_area,negative,train,0.011932373046875,mask_area,0.0,0.001,False,840
820,P1251_0033.png,P1251_0033.png,P1251_0033,P1251,0,0,0.0,0.0,0.0,0.0,0,False,no_overlap,low_mask_area,negative,train,0.011932373046875,mask_area,0.0,0.001,False,841
821,P1256_0006.png,P1256_0006.png,P1256_0006,P1256,0,0,0.0,0.0,0.0,0.0,0,False,no_overlap,low_mask_area,negative,train,0.011932373046875,mask_area,0.0,0.001,False,842
822,P1258_0023.png,P1258_0023.png,P1258_0023,P1258,0,0,0.0,0.0,0.0,0.0,0,False,no_overlap,low_mask_area,negative,train,0.011932373046875,mask_area,0.0,0.001,False,843
823,P1258_0025.png,P1258_0025.png,P1258_0025,P1258,0,0,0.0,0.0,0.0,0.0,0,False,no_overlap,low_mask_area,negative,train,0.011932373046875,mask_area,0.0,0.001,False,844
824,P1258_0031.png,P1258_0031.png,P1258_0031,P1258,0,0,0.0,0.0,0.0,0.0,0,False,no_overlap,low_mask_area,negative,train,0.011932373046875,mask_area,0.0,0.001,False,845
825,P1259_0013.png,P1259_0013.png,P1259_0013,P1259,0,0,0.0,0.0,0.0,0.0,0,False,no_overlap,low_mask_area,negative,train,0.011932373046875,mask_area,0.0,0.001,False,846
826,P1269_0008.png,P1269_0008.png,P1269_0008,P1269,0,0,0.0,0.0,0.0,0.0,0,False,no_overlap,low_mask_area,negative,train,0.011932373046875,mask_area,0.0,0.001,False,847
827,P1269_0013.png,P1269_0013.png,P1269_0013,P1269,0,0,0.0,0.0,0.0,0.0,0,False,no_overlap,low_mask_area,negative,train,0.011932373046875,mask_area,0.0,0.001,False,848
828,P1274_0003.png,P1274_0003.png,P1274_0003,P1274,2,4173,0.0039796829223632,0.2418787480891567,0.2418787480891567,0.0,0,False,no_overlap,low_mask_area,no_overlap__low_mask_area,train,0.011932373046875,mask_area,0.0,0.001,False,144
829,P1274_0004.png,P1274_0004.png,P1274_0004,P1274,5,9902,0.0094432830810546,0.2153369607724594,0.216867469879518,0.0,0,False,no_overlap,low_mask_area,no_overlap__low_mask_area,train,0.011932373046875,mask_area,0.0,0.001,False,145
830,P1274_0008.png,P1274_0008.png,P1274_0008,P1274,9,18319,0.017470359802246,0.2428443482526722,0.2325627151992129,0.0410607356715141,2,True,overlap,high_mask_area,overlap__high_mask_area,train,0.011932373046875,mask_area,0.0,0.001,False,146
831,P1274_0009.png,P1274_0009.png,P1274_0009,P1274,22,40166,0.0383052825927734,0.2471581083082591,0.2434671625627066,0.0835306053432533,6,True,overlap,high_mask_area,overlap__high_mask_area,train,0.011932373046875,mask_area,0.0,0.001,False,147
832,P1274_0013.png,P1274_0013.png,P1274_0013,P1274,21,34295,0.0327062606811523,0.1952458689421308,0.1849101576824349,0.1192355629414208,9,True,overlap,high_mask_area,overlap__high_mask_area,train,0.011932373046875,mask_area,0.0,0.001,False,148
833,P1274_0014.png,P1274_0014.png,P1274_0014,P1274,26,39799,0.0379552841186523,0.1996536370265752,0.1796926799719509,0.1192355629414208,11,True,overlap,high_mask_area,overlap__high_mask_area,train,0.011932373046875,mask_area,0.0,0.001,False,149
834,P1274_0018.png,P1274_0018.png,P1274_0018,P1274,2,4276,0.0040779113769531,0.1899183401664498,0.1899183401664498,0.0,0,False,no_overlap,low_mask_area,no_overlap__low_mask_area,train,0.011932373046875,mask_area,0.0,0.001,False,150
835,P1274_0019.png,P1274_0019.png,P1274_0019,P1274,3,6706,0.0063953399658203,0.166317013360847,0.1544032247045159,0.1197966698687159,1,True,overlap,low_mask_area,overlap__low_mask_area,train,0.011932373046875,mask_area,0.0,0.001,False,151
836,P1276_0006.png,P1276_0006.png,P1276_0006,P1276,0,0,0.0,0.0,0.0,0.0,0,False,no_overlap,low_mask_area,negative,train,0.011932373046875,mask_area,0.0,0.001,False,188
837,P1283_0016.png,P1283_0016.png,P1283_0016,P1283,0,0,0.0,0.0,0.0,0.0,0,False,no_overlap,low_mask_area,negative,train,0.011932373046875,mask_area,0.0,0.001,False,858
838,P1308_0011.png,P1308_0011.png,P1308_0011,P1308,0,0,0.0,0.0,0.0,0.0,0,False,no_overlap,low_mask_area,negative,train,0.011932373046875,mask_area,0.0,0.001,False,861
839,P1308_0015.png,P1308_0015.png,P1308_0015,P1308,0,0,0.0,0.0,0.0,0.0,0,False,no_overlap,low_mask_area,negative,train,0.011932373046875,mask_area,0.0,0.001,False,862
840,P1308_0019.png,P1308_0019.png,P1308_0019,P1308,0,0,0.0,0.0,0.0,0.0,0,False,no_overlap,low_mask_area,negative,train,0.011932373046875,mask_area,0.0,0.001,False,863
841,P1308_0024.png,P1308_0024.png,P1308_0024,P1308,0,0,0.0,0.0,0.0,0.0,0,False,no_overlap,low_mask_area,negative,train,0.011932373046875,mask_area,0.0,0.001,False,864
842,P1309_0013.png,P1309_0013.png,P1309_0013,P1309,0,0,0.0,0.0,0.0,0.0,0,False,no_overlap,low_mask_area,negative,train,0.011932373046875,mask_area,0.0,0.001,False,865
843,P1317_0015.png,P1317_0015.png,P1317_0015,P1317,0,0,0.0,0.0,0.0,0.0,0,False,no_overlap,low_mask_area,negative,train,0.011932373046875,mask_area,0.0,0.001,False,866
844,P1321_0002.png,P1321_0002.png,P1321_0002,P1321,0,0,0.0,0.0,0.0,0.0,0,False,no_overlap,low_mask_area,negative,train,0.011932373046875,mask_area,0.0,0.001,False,867
845,P1321_0013.png,P1321_0013.png,P1321_0013,P1321,0,0,0.0,0.0,0.0,0.0,0,False,no_overlap,low_mask_area,negative,train,0.011932373046875,mask_area,0.0,0.001,False,868
846,P1321_0016.png,P1321_0016.png,P1321_0016,P1321,0,0,0.0,0.0,0.0,0.0,0,False,no_overlap,low_mask_area,negative,train,0.011932373046875,mask_area,0.0,0.001,False,869
847,P1328_0016.png,P1328_0016.png,P1328_0016,P1328,0,0,0.0,0.0,0.0,0.0,0,False,no_overlap,low_mask_area,negative,train,0.011932373046875,mask_area,0.0,0.001,False,189
848,P1328_0019.png,P1328_0019.png,P1328_0019,P1328,0,0,0.0,0.0,0.0,0.0,0,False,no_overlap,low_mask_area,negative,train,0.011932373046875,mask_area,0.0,0.001,False,190
849,P1328_0021.png,P1328_0021.png,P1328_0021,P1328,0,0,0.0,0.0,0.0,0.0,0,False,no_overlap,low_mask_area,negative,train,0.011932373046875,mask_area,0.0,0.001,False,191
850,P1333_0004.png,P1333_0004.png,P1333_0004,P1333,0,0,0.0,0.0,0.0,0.0,0,False,no_overlap,low_mask_area,negative,train,0.011932373046875,mask_area,0.0,0.001,False,871
851,P1336_0012.png,P1336_0012.png,P1336_0012,P1336,0,0,0.0,0.0,0.0,0.0,0,False,no_overlap,low_mask_area,negative,train,0.011932373046875,mask_area,0.0,0.001,False,872
852,P1337_0025.png,P1337_0025.png,P1337_0025,P1337,0,0,0.0,0.0,0.0,0.0,0,False,no_overlap,low_mask_area,negative,train,0.011932373046875,mask_area,0.0,0.001,False,192
853,P1338_0003.png,P1338_0003.png,P1338_0003,P1338,0,0,0.0,0.0,0.0,0.0,0,False,no_overlap,low_mask_area,negative,train,0.011932373046875,mask_area,0.0,0.001,False,873
854,P1339_0007.png,P1339_0007.png,P1339_0007,P1339,0,0,0.0,0.0,0.0,0.0,0,False,no_overlap,low_mask_area,negative,train,0.011932373046875,mask_area,0.0,0.001,False,874
855,P1339_0021.png,P1339_0021.png,P1339_0021,P1339,0,0,0.0,0.0,0.0,0.0,0,False,no_overlap,low_mask_area,negative,train,0.011932373046875,mask_area,0.0,0.001,False,875
856,P1339_0024.png,P1339_0024.png,P1339_0024,P1339,0,0,0.0,0.0,0.0,0.0,0,False,no_overlap,low_mask_area,negative,train,0.011932373046875,mask_area,0.0,0.001,False,876
857,P1342_0012.png,P1342_0012.png,P1342_0012,P1342,0,0,0.0,0.0,0.0,0.0,0,False,no_overlap,low_mask_area,negative,train,0.011932373046875,mask_area,0.0,0.001,False,877
858,P1343_0018.png,P1343_0018.png,P1343_0018,P1343,0,0,0.0,0.0,0.0,0.0,0,False,no_overlap,low_mask_area,negative,train,0.011932373046875,mask_area,0.0,0.001,False,878
859,P1351_0018.png,P1351_0018.png,P1351_0018,P1351,0,0,0.0,0.0,0.0,0.0,0,False,no_overlap,low_mask_area,negative,train,0.011932373046875,mask_area,0.0,0.001,False,879
860,P1351_0021.png,P1351_0021.png,P1351_0021,P1351,0,0,0.0,0.0,0.0,0.0,0,False,no_overlap,low_mask_area,negative,train,0.011932373046875,mask_area,0.0,0.001,False,880
861,P1351_0024.png,P1351_0024.png,P1351_0024,P1351,0,0,0.0,0.0,0.0,0.0,0,False,no_overlap,low_mask_area,negative,train,0.011932373046875,mask_area,0.0,0.001,False,881
862,P1352_0012.png,P1352_0012.png,P1352_0012,P1352,0,0,0.0,0.0,0.0,0.0,0,False,no_overlap,low_mask_area,negative,train,0.011932373046875,mask_area,0.0,0.001,False,882
863,P1352_0023.png,P1352_0023.png,P1352_0023,P1352,0,0,0.0,0.0,0.0,0.0,0,False,no_overlap,low_mask_area,negative,train,0.011932373046875,mask_area,0.0,0.001,False,883
864,P1356_0007.png,P1356_0007.png,P1356_0007,P1356,0,0,0.0,0.0,0.0,0.0,0,False,no_overlap,low_mask_area,negative,train,0.011932373046875,mask_area,0.0,0.001,False,887
865,P1356_0014.png,P1356_0014.png,P1356_0014,P1356,0,0,0.0,0.0,0.0,0.0,0,False,no_overlap,low_mask_area,negative,train,0.011932373046875,mask_area,0.0,0.001,False,888
866,P1357_0017.png,P1357_0017.png,P1357_0017,P1357,0,0,0.0,0.0,0.0,0.0,0,False,no_overlap,low_mask_area,negative,train,0.011932373046875,mask_area,0.0,0.001,False,196
867,P1359_0007.png,P1359_0007.png,P1359_0007,P1359,0,0,0.0,0.0,0.0,0.0,0,False,no_overlap,low_mask_area,negative,train,0.011932373046875,mask_area,0.0,0.001,False,889
868,P1360_0004.png,P1360_0004.png,P1360_0004,P1360,0,0,0.0,0.0,0.0,0.0,0,False,no_overlap,low_mask_area,negative,train,0.011932373046875,mask_area,0.0,0.001,False,890
869,P1361_0015.png,P1361_0015.png,P1361_0015,P1361,0,0,0.0,0.0,0.0,0.0,0,False,no_overlap,low_mask_area,negative,train,0.011932373046875,mask_area,0.0,0.001,False,197
870,P1369_0027.png,P1369_0027.png,P1369_0027,P1369,0,0,0.0,0.0,0.0,0.0,0,False,no_overlap,low_mask_area,negative,train,0.011932373046875,mask_area,0.0,0.001,False,891
871,P1373_0001.png,P1373_0001.png,P1373_0001,P1373,12,8854,0.0084438323974609,0.2770668673336414,0.2608094868382135,0.1207635372029606,6,True,overlap,low_mask_area,overlap__low_mask_area,train,0.011932373046875,mask_area,0.0,0.001,False,892
872,P1373_0002.png,P1373_0002.png,P1373_0002,P1373,15,14245,0.013585090637207,0.1974606163221343,0.1954365079365079,0.0373608403044216,7,True,overlap,high_mask_area,overlap__high_mask_area,train,0.011932373046875,mask_area,0.0,0.001,False,893
873,P1373_0003.png,P1373_0003.png,P1373_0003,P1373,2,1835,0.0017499923706054,0.1913268521018993,0.1913268521018993,0.0,0,False,no_overlap,low_mask_area,no_overlap__low_mask_area,train,0.011932373046875,mask_area,0.0,0.001,False,894
874,P1373_0004.png,P1373_0004.png,P1373_0004,P1373,4,3753,0.0035791397094726,0.2244908958681036,0.2304540828859178,0.0,0,False,no_overlap,low_mask_area,no_overlap__low_mask_area,train,0.011932373046875,mask_area,0.0,0.001,False,895
875,P1373_0007.png,P1373_0007.png,P1373_0007,P1373,1,940,0.0008964538574218,0.2159926470588235,0.2159926470588235,0.0,0,False,no_overlap,low_mask_area,no_overlap__low_mask_area,train,0.011932373046875,mask_area,0.0,0.001,False,896
876,P1373_0008.png,P1373_0008.png,P1373_0008,P1373,8,8432,0.0080413818359375,0.2070657192806644,0.2081785256347229,0.1005820721769499,1,True,overlap,low_mask_area,overlap__low_mask_area,train,0.011932373046875,mask_area,0.0,0.001,False,897
877,P1373_0009.png,P1373_0009.png,P1373_0009,P1373,5,5407,0.0051565170288085,0.1926579892117729,0.1926242481798037,0.0,0,False,no_overlap,low_mask_area,no_overlap__low_mask_area,train,0.011932373046875,mask_area,0.0,0.001,False,898
878,P1373_0013.png,P1373_0013.png,P1373_0013,P1373,1,843,0.0008039474487304,0.4072463768115942,0.4072463768115942,0.0,0,False,no_overlap,low_mask_area,no_overlap__low_mask_area,train,0.011932373046875,mask_area,0.0,0.001,False,899
879,P1373_0014.png,P1373_0014.png,P1373_0014,P1373,3,4083,0.0038938522338867,0.2624080975866347,0.1897752453308009,0.0,0,False,no_overlap,low_mask_area,no_overlap__low_mask_area,train,0.011932373046875,mask_area,0.0,0.001,False,900
880,P1375_0004.png,P1375_0004.png,P1375_0004,P1375,15,17355,0.0165510177612304,0.2901790605265014,0.2677070828331332,0.1161362850224835,8,True,overlap,high_mask_area,overlap__high_mask_area,train,0.011932373046875,mask_area,0.0,0.001,False,916
881,P1375_0005.png,P1375_0005.png,P1375_0005,P1375,7,7274,0.006937026977539,0.2764543502269384,0.264799154334038,0.0122532334921715,1,True,overlap,low_mask_area,overlap__low_mask_area,train,0.011932373046875,mask_area,0.0,0.001,False,917
882,P1375_0006.png,P1375_0006.png,P1375_0006,P1375,1,1052,0.0010032653808593,0.2088544768711534,0.2088544768711534,0.0,0,False,no_overlap,low_mask_area,no_overlap__low_mask_area,train,0.011932373046875,mask_area,0.0,0.001,False,918
883,P1375_0008.png,P1375_0008.png,P1375_0008,P1375,14,14928,0.0142364501953125,0.2766286716486588,0.2704910219595601,0.1161362850224835,8,True,overlap,high_mask_area,overlap__high_mask_area,train,0.011932373046875,mask_area,0.0,0.001,False,919
884,P1375_0009.png,P1375_0009.png,P1375_0009,P1375,4,3337,0.0031824111938476,0.2523270694280154,0.2226491192984461,0.0,0,False,no_overlap,low_mask_area,no_overlap__low_mask_area,train,0.011932373046875,mask_area,0.0,0.001,False,920
885,P1380_0011.png,P1380_0011.png,P1380_0011,P1380,0,0,0.0,0.0,0.0,0.0,0,False,no_overlap,low_mask_area,negative,train,0.011932373046875,mask_area,0.0,0.001,False,933
886,P1382_0043.png,P1382_0043.png,P1382_0043,P1382,0,0,0.0,0.0,0.0,0.0,0,False,no_overlap,low_mask_area,negative,train,0.011932373046875,mask_area,0.0,0.001,False,934
887,P1384_0008.png,P1384_0008.png,P1384_0008,P1384,4,1368,0.0013046264648437,0.562777444027444,0.5719405594405594,0.0,0,False,no_overlap,low_mask_area,no_overlap__low_mask_area,train,0.011932373046875,mask_area,0.0,0.001,False,152
888,P1384_0009.png,P1384_0009.png,P1384_0009,P1384,55,14452,0.0137825012207031,0.5130937564178675,0.51,0.0576036866359447,3,True,overlap,high_mask_area,overlap__high_mask_area,train,0.011932373046875,mask_area,0.0,0.001,False,153
889,P1384_0015.png,P1384_0015.png,P1384_0015,P1384,6,1820,0.0017356872558593,0.5647891471790172,0.5758518518518518,0.0,0,False,no_overlap,low_mask_area,no_overlap__low_mask_area,train,0.011932373046875,mask_area,0.0,0.001,False,154
890,P1384_0016.png,P1384_0016.png,P1384_0016,P1384,80,24418,0.0232868194580078,0.4619480358619569,0.4637919551712655,0.2683014785430941,14,True,overlap,high_mask_area,overlap__high_mask_area,train,0.011932373046875,mask_area,0.0,0.001,False,155
891,P1384_0017.png,P1384_0017.png,P1384_0017,P1384,19,6983,0.0066595077514648,0.396700456142368,0.415,0.2683014785430941,7,True,overlap,low_mask_area,overlap__low_mask_area,train,0.011932373046875,mask_area,0.0,0.001,False,156
892,P1384_0023.png,P1384_0023.png,P1384_0023,P1384,20,5620,0.0053596496582031,0.4940390551361582,0.4981661856661856,0.0,0,False,no_overlap,low_mask_area,no_overlap__low_mask_area,train,0.011932373046875,mask_area,0.0,0.001,False,157
893,P1384_0024.png,P1384_0024.png,P1384_0024,P1384,24,6161,0.0058755874633789,0.452859160255022,0.4476495726495726,0.0567226890756302,5,True,overlap,low_mask_area,overlap__low_mask_area,train,0.011932373046875,mask_area,0.0,0.001,False,158
894,P1384_0025.png,P1384_0025.png,P1384_0025,P1384,1,281,0.0002679824829101,0.6357466063348416,0.6357466063348416,0.0,0,False,no_overlap,low_mask_area,no_overlap__low_mask_area,train,0.011932373046875,mask_area,0.0,0.001,False,159
895,P1384_0032.png,P1384_0032.png,P1384_0032,P1384,1,251,0.0002393722534179,0.5678733031674208,0.5678733031674208,0.0,0,False,no_overlap,low_mask_area,no_overlap__low_mask_area,train,0.011932373046875,mask_area,0.0,0.001,False,160
896,P1386_0027.png,P1386_0027.png,P1386_0027,P1386,0,0,0.0,0.0,0.0,0.0,0,False,no_overlap,low_mask_area,negative,train,0.011932373046875,mask_area,0.0,0.001,False,935
897,P1387_0038.png,P1387_0038.png,P1387_0038,P1387,0,0,0.0,0.0,0.0,0.0,0,False,no_overlap,low_mask_area,negative,train,0.011932373046875,mask_area,0.0,0.001,False,198
898,P1389_0016.png,P1389_0016.png,P1389_0016,P1389,0,0,0.0,0.0,0.0,0.0,0,False,no_overlap,low_mask_area,negative,train,0.011932373046875,mask_area,0.0,0.001,False,936
899,P1389_0027.png,P1389_0027.png,P1389_0027,P1389,0,0,0.0,0.0,0.0,0.0,0,False,no_overlap,low_mask_area,negative,train,0.011932373046875,mask_area,0.0,0.001,False,937
900,P1389_0045.png,P1389_0045.png,P1389_0045,P1389,0,0,0.0,0.0,0.0,0.0,0,False,no_overlap,low_mask_area,negative,train,0.011932373046875,mask_area,0.0,0.001,False,938
901,P1390_0000.png,P1390_0000.png,P1390_0000,P1390,3,37172,0.0354499816894531,0.2793882833916706,0.2743522178304787,0.0392291810048176,2,True,overlap,high_mask_area,overlap__high_mask_area,train,0.011932373046875,mask_area,0.0,0.001,False,939
902,P1390_0001.png,P1390_0001.png,P1390_0001,P1390,2,25394,0.0242176055908203,0.2660479626290096,0.2660479626290096,0.0,0,False,no_overlap,high_mask_area,no_overlap__high_mask_area,train,0.011932373046875,mask_area,0.0,0.001,False,940
903,P1390_0002.png,P1390_0002.png,P1390_0002,P1390,3,41632,0.039703369140625,0.2425623381158608,0.2380609418282548,0.0200343910194017,1,True,overlap,high_mask_area,overlap__high_mask_area,train,0.011932373046875,mask_area,0.0,0.001,False,941
904,P1390_0003.png,P1390_0003.png,P1390_0003,P1390,7,46697,0.0445337295532226,0.3387905441962679,0.3659200968523002,0.0200343910194017,1,True,overlap,high_mask_area,overlap__high_mask_area,train,0.011932373046875,mask_area,0.0,0.001,False,942
905,P1390_0004.png,P1390_0004.png,P1390_0004,P1390,5,62694,0.0597896575927734,0.2909995639747905,0.2849210480652438,0.0559349815598961,4,True,overlap,high_mask_area,overlap__high_mask_area,train,0.011932373046875,mask_area,0.0,0.001,False,943
906,P1390_0005.png,P1390_0005.png,P1390_0005,P1390,3,35858,0.0341968536376953,0.2902692862308874,0.2889854365703899,0.0,0,False,no_overlap,high_mask_area,no_overlap__high_mask_area,train,0.011932373046875,mask_area,0.0,0.001,False,944
907,P1390_0006.png,P1390_0006.png,P1390_0006,P1390,2,16012,0.0152702331542968,0.3099212391663276,0.3099212391663276,0.0,0,False,no_overlap,high_mask_area,no_overlap__high_mask_area,train,0.011932373046875,mask_area,0.0,0.001,False,945
908,P1390_0007.png,P1390_0007.png,P1390_0007,P1390,11,41663,0.0397329330444335,0.3580945398529455,0.3253352152434721,0.0152081284824647,1,True,overlap,high_mask_area,overlap__high_mask_area,train,0.011932373046875,mask_area,0.0,0.001,False,946
909,P1390_0008.png,P1390_0008.png,P1390_0008,P1390,15,80527,0.0767965316772461,0.2926972556156497,0.292306178669815,0.0804410911201393,9,True,overlap,high_mask_area,overlap__high_mask_area,train,0.011932373046875,mask_area,0.0,0.001,False,947
910,P1390_0009.png,P1390_0009.png,P1390_0009,P1390,27,150943,0.1439504623413086,0.3034954233652251,0.3033333333333333,0.0926833615542286,24,True,overlap,high_mask_area,overlap__high_mask_area,train,0.011932373046875,mask_area,0.0,0.001,False,948
911,P1390_0010.png,P1390_0010.png,P1390_0010,P1390,23,132112,0.1259918212890625,0.3007966356495779,0.3024816606836273,0.1007913607405079,22,True,overlap,high_mask_area,overlap__high_mask_area,train,0.011932373046875,mask_area,0.0,0.001,False,949
912,P1390_0011.png,P1390_0011.png,P1390_0011,P1390,20,86033,0.0820474624633789,0.3188747666012001,0.3128564936274632,0.1063643763755313,12,True,overlap,high_mask_area,overlap__high_mask_area,train,0.011932373046875,mask_area,0.0,0.001,False,950
913,P1390_0012.png,P1390_0012.png,P1390_0012,P1390,19,103894,0.0990810394287109,0.3027101081632469,0.3016994266994267,0.0842072603164753,13,True,overlap,high_mask_area,overlap__high_mask_area,train,0.011932373046875,mask_area,0.0,0.001,False,951
914,P1390_0013.png,P1390_0013.png,P1390_0013,P1390,32,181630,0.1732158660888672,0.3145952087545799,0.3141569204534364,0.0851315400532072,26,True,overlap,high_mask_area,overlap__high_mask_area,train,0.011932373046875,mask_area,0.0,0.001,False,952
915,P1390_0014.png,P1390_0014.png,P1390_0014,P1390,27,141010,0.1344776153564453,0.2785762368035374,0.2745708944655299,0.0900594732370433,24,True,overlap,high_mask_area,overlap__high_mask_area,train,0.011932373046875,mask_area,0.0,0.001,False,953
916,P1390_0015.png,P1390_0015.png,P1390_0015,P1390,27,106939,0.1019849777221679,0.3376440698102766,0.3249821045096636,0.0903930712858094,14,True,overlap,high_mask_area,overlap__high_mask_area,train,0.011932373046875,mask_area,0.0,0.001,False,954
917,P1390_0016.png,P1390_0016.png,P1390_0016,P1390,11,81810,0.0780200958251953,0.3318637169742745,0.3449945474372955,0.097687675263182,9,True,overlap,high_mask_area,overlap__high_mask_area,train,0.011932373046875,mask_area,0.0,0.001,False,955
918,P1390_0017.png,P1390_0017.png,P1390_0017,P1390,17,103666,0.0988636016845703,0.2896480461582451,0.2740249060150376,0.131970629093074,12,True,overlap,high_mask_area,overlap__high_mask_area,train,0.011932373046875,mask_area,0.0,0.001,False,956
919,P1390_0018.png,P1390_0018.png,P1390_0018,P1390,14,88713,0.0846033096313476,0.3269685124050557,0.3182463555938148,0.0656305882786719,6,True,overlap,high_mask_area,overlap__high_mask_area,train,0.011932373046875,mask_area,0.0,0.001,False,957
920,P1390_0019.png,P1390_0019.png,P1390_0019,P1390,14,50180,0.0478553771972656,0.3642699321973416,0.3747700331910858,0.061400651465798,1,True,overlap,high_mask_area,overlap__high_mask_area,train,0.011932373046875,mask_area,0.0,0.001,False,958
921,P1390_0020.png,P1390_0020.png,P1390_0020,P1390,12,92015,0.0877523422241211,0.3480346882517033,0.3462314164997528,0.0920907079646017,8,True,overlap,high_mask_area,overlap__high_mask_area,train,0.011932373046875,mask_area,0.0,0.001,False,959
922,P1390_0021.png,P1390_0021.png,P1390_0021,P1390,17,112325,0.107121467590332,0.3102970989606887,0.3214708932010072,0.1076313020959779,8,True,overlap,high_mask_area,overlap__high_mask_area,train,0.011932373046875,mask_area,0.0,0.001,False,960
923,P1390_0022.png,P1390_0022.png,P1390_0022,P1390,14,87779,0.0837125778198242,0.3597296599921067,0.3587086294524503,0.0986042966703186,4,True,overlap,high_mask_area,overlap__high_mask_area,train,0.011932373046875,mask_area,0.0,0.001,False,961
924,P1390_0023.png,P1390_0023.png,P1390_0023,P1390,12,56871,0.0542364120483398,0.3796964636791491,0.3763439207650273,0.0835459490685023,2,True,overlap,high_mask_area,overlap__high_mask_area,train,0.011932373046875,mask_area,0.0,0.001,False,962
925,P1390_0024.png,P1390_0024.png,P1390_0024,P1390,16,121057,0.1154489517211914,0.3493017749098081,0.3428872891078063,0.0805965147453083,8,True,overlap,high_mask_area,overlap__high_mask_area,train,0.011932373046875,mask_area,0.0,0.001,False,963
926,P1390_0025.png,P1390_0025.png,P1390_0025,P1390,28,208312,0.1986618041992187,0.3487394939322921,0.3503306321050223,0.0911483119646156,23,True,overlap,high_mask_area,overlap__high_mask_area,train,0.011932373046875,mask_area,0.0,0.001,False,964
927,P1390_0026.png,P1390_0026.png,P1390_0026,P1390,26,193398,0.1844387054443359,0.3397818765062613,0.3410673611289507,0.0909069565421548,24,True,overlap,high_mask_area,overlap__high_mask_area,train,0.011932373046875,mask_area,0.0,0.001,False,965
928,P1390_0027.png,P1390_0027.png,P1390_0027,P1390,20,150913,0.1439218521118164,0.3389513675065435,0.3357174164866472,0.0909069565421548,14,True,overlap,high_mask_area,overlap__high_mask_area,train,0.011932373046875,mask_area,0.0,0.001,False,966
929,P1390_0028.png,P1390_0028.png,P1390_0028,P1390,10,74470,0.0710201263427734,0.3519861361957118,0.3388381168935991,0.0786091160542035,4,True,overlap,high_mask_area,overlap__high_mask_area,train,0.011932373046875,mask_area,0.0,0.001,False,967
930,P1390_0029.png,P1390_0029.png,P1390_0029,P1390,18,132903,0.1267461776733398,0.3486108508647387,0.341992276856398,0.0886731673341459,15,True,overlap,high_mask_area,overlap__high_mask_area,train,0.011932373046875,mask_area,0.0,0.001,False,968
931,P1390_0030.png,P1390_0030.png,P1390_0030,P1390,17,123762,0.1180286407470703,0.3447307642655619,0.339878382769345,0.0901769477239269,14,True,overlap,high_mask_area,overlap__high_mask_area,train,0.011932373046875,mask_area,0.0,0.001,False,969
932,P1390_0031.png,P1390_0031.png,P1390_0031,P1390,12,91115,0.0868940353393554,0.3452683982392971,0.3415539261422795,0.0807274340208472,7,True,overlap,high_mask_area,overlap__high_mask_area,train,0.011932373046875,mask_area,0.0,0.001,False,970
933,P1391_0000.png,P1391_0000.png,P1391_0000,P1391,6,28141,0.0268373489379882,0.4412850022855239,0.4357289034043415,0.0,0,False,no_overlap,high_mask_area,no_overlap__high_mask_area,train,0.011932373046875,mask_area,0.0,0.001,False,971
934,P1391_0001.png,P1391_0001.png,P1391_0001,P1391,6,50241,0.0479135513305664,0.3088733251885454,0.3060138358557099,0.0930232558139534,6,True,overlap,high_mask_area,overlap__high_mask_area,train,0.011932373046875,mask_area,0.0,0.001,False,972
935,P1391_0002.png,P1391_0002.png,P1391_0002,P1391,3,25360,0.0241851806640625,0.3064510572005842,0.3052776434708223,0.0,0,False,no_overlap,high_mask_area,no_overlap__high_mask_area,train,0.011932373046875,mask_area,0.0,0.001,False,973
936,P1391_0005.png,P1391_0005.png,P1391_0005,P1391,15,69548,0.0663261413574218,0.4361093613123618,0.3916040100250627,0.0,0,False,no_overlap,high_mask_area,no_overlap__high_mask_area,train,0.011932373046875,mask_area,0.0,0.001,False,974
937,P1391_0006.png,P1391_0006.png,P1391_0006,P1391,6,51896,0.0494918823242187,0.3157724835875548,0.3145621254783048,0.0878815911193339,4,True,overlap,high_mask_area,overlap__high_mask_area,train,0.011932373046875,mask_area,0.0,0.001,False,975
938,P1391_0007.png,P1391_0007.png,P1391_0007,P1391,4,34964,0.0333442687988281,0.323379331625141,0.3218170033163152,0.0,0,False,no_overlap,high_mask_area,no_overlap__high_mask_area,train,0.011932373046875,mask_area,0.0,0.001,False,976
939,P1391_0008.png,P1391_0008.png,P1391_0008,P1391,1,8686,0.0082836151123046,0.3005640333575556,0.3005640333575556,0.0,0,False,no_overlap,low_mask_area,no_overlap__low_mask_area,train,0.011932373046875,mask_area,0.0,0.001,False,977
940,P1391_0009.png,P1391_0009.png,P1391_0009,P1391,1,8521,0.0081262588500976,0.29485449323506,0.29485449323506,0.0,0,False,no_overlap,low_mask_area,no_overlap__low_mask_area,train,0.011932373046875,mask_area,0.0,0.001,False,978
941,P1391_0010.png,P1391_0010.png,P1391_0010,P1391,14,47899,0.0456800460815429,0.4106592748498289,0.4356561560550994,0.0303328184243786,1,True,overlap,high_mask_area,overlap__high_mask_area,train,0.011932373046875,mask_area,0.0,0.001,False,979
942,P1391_0011.png,P1391_0011.png,P1391_0011,P1391,10,58616,0.0559005737304687,0.3324960211262976,0.3322951558245676,0.0514731984380546,6,True,overlap,high_mask_area,overlap__high_mask_area,train,0.011932373046875,mask_area,0.0,0.001,False,980
943,P1391_0012.png,P1391_0012.png,P1391_0012,P1391,5,18433,0.0175790786743164,0.4115589479364159,0.396039603960396,0.0562966189361354,2,True,overlap,high_mask_area,overlap__high_mask_area,train,0.011932373046875,mask_area,0.0,0.001,False,981
944,P1391_0015.png,P1391_0015.png,P1391_0015,P1391,28,105725,0.1008272171020507,0.3821547548619161,0.3527136286213529,0.0264484309793507,4,True,overlap,high_mask_area,overlap__high_mask_area,train,0.011932373046875,mask_area,0.0,0.001,False,982
945,P1391_0016.png,P1391_0016.png,P1391_0016,P1391,20,117219,0.1117887496948242,0.3290674477436458,0.3264452776041244,0.0832241562168569,11,True,overlap,high_mask_area,overlap__high_mask_area,train,0.011932373046875,mask_area,0.0,0.001,False,983
946,P1391_0017.png,P1391_0017.png,P1391_0017,P1391,5,20838,0.0198726654052734,0.3013665770905746,0.3058991165574237,0.0,0,False,no_overlap,high_mask_area,no_overlap__high_mask_area,train,0.011932373046875,mask_area,0.0,0.001,False,984
947,P1391_0020.png,P1391_0020.png,P1391_0020,P1391,2,2655,0.0025320053100585,0.4342877302436126,0.4342877302436126,0.0,0,False,no_overlap,low_mask_area,no_overlap__low_mask_area,train,0.011932373046875,mask_area,0.0,0.001,False,985
948,P1391_0022.png,P1391_0022.png,P1391_0022,P1391,21,28665,0.0273370742797851,0.4780000111709855,0.4937548790007806,0.1139398998330551,15,True,overlap,high_mask_area,overlap__high_mask_area,train,0.011932373046875,mask_area,0.0,0.001,False,986
949,P1391_0023.png,P1391_0023.png,P1391_0023,P1391,24,30813,0.0293855667114257,0.4919543043244969,0.4931638121739337,0.111501135659715,22,True,overlap,high_mask_area,overlap__high_mask_area,train,0.011932373046875,mask_area,0.0,0.001,False,987
950,P1391_0025.png,P1391_0025.png,P1391_0025,P1391,6,44398,0.0423412322998046,0.3662213065135069,0.3697034855642915,0.0640856585262935,4,True,overlap,high_mask_area,overlap__high_mask_area,train,0.011932373046875,mask_area,0.0,0.001,False,988
951,P1391_0026.png,P1391_0026.png,P1391_0026,P1391,8,59492,0.0567359924316406,0.356253886929299,0.3567249437860675,0.0624050248201803,4,True,overlap,high_mask_area,overlap__high_mask_area,train,0.011932373046875,mask_area,0.0,0.001,False,989
952,P1391_0027.png,P1391_0027.png,P1391_0027,P1391,36,78135,0.0745153427124023,0.4647236974048784,0.4810306454374251,0.1160609613130129,26,True,overlap,high_mask_area,overlap__high_mask_area,train,0.011932373046875,mask_area,0.0,0.001,False,990
953,P1391_0028.png,P1391_0028.png,P1391_0028,P1391,36,46574,0.0444164276123046,0.4773438455782638,0.4822336536515081,0.1129487696651875,31,True,overlap,high_mask_area,overlap__high_mask_area,train,0.011932373046875,mask_area,0.0,0.001,False,991
954,P1391_0030.png,P1391_0030.png,P1391_0030,P1391,22,162268,0.1547508239746093,0.3510134697548853,0.3478927842286387,0.0877592192924838,23,True,overlap,high_mask_area,overlap__high_mask_area,train,0.011932373046875,mask_area,0.0,0.001,False,992
955,P1391_0031.png,P1391_0031.png,P1391_0031,P1391,29,208858,0.1991825103759765,0.358648568426956,0.3585714998254277,0.0865131000527519,24,True,overlap,high_mask_area,overlap__high_mask_area,train,0.011932373046875,mask_area,0.0,0.001,False,993
956,P1391_0032.png,P1391_0032.png,P1391_0032,P1391,16,118554,0.1130619049072265,0.3551693387149676,0.3588716301560789,0.0775367181092969,9,True,overlap,high_mask_area,overlap__high_mask_area,train,0.011932373046875,mask_area,0.0,0.001,False,994
957,P1391_0033.png,P1391_0033.png,P1391_0033,P1391,3,16298,0.015542984008789,0.3660407041594108,0.3591613931694121,0.0,0,False,no_overlap,high_mask_area,no_overlap__high_mask_area,train,0.011932373046875,mask_area,0.0,0.001,False,995
958,P1391_0034.png,P1391_0034.png,P1391_0034,P1391,3,10651,0.0101575851440429,0.2829140995506169,0.2774327122153209,0.0886917960088691,1,True,overlap,low_mask_area,overlap__low_mask_area,train,0.011932373046875,mask_area,0.0,0.001,False,996
959,P1391_0035.png,P1391_0035.png,P1391_0035,P1391,8,59042,0.0563068389892578,0.3478222414866984,0.3441025559395786,0.0877592192924838,6,True,overlap,high_mask_area,overlap__high_mask_area,train,0.011932373046875,mask_area,0.0,0.001,False,997
960,P1391_0036.png,P1391_0036.png,P1391_0036,P1391,12,85189,0.081242561340332,0.3553894963052959,0.3572313280718382,0.081565169468173,9,True,overlap,high_mask_area,overlap__high_mask_area,train,0.011932373046875,mask_area,0.0,0.001,False,998
961,P1391_0037.png,P1391_0037.png,P1391_0037,P1391,7,51786,0.049386978149414,0.3668323362531797,0.369189453125,0.0812986945305782,3,True,overlap,high_mask_area,overlap__high_mask_area,train,0.011932373046875,mask_area,0.0,0.001,False,999
962,P1391_0038.png,P1391_0038.png,P1391_0038,P1391,2,14635,0.0139570236206054,0.3886585774879406,0.3886585774879406,0.0,0,False,no_overlap,high_mask_area,no_overlap__high_mask_area,train,0.011932373046875,mask_area,0.0,0.001,False,1000
963,P1391_0039.png,P1391_0039.png,P1391_0039,P1391,1,7058,0.0067310333251953,0.396962879640045,0.396962879640045,0.0,0,False,no_overlap,low_mask_area,no_overlap__low_mask_area,train,0.011932373046875,mask_area,0.0,0.001,False,1001
964,P1392_0001.png,P1392_0001.png,P1392_0001,P1392,31,42045,0.0400972366333007,0.4227857731676612,0.4143461795500111,0.1444741716402552,26,True,overlap,high_mask_area,overlap__high_mask_area,train,0.011932373046875,mask_area,0.0,0.001,False,1002
965,P1392_0002.png,P1392_0002.png,P1392_0002,P1392,26,44518,0.0424556732177734,0.3900407614871385,0.3787640056022409,0.1263616557734204,11,True,overlap,high_mask_area,overlap__high_mask_area,train,0.011932373046875,mask_area,0.0,0.001,False,1003
966,P1392_0003.png,P1392_0003.png,P1392_0003,P1392,5,6522,0.0062198638916015,0.4108260017843926,0.3903688524590163,0.2182916307161346,1,True,overlap,low_mask_area,overlap__low_mask_area,train,0.011932373046875,mask_area,0.0,0.001,False,1004
967,P1392_0006.png,P1392_0006.png,P1392_0006,P1392,83,114253,0.1089601516723632,0.4252154794495862,0.4221453287197231,0.1507132520157122,79,True,overlap,high_mask_area,overlap__high_mask_area,train,0.011932373046875,mask_area,0.0,0.001,False,1005
968,P1392_0007.png,P1392_0007.png,P1392_0007,P1392,65,115655,0.1102972030639648,0.4012477424197271,0.4044274159216688,0.1411112511024316,30,True,overlap,high_mask_area,overlap__high_mask_area,train,0.011932373046875,mask_area,0.0,0.001,False,1006
969,P1392_0008.png,P1392_0008.png,P1392_0008,P1392,51,68331,0.0651655197143554,0.4288932707659603,0.4327286470143613,0.2186689714779602,11,True,overlap,high_mask_area,overlap__high_mask_area,train,0.011932373046875,mask_area,0.0,0.001,False,1007
970,P1392_0009.png,P1392_0009.png,P1392_0009,P1392,64,71867,0.0685377120971679,0.4365922780398932,0.4344604405069521,0.2281073446327683,34,True,overlap,high_mask_area,overlap__high_mask_area,train,0.011932373046875,mask_area,0.0,0.001,False,1008
971,P1392_0011.png,P1392_0011.png,P1392_0011,P1392,49,108591,0.1035604476928711,0.4231383350709494,0.4316742081447964,0.1304954640614096,38,True,overlap,high_mask_area,overlap__high_mask_area,train,0.011932373046875,mask_area,0.0,0.001,False,1009
972,P1392_0012.png,P1392_0012.png,P1392_0012,P1392,47,79800,0.0761032104492187,0.4208837551672192,0.4233549582947173,0.1400049912652857,14,True,overlap,high_mask_area,overlap__high_mask_area,train,0.011932373046875,mask_area,0.0,0.001,False,1010
973,P1392_0013.png,P1392_0013.png,P1392_0013,P1392,92,108543,0.1035146713256836,0.4404427640636472,0.4424543655824496,0.2323232323232323,46,True,overlap,high_mask_area,overlap__high_mask_area,train,0.011932373046875,mask_area,0.0,0.001,False,1011
974,P1392_0014.png,P1392_0014.png,P1392_0014,P1392,135,147505,0.1406717300415039,0.4268165909082302,0.4318007662835249,0.2323232323232323,110,True,overlap,high_mask_area,overlap__high_mask_area,train,0.011932373046875,mask_area,0.0,0.001,False,1012
975,P1392_0015.png,P1392_0015.png,P1392_0015,P1392,0,0,0.0,0.0,0.0,0.0,0,False,no_overlap,low_mask_area,negative,train,0.011932373046875,mask_area,0.0,0.001,False,1013
976,P1392_0016.png,P1392_0016.png,P1392_0016,P1392,55,126574,0.1207103729248046,0.4312355600768763,0.4327838827838828,0.0884136938418834,31,True,overlap,high_mask_area,overlap__high_mask_area,train,0.011932373046875,mask_area,0.0,0.001,False,1014
977,P1392_0017.png,P1392_0017.png,P1392_0017,P1392,98,106183,0.1012639999389648,0.4073484090766214,0.4163359163359163,0.0818706272247453,72,True,overlap,high_mask_area,overlap__high_mask_area,train,0.011932373046875,mask_area,0.0,0.001,False,1015
978,P1392_0018.png,P1392_0018.png,P1392_0018,P1392,110,90899,0.0866880416870117,0.4233583764780259,0.4187896030001293,0.1136451488210282,85,True,overlap,high_mask_area,overlap__high_mask_area,train,0.011932373046875,mask_area,0.0,0.001,False,1016
979,P1392_0019.png,P1392_0019.png,P1392_0019,P1392,44,56193,0.0535898208618164,0.4120873881725241,0.4144642792280909,0.1136451488210282,14,True,overlap,high_mask_area,overlap__high_mask_area,train,0.011932373046875,mask_area,0.0,0.001,False,1017
980,P1392_0021.png,P1392_0021.png,P1392_0021,P1392,24,56049,0.0534524917602539,0.412958161981029,0.392981465925763,0.0947397411181492,11,True,overlap,high_mask_area,overlap__high_mask_area,train,0.011932373046875,mask_area,0.0,0.001,False,1018
981,P1392_0022.png,P1392_0022.png,P1392_0022,P1392,78,82216,0.0784072875976562,0.3980071177796482,0.4099099099099099,0.0773195876288659,58,True,overlap,high_mask_area,overlap__high_mask_area,train,0.011932373046875,mask_area,0.0,0.001,False,1019
982,P1392_0023.png,P1392_0023.png,P1392_0023,P1392,96,80947,0.0771970748901367,0.4162403513761763,0.416168257923577,0.1176359158931615,72,True,overlap,high_mask_area,overlap__high_mask_area,train,0.011932373046875,mask_area,0.0,0.001,False,1020
983,P1392_0024.png,P1392_0024.png,P1392_0024,P1392,34,49214,0.0469341278076171,0.4199317971313773,0.4302721088435374,0.1176359158931615,14,True,overlap,high_mask_area,overlap__high_mask_area,train,0.011932373046875,mask_area,0.0,0.001,False,1021
984,P1393_0008.png,P1393_0008.png,P1393_0008,P1393,7,19454,0.0185527801513671,0.3591841461796825,0.3489085545722714,0.0267824828085414,6,True,overlap,high_mask_area,overlap__high_mask_area,train,0.011932373046875,mask_area,0.0,0.001,False,161
985,P1393_0009.png,P1393_0009.png,P1393_0009,P1393,3,13717,0.0130815505981445,0.3965744284813545,0.3936101049503111,0.0,0,False,no_overlap,high_mask_area,no_overlap__high_mask_area,train,0.011932373046875,mask_area,0.0,0.001,False,162
986,P1393_0010.png,P1393_0010.png,P1393_0010,P1393,6,32036,0.0305519104003906,0.3906070390390133,0.3885615099777189,0.0,0,False,no_overlap,high_mask_area,no_overlap__high_mask_area,train,0.011932373046875,mask_area,0.0,0.001,False,163
987,P1393_0016.png,P1393_0016.png,P1393_0016,P1393,21,60250,0.0574588775634765,0.3647966953276872,0.3632338056680162,0.0240103828682673,19,True,overlap,high_mask_area,overlap__high_mask_area,train,0.011932373046875,mask_area,0.0,0.001,False,164
988,P1393_0017.png,P1393_0017.png,P1393_0017,P1393,2,10545,0.0100564956665039,0.4824196651588135,0.4824196651588135,0.0,0,False,no_overlap,low_mask_area,no_overlap__low_mask_area,train,0.011932373046875,mask_area,0.0,0.001,False,165
989,P1393_0018.png,P1393_0018.png,P1393_0018,P1393,12,64749,0.0617494583129882,0.3865753997028897,0.3862451456310679,0.2137456173699995,2,True,overlap,high_mask_area,overlap__high_mask_area,train,0.011932373046875,mask_area,0.0,0.001,False,166
990,P1393_0024.png,P1393_0024.png,P1393_0024,P1393,21,59416,0.0566635131835937,0.365757764059742,0.3555045871559633,0.0314653332520275,17,True,overlap,high_mask_area,overlap__high_mask_area,train,0.011932373046875,mask_area,0.0,0.001,False,167
991,P1393_0025.png,P1393_0025.png,P1393_0025,P1393,1,4934,0.0047054290771484,0.5353732638888888,0.5353732638888888,0.0,0,False,no_overlap,low_mask_area,no_overlap__low_mask_area,train,0.011932373046875,mask_area,0.0,0.001,False,168
992,P1393_0026.png,P1393_0026.png,P1393_0026,P1393,9,46568,0.0444107055664062,0.4032946394623211,0.4087775735294117,0.1591080307367786,1,True,overlap,high_mask_area,overlap__high_mask_area,train,0.011932373046875,mask_area,0.0,0.001,False,169
993,P1393_0032.png,P1393_0032.png,P1393_0032,P1393,25,73316,0.0699195861816406,0.3854914522447998,0.386388140161725,0.1451234260510777,8,True,overlap,high_mask_area,overlap__high_mask_area,train,0.011932373046875,mask_area,0.0,0.001,False,170
994,P1393_0033.png,P1393_0033.png,P1393_0033,P1393,17,49484,0.0471916198730468,0.3578669307947638,0.3520039830719442,0.064660119882668,9,True,overlap,high_mask_area,overlap__high_mask_area,train,0.011932373046875,mask_area,0.0,0.001,False,171
995,P1393_0040.png,P1393_0040.png,P1393_0040,P1393,35,103175,0.0983953475952148,0.3838345649187551,0.3819164989939638,0.1478923553226958,12,True,overlap,high_mask_area,overlap__high_mask_area,train,0.011932373046875,mask_area,0.0,0.001,False,172
996,P1393_0041.png,P1393_0041.png,P1393_0041,P1393,27,80732,0.0769920349121093,0.3750387430832842,0.3790832455216016,0.064660119882668,15,True,overlap,high_mask_area,overlap__high_mask_area,train,0.011932373046875,mask_area,0.0,0.001,False,173
997,P1393_0048.png,P1393_0048.png,P1393_0048,P1393,9,26179,0.0249662399291992,0.3725316658138628,0.3733125649013499,0.0,0,False,no_overlap,high_mask_area,no_overlap__high_mask_area,train,0.011932373046875,mask_area,0.0,0.001,False,174
998,P1393_0049.png,P1393_0049.png,P1393_0049,P1393,13,38611,0.0368223190307617,0.3957304163679478,0.390680531788864,0.0363660852582665,5,True,overlap,high_mask_area,overlap__high_mask_area,train,0.011932373046875,mask_area,0.0,0.001,False,175
999,P1393_0056.png,P1393_0056.png,P1393_0056,P1393,7,20417,0.0194711685180664,0.3714566507739238,0.3770032051282051,0.0,0,False,no_overlap,high_mask_area,no_overlap__high_mask_area,train,0.011932373046875,mask_area,0.0,0.001,False,176
1000,P1393_0057.png,P1393_0057.png,P1393_0057,P1393,9,26982,0.0257320404052734,0.3872662210059261,0.388510101010101,0.0283501771886074,2,True,overlap,high_mask_area,overlap__high_mask_area,train,0.011932373046875,mask_area,0.0,0.001,False,177
1001,P1394_0011.png,P1394_0011.png,P1394_0011,P1394,3,4401,0.0041971206665039,0.3870898722086751,0.3873303167420814,0.0196448809973554,1,True,overlap,low_mask_area,overlap__low_mask_area,train,0.011932373046875,mask_area,0.0,0.001,False,1022
1002,P1394_0012.png,P1394_0012.png,P1394_0012,P1394,4,4631,0.0044164657592773,0.4095862151296934,0.3996348096348096,0.0,0,False,no_overlap,low_mask_area,no_overlap__low_mask_area,train,0.011932373046875,mask_area,0.0,0.001,False,1023
1003,P1394_0016.png,P1394_0016.png,P1394_0016,P1394,5,11995,0.0114393234252929,0.4201949721207165,0.4529579472558802,0.0,0,False,no_overlap,low_mask_area,no_overlap__low_mask_area,train,0.011932373046875,mask_area,0.0,0.001,False,1024
1004,P1394_0017.png,P1394_0017.png,P1394_0017,P1394,18,33638,0.0320796966552734,0.4067683382083114,0.4029882154882155,0.0,0,False,no_overlap,high_mask_area,no_overlap__high_mask_area,train,0.011932373046875,mask_area,0.0,0.001,False,1025
1005,P1394_0018.png,P1394_0018.png,P1394_0018,P1394,1,7641,0.0072870254516601,0.3588334742180896,0.3588334742180896,0.0,0,False,no_overlap,low_mask_area,no_overlap__low_mask_area,train,0.011932373046875,mask_area,0.0,0.001,False,1026
1006,P1394_0021.png,P1394_0021.png,P1394_0021,P1394,1,1278,0.0012187957763671,0.4554526015680684,0.4554526015680684,0.0,0,False,no_overlap,low_mask_area,no_overlap__low_mask_area,train,0.011932373046875,mask_area,0.0,0.001,False,1027
1007,P1394_0025.png,P1394_0025.png,P1394_0025,P1394,3,10792,0.0102920532226562,0.3595364383200035,0.3645833333333333,0.0113993423456339,1,True,overlap,low_mask_area,overlap__low_mask_area,train,0.011932373046875,mask_area,0.0,0.001,False,1028
1008,P1394_0026.png,P1394_0026.png,P1394_0026,P1394,4,7505,0.0071573257446289,0.3280151713181899,0.3540450485187327,0.0,0,False,no_overlap,low_mask_area,no_overlap__low_mask_area,train,0.011932373046875,mask_area,0.0,0.001,False,1029
1009,P1394_0030.png,P1394_0030.png,P1394_0030,P1394,2,3187,0.0030393600463867,0.204780016329159,0.204780016329159,0.1584541062801932,1,True,overlap,low_mask_area,overlap__low_mask_area,train,0.011932373046875,mask_area,0.0,0.001,False,1030
1010,P1395_0000.png,P1395_0000.png,P1395_0000,P1395,1,20935,0.0199651718139648,0.3148925289171668,0.3148925289171668,0.0,0,False,no_overlap,high_mask_area,no_overlap__high_mask_area,train,0.011932373046875,mask_area,0.0,0.001,False,1031
1011,P1395_0001.png,P1395_0001.png,P1395_0001,P1395,1,21435,0.0204420089721679,0.3237133019209858,0.3237133019209858,0.0,0,False,no_overlap,high_mask_area,no_overlap__high_mask_area,train,0.011932373046875,mask_area,0.0,0.001,False,1032
1012,P1395_0003.png,P1395_0003.png,P1395_0003,P1395,1,2325,0.0022172927856445,0.4522466446216689,0.4522466446216689,0.0,0,False,no_overlap,low_mask_area,no_overlap__low_mask_area,train,0.011932373046875,mask_area,0.0,0.001,False,1033
1013,P1395_0004.png,P1395_0004.png,P1395_0004,P1395,1,2361,0.0022516250610351,0.4592491733125851,0.4592491733125851,0.0,0,False,no_overlap,low_mask_area,no_overlap__low_mask_area,train,0.011932373046875,mask_area,0.0,0.001,False,1034
1014,P1395_0005.png,P1395_0005.png,P1395_0005,P1395,6,128205,0.1222658157348632,0.2896750338678791,0.2864889393187046,0.0870596011265015,6,True,overlap,high_mask_area,overlap__high_mask_area,train,0.011932373046875,mask_area,0.0,0.001,False,1035
1015,P1395_0006.png,P1395_0006.png,P1395_0006,P1395,4,86498,0.0824909210205078,0.3095942260561667,0.3147003882937269,0.0,0,False,no_overlap,high_mask_area,no_overlap__high_mask_area,train,0.011932373046875,mask_area,0.0,0.001,False,1036
1016,P1395_0010.png,P1395_0010.png,P1395_0010,P1395,6,126509,0.1206483840942382,0.2830568261714991,0.2856634545689797,0.0908062972949465,7,True,overlap,high_mask_area,overlap__high_mask_area,train,0.011932373046875,mask_area,0.0,0.001,False,1037
1017,P1395_0011.png,P1395_0011.png,P1395_0011,P1395,8,164617,0.1569910049438476,0.2898896901423095,0.296330645903062,0.0871200363812232,7,True,overlap,high_mask_area,overlap__high_mask_area,train,0.011932373046875,mask_area,0.0,0.001,False,1038
1018,P1395_0012.png,P1395_0012.png,P1395_0012,P1395,2,44960,0.042877197265625,0.2956457056386168,0.2956457056386168,0.0146788011422776,1,True,overlap,high_mask_area,overlap__high_mask_area,train,0.011932373046875,mask_area,0.0,0.001,False,1039
1019,P1395_0015.png,P1395_0015.png,P1395_0015,P1395,11,41110,0.0392055511474609,0.3490039829496864,0.3533653846153846,0.0995391705069124,6,True,overlap,high_mask_area,overlap__high_mask_area,train,0.011932373046875,mask_area,0.0,0.001,False,1040
1020,P1395_0016.png,P1395_0016.png,P1395_0016,P1395,9,70762,0.067483901977539,0.3004711757277316,0.3036102653327533,0.0,0,False,no_overlap,high_mask_area,no_overlap__high_mask_area,train,0.011932373046875,mask_area,0.0,0.001,False,1041
1021,P1395_0017.png,P1395_0017.png,P1395_0017,P1395,9,33103,0.031569480895996,0.3720018894024853,0.3766153846153846,0.0,0,False,no_overlap,high_mask_area,no_overlap__high_mask_area,train,0.011932373046875,mask_area,0.0,0.001,False,1042
1022,P1395_0018.png,P1395_0018.png,P1395_0018,P1395,12,13515,0.0128889083862304,0.3835963345430571,0.3787451244347796,0.0,0,False,no_overlap,high_mask_area,no_overlap__high_mask_area,train,0.011932373046875,mask_area,0.0,0.001,False,1043
1023,P1395_0019.png,P1395_0019.png,P1395_0019,P1395,9,9593,0.0091485977172851,0.3862609675336293,0.3732439335887612,0.0,0,False,no_overlap,low_mask_area,no_overlap__low_mask_area,train,0.011932373046875,mask_area,0.0,0.001,False,1044
1024,P1395_0020.png,P1395_0020.png,P1395_0020,P1395,24,40139,0.0382795333862304,0.3603970142719885,0.3722234189889176,0.1068263866097801,17,True,overlap,high_mask_area,overlap__high_mask_area,train,0.011932373046875,mask_area,0.0,0.001,False,1045
1025,P1395_0021.png,P1395_0021.png,P1395_0021,P1395,32,63116,0.0601921081542968,0.3494070959643194,0.3607585891597808,0.0608211551844119,3,True,overlap,high_mask_area,overlap__high_mask_area,train,0.011932373046875,mask_area,0.0,0.001,False,1046
1026,P1395_0022.png,P1395_0022.png,P1395_0022,P1395,57,65695,0.0626516342163086,0.3830771151633924,0.3758640552995391,0.0797705943691345,22,True,overlap,high_mask_area,overlap__high_mask_area,train,0.011932373046875,mask_area,0.0,0.001,False,1047
1027,P1395_0023.png,P1395_0023.png,P1395_0023,P1395,17,19684,0.0187721252441406,0.3628282863942619,0.3592425098925947,0.0,0,False,no_overlap,high_mask_area,no_overlap__high_mask_area,train,0.011932373046875,mask_area,0.0,0.001,False,1048
1028,P1395_0024.png,P1395_0024.png,P1395_0024,P1395,13,14572,0.0138969421386718,0.3648337332152674,0.3631578947368421,0.0,0,False,no_overlap,high_mask_area,no_overlap__high_mask_area,train,0.011932373046875,mask_area,0.0,0.001,False,1049
1029,P1395_0026.png,P1395_0026.png,P1395_0026,P1395,23,29087,0.0277395248413085,0.3764243010228964,0.3802565930149679,0.0608211551844119,8,True,overlap,high_mask_area,overlap__high_mask_area,train,0.011932373046875,mask_area,0.0,0.001,False,1050
1030,P1395_0027.png,P1395_0027.png,P1395_0027,P1395,5,5987,0.0057096481323242,0.3829632843421502,0.3783602150537634,0.0,0,False,no_overlap,low_mask_area,no_overlap__low_mask_area,train,0.011932373046875,mask_area,0.0,0.001,False,1051
1031,P1398_0000.png,P1398_0000.png,P1398_0000,P1398,2,43104,0.041107177734375,0.331162247492527,0.331162247492527,0.0,0,False,no_overlap,high_mask_area,no_overlap__high_mask_area,train,0.011932373046875,mask_area,0.0,0.001,False,1052
1032,P1398_0001.png,P1398_0001.png,P1398_0001,P1398,6,125063,0.1192693710327148,0.3368945931852563,0.3315393793617382,0.0,0,False,no_overlap,high_mask_area,no_overlap__high_mask_area,train,0.011932373046875,mask_area,0.0,0.001,False,1053
1033,P1398_0002.png,P1398_0002.png,P1398_0002,P1398,8,102900,0.0981330871582031,0.3730682850413078,0.3771787272542322,0.0,0,False,no_overlap,high_mask_area,no_overlap__high_mask_area,train,0.011932373046875,mask_area,0.0,0.001,False,1054
1034,P1398_0003.png,P1398_0003.png,P1398_0003,P1398,6,111402,0.106241226196289,0.3486030666216613,0.3368440898143868,0.0,0,False,no_overlap,high_mask_area,no_overlap__high_mask_area,train,0.011932373046875,mask_area,0.0,0.001,False,1055
1035,P1398_0004.png,P1398_0004.png,P1398_0004,P1398,5,82863,0.0790243148803711,0.2586910448798041,0.3146786248131539,0.0,0,False,no_overlap,high_mask_area,no_overlap__high_mask_area,train,0.011932373046875,mask_area,0.0,0.001,False,1056
1036,P1398_0005.png,P1398_0005.png,P1398_0005,P1398,9,116414,0.1110210418701171,0.4348368276598631,0.4265010351966873,0.0,0,False,no_overlap,high_mask_area,no_overlap__high_mask_area,train,0.011932373046875,mask_area,0.0,0.001,False,1057
1037,P1398_0006.png,P1398_0006.png,P1398_0006,P1398,7,50255,0.047926902770996,0.444222799761803,0.4277983691623425,0.0,0,False,no_overlap,high_mask_area,no_overlap__high_mask_area,train,0.011932373046875,mask_area,0.0,0.001,False,1058
1038,P1398_0007.png,P1398_0007.png,P1398_0007,P1398,1,5697,0.0054330825805664,0.4377929762545147,0.4377929762545147,0.0,0,False,no_overlap,low_mask_area,no_overlap__low_mask_area,train,0.011932373046875,mask_area,0.0,0.001,False,1059
1039,P1398_0008.png,P1398_0008.png,P1398_0008,P1398,3,42968,0.0409774780273437,0.2241735177067565,0.3179569399908383,0.0650244033665116,2,True,overlap,high_mask_area,overlap__high_mask_area,train,0.011932373046875,mask_area,0.0,0.001,False,1060
1040,P1398_0009.png,P1398_0009.png,P1398_0009,P1398,8,127390,0.1214885711669921,0.4054889709104743,0.3436804064312525,0.0645503658144046,3,True,overlap,high_mask_area,overlap__high_mask_area,train,0.011932373046875,mask_area,0.0,0.001,False,1061
1041,P1398_0010.png,P1398_0010.png,P1398_0010,P1398,21,222939,0.2126111984252929,0.4687122727996626,0.4876712328767123,0.0645995738374795,13,True,overlap,high_mask_area,overlap__high_mask_area,train,0.011932373046875,mask_area,0.0,0.001,False,1062
1042,P1398_0011.png,P1398_0011.png,P1398_0011,P1398,19,207346,0.1977405548095703,0.4487744515499965,0.489564336372847,0.0711780562506642,17,True,overlap,high_mask_area,overlap__high_mask_area,train,0.011932373046875,mask_area,0.0,0.001,False,1063
1043,P1398_0012.png,P1398_0012.png,P1398_0012,P1398,7,148111,0.1412496566772461,0.3187756903757299,0.3224973416375513,0.0862583302019187,3,True,overlap,high_mask_area,overlap__high_mask_area,train,0.011932373046875,mask_area,0.0,0.001,False,1064
1044,P1398_0013.png,P1398_0013.png,P1398_0013,P1398,4,79115,0.0754499435424804,0.3116710278380523,0.3094317487790394,0.0801643431761514,2,True,overlap,high_mask_area,overlap__high_mask_area,train,0.011932373046875,mask_area,0.0,0.001,False,1065
1045,P1398_0017.png,P1398_0017.png,P1398_0017,P1398,3,169646,0.1617870330810547,0.3808734338113796,0.3018274837954432,0.021001187346281,1,True,overlap,high_mask_area,overlap__high_mask_area,train,0.011932373046875,mask_area,0.0,0.001,False,1066
1046,P1398_0018.png,P1398_0018.png,P1398_0018,P1398,8,126391,0.1205358505249023,0.4834561285272722,0.4907679309944127,0.0,0,False,no_overlap,high_mask_area,no_overlap__high_mask_area,train,0.011932373046875,mask_area,0.0,0.001,False,1067
1047,P1398_0019.png,P1398_0019.png,P1398_0019,P1398,9,162934,0.1553859710693359,0.4329950397000092,0.4816039091693015,0.0301060060471795,2,True,overlap,high_mask_area,overlap__high_mask_area,train,0.011932373046875,mask_area,0.0,0.001,False,1068
1048,P1398_0020.png,P1398_0020.png,P1398_0020,P1398,2,161289,0.1538171768188476,0.2750705763147693,0.2750705763147693,0.019588846636065,1,True,overlap,high_mask_area,overlap__high_mask_area,train,0.011932373046875,mask_area,0.0,0.001,False,1069
1049,P1398_0024.png,P1398_0024.png,P1398_0024,P1398,1,77362,0.0737781524658203,0.2276484487877798,0.2276484487877798,0.0,0,False,no_overlap,high_mask_area,no_overlap__high_mask_area,train,0.011932373046875,mask_area,0.0,0.001,False,1070
1050,P1398_0025.png,P1398_0025.png,P1398_0025,P1398,2,82283,0.0784711837768554,0.1328980388035496,0.1328980388035496,0.0055766688697951,1,True,overlap,high_mask_area,overlap__high_mask_area,train,0.011932373046875,mask_area,0.0,0.001,False,1071
1051,P1398_0026.png,P1398_0026.png,P1398_0026,P1398,1,80919,0.0771703720092773,0.2844253075571177,0.2844253075571177,0.0,0,False,no_overlap,high_mask_area,no_overlap__high_mask_area,train,0.011932373046875,mask_area,0.0,0.001,False,1072
1052,P1398_0027.png,P1398_0027.png,P1398_0027,P1398,2,165804,0.1581230163574218,0.2919841047891717,0.2919841047891717,0.0,0,False,no_overlap,high_mask_area,no_overlap__high_mask_area,train,0.011932373046875,mask_area,0.0,0.001,False,1073
1053,P1398_0028.png,P1398_0028.png,P1398_0028,P1398,1,81438,0.0776653289794921,0.2626608611514271,0.2626608611514271,0.0,0,False,no_overlap,high_mask_area,no_overlap__high_mask_area,train,0.011932373046875,mask_area,0.0,0.001,False,1074
1054,P1398_0029.png,P1398_0029.png,P1398_0029,P1398,1,82474,0.078653335571289,0.3075368414772388,0.3075368414772388,0.0,0,False,no_overlap,high_mask_area,no_overlap__high_mask_area,train,0.011932373046875,mask_area,0.0,0.001,False,1075
1055,P1398_0032.png,P1398_0032.png,P1398_0032,P1398,1,76960,0.073394775390625,0.2597911139016601,0.2597911139016601,0.0,0,False,no_overlap,high_mask_area,no_overlap__high_mask_area,train,0.011932373046875,mask_area,0.0,0.001,False,1076
1056,P1398_0033.png,P1398_0033.png,P1398_0033,P1398,2,157248,0.14996337890625,0.2835533843680341,0.2835533843680341,0.0143125460640498,1,True,overlap,high_mask_area,overlap__high_mask_area,train,0.011932373046875,mask_area,0.0,0.001,False,1077
1057,P1398_0034.png,P1398_0034.png,P1398_0034,P1398,1,81596,0.0778160095214843,0.2694911783550984,0.2694911783550984,0.0,0,False,no_overlap,high_mask_area,no_overlap__high_mask_area,train,0.011932373046875,mask_area,0.0,0.001,False,1078
1058,P1398_0035.png,P1398_0035.png,P1398_0035,P1398,2,161083,0.1536207199096679,0.2871952815666203,0.2871952815666203,0.0264370868636745,1,True,overlap,high_mask_area,overlap__high_mask_area,train,0.011932373046875,mask_area,0.0,0.001,False,1079
1059,P1398_0036.png,P1398_0036.png,P1398_0036,P1398,1,81466,0.0776920318603515,0.2816164269911504,0.2816164269911504,0.0,0,False,no_overlap,high_mask_area,no_overlap__high_mask_area,train,0.011932373046875,mask_area,0.0,0.001,False,1080
1060,P1398_0037.png,P1398_0037.png,P1398_0037,P1398,1,77727,0.0741262435913086,0.1457718347367828,0.1457718347367828,0.0,0,False,no_overlap,high_mask_area,no_overlap__high_mask_area,train,0.011932373046875,mask_area,0.0,0.001,False,1081
1061,P1401_0002.png,P1401_0002.png,P1401_0002,P1401,0,0,0.0,0.0,0.0,0.0,0,False,no_overlap,low_mask_area,negative,train,0.011932373046875,mask_area,0.0,0.001,False,1132
1062,P1401_0005.png,P1401_0005.png,P1401_0005,P1401,16,80999,0.0772466659545898,0.2262950019363264,0.2090760052005628,0.1560883039578413,22,True,overlap,high_mask_area,overlap__high_mask_area,train,0.011932373046875,mask_area,0.0,0.001,False,1133
1063,P1401_0006.png,P1401_0006.png,P1401_0006,P1401,8,46484,0.0443305969238281,0.2051775423655521,0.2105328997952414,0.2100611828687967,9,True,overlap,high_mask_area,overlap__high_mask_area,train,0.011932373046875,mask_area,0.0,0.001,False,1134
1064,P1401_0007.png,P1401_0007.png,P1401_0007,P1401,1,4391,0.0041875839233398,0.1806178273209658,0.1806178273209658,0.0,0,False,no_overlap,low_mask_area,no_overlap__low_mask_area,train,0.011932373046875,mask_area,0.0,0.001,False,1135
1065,P1401_0010.png,P1401_0010.png,P1401_0010,P1401,32,138054,0.1316585540771484,0.2843024860177294,0.2710920068782381,0.2065356210783497,32,True,overlap,high_mask_area,overlap__high_mask_area,train,0.011932373046875,mask_area,0.0,0.001,False,1136
1066,P1401_0011.png,P1401_0011.png,P1401_0011,P1401,33,139975,0.1334905624389648,0.2231429783347391,0.2136363636363636,0.2483026527612515,42,True,overlap,high_mask_area,overlap__high_mask_area,train,0.011932373046875,mask_area,0.0,0.001,False,1137
1067,P1401_0012.png,P1401_0012.png,P1401_0012,P1401,9,40753,0.0388650894165039,0.2478751548411334,0.2462792345854004,0.2220166512488436,5,True,overlap,high_mask_area,overlap__high_mask_area,train,0.011932373046875,mask_area,0.0,0.001,False,1138
1068,P1401_0015.png,P1401_0015.png,P1401_0015,P1401,40,67042,0.0639362335205078,0.3102890497934615,0.3044788942897132,0.2288498449726856,32,True,overlap,high_mask_area,overlap__high_mask_area,train,0.011932373046875,mask_area,0.0,0.001,False,1139
1069,P1401_0016.png,P1401_0016.png,P1401_0016,P1401,52,106795,0.1018476486206054,0.2789364674167128,0.2520868020868021,0.2270951480781348,63,True,overlap,high_mask_area,overlap__high_mask_area,train,0.011932373046875,mask_area,0.0,0.001,False,1140
1070,P1401_0017.png,P1401_0017.png,P1401_0017,P1401,15,76551,0.0730047225952148,0.2377413067964395,0.2205245615674547,0.19559902200489,21,True,overlap,high_mask_area,overlap__high_mask_area,train,0.011932373046875,mask_area,0.0,0.001,False,1141
1071,P1401_0020.png,P1401_0020.png,P1401_0020,P1401,4,6650,0.0063419342041015,0.3424620627416255,0.3316930700383291,0.0292173913043478,1,True,overlap,low_mask_area,overlap__low_mask_area,train,0.011932373046875,mask_area,0.0,0.001,False,1142
1072,P1401_0021.png,P1401_0021.png,P1401_0021,P1401,2,3624,0.0034561157226562,0.319173748730869,0.319173748730869,0.0,0,False,no_overlap,low_mask_area,no_overlap__low_mask_area,train,0.011932373046875,mask_area,0.0,0.001,False,1143
1073,P1401_0022.png,P1401_0022.png,P1401_0022,P1401,3,8408,0.0080184936523437,0.1876983609305854,0.1885615028306742,0.0776034236804564,2,True,overlap,low_mask_area,overlap__low_mask_area,train,0.011932373046875,mask_area,0.0,0.001,False,1144
1074,P1401_0025.png,P1401_0025.png,P1401_0025,P1401,4,6723,0.0064115524291992,0.3455838303585902,0.3349928479209443,0.0294581799053129,1,True,overlap,low_mask_area,overlap__low_mask_area,train,0.011932373046875,mask_area,0.0,0.001,False,1145
1075,P1401_0026.png,P1401_0026.png,P1401_0026,P1401,2,3661,0.0034914016723632,0.3217080152671756,0.3217080152671756,0.0,0,False,no_overlap,low_mask_area,no_overlap__low_mask_area,train,0.011932373046875,mask_area,0.0,0.001,False,1146
1076,P1401_0027.png,P1401_0027.png,P1401_0027,P1401,2,5703,0.0054388046264648,0.1886890473365508,0.1886890473365508,0.0776034236804564,1,True,overlap,low_mask_area,overlap__low_mask_area,train,0.011932373046875,mask_area,0.0,0.001,False,1147
1077,P1403_0000.png,P1403_0000.png,P1403_0000,P1403,2,12348,0.0117759704589843,0.1687323088876279,0.1687323088876279,0.0,0,False,no_overlap,low_mask_area,no_overlap__low_mask_area,train,0.011932373046875,mask_area,0.0,0.001,False,1148
1078,P1403_0001.png,P1403_0001.png,P1403_0001,P1403,2,23653,0.022557258605957,0.176417408272993,0.176417408272993,0.0,0,False,no_overlap,high_mask_area,no_overlap__high_mask_area,train,0.011932373046875,mask_area,0.0,0.001,False,1149
1079,P1403_0005.png,P1403_0005.png,P1403_0005,P1403,1,14601,0.0139245986938476,0.1779264458580098,0.1779264458580098,0.0,0,False,no_overlap,high_mask_area,no_overlap__high_mask_area,train,0.011932373046875,mask_area,0.0,0.001,False,1150
1080,P1403_0006.png,P1403_0006.png,P1403_0006,P1403,3,21121,0.0201425552368164,0.1406848012803116,0.1426456406286079,0.0070157358595267,1,True,overlap,high_mask_area,overlap__high_mask_area,train,0.011932373046875,mask_area,0.0,0.001,False,1151
1081,P1403_0010.png,P1403_0010.png,P1403_0010,P1403,2,7824,0.0074615478515625,0.1404853406852261,0.1404853406852261,0.0,0,False,no_overlap,low_mask_area,no_overlap__low_mask_area,train,0.011932373046875,mask_area,0.0,0.001,False,1152
1082,P1403_0011.png,P1403_0011.png,P1403_0011,P1403,6,35591,0.0339422225952148,0.1660424973613397,0.1587159991383789,0.0067235726242685,2,True,overlap,high_mask_area,overlap__high_mask_area,train,0.011932373046875,mask_area,0.0,0.001,False,1153
1083,P1403_0012.png,P1403_0012.png,P1403_0012,P1403,1,5525,0.0052690505981445,0.149940295267043,0.149940295267043,0.0,0,False,no_overlap,low_mask_area,no_overlap__low_mask_area,train,0.011932373046875,mask_area,0.0,0.001,False,1154
1084,P1403_0013.png,P1403_0013.png,P1403_0013,P1403,0,0,0.0,0.0,0.0,0.0,0,False,no_overlap,low_mask_area,negative,train,0.011932373046875,mask_area,0.0,0.001,False,1155
1085,P1403_0015.png,P1403_0015.png,P1403_0015,P1403,1,73874,0.0704517364501953,0.5669009761188533,0.5669009761188533,0.0,0,False,no_overlap,high_mask_area,no_overlap__high_mask_area,train,0.011932373046875,mask_area,0.0,0.001,False,1156
1086,P1403_0016.png,P1403_0016.png,P1403_0016,P1403,1,6283,0.0059919357299804,0.2695178448867536,0.2695178448867536,0.0,0,False,no_overlap,low_mask_area,no_overlap__low_mask_area,train,0.011932373046875,mask_area,0.0,0.001,False,1157
1087,P1403_0017.png,P1403_0017.png,P1403_0017,P1403,5,25194,0.024026870727539,0.1309686099781163,0.1450908300223368,0.0,0,False,no_overlap,high_mask_area,no_overlap__high_mask_area,train,0.011932373046875,mask_area,0.0,0.001,False,1158
1088,P1403_0018.png,P1403_0018.png,P1403_0018,P1403,1,21106,0.0201282501220703,0.1945970864834962,0.1945970864834962,0.0,0,False,no_overlap,high_mask_area,no_overlap__high_mask_area,train,0.011932373046875,mask_area,0.0,0.001,False,1159
1089,P1403_0019.png,P1403_0019.png,P1403_0019,P1403,1,22930,0.0218677520751953,0.2114143463027844,0.2114143463027844,0.0,0,False,no_overlap,high_mask_area,no_overlap__high_mask_area,train,0.011932373046875,mask_area,0.0,0.001,False,1160
1090,P1403_0022.png,P1403_0022.png,P1403_0022,P1403,3,32884,0.0313606262207031,0.2219829802475573,0.1900965298142717,0.0,0,False,no_overlap,high_mask_area,no_overlap__high_mask_area,train,0.011932373046875,mask_area,0.0,0.001,False,1161
1091,P1403_0023.png,P1403_0023.png,P1403_0023,P1403,2,23694,0.0225963592529296,0.1434173040266452,0.1434173040266452,0.0,0,False,no_overlap,high_mask_area,no_overlap__high_mask_area,train,0.011932373046875,mask_area,0.0,0.001,False,1162
1092,P1403_0024.png,P1403_0024.png,P1403_0024,P1403,2,22782,0.0217266082763671,0.1488434134090373,0.1488434134090373,0.0,0,False,no_overlap,high_mask_area,no_overlap__high_mask_area,train,0.011932373046875,mask_area,0.0,0.001,False,1163
1093,P1408_0001.png,P1408_0001.png,P1408_0001,P1408,1,20872,0.0199050903320312,0.1464845669048187,0.1464845669048187,0.0,0,False,no_overlap,high_mask_area,no_overlap__high_mask_area,train,0.011932373046875,mask_area,0.0,0.001,False,1164
1094,P1408_0004.png,P1408_0004.png,P1408_0004,P1408,1,16604,0.0158348083496093,0.1168242710795902,0.1168242710795902,0.0,0,False,no_overlap,high_mask_area,no_overlap__high_mask_area,train,0.011932373046875,mask_area,0.0,0.001,False,1165
1095,P1408_0008.png,P1408_0008.png,P1408_0008,P1408,1,153895,0.1467657089233398,0.4084912671869193,0.4084912671869193,0.0,0,False,no_overlap,high_mask_area,no_overlap__high_mask_area,train,0.011932373046875,mask_area,0.0,0.001,False,1166
1096,P1408_0022.png,P1408_0022.png,P1408_0022,P1408,1,2468,0.0023536682128906,0.3323905723905724,0.3323905723905724,0.0,0,False,no_overlap,low_mask_area,no_overlap__low_mask_area,train,0.011932373046875,mask_area,0.0,0.001,False,1167
1097,P1408_0023.png,P1408_0023.png,P1408_0023,P1408,1,171990,0.1640224456787109,0.6680105334296568,0.6680105334296568,0.0,0,False,no_overlap,high_mask_area,no_overlap__high_mask_area,train,0.011932373046875,mask_area,0.0,0.001,False,1168
1098,P1408_0024.png,P1408_0024.png,P1408_0024,P1408,2,197295,0.1881551742553711,0.3295814458874943,0.3295814458874943,0.0332181834246836,1,True,overlap,high_mask_area,overlap__high_mask_area,train,0.011932373046875,mask_area,0.0,0.001,False,1169
1099,P1408_0046.png,P1408_0046.png,P1408_0046,P1408,1,3108,0.0029640197753906,0.0112658493971973,0.0112658493971973,0.0,0,False,no_overlap,low_mask_area,no_overlap__low_mask_area,train,0.011932373046875,mask_area,0.0,0.001,False,1170
1100,P1408_0054.png,P1408_0054.png,P1408_0054,P1408,1,19806,0.0188884735107421,0.1582012061184552,0.1582012061184552,0.0,0,False,no_overlap,high_mask_area,no_overlap__high_mask_area,train,0.011932373046875,mask_area,0.0,0.001,False,1171
1101,P1408_0055.png,P1408_0055.png,P1408_0055,P1408,1,19430,0.0185298919677734,0.1551978912895882,0.1551978912895882,0.0,0,False,no_overlap,high_mask_area,no_overlap__high_mask_area,train,0.011932373046875,mask_area,0.0,0.001,False,1172
1102,P1408_0061.png,P1408_0061.png,P1408_0061,P1408,1,19533,0.0186281204223632,0.1470194189372271,0.1470194189372271,0.0,0,False,no_overlap,high_mask_area,no_overlap__high_mask_area,train,0.011932373046875,mask_area,0.0,0.001,False,1173
1103,P1408_0062.png,P1408_0062.png,P1408_0062,P1408,1,19137,0.0182504653930664,0.1440388378744543,0.1440388378744543,0.0,0,False,no_overlap,high_mask_area,no_overlap__high_mask_area,train,0.011932373046875,mask_area,0.0,0.001,False,1174
1104,P1410_0010.png,P1410_0010.png,P1410_0010,P1410,0,0,0.0,0.0,0.0,0.0,0,False,no_overlap,low_mask_area,negative,train,0.011932373046875,mask_area,0.0,0.001,False,1175
1105,P1410_0012.png,P1410_0012.png,P1410_0012,P1410,0,0,0.0,0.0,0.0,0.0,0,False,no_overlap,low_mask_area,negative,train,0.011932373046875,mask_area,0.0,0.001,False,1176
1106,P1412_0001.png,P1412_0001.png,P1412_0001,P1412,2,18066,0.0172290802001953,0.2060007124154956,0.2060007124154956,0.0277974783293932,1,True,overlap,high_mask_area,overlap__high_mask_area,train,0.011932373046875,mask_area,0.0,0.001,False,1177
1107,P1412_0005.png,P1412_0005.png,P1412_0005,P1412,1,17022,0.0162334442138671,0.250706963591375,0.250706963591375,0.0,0,False,no_overlap,high_mask_area,no_overlap__high_mask_area,train,0.011932373046875,mask_area,0.0,0.001,False,1178
1108,P1412_0009.png,P1412_0009.png,P1412_0009,P1412,2,30081,0.0286874771118164,0.2333661870403369,0.2333661870403369,0.0,0,False,no_overlap,high_mask_area,no_overlap__high_mask_area,train,0.011932373046875,mask_area,0.0,0.001,False,1179
1109,P1412_0016.png,P1412_0016.png,P1412_0016,P1412,2,7124,0.0067939758300781,0.2551048272829989,0.2551048272829989,0.0,0,False,no_overlap,low_mask_area,no_overlap__low_mask_area,train,0.011932373046875,mask_area,0.0,0.001,False,1180
1110,P1412_0017.png,P1412_0017.png,P1412_0017,P1412,3,12618,0.012033462524414,0.2353007980205279,0.2465277777777778,0.0,0,False,no_overlap,high_mask_area,no_overlap__high_mask_area,train,0.011932373046875,mask_area,0.0,0.001,False,1181
1111,P1412_0021.png,P1412_0021.png,P1412_0021,P1412,1,7535,0.007185935974121,0.3136316337148803,0.3136316337148803,0.0,0,False,no_overlap,low_mask_area,no_overlap__low_mask_area,train,0.011932373046875,mask_area,0.0,0.001,False,1182
1112,P1412_0022.png,P1412_0022.png,P1412_0022,P1412,2,12497,0.0119180679321289,0.2034188853713993,0.2034188853713993,0.0,0,False,no_overlap,low_mask_area,no_overlap__low_mask_area,train,0.011932373046875,mask_area,0.0,0.001,False,1183
1113,P1412_0023.png,P1412_0023.png,P1412_0023,P1412,2,12413,0.0118379592895507,0.2075282815753498,0.2075282815753498,0.0,0,False,no_overlap,low_mask_area,no_overlap__low_mask_area,train,0.011932373046875,mask_area,0.0,0.001,False,1184
1114,P1412_0026.png,P1412_0026.png,P1412_0026,P1412,1,21132,0.0201530456542968,0.2388444323884443,0.2388444323884443,0.0,0,False,no_overlap,high_mask_area,no_overlap__high_mask_area,train,0.011932373046875,mask_area,0.0,0.001,False,1185
1115,P1412_0027.png,P1412_0027.png,P1412_0027,P1412,1,21451,0.0204572677612304,0.2424499299244993,0.2424499299244993,0.0,0,False,no_overlap,high_mask_area,no_overlap__high_mask_area,train,0.011932373046875,mask_area,0.0,0.001,False,1186
1116,P1413_0000.png,P1413_0000.png,P1413_0000,P1413,1,7997,0.0076265335083007,0.3394024276377217,0.3394024276377217,0.0,0,False,no_overlap,low_mask_area,no_overlap__low_mask_area,train,0.011932373046875,mask_area,0.0,0.001,False,1187
1117,P1413_0001.png,P1413_0001.png,P1413_0001,P1413,4,22713,0.0216608047485351,0.2187921592638383,0.2137296157652424,0.0220718775490619,1,True,overlap,high_mask_area,overlap__high_mask_area,train,0.011932373046875,mask_area,0.0,0.001,False,1188
1118,P1413_0004.png,P1413_0004.png,P1413_0004,P1413,0,0,0.0,0.0,0.0,0.0,0,False,no_overlap,low_mask_area,negative,train,0.011932373046875,mask_area,0.0,0.001,False,1189
1119,P1413_0005.png,P1413_0005.png,P1413_0005,P1413,2,20154,0.0192203521728515,0.2533437682486469,0.2533437682486469,0.0,0,False,no_overlap,high_mask_area,no_overlap__high_mask_area,train,0.011932373046875,mask_area,0.0,0.001,False,1190
1120,P1413_0006.png,P1413_0006.png,P1413_0006,P1413,6,55418,0.0528507232666015,0.2024853485546646,0.1892907076517392,0.0677765185561504,4,True,overlap,high_mask_area,overlap__high_mask_area,train,0.011932373046875,mask_area,0.0,0.001,False,1191
1121,P1413_0011.png,P1413_0011.png,P1413_0011,P1413,3,41511,0.0395879745483398,0.1437372240089156,0.1578224642740771,0.0962602943161873,2,True,overlap,high_mask_area,overlap__high_mask_area,train,0.011932373046875,mask_area,0.0,0.001,False,1192
1122,P1413_0012.png,P1413_0012.png,P1413_0012,P1413,4,44893,0.0428133010864257,0.1604746140618449,0.1713067959248666,0.1321984648417912,1,True,overlap,high_mask_area,overlap__high_mask_area,train,0.011932373046875,mask_area,0.0,0.001,False,1193
1123,P1413_0016.png,P1413_0016.png,P1413_0016,P1413,4,25864,0.0246658325195312,0.2122944571197463,0.2192597043205732,0.0583618392058928,1,True,overlap,high_mask_area,overlap__high_mask_area,train,0.011932373046875,mask_area,0.0,0.001,False,1194
1124,P1413_0017.png,P1413_0017.png,P1413_0017,P1413,7,47494,0.0452938079833984,0.1473839040451386,0.1439426523297491,0.1383211101144937,4,True,overlap,high_mask_area,overlap__high_mask_area,train,0.011932373046875,mask_area,0.0,0.001,False,1195
1125,P1413_0018.png,P1413_0018.png,P1413_0018,P1413,3,34533,0.032933235168457,0.2218028329865301,0.2191142191142191,0.0,0,False,no_overlap,high_mask_area,no_overlap__high_mask_area,train,0.011932373046875,mask_area,0.0,0.001,False,1196
1126,P1413_0019.png,P1413_0019.png,P1413_0019,P1413,2,17700,0.0168800354003906,0.1724616974771788,0.1724616974771788,0.0,0,False,no_overlap,high_mask_area,no_overlap__high_mask_area,train,0.011932373046875,mask_area,0.0,0.001,False,1197
1127,P1413_0020.png,P1413_0020.png,P1413_0020,P1413,1,3035,0.0028944015502929,0.050247512458403,0.050247512458403,0.0,0,False,no_overlap,low_mask_area,no_overlap__low_mask_area,train,0.011932373046875,mask_area,0.0,0.001,False,1198
1128,P1413_0021.png,P1413_0021.png,P1413_0021,P1413,1,13709,0.0130739212036132,0.135149256674159,0.135149256674159,0.0,0,False,no_overlap,high_mask_area,no_overlap__high_mask_area,train,0.011932373046875,mask_area,0.0,0.001,False,1199
1129,P1413_0022.png,P1413_0022.png,P1413_0022,P1413,7,52999,0.0505437850952148,0.1664999508096556,0.1757437070938215,0.1555470834921845,5,True,overlap,high_mask_area,overlap__high_mask_area,train,0.011932373046875,mask_area,0.0,0.001,False,1200
1130,P1413_0023.png,P1413_0023.png,P1413_0023,P1413,4,34697,0.0330896377563476,0.1901228484147917,0.1769589300334227,0.1245301519856185,1,True,overlap,high_mask_area,overlap__high_mask_area,train,0.011932373046875,mask_area,0.0,0.001,False,1201
1131,P1413_0024.png,P1413_0024.png,P1413_0024,P1413,4,37429,0.0356950759887695,0.2642854179272829,0.2459936879699029,0.1574298848199989,1,True,overlap,high_mask_area,overlap__high_mask_area,train,0.011932373046875,mask_area,0.0,0.001,False,1202
1132,P1413_0025.png,P1413_0025.png,P1413_0025,P1413,3,48981,0.0467119216918945,0.2214953652223894,0.2185489817913665,0.0,0,False,no_overlap,high_mask_area,no_overlap__high_mask_area,train,0.011932373046875,mask_area,0.0,0.001,False,1203
1133,P1413_0026.png,P1413_0026.png,P1413_0026,P1413,4,38420,0.0366401672363281,0.2271434824865889,0.2247587017605332,0.0187006735019788,2,True,overlap,high_mask_area,overlap__high_mask_area,train,0.011932373046875,mask_area,0.0,0.001,False,1204
1134,P1413_0030.png,P1413_0030.png,P1413_0030,P1413,1,19412,0.0185127258300781,0.2202280333541324,0.2202280333541324,0.0,0,False,no_overlap,high_mask_area,no_overlap__high_mask_area,train,0.011932373046875,mask_area,0.0,0.001,False,1205
1135,P1413_0031.png,P1413_0031.png,P1413_0031,P1413,4,38340,0.0365638732910156,0.2266256534585206,0.2239355311732005,0.0187006735019788,2,True,overlap,high_mask_area,overlap__high_mask_area,train,0.011932373046875,mask_area,0.0,0.001,False,1206
1136,P1419_0000.png,P1419_0000.png,P1419_0000,P1419,0,0,0.0,0.0,0.0,0.0,0,False,no_overlap,low_mask_area,negative,train,0.011932373046875,mask_area,0.0,0.001,False,1223
1137,P1420_0001.png,P1420_0001.png,P1420_0001,P1420,0,0,0.0,0.0,0.0,0.0,0,False,no_overlap,low_mask_area,negative,train,0.011932373046875,mask_area,0.0,0.001,False,1224
1138,P1426_0013.png,P1426_0013.png,P1426_0013,P1426,0,0,0.0,0.0,0.0,0.0,0,False,no_overlap,low_mask_area,negative,train,0.011932373046875,mask_area,0.0,0.001,False,237
1139,P1426_0036.png,P1426_0036.png,P1426_0036,P1426,0,0,0.0,0.0,0.0,0.0,0,False,no_overlap,low_mask_area,negative,train,0.011932373046875,mask_area,0.0,0.001,False,238
1140,P1427_0054.png,P1427_0054.png,P1427_0054,P1427,0,0,0.0,0.0,0.0,0.0,0,False,no_overlap,low_mask_area,negative,train,0.011932373046875,mask_area,0.0,0.001,False,1225
1141,P1429_0010.png,P1429_0010.png,P1429_0010,P1429,0,0,0.0,0.0,0.0,0.0,0,False,no_overlap,low_mask_area,negative,train,0.011932373046875,mask_area,0.0,0.001,False,239
1142,P1432_0007.png,P1432_0007.png,P1432_0007,P1432,0,0,0.0,0.0,0.0,0.0,0,False,no_overlap,low_mask_area,negative,train,0.011932373046875,mask_area,0.0,0.001,False,1226
1143,P1432_0011.png,P1432_0011.png,P1432_0011,P1432,0,0,0.0,0.0,0.0,0.0,0,False,no_overlap,low_mask_area,negative,train,0.011932373046875,mask_area,0.0,0.001,False,1227
1144,P1434_0003.png,P1434_0003.png,P1434_0003,P1434,0,0,0.0,0.0,0.0,0.0,0,False,no_overlap,low_mask_area,negative,train,0.011932373046875,mask_area,0.0,0.001,False,1228
1145,P1437_0001.png,P1437_0001.png,P1437_0001,P1437,2,2894,0.0027599334716796,0.3338772088084735,0.3338772088084735,0.0,0,False,no_overlap,low_mask_area,no_overlap__low_mask_area,train,0.011932373046875,mask_area,0.0,0.001,False,1229
1146,P1437_0002.png,P1437_0002.png,P1437_0002,P1437,3,5006,0.0047740936279296,0.2959650053982969,0.3002739726027397,0.0,0,False,no_overlap,low_mask_area,no_overlap__low_mask_area,train,0.011932373046875,mask_area,0.0,0.001,False,1230
1147,P1437_0003.png,P1437_0003.png,P1437_0003,P1437,4,6944,0.006622314453125,0.3133912178863691,0.3221275135628905,0.0,0,False,no_overlap,low_mask_area,no_overlap__low_mask_area,train,0.011932373046875,mask_area,0.0,0.001,False,1231
1148,P1437_0004.png,P1437_0004.png,P1437_0004,P1437,4,5948,0.0056724548339843,0.3213904167307233,0.3255099887559108,0.0,0,False,no_overlap,low_mask_area,no_overlap__low_mask_area,train,0.011932373046875,mask_area,0.0,0.001,False,1232
1149,P1437_0005.png,P1437_0005.png,P1437_0005,P1437,1,1444,0.0013771057128906,0.3169446883230904,0.3169446883230904,0.0,0,False,no_overlap,low_mask_area,no_overlap__low_mask_area,train,0.011932373046875,mask_area,0.0,0.001,False,1233
1150,P1437_0006.png,P1437_0006.png,P1437_0006,P1437,1,1708,0.0016288757324218,0.2743775100401606,0.2743775100401606,0.0,0,False,no_overlap,low_mask_area,no_overlap__low_mask_area,train,0.011932373046875,mask_area,0.0,0.001,False,1234
1151,P1437_0007.png,P1437_0007.png,P1437_0007,P1437,2,2615,0.0024938583374023,0.281847060372638,0.281847060372638,0.0,0,False,no_overlap,low_mask_area,no_overlap__low_mask_area,train,0.011932373046875,mask_area,0.0,0.001,False,1235
1152,P1437_0008.png,P1437_0008.png,P1437_0008,P1437,2,2636,0.0025138854980468,0.2851312353238089,0.2851312353238089,0.0,0,False,no_overlap,low_mask_area,no_overlap__low_mask_area,train,0.011932373046875,mask_area,0.0,0.001,False,1236
1153,P1437_0010.png,P1437_0010.png,P1437_0010,P1437,5,7233,0.0068979263305664,0.298091133771738,0.2894736842105263,0.0059749053973312,1,True,overlap,low_mask_area,overlap__low_mask_area,train,0.011932373046875,mask_area,0.0,0.001,False,1237
1154,P1437_0011.png,P1437_0011.png,P1437_0011,P1437,5,9964,0.0095024108886718,0.2742314443377875,0.2851782363977486,0.0059749053973312,1,True,overlap,low_mask_area,overlap__low_mask_area,train,0.011932373046875,mask_area,0.0,0.001,False,1238
1155,P1437_0012.png,P1437_0012.png,P1437_0012,P1437,4,6656,0.00634765625,0.2808476233444779,0.2676412195757181,0.0,0,False,no_overlap,low_mask_area,no_overlap__low_mask_area,train,0.011932373046875,mask_area,0.0,0.001,False,1239
1156,P1437_0013.png,P1437_0013.png,P1437_0013,P1437,4,6018,0.0057392120361328,0.3252768246902507,0.3324831980448633,0.0,0,False,no_overlap,low_mask_area,no_overlap__low_mask_area,train,0.011932373046875,mask_area,0.0,0.001,False,1240
1157,P1437_0014.png,P1437_0014.png,P1437_0014,P1437,2,3024,0.0028839111328125,0.2883783021763492,0.2883783021763492,0.0,0,False,no_overlap,low_mask_area,no_overlap__low_mask_area,train,0.011932373046875,mask_area,0.0,0.001,False,1241
1158,P1437_0016.png,P1437_0016.png,P1437_0016,P1437,1,1994,0.001901626586914,0.2894469444041225,0.2894469444041225,0.0,0,False,no_overlap,low_mask_area,no_overlap__low_mask_area,train,0.011932373046875,mask_area,0.0,0.001,False,1242
1159,P1437_0017.png,P1437_0017.png,P1437_0017,P1437,1,1983,0.0018911361694335,0.2878501959645812,0.2878501959645812,0.0,0,False,no_overlap,low_mask_area,no_overlap__low_mask_area,train,0.011932373046875,mask_area,0.0,0.001,False,1243
1160,P1440_0001.png,P1440_0001.png,P1440_0001,P1440,0,0,0.0,0.0,0.0,0.0,0,False,no_overlap,low_mask_area,negative,train,0.011932373046875,mask_area,0.0,0.001,False,1244
1161,P1440_0004.png,P1440_0004.png,P1440_0004,P1440,0,0,0.0,0.0,0.0,0.0,0,False,no_overlap,low_mask_area,negative,train,0.011932373046875,mask_area,0.0,0.001,False,1245
1162,P1443_0002.png,P1443_0002.png,P1443_0002,P1443,2,1633,0.0015573501586914,0.3214903510811439,0.3214903510811439,0.0,0,False,no_overlap,low_mask_area,no_overlap__low_mask_area,train,0.011932373046875,mask_area,0.0,0.001,False,178
1163,P1443_0006.png,P1443_0006.png,P1443_0006,P1443,10,8724,0.0083198547363281,0.3388783681865689,0.3578979843685725,0.0,0,False,no_overlap,low_mask_area,no_overlap__low_mask_area,train,0.011932373046875,mask_area,0.0,0.001,False,179
1164,P1443_0007.png,P1443_0007.png,P1443_0007,P1443,4,3325,0.0031709671020507,0.3090055791552948,0.302637987012987,0.0,0,False,no_overlap,low_mask_area,no_overlap__low_mask_area,train,0.011932373046875,mask_area,0.0,0.001,False,180
1165,P1443_0009.png,P1443_0009.png,P1443_0009,P1443,1,920,0.0008773803710937,0.2987012987012987,0.2987012987012987,0.0,0,False,no_overlap,low_mask_area,no_overlap__low_mask_area,train,0.011932373046875,mask_area,0.0,0.001,False,181
1166,P1443_0010.png,P1443_0010.png,P1443_0010,P1443,11,8901,0.008488655090332,0.2950533256017743,0.2747126436781609,0.0,0,False,no_overlap,low_mask_area,no_overlap__low_mask_area,train,0.011932373046875,mask_area,0.0,0.001,False,182
1167,P1443_0011.png,P1443_0011.png,P1443_0011,P1443,2,1752,0.0016708374023437,0.2874849288642392,0.2874849288642392,0.0,0,False,no_overlap,low_mask_area,no_overlap__low_mask_area,train,0.011932373046875,mask_area,0.0,0.001,False,183
1168,P1443_0013.png,P1443_0013.png,P1443_0013,P1443,7,5387,0.0051374435424804,0.2387120044117161,0.2286536616565398,0.0760456273764258,2,True,overlap,low_mask_area,overlap__low_mask_area,train,0.011932373046875,mask_area,0.0,0.001,False,184
1169,P1443_0014.png,P1443_0014.png,P1443_0014,P1443,7,5698,0.0054340362548828,0.2556939187346422,0.2366883116883117,0.042053938747524,1,True,overlap,low_mask_area,overlap__low_mask_area,train,0.011932373046875,mask_area,0.0,0.001,False,185
1170,P1443_0016.png,P1443_0016.png,P1443_0016,P1443,1,1268,0.0012092590332031,0.3417789757412399,0.3417789757412399,0.0,0,False,no_overlap,low_mask_area,no_overlap__low_mask_area,train,0.011932373046875,mask_area,0.0,0.001,False,186
1171,P1443_0017.png,P1443_0017.png,P1443_0017,P1443,1,531,0.0005064010620117,0.2580174927113702,0.2580174927113702,0.0,0,False,no_overlap,low_mask_area,no_overlap__low_mask_area,train,0.011932373046875,mask_area,0.0,0.001,False,187
1172,P1443_0020.png,P1443_0020.png,P1443_0020,P1443,2,1788,0.0017051696777343,0.3350479094076655,0.3350479094076655,0.0,0,False,no_overlap,low_mask_area,no_overlap__low_mask_area,train,0.011932373046875,mask_area,0.0,0.001,False,188
1173,P1443_0021.png,P1443_0021.png,P1443_0021,P1443,6,4090,0.0039005279541015,0.2902151907521012,0.2533351802259365,0.0,0,False,no_overlap,low_mask_area,no_overlap__low_mask_area,train,0.011932373046875,mask_area,0.0,0.001,False,189
1174,P1443_0024.png,P1443_0024.png,P1443_0024,P1443,1,910,0.0008678436279296,0.4623983739837398,0.4623983739837398,0.0,0,False,no_overlap,low_mask_area,no_overlap__low_mask_area,train,0.011932373046875,mask_area,0.0,0.001,False,190
1175,P1443_0025.png,P1443_0025.png,P1443_0025,P1443,6,3813,0.003636360168457,0.2618298180169069,0.2383842767876381,0.0,0,False,no_overlap,low_mask_area,no_overlap__low_mask_area,train,0.011932373046875,mask_area,0.0,0.001,False,191
1176,P1446_0013.png,P1446_0013.png,P1446_0013,P1446,0,0,0.0,0.0,0.0,0.0,0,False,no_overlap,low_mask_area,negative,train,0.011932373046875,mask_area,0.0,0.001,False,1246
1177,P1455_0019.png,P1455_0019.png,P1455_0019,P1455,0,0,0.0,0.0,0.0,0.0,0,False,no_overlap,low_mask_area,negative,train,0.011932373046875,mask_area,0.0,0.001,False,1247
1178,P1456_0000.png,P1456_0000.png,P1456_0000,P1456,0,0,0.0,0.0,0.0,0.0,0,False,no_overlap,low_mask_area,negative,train,0.011932373046875,mask_area,0.0,0.001,False,240
1179,P1457_0030.png,P1457_0030.png,P1457_0030,P1457,0,0,0.0,0.0,0.0,0.0,0,False,no_overlap,low_mask_area,negative,train,0.011932373046875,mask_area,0.0,0.001,False,1248
1180,P1457_0040.png,P1457_0040.png,P1457_0040,P1457,0,0,0.0,0.0,0.0,0.0,0,False,no_overlap,low_mask_area,negative,train,0.011932373046875,mask_area,0.0,0.001,False,1249
1181,P1462_0005.png,P1462_0005.png,P1462_0005,P1462,0,0,0.0,0.0,0.0,0.0,0,False,no_overlap,low_mask_area,negative,train,0.011932373046875,mask_area,0.0,0.001,False,1250
1182,P1462_0027.png,P1462_0027.png,P1462_0027,P1462,0,0,0.0,0.0,0.0,0.0,0,False,no_overlap,low_mask_area,negative,train,0.011932373046875,mask_area,0.0,0.001,False,1251
1183,P1466_0013.png,P1466_0013.png,P1466_0013,P1466,0,0,0.0,0.0,0.0,0.0,0,False,no_overlap,low_mask_area,negative,train,0.011932373046875,mask_area,0.0,0.001,False,241
1184,P1466_0035.png,P1466_0035.png,P1466_0035,P1466,0,0,0.0,0.0,0.0,0.0,0,False,no_overlap,low_mask_area,negative,train,0.011932373046875,mask_area,0.0,0.001,False,242
1185,P1466_0037.png,P1466_0037.png,P1466_0037,P1466,0,0,0.0,0.0,0.0,0.0,0,False,no_overlap,low_mask_area,negative,train,0.011932373046875,mask_area,0.0,0.001,False,243
1186,P1467_0021.png,P1467_0021.png,P1467_0021,P1467,0,0,0.0,0.0,0.0,0.0,0,False,no_overlap,low_mask_area,negative,train,0.011932373046875,mask_area,0.0,0.001,False,1253
1187,P1474_0009.png,P1474_0009.png,P1474_0009,P1474,7,11717,0.011174201965332,0.2603656279157279,0.2532928064842958,0.0551608859172586,5,True,overlap,low_mask_area,overlap__low_mask_area,train,0.011932373046875,mask_area,0.0,0.001,False,1257
1188,P1474_0010.png,P1474_0010.png,P1474_0010,P1474,7,12070,0.0115108489990234,0.2548909448255076,0.2656850192061459,0.0637578489776203,3,True,overlap,low_mask_area,overlap__low_mask_area,train,0.011932373046875,mask_area,0.0,0.001,False,1258
1189,P1474_0020.png,P1474_0020.png,P1474_0020,P1474,2,3272,0.0031204223632812,0.2392684696256125,0.2392684696256125,0.0,0,False,no_overlap,low_mask_area,no_overlap__low_mask_area,train,0.011932373046875,mask_area,0.0,0.001,False,1259
1190,P1474_0021.png,P1474_0021.png,P1474_0021,P1474,7,10876,0.0103721618652343,0.2520524117975652,0.2531163434903047,0.0046936958808772,1,True,overlap,low_mask_area,overlap__low_mask_area,train,0.011932373046875,mask_area,0.0,0.001,False,1260
1191,P1474_0022.png,P1474_0022.png,P1474_0022,P1474,3,3315,0.0031614303588867,0.2020117781535918,0.1895448079658606,0.35190944147282,3,True,overlap,low_mask_area,overlap__low_mask_area,train,0.011932373046875,mask_area,0.0,0.001,False,1261
1192,P1474_0029.png,P1474_0029.png,P1474_0029,P1474,2,3113,0.0029687881469726,0.3033766180626174,0.3033766180626174,0.0,0,False,no_overlap,low_mask_area,no_overlap__low_mask_area,train,0.011932373046875,mask_area,0.0,0.001,False,1262
1193,P1474_0030.png,P1474_0030.png,P1474_0030,P1474,3,3563,0.0033979415893554,0.2172397210522974,0.2075035561877667,0.35190944147282,3,True,overlap,low_mask_area,overlap__low_mask_area,train,0.011932373046875,mask_area,0.0,0.001,False,1263
1194,P1476_0008.png,P1476_0008.png,P1476_0008,P1476,0,0,0.0,0.0,0.0,0.0,0,False,no_overlap,low_mask_area,negative,train,0.011932373046875,mask_area,0.0,0.001,False,1264
1195,P1479_0003.png,P1479_0003.png,P1479_0003,P1479,2,41599,0.0396718978881835,0.3483086721335297,0.3483086721335297,0.0,0,False,no_overlap,high_mask_area,no_overlap__high_mask_area,train,0.011932373046875,mask_area,0.0,0.001,False,1265
1196,P1479_0004.png,P1479_0004.png,P1479_0004,P1479,1,22354,0.0213184356689453,0.2882304399401723,0.2882304399401723,0.0,0,False,no_overlap,high_mask_area,no_overlap__high_mask_area,train,0.011932373046875,mask_area,0.0,0.001,False,1266
1197,P1479_0005.png,P1479_0005.png,P1479_0005,P1479,1,24395,0.0232648849487304,0.3145469080406416,0.3145469080406416,0.0,0,False,no_overlap,high_mask_area,no_overlap__high_mask_area,train,0.011932373046875,mask_area,0.0,0.001,False,1267
1198,P1479_0006.png,P1479_0006.png,P1479_0006,P1479,1,20422,0.0194759368896484,0.468953798107835,0.468953798107835,0.0,0,False,no_overlap,high_mask_area,no_overlap__high_mask_area,train,0.011932373046875,mask_area,0.0,0.001,False,1268
1199,P1479_0007.png,P1479_0007.png,P1479_0007,P1479,1,27041,0.0257883071899414,0.4099357225153114,0.4099357225153114,0.0,0,False,no_overlap,high_mask_area,no_overlap__high_mask_area,train,0.011932373046875,mask_area,0.0,0.001,False,1269
1200,P1479_0008.png,P1479_0008.png,P1479_0008,P1479,1,27117,0.0258607864379882,0.4110878661087866,0.4110878661087866,0.0,0,False,no_overlap,high_mask_area,no_overlap__high_mask_area,train,0.011932373046875,mask_area,0.0,0.001,False,1270
1201,P1480_0004.png,P1480_0004.png,P1480_0004,P1480,2,46662,0.0445003509521484,0.2582572271921927,0.2582572271921927,0.0,0,False,no_overlap,high_mask_area,no_overlap__high_mask_area,train,0.011932373046875,mask_area,0.0,0.001,False,1271
1202,P1480_0006.png,P1480_0006.png,P1480_0006,P1480,1,35209,0.0335779190063476,0.249555238966028,0.249555238966028,0.0,0,False,no_overlap,high_mask_area,no_overlap__high_mask_area,train,0.011932373046875,mask_area,0.0,0.001,False,1272
1203,P1480_0007.png,P1480_0007.png,P1480_0007,P1480,1,28599,0.0272741317749023,0.2027047141125688,0.2027047141125688,0.0,0,False,no_overlap,high_mask_area,no_overlap__high_mask_area,train,0.011932373046875,mask_area,0.0,0.001,False,1273
1204,P1480_0008.png,P1480_0008.png,P1480_0008,P1480,2,46781,0.0446138381958007,0.258909727445185,0.258909727445185,0.0,0,False,no_overlap,high_mask_area,no_overlap__high_mask_area,train,0.011932373046875,mask_area,0.0,0.001,False,1274
1205,P1481_0001.png,P1481_0001.png,P1481_0001,P1481,1,7026,0.0067005157470703,0.2110480309993692,0.2110480309993692,0.0,0,False,no_overlap,low_mask_area,no_overlap__low_mask_area,train,0.011932373046875,mask_area,0.0,0.001,False,1275
1206,P1481_0003.png,P1481_0003.png,P1481_0003,P1481,1,29507,0.0281400680541992,0.1333276098901099,0.1333276098901099,0.0,0,False,no_overlap,high_mask_area,no_overlap__high_mask_area,train,0.011932373046875,mask_area,0.0,0.001,False,1276
1207,P1481_0004.png,P1481_0004.png,P1481_0004,P1481,1,29655,0.0282812118530273,0.1339963490456911,0.1339963490456911,0.0,0,False,no_overlap,high_mask_area,no_overlap__high_mask_area,train,0.011932373046875,mask_area,0.0,0.001,False,1277
1208,P1481_0005.png,P1481_0005.png,P1481_0005,P1481,1,23567,0.022475242614746,0.2567407100759317,0.2567407100759317,0.0,0,False,no_overlap,high_mask_area,no_overlap__high_mask_area,train,0.011932373046875,mask_area,0.0,0.001,False,1278
1209,P1481_0006.png,P1481_0006.png,P1481_0006,P1481,1,824,0.0007858276367187,0.0026074299094993,0.0026074299094993,0.0,0,False,no_overlap,low_mask_area,no_overlap__low_mask_area,train,0.011932373046875,mask_area,0.0,0.001,False,1279
1210,P1481_0007.png,P1481_0007.png,P1481_0007,P1481,1,29182,0.0278301239013671,0.1801624932088704,0.1801624932088704,0.0,0,False,no_overlap,high_mask_area,no_overlap__high_mask_area,train,0.011932373046875,mask_area,0.0,0.001,False,1280
1211,P1481_0011.png,P1481_0011.png,P1481_0011,P1481,2,19941,0.019017219543457,0.055139153664801,0.055139153664801,0.0903500949144131,1,True,overlap,high_mask_area,overlap__high_mask_area,train,0.011932373046875,mask_area,0.0,0.001,False,1281
1212,P1481_0012.png,P1481_0012.png,P1481_0012,P1481,1,24074,0.022958755493164,0.1803295880149812,0.1803295880149812,0.0,0,False,no_overlap,high_mask_area,no_overlap__high_mask_area,train,0.011932373046875,mask_area,0.0,0.001,False,1282
1213,P1481_0016.png,P1481_0016.png,P1481_0016,P1481,1,14097,0.0134439468383789,0.0919917516085668,0.0919917516085668,0.0,0,False,no_overlap,high_mask_area,no_overlap__high_mask_area,train,0.011932373046875,mask_area,0.0,0.001,False,1283
1214,P1481_0017.png,P1481_0017.png,P1481_0017,P1481,1,23327,0.0222463607788085,0.1747340823970037,0.1747340823970037,0.0,0,False,no_overlap,high_mask_area,no_overlap__high_mask_area,train,0.011932373046875,mask_area,0.0,0.001,False,1284
1215,P1482_0000.png,P1482_0000.png,P1482_0000,P1482,1,2023,0.0019292831420898,0.0058541977752312,0.0058541977752312,0.0,0,False,no_overlap,low_mask_area,no_overlap__low_mask_area,train,0.011932373046875,mask_area,0.0,0.001,False,1285
1216,P1482_0001.png,P1482_0001.png,P1482_0001,P1482,1,14684,0.0140037536621093,0.2419708329900305,0.2419708329900305,0.0,0,False,no_overlap,high_mask_area,no_overlap__high_mask_area,train,0.011932373046875,mask_area,0.0,0.001,False,1286
1217,P1482_0003.png,P1482_0003.png,P1482_0003,P1482,1,136473,0.1301507949829101,0.3286542018263784,0.3286542018263784,0.0,0,False,no_overlap,high_mask_area,no_overlap__high_mask_area,train,0.011932373046875,mask_area,0.0,0.001,False,1287
1218,P1482_0005.png,P1482_0005.png,P1482_0005,P1482,2,30692,0.0292701721191406,0.2055479871442475,0.2055479871442475,0.0,0,False,no_overlap,high_mask_area,no_overlap__high_mask_area,train,0.011932373046875,mask_area,0.0,0.001,False,1288
1219,P1482_0006.png,P1482_0006.png,P1482_0006,P1482,1,24775,0.0236272811889648,0.21695345680634,0.21695345680634,0.0,0,False,no_overlap,high_mask_area,no_overlap__high_mask_area,train,0.011932373046875,mask_area,0.0,0.001,False,1289
1220,P1482_0007.png,P1482_0007.png,P1482_0007,P1482,1,5313,0.0050668716430664,0.2128605769230769,0.2128605769230769,0.0,0,False,no_overlap,low_mask_area,no_overlap__low_mask_area,train,0.011932373046875,mask_area,0.0,0.001,False,1290
1221,P1482_0008.png,P1482_0008.png,P1482_0008,P1482,2,20840,0.0198745727539062,0.2019648096713831,0.2019648096713831,0.0,0,False,no_overlap,high_mask_area,no_overlap__high_mask_area,train,0.011932373046875,mask_area,0.0,0.001,False,1291
1222,P1483_0000.png,P1483_0000.png,P1483_0000,P1483,3,46498,0.0443439483642578,0.329261155554546,0.3377218294618381,0.0,0,False,no_overlap,high_mask_area,no_overlap__high_mask_area,train,0.011932373046875,mask_area,0.0,0.001,False,192
1223,P1483_0001.png,P1483_0001.png,P1483_0001,P1483,1,12297,0.0117273330688476,0.2575827398408044,0.2575827398408044,0.0,0,False,no_overlap,low_mask_area,no_overlap__low_mask_area,train,0.011932373046875,mask_area,0.0,0.001,False,193
1224,P1483_0002.png,P1483_0002.png,P1483_0002,P1483,1,11333,0.010807991027832,0.2967375366568915,0.2967375366568915,0.0,0,False,no_overlap,low_mask_area,no_overlap__low_mask_area,train,0.011932373046875,mask_area,0.0,0.001,False,194
1225,P1483_0003.png,P1483_0003.png,P1483_0003,P1483,1,18766,0.0178966522216796,0.3196062402070986,0.3196062402070986,0.0,0,False,no_overlap,high_mask_area,no_overlap__high_mask_area,train,0.011932373046875,mask_area,0.0,0.001,False,195
1226,P1484_0000.png,P1484_0000.png,P1484_0000,P1484,1,6894,0.0065746307373046,0.447429906542056,0.447429906542056,0.0,0,False,no_overlap,low_mask_area,no_overlap__low_mask_area,train,0.011932373046875,mask_area,0.0,0.001,False,196
1227,P1484_0001.png,P1484_0001.png,P1484_0001,P1484,5,31647,0.0301809310913085,0.4190086829893166,0.4154570159740173,0.0,0,False,no_overlap,high_mask_area,no_overlap__high_mask_area,train,0.011932373046875,mask_area,0.0,0.001,False,197
1228,P1484_0002.png,P1484_0002.png,P1484_0002,P1484,7,41933,0.0399904251098632,0.4221442856814114,0.410272536687631,0.0,0,False,no_overlap,high_mask_area,no_overlap__high_mask_area,train,0.011932373046875,mask_area,0.0,0.001,False,198
1229,P1484_0003.png,P1484_0003.png,P1484_0003,P1484,4,25997,0.0247926712036132,0.5327159366654385,0.526392213356974,0.0,0,False,no_overlap,high_mask_area,no_overlap__high_mask_area,train,0.011932373046875,mask_area,0.0,0.001,False,199
1230,P1484_0004.png,P1484_0004.png,P1484_0004,P1484,5,32823,0.0313024520874023,0.4434918406627187,0.427049476345251,0.0,0,False,no_overlap,high_mask_area,no_overlap__high_mask_area,train,0.011932373046875,mask_area,0.0,0.001,False,200
1231,P1484_0005.png,P1484_0005.png,P1484_0005,P1484,3,17036,0.0162467956542968,0.4103457370539689,0.3994409503843466,0.0,0,False,no_overlap,high_mask_area,no_overlap__high_mask_area,train,0.011932373046875,mask_area,0.0,0.001,False,201
1232,P1484_0006.png,P1484_0006.png,P1484_0006,P1484,4,25917,0.0247163772583007,0.5312463711276084,0.5260930448098001,0.0,0,False,no_overlap,high_mask_area,no_overlap__high_mask_area,train,0.011932373046875,mask_area,0.0,0.001,False,202
1233,P1484_0007.png,P1484_0007.png,P1484_0007,P1484,5,33485,0.0319337844848632,0.4792206753687282,0.4633954342692207,0.0,0,False,no_overlap,high_mask_area,no_overlap__high_mask_area,train,0.011932373046875,mask_area,0.0,0.001,False,203
1234,P1484_0008.png,P1484_0008.png,P1484_0008,P1484,3,17470,0.0166606903076171,0.4694517120856543,0.4443886337543054,0.0,0,False,no_overlap,high_mask_area,no_overlap__high_mask_area,train,0.011932373046875,mask_area,0.0,0.001,False,204
1235,P1486_0001.png,P1486_0001.png,P1486_0001,P1486,0,0,0.0,0.0,0.0,0.0,0,False,no_overlap,low_mask_area,negative,train,0.011932373046875,mask_area,0.0,0.001,False,1292
1236,P1493_0000.png,P1493_0000.png,P1493_0000,P1493,2,14468,0.0137977600097656,0.1748309356866537,0.1748309356866537,0.0,0,False,no_overlap,high_mask_area,no_overlap__high_mask_area,train,0.011932373046875,mask_area,0.0,0.001,False,1314
1237,P1493_0001.png,P1493_0001.png,P1493_0001,P1493,3,37809,0.0360574722290039,0.2178038650672369,0.2250983568618375,0.1159811541371483,1,True,overlap,high_mask_area,overlap__high_mask_area,train,0.011932373046875,mask_area,0.0,0.001,False,1315
1238,P1493_0006.png,P1493_0006.png,P1493_0006,P1493,1,9496,0.0090560913085937,0.2895121951219512,0.2895121951219512,0.0,0,False,no_overlap,low_mask_area,no_overlap__low_mask_area,train,0.011932373046875,mask_area,0.0,0.001,False,1316
1239,P1493_0007.png,P1493_0007.png,P1493_0007,P1493,1,7948,0.0075798034667968,0.1637749845456418,0.1637749845456418,0.0,0,False,no_overlap,low_mask_area,no_overlap__low_mask_area,train,0.011932373046875,mask_area,0.0,0.001,False,1317
1240,P1493_0008.png,P1493_0008.png,P1493_0008,P1493,1,20891,0.0199232101440429,0.1716076459909477,0.1716076459909477,0.0,0,False,no_overlap,high_mask_area,no_overlap__high_mask_area,train,0.011932373046875,mask_area,0.0,0.001,False,1318
1241,P1493_0013.png,P1493_0013.png,P1493_0013,P1493,2,47305,0.0451135635375976,0.2274484319617241,0.2274484319617241,0.0018148531401735,1,True,overlap,high_mask_area,overlap__high_mask_area,train,0.011932373046875,mask_area,0.0,0.001,False,1319
1242,P1493_0014.png,P1493_0014.png,P1493_0014,P1493,1,4118,0.0039272308349609,0.0425307774931835,0.0425307774931835,0.0,0,False,no_overlap,low_mask_area,no_overlap__low_mask_area,train,0.011932373046875,mask_area,0.0,0.001,False,1320
1243,P1493_0016.png,P1493_0016.png,P1493_0016,P1493,1,18529,0.0176706314086914,0.1566126564731935,0.1566126564731935,0.0,0,False,no_overlap,high_mask_area,no_overlap__high_mask_area,train,0.011932373046875,mask_area,0.0,0.001,False,1321
1244,P1493_0017.png,P1493_0017.png,P1493_0017,P1493,1,18656,0.017791748046875,0.1591863203522304,0.1591863203522304,0.0,0,False,no_overlap,high_mask_area,no_overlap__high_mask_area,train,0.011932373046875,mask_area,0.0,0.001,False,1322
1245,P1493_0020.png,P1493_0020.png,P1493_0020,P1493,1,23641,0.0225458145141601,0.2115563589504957,0.2115563589504957,0.0,0,False,no_overlap,high_mask_area,no_overlap__high_mask_area,train,0.011932373046875,mask_area,0.0,0.001,False,1323
1246,P1493_0021.png,P1493_0021.png,P1493_0021,P1493,4,55912,0.0533218383789062,0.1836488686385941,0.1891115972813026,0.0507770105072334,1,True,overlap,high_mask_area,overlap__high_mask_area,train,0.011932373046875,mask_area,0.0,0.001,False,1324
1247,P1493_0022.png,P1493_0022.png,P1493_0022,P1493,1,8632,0.0082321166992187,0.2186423505572441,0.2186423505572441,0.0,0,False,no_overlap,low_mask_area,no_overlap__low_mask_area,train,0.011932373046875,mask_area,0.0,0.001,False,1325
1248,P1493_0027.png,P1493_0027.png,P1493_0027,P1493,1,7983,0.007613182067871,0.2355979223232204,0.2355979223232204,0.0,0,False,no_overlap,low_mask_area,no_overlap__low_mask_area,train,0.011932373046875,mask_area,0.0,0.001,False,1326
1249,P1493_0028.png,P1493_0028.png,P1493_0028,P1493,1,8038,0.0076656341552734,0.2485774369124196,0.2485774369124196,0.0,0,False,no_overlap,low_mask_area,no_overlap__low_mask_area,train,0.011932373046875,mask_area,0.0,0.001,False,1327
1250,P1497_0000.png,P1497_0000.png,P1497_0000,P1497,3,17455,0.016646385192871,0.1581035291468674,0.1491737035693933,0.0,0,False,no_overlap,high_mask_area,no_overlap__high_mask_area,train,0.011932373046875,mask_area,0.0,0.001,False,244
1251,P1497_0005.png,P1497_0005.png,P1497_0005,P1497,3,19766,0.0188503265380859,0.1377349818103333,0.130091533180778,0.0,0,False,no_overlap,high_mask_area,no_overlap__high_mask_area,train,0.011932373046875,mask_area,0.0,0.001,False,245
1252,P1497_0006.png,P1497_0006.png,P1497_0006,P1497,2,36270,0.0345897674560546,0.1577046750697577,0.1577046750697577,0.1060453037079786,1,True,overlap,high_mask_area,overlap__high_mask_area,train,0.011932373046875,mask_area,0.0,0.001,False,246
1253,P1497_0007.png,P1497_0007.png,P1497_0007,P1497,2,43112,0.0411148071289062,0.2007389792118938,0.2007389792118938,0.0,0,False,no_overlap,high_mask_area,no_overlap__high_mask_area,train,0.011932373046875,mask_area,0.0,0.001,False,247
1254,P1497_0012.png,P1497_0012.png,P1497_0012,P1497,2,16196,0.0154457092285156,0.1494060325214362,0.1494060325214362,0.0,0,False,no_overlap,high_mask_area,no_overlap__high_mask_area,train,0.011932373046875,mask_area,0.0,0.001,False,248
1255,P1497_0013.png,P1497_0013.png,P1497_0013,P1497,4,39331,0.0375089645385742,0.1465651991502211,0.1429697004364406,0.0,0,False,no_overlap,high_mask_area,no_overlap__high_mask_area,train,0.011932373046875,mask_area,0.0,0.001,False,249
1256,P1497_0014.png,P1497_0014.png,P1497_0014,P1497,3,20294,0.0193538665771484,0.1680983516160278,0.1730422401518747,0.0,0,False,no_overlap,high_mask_area,no_overlap__high_mask_area,train,0.011932373046875,mask_area,0.0,0.001,False,250
1257,P1497_0018.png,P1497_0018.png,P1497_0018,P1497,4,27308,0.0260429382324218,0.1348952318490939,0.1320824029913481,0.0589409539819289,1,True,overlap,high_mask_area,overlap__high_mask_area,train,0.011932373046875,mask_area,0.0,0.001,False,251
1258,P1497_0019.png,P1497_0019.png,P1497_0019,P1497,4,28665,0.0273370742797851,0.1606698288454904,0.1454658209659654,0.0697327532628962,2,True,overlap,high_mask_area,overlap__high_mask_area,train,0.011932373046875,mask_area,0.0,0.001,False,252
1259,P1498_0000.png,P1498_0000.png,P1498_0000,P1498,1,8139,0.0077619552612304,0.208660206122135,0.208660206122135,0.0,0,False,no_overlap,low_mask_area,no_overlap__low_mask_area,train,0.011932373046875,mask_area,0.0,0.001,False,253
1260,P1498_0001.png,P1498_0001.png,P1498_0001,P1498,1,8371,0.0079832077026367,0.2072183577988464,0.2072183577988464,0.0,0,False,no_overlap,low_mask_area,no_overlap__low_mask_area,train,0.011932373046875,mask_area,0.0,0.001,False,254
1261,P1498_0006.png,P1498_0006.png,P1498_0006,P1498,3,27901,0.0266084671020507,0.1996938684929669,0.1893291211443113,0.0,0,False,no_overlap,high_mask_area,no_overlap__high_mask_area,train,0.011932373046875,mask_area,0.0,0.001,False,255
1262,P1498_0007.png,P1498_0007.png,P1498_0007,P1498,2,17972,0.0171394348144531,0.202192097693044,0.202192097693044,0.0,0,False,no_overlap,high_mask_area,no_overlap__high_mask_area,train,0.011932373046875,mask_area,0.0,0.001,False,256
1263,P1498_0010.png,P1498_0010.png,P1498_0010,P1498,3,20012,0.0190849304199218,0.1541797038955313,0.1896362599271642,0.0,0,False,no_overlap,high_mask_area,no_overlap__high_mask_area,train,0.011932373046875,mask_area,0.0,0.001,False,257
1264,P1498_0011.png,P1498_0011.png,P1498_0011,P1498,2,18101,0.0172624588012695,0.2036752148944802,0.2036752148944802,0.0,0,False,no_overlap,high_mask_area,no_overlap__high_mask_area,train,0.011932373046875,mask_area,0.0,0.001,False,258
1265,P1499_0004.png,P1499_0004.png,P1499_0004,P1499,1,7552,0.0072021484375,0.1878606965174129,0.1878606965174129,0.0,0,False,no_overlap,low_mask_area,no_overlap__low_mask_area,train,0.011932373046875,mask_area,0.0,0.001,False,1344
1266,P1499_0006.png,P1499_0006.png,P1499_0006,P1499,1,534,0.0005092620849609,0.005578072117996,0.005578072117996,0.0,0,False,no_overlap,low_mask_area,no_overlap__low_mask_area,train,0.011932373046875,mask_area,0.0,0.001,False,1345
1267,P1499_0007.png,P1499_0007.png,P1499_0007,P1499,1,1046,0.0009975433349609,0.010926336021393,0.010926336021393,0.0,0,False,no_overlap,low_mask_area,no_overlap__low_mask_area,train,0.011932373046875,mask_area,0.0,0.001,False,1346
1268,P1499_0008.png,P1499_0008.png,P1499_0008,P1499,1,7601,0.0072488784790039,0.1890796019900497,0.1890796019900497,0.0,0,False,no_overlap,low_mask_area,no_overlap__low_mask_area,train,0.011932373046875,mask_area,0.0,0.001,False,1347
1269,P1499_0009.png,P1499_0009.png,P1499_0009,P1499,1,10038,0.0095729827880859,0.2424286335313722,0.2424286335313722,0.0,0,False,no_overlap,low_mask_area,no_overlap__low_mask_area,train,0.011932373046875,mask_area,0.0,0.001,False,1348
1270,P1499_0010.png,P1499_0010.png,P1499_0010,P1499,1,24384,0.02325439453125,0.1674725274725274,0.1674725274725274,0.0,0,False,no_overlap,high_mask_area,no_overlap__high_mask_area,train,0.011932373046875,mask_area,0.0,0.001,False,1349
1271,P1499_0011.png,P1499_0011.png,P1499_0011,P1499,1,24154,0.0230350494384765,0.1658928571428571,0.1658928571428571,0.0,0,False,no_overlap,high_mask_area,no_overlap__high_mask_area,train,0.011932373046875,mask_area,0.0,0.001,False,1350
1272,P1501_0000.png,P1501_0000.png,P1501_0000,P1501,1,26025,0.0248193740844726,0.2931535550148689,0.2931535550148689,0.0,0,False,no_overlap,high_mask_area,no_overlap__high_mask_area,train,0.011932373046875,mask_area,0.0,0.001,False,1351
1273,P1501_0001.png,P1501_0001.png,P1501_0001,P1501,2,23681,0.0225839614868164,0.2980571133257794,0.2980571133257794,0.0,0,False,no_overlap,high_mask_area,no_overlap__high_mask_area,train,0.011932373046875,mask_area,0.0,0.001,False,1352
1274,P1501_0002.png,P1501_0002.png,P1501_0002,P1501,2,26767,0.025527000427246,0.380851290541213,0.380851290541213,0.0,0,False,no_overlap,high_mask_area,no_overlap__high_mask_area,train,0.011932373046875,mask_area,0.0,0.001,False,1353
1275,P1501_0003.png,P1501_0003.png,P1501_0003,P1501,1,26753,0.0255136489868164,0.3703349944629014,0.3703349944629014,0.0,0,False,no_overlap,high_mask_area,no_overlap__high_mask_area,train,0.011932373046875,mask_area,0.0,0.001,False,1354
1276,P1501_0004.png,P1501_0004.png,P1501_0004,P1501,1,27067,0.0258131027221679,0.3485410389142136,0.3485410389142136,0.0,0,False,no_overlap,high_mask_area,no_overlap__high_mask_area,train,0.011932373046875,mask_area,0.0,0.001,False,1355
1277,P1501_0009.png,P1501_0009.png,P1501_0009,P1501,1,12591,0.012007713317871,0.2298382680442481,0.2298382680442481,0.0,0,False,no_overlap,high_mask_area,no_overlap__high_mask_area,train,0.011932373046875,mask_area,0.0,0.001,False,1356
1278,P1502_0001.png,P1502_0001.png,P1502_0001,P1502,1,18651,0.0177869796752929,0.1411756691292237,0.1411756691292237,0.0,0,False,no_overlap,high_mask_area,no_overlap__high_mask_area,train,0.011932373046875,mask_area,0.0,0.001,False,1357
1279,P1502_0006.png,P1502_0006.png,P1502_0006,P1502,1,15447,0.0147314071655273,0.2236459192980932,0.2236459192980932,0.0,0,False,no_overlap,high_mask_area,no_overlap__high_mask_area,train,0.011932373046875,mask_area,0.0,0.001,False,1358
1280,P1502_0013.png,P1502_0013.png,P1502_0013,P1502,2,32935,0.0314092636108398,0.1624198861091761,0.1624198861091761,0.0862364701011415,1,True,overlap,high_mask_area,overlap__high_mask_area,train,0.011932373046875,mask_area,0.0,0.001,False,1359
1281,P1502_0014.png,P1502_0014.png,P1502_0014,P1502,1,5084,0.0048484802246093,0.1077209933045173,0.1077209933045173,0.0,0,False,no_overlap,low_mask_area,no_overlap__low_mask_area,train,0.011932373046875,mask_area,0.0,0.001,False,1360
1282,P1502_0018.png,P1502_0018.png,P1502_0018,P1502,1,21242,0.0202579498291015,0.1559343434343434,0.1559343434343434,0.0,0,False,no_overlap,high_mask_area,no_overlap__high_mask_area,train,0.011932373046875,mask_area,0.0,0.001,False,1361
1283,P1502_0021.png,P1502_0021.png,P1502_0021,P1502,2,24464,0.0233306884765625,0.183500486185101,0.183500486185101,0.0,0,False,no_overlap,high_mask_area,no_overlap__high_mask_area,train,0.011932373046875,mask_area,0.0,0.001,False,1362
1284,P1502_0028.png,P1502_0028.png,P1502_0028,P1502,2,23591,0.0224981307983398,0.1075174275184646,0.1075174275184646,0.087499132641429,1,True,overlap,high_mask_area,overlap__high_mask_area,train,0.011932373046875,mask_area,0.0,0.001,False,1363
1285,P1502_0029.png,P1502_0029.png,P1502_0029,P1502,2,23848,0.0227432250976562,0.1086918582654798,0.1086918582654798,0.087499132641429,1,True,overlap,high_mask_area,overlap__high_mask_area,train,0.011932373046875,mask_area,0.0,0.001,False,1364
1286,P1505_0008.png,P1505_0008.png,P1505_0008,P1505,0,0,0.0,0.0,0.0,0.0,0,False,no_overlap,low_mask_area,negative,train,0.011932373046875,mask_area,0.0,0.001,False,1365
1287,P1508_0000.png,P1508_0000.png,P1508_0000,P1508,1,21366,0.0203762054443359,0.3247507295719844,0.3247507295719844,0.0,0,False,no_overlap,high_mask_area,no_overlap__high_mask_area,train,0.011932373046875,mask_area,0.0,0.001,False,1366
1288,P1508_0001.png,P1508_0001.png,P1508_0001,P1508,0,0,0.0,0.0,0.0,0.0,0,False,no_overlap,low_mask_area,negative,train,0.011932373046875,mask_area,0.0,0.001,False,1367
1289,P1508_0002.png,P1508_0002.png,P1508_0002,P1508,1,25829,0.024632453918457,0.3714959655960994,0.3714959655960994,0.0,0,False,no_overlap,high_mask_area,no_overlap__high_mask_area,train,0.011932373046875,mask_area,0.0,0.001,False,1368
1290,P1508_0007.png,P1508_0007.png,P1508_0007,P1508,0,0,0.0,0.0,0.0,0.0,0,False,no_overlap,low_mask_area,negative,train,0.011932373046875,mask_area,0.0,0.001,False,1369
1291,P1509_0001.png,P1509_0001.png,P1509_0001,P1509,1,20609,0.0196542739868164,0.2749516376492562,0.2749516376492562,0.0,0,False,no_overlap,high_mask_area,no_overlap__high_mask_area,train,0.011932373046875,mask_area,0.0,0.001,False,1370
1292,P1509_0002.png,P1509_0002.png,P1509_0002,P1509,1,21274,0.0202884674072265,0.3087394421385656,0.3087394421385656,0.0,0,False,no_overlap,high_mask_area,no_overlap__high_mask_area,train,0.011932373046875,mask_area,0.0,0.001,False,1371
1293,P1509_0003.png,P1509_0003.png,P1509_0003,P1509,1,22668,0.0216178894042968,0.4304432038281873,0.4304432038281873,0.0,0,False,no_overlap,high_mask_area,no_overlap__high_mask_area,train,0.011932373046875,mask_area,0.0,0.001,False,1372
1294,P1509_0004.png,P1509_0004.png,P1509_0004,P1509,1,23177,0.0221033096313476,0.3350826972010178,0.3350826972010178,0.0,0,False,no_overlap,high_mask_area,no_overlap__high_mask_area,train,0.011932373046875,mask_area,0.0,0.001,False,1373
1295,P1509_0005.png,P1509_0005.png,P1509_0005,P1509,2,39623,0.0377874374389648,0.2625318469074749,0.2625318469074749,0.0,0,False,no_overlap,high_mask_area,no_overlap__high_mask_area,train,0.011932373046875,mask_area,0.0,0.001,False,1374
1296,P1509_0006.png,P1509_0006.png,P1509_0006,P1509,1,13294,0.0126781463623046,0.2070523004080615,0.2070523004080615,0.0,0,False,no_overlap,high_mask_area,no_overlap__high_mask_area,train,0.011932373046875,mask_area,0.0,0.001,False,1375
1297,P1509_0007.png,P1509_0007.png,P1509_0007,P1509,1,13817,0.0131769180297851,0.2151979565772669,0.2151979565772669,0.0,0,False,no_overlap,high_mask_area,no_overlap__high_mask_area,train,0.011932373046875,mask_area,0.0,0.001,False,1376
1298,P1509_0008.png,P1509_0008.png,P1509_0008,P1509,1,20162,0.0192279815673828,0.3196765498652291,0.3196765498652291,0.0,0,False,no_overlap,high_mask_area,no_overlap__high_mask_area,train,0.011932373046875,mask_area,0.0,0.001,False,1377
1299,P1509_0009.png,P1509_0009.png,P1509_0009,P1509,2,27453,0.0261812210083007,0.1674262518399877,0.1674262518399877,0.0,0,False,no_overlap,high_mask_area,no_overlap__high_mask_area,train,0.011932373046875,mask_area,0.0,0.001,False,1378
1300,P1509_0010.png,P1509_0010.png,P1509_0010,P1509,4,64993,0.0619821548461914,0.427158024413926,0.3591484580231836,0.0,0,False,no_overlap,high_mask_area,no_overlap__high_mask_area,train,0.011932373046875,mask_area,0.0,0.001,False,1379
1301,P1509_0011.png,P1509_0011.png,P1509_0011,P1509,2,15994,0.0152530670166015,0.4937754338485904,0.4937754338485904,0.0,0,False,no_overlap,high_mask_area,no_overlap__high_mask_area,train,0.011932373046875,mask_area,0.0,0.001,False,1380
1302,P1509_0012.png,P1509_0012.png,P1509_0012,P1509,1,22559,0.0215139389038085,0.2841899722852103,0.2841899722852103,0.0,0,False,no_overlap,high_mask_area,no_overlap__high_mask_area,train,0.011932373046875,mask_area,0.0,0.001,False,1381
1303,P1509_0013.png,P1509_0013.png,P1509_0013,P1509,1,19365,0.018467903137207,0.331910736322501,0.331910736322501,0.0,0,False,no_overlap,high_mask_area,no_overlap__high_mask_area,train,0.011932373046875,mask_area,0.0,0.001,False,1382
1304,P1509_0014.png,P1509_0014.png,P1509_0014,P1509,2,22359,0.0213232040405273,0.1669918283514072,0.1669918283514072,0.0,0,False,no_overlap,high_mask_area,no_overlap__high_mask_area,train,0.011932373046875,mask_area,0.0,0.001,False,1383
1305,P1509_0017.png,P1509_0017.png,P1509_0017,P1509,1,3511,0.0033483505249023,0.0553453765881648,0.0553453765881648,0.0,0,False,no_overlap,low_mask_area,no_overlap__low_mask_area,train,0.011932373046875,mask_area,0.0,0.001,False,1384
1306,P1509_0018.png,P1509_0018.png,P1509_0018,P1509,4,55857,0.0532693862915039,0.177620662541532,0.221387628125156,6.089206880803775e-05,1,True,ambiguous_overlap,high_mask_area,negative,train,0.011932373046875,mask_area,0.0,0.001,False,1385
1307,P1509_0019.png,P1509_0019.png,P1509_0019,P1509,1,20181,0.0192461013793945,0.2949619257808503,0.2949619257808503,0.0,0,False,no_overlap,high_mask_area,no_overlap__high_mask_area,train,0.011932373046875,mask_area,0.0,0.001,False,1386
1308,P1509_0021.png,P1509_0021.png,P1509_0021,P1509,1,16048,0.0153045654296875,0.2529714051514865,0.2529714051514865,0.0,0,False,no_overlap,high_mask_area,no_overlap__high_mask_area,train,0.011932373046875,mask_area,0.0,0.001,False,1387
1309,P1509_0022.png,P1509_0022.png,P1509_0022,P1509,3,64958,0.0619487762451171,0.2395906563613877,0.2368080605147405,4.795910047911141e-05,1,True,ambiguous_overlap,high_mask_area,negative,train,0.011932373046875,mask_area,0.0,0.001,False,1388
1310,P1509_0023.png,P1509_0023.png,P1509_0023,P1509,1,20105,0.0191736221313476,0.2938511232260045,0.2938511232260045,0.0,0,False,no_overlap,high_mask_area,no_overlap__high_mask_area,train,0.011932373046875,mask_area,0.0,0.001,False,1389
1311,P1512_0000.png,P1512_0000.png,P1512_0000,P1512,4,31511,0.0300512313842773,0.2166355390068656,0.1945568700039538,0.0872555518727212,1,True,overlap,high_mask_area,overlap__high_mask_area,train,0.011932373046875,mask_area,0.0,0.001,False,259
1312,P1512_0001.png,P1512_0001.png,P1512_0001,P1512,3,20148,0.0192146301269531,0.2349194531062313,0.2154416482498039,0.0,0,False,no_overlap,high_mask_area,no_overlap__high_mask_area,train,0.011932373046875,mask_area,0.0,0.001,False,260
1313,P1512_0002.png,P1512_0002.png,P1512_0002,P1512,7,53021,0.0505647659301757,0.223350019216415,0.2113215400624349,0.1203847215439818,6,True,overlap,high_mask_area,overlap__high_mask_area,train,0.011932373046875,mask_area,0.0,0.001,False,261
1314,P1512_0003.png,P1512_0003.png,P1512_0003,P1512,1,2780,0.0026512145996093,0.3048914235577977,0.3048914235577977,0.0,0,False,no_overlap,low_mask_area,no_overlap__low_mask_area,train,0.011932373046875,mask_area,0.0,0.001,False,262
1315,P1513_0000.png,P1513_0000.png,P1513_0000,P1513,4,80227,0.0765104293823242,0.2782369453855065,0.2625702580557003,0.1853061379483844,4,True,overlap,high_mask_area,overlap__high_mask_area,train,0.011932373046875,mask_area,0.0,0.001,False,1390
1316,P1513_0002.png,P1513_0002.png,P1513_0002,P1513,2,26132,0.0249214172363281,0.3559014122069903,0.3559014122069903,0.0,0,False,no_overlap,high_mask_area,no_overlap__high_mask_area,train,0.011932373046875,mask_area,0.0,0.001,False,1391
1317,P1513_0003.png,P1513_0003.png,P1513_0003,P1513,7,34296,0.0327072143554687,0.2700532097402263,0.238310502283105,0.1123647784110736,5,True,overlap,high_mask_area,overlap__high_mask_area,train,0.011932373046875,mask_area,0.0,0.001,False,1392
1318,P1513_0004.png,P1513_0004.png,P1513_0004,P1513,2,6182,0.0058956146240234,0.2583453863227139,0.2583453863227139,0.0779601905410003,1,True,overlap,low_mask_area,overlap__low_mask_area,train,0.011932373046875,mask_area,0.0,0.001,False,1393
1319,P1513_0005.png,P1513_0005.png,P1513_0005,P1513,1,4364,0.0041618347167968,0.364578111946533,0.364578111946533,0.0,0,False,no_overlap,low_mask_area,no_overlap__low_mask_area,train,0.011932373046875,mask_area,0.0,0.001,False,1394
1320,P1513_0007.png,P1513_0007.png,P1513_0007,P1513,3,18457,0.0176019668579101,0.2693763161170179,0.2566632349576755,0.0,0,False,no_overlap,high_mask_area,no_overlap__high_mask_area,train,0.011932373046875,mask_area,0.0,0.001,False,1395
1321,P1513_0008.png,P1513_0008.png,P1513_0008,P1513,5,20348,0.0194053649902343,0.243112471787989,0.2504744780741185,0.0779601905410003,1,True,overlap,high_mask_area,overlap__high_mask_area,train,0.011932373046875,mask_area,0.0,0.001,False,1396
1322,P1513_0009.png,P1513_0009.png,P1513_0009,P1513,3,11129,0.0106134414672851,0.2546280431437707,0.249575466986315,0.0779601905410003,1,True,overlap,low_mask_area,overlap__low_mask_area,train,0.011932373046875,mask_area,0.0,0.001,False,1397
1323,P1513_0012.png,P1513_0012.png,P1513_0012,P1513,1,2127,0.002028465270996,0.2715781409601634,0.2715781409601634,0.0,0,False,no_overlap,low_mask_area,no_overlap__low_mask_area,train,0.011932373046875,mask_area,0.0,0.001,False,1398
1324,P1513_0014.png,P1513_0014.png,P1513_0014,P1513,1,5780,0.0055122375488281,0.2330269311401387,0.2330269311401387,0.0,0,False,no_overlap,low_mask_area,no_overlap__low_mask_area,train,0.011932373046875,mask_area,0.0,0.001,False,1399
1325,P1515_0007.png,P1515_0007.png,P1515_0007,P1515,3,1794,0.0017108917236328,0.188734060060834,0.2013953488372093,0.0,0,False,no_overlap,low_mask_area,no_overlap__low_mask_area,train,0.011932373046875,mask_area,0.0,0.001,False,263
1326,P1515_0008.png,P1515_0008.png,P1515_0008,P1515,7,3090,0.0029468536376953,0.3022082688807107,0.2728682170542635,0.0274442538593482,1,True,overlap,low_mask_area,overlap__low_mask_area,train,0.011932373046875,mask_area,0.0,0.001,False,264
1327,P1515_0009.png,P1515_0009.png,P1515_0009,P1515,2,1303,0.0012426376342773,0.3831373403019744,0.3831373403019744,0.0,0,False,no_overlap,low_mask_area,no_overlap__low_mask_area,train,0.011932373046875,mask_area,0.0,0.001,False,265
1328,P1515_0012.png,P1515_0012.png,P1515_0012,P1515,1,465,0.0004434585571289,0.1537698412698412,0.1537698412698412,0.0,0,False,no_overlap,low_mask_area,no_overlap__low_mask_area,train,0.011932373046875,mask_area,0.0,0.001,False,266
1329,P1515_0013.png,P1515_0013.png,P1515_0013,P1515,13,4778,0.004556655883789,0.415563459164853,0.3559814169570267,0.0274442538593482,1,True,overlap,low_mask_area,overlap__low_mask_area,train,0.011932373046875,mask_area,0.0,0.001,False,267
1330,P1515_0014.png,P1515_0014.png,P1515_0014,P1515,7,2916,0.0027809143066406,0.4240949262365313,0.3552631578947368,0.0,0,False,no_overlap,low_mask_area,no_overlap__low_mask_area,train,0.011932373046875,mask_area,0.0,0.001,False,268
1331,P1517_0000.png,P1517_0000.png,P1517_0000,P1517,0,0,0.0,0.0,0.0,0.0,0,False,no_overlap,low_mask_area,negative,train,0.011932373046875,mask_area,0.0,0.001,False,1400
1332,P1524_0003.png,P1524_0003.png,P1524_0003,P1524,0,0,0.0,0.0,0.0,0.0,0,False,no_overlap,low_mask_area,negative,train,0.011932373046875,mask_area,0.0,0.001,False,1401
1333,P1526_0002.png,P1526_0002.png,P1526_0002,P1526,1,974,0.0009288787841796,0.2579449152542373,0.2579449152542373,0.0,0,False,no_overlap,low_mask_area,no_overlap__low_mask_area,train,0.011932373046875,mask_area,0.0,0.001,False,1402
1334,P1526_0003.png,P1526_0003.png,P1526_0003,P1526,1,1090,0.0010395050048828,0.3414786967418546,0.3414786967418546,0.0,0,False,no_overlap,low_mask_area,no_overlap__low_mask_area,train,0.011932373046875,mask_area,0.0,0.001,False,1403
1335,P1540_0012.png,P1540_0012.png,P1540_0012,P1540,1,555,0.0005292892456054,0.2627840909090909,0.2627840909090909,0.0,0,False,no_overlap,low_mask_area,no_overlap__low_mask_area,train,0.011932373046875,mask_area,0.0,0.001,False,1405
1336,P1541_0001.png,P1541_0001.png,P1541_0001,P1541,1,460,0.0004386901855468,0.1919065498539841,0.1919065498539841,0.0,0,False,no_overlap,low_mask_area,no_overlap__low_mask_area,train,0.011932373046875,mask_area,0.0,0.001,False,1406
1337,P1541_0002.png,P1541_0002.png,P1541_0002,P1541,1,635,0.0006055831909179,0.2868112014453478,0.2868112014453478,0.0,0,False,no_overlap,low_mask_area,no_overlap__low_mask_area,train,0.011932373046875,mask_area,0.0,0.001,False,1407
1338,P1545_0000.png,P1545_0000.png,P1545_0000,P1545,0,0,0.0,0.0,0.0,0.0,0,False,no_overlap,low_mask_area,negative,train,0.011932373046875,mask_area,0.0,0.001,False,1408
1339,P1545_0002.png,P1545_0002.png,P1545_0002,P1545,0,0,0.0,0.0,0.0,0.0,0,False,no_overlap,low_mask_area,negative,train,0.011932373046875,mask_area,0.0,0.001,False,1409
1340,P1545_0011.png,P1545_0011.png,P1545_0011,P1545,6,5472,0.005218505859375,0.1730346801812814,0.1766512854317732,0.0375970576215774,3,True,overlap,low_mask_area,overlap__low_mask_area,train,0.011932373046875,mask_area,0.0,0.001,False,1410
1341,P1545_0015.png,P1545_0015.png,P1545_0015,P1545,8,7138,0.0068073272705078,0.2245220384466661,0.22399547580707,0.0737240075614366,3,True,overlap,low_mask_area,overlap__low_mask_area,train,0.011932373046875,mask_area,0.0,0.001,False,1411
1342,P1545_0016.png,P1545_0016.png,P1545_0016,P1545,3,2410,0.002298355102539,0.1694110309303335,0.1730027548209366,0.0367632756273098,2,True,overlap,low_mask_area,overlap__low_mask_area,train,0.011932373046875,mask_area,0.0,0.001,False,1412
1343,P1545_0020.png,P1545_0020.png,P1545_0020,P1545,3,2536,0.0024185180664062,0.275780231577333,0.2814814814814815,0.0,0,False,no_overlap,low_mask_area,no_overlap__low_mask_area,train,0.011932373046875,mask_area,0.0,0.001,False,1413
1344,P1547_0008.png,P1547_0008.png,P1547_0008,P1547,0,0,0.0,0.0,0.0,0.0,0,False,no_overlap,low_mask_area,negative,train,0.011932373046875,mask_area,0.0,0.001,False,1414
1345,P1551_0010.png,P1551_0010.png,P1551_0010,P1551,0,0,0.0,0.0,0.0,0.0,0,False,no_overlap,low_mask_area,negative,train,0.011932373046875,mask_area,0.0,0.001,False,1415
1346,P1552_0018.png,P1552_0018.png,P1552_0018,P1552,15,2565,0.002446174621582,0.3527537241740134,0.3146853146853147,0.1219065077910174,8,True,overlap,low_mask_area,overlap__low_mask_area,train,0.011932373046875,mask_area,0.0,0.001,False,1416
1347,P1552_0019.png,P1552_0019.png,P1552_0019,P1552,18,2715,0.0025892257690429,0.3288501914965455,0.3353553921568627,0.1477611940298507,10,True,overlap,low_mask_area,overlap__low_mask_area,train,0.011932373046875,mask_area,0.0,0.001,False,1417
1348,P1552_0022.png,P1552_0022.png,P1552_0022,P1552,1,1297,0.0012369155883789,0.4135841836734694,0.4135841836734694,0.0,0,False,no_overlap,low_mask_area,no_overlap__low_mask_area,train,0.011932373046875,mask_area,0.0,0.001,False,1418
1349,P1552_0023.png,P1552_0023.png,P1552_0023,P1552,6,1197,0.0011415481567382,0.2958371956995041,0.2896747388414055,0.1219065077910174,3,True,overlap,low_mask_area,overlap__low_mask_area,train,0.011932373046875,mask_area,0.0,0.001,False,1419
1350,P1552_0024.png,P1552_0024.png,P1552_0024,P1552,5,926,0.0008831024169921,0.3044943127859794,0.2953846153846154,0.1219065077910174,3,True,overlap,low_mask_area,overlap__low_mask_area,train,0.011932373046875,mask_area,0.0,0.001,False,1420
1351,P1563_0001.png,P1563_0001.png,P1563_0001,P1563,8,7186,0.0068531036376953,0.1738859810726126,0.1617304558743322,0.0300296735905044,1,True,overlap,low_mask_area,overlap__low_mask_area,train,0.011932373046875,mask_area,0.0,0.001,False,205
1352,P1563_0002.png,P1563_0002.png,P1563_0002,P1563,6,6969,0.0066461563110351,0.195312838502585,0.2005282626112871,0.0375092661230541,1,True,overlap,low_mask_area,overlap__low_mask_area,train,0.011932373046875,mask_area,0.0,0.001,False,206
1353,P1563_0004.png,P1563_0004.png,P1563_0004,P1563,5,2387,0.0022764205932617,0.2034719116538972,0.1956521739130435,0.1239954075774971,4,True,overlap,low_mask_area,overlap__low_mask_area,train,0.011932373046875,mask_area,0.0,0.001,False,207
1354,P1563_0006.png,P1563_0006.png,P1563_0006,P1563,2,1800,0.0017166137695312,0.1890565236806758,0.1890565236806758,0.0,0,False,no_overlap,low_mask_area,no_overlap__low_mask_area,train,0.011932373046875,mask_area,0.0,0.001,False,208
1355,P1563_0007.png,P1563_0007.png,P1563_0007,P1563,2,1295,0.001235008239746,0.1356434240362811,0.1356434240362811,0.0,0,False,no_overlap,low_mask_area,no_overlap__low_mask_area,train,0.011932373046875,mask_area,0.0,0.001,False,209
1356,P1563_0009.png,P1563_0009.png,P1563_0009,P1563,4,2243,0.0021390914916992,0.3157851324260104,0.3093442632148889,0.1239954075774971,4,True,overlap,low_mask_area,overlap__low_mask_area,train,0.011932373046875,mask_area,0.0,0.001,False,210
1357,P1563_0011.png,P1563_0011.png,P1563_0011,P1563,1,5295,0.005049705505371,1.112394957983193,1.112394957983193,0.0,0,False,no_overlap,low_mask_area,no_overlap__low_mask_area,train,0.011932373046875,mask_area,0.0,0.001,False,211
1358,P1566_0017.png,P1566_0017.png,P1566_0017,P1566,4,1344,0.00128173828125,0.2555570649623285,0.2612024535423926,0.0,0,False,no_overlap,low_mask_area,no_overlap__low_mask_area,train,0.011932373046875,mask_area,0.0,0.001,False,1433
1359,P1566_0022.png,P1566_0022.png,P1566_0022,P1566,8,2668,0.0025444030761718,0.2993451554757954,0.2756628787878787,0.1889035667107001,2,True,overlap,low_mask_area,overlap__low_mask_area,train,0.011932373046875,mask_area,0.0,0.001,False,1434
1360,P1569_0002.png,P1569_0002.png,P1569_0002,P1569,0,0,0.0,0.0,0.0,0.0,0,False,no_overlap,low_mask_area,negative,train,0.011932373046875,mask_area,0.0,0.001,False,1435
1361,P1573_0020.png,P1573_0020.png,P1573_0020,P1573,0,0,0.0,0.0,0.0,0.0,0,False,no_overlap,low_mask_area,negative,train,0.011932373046875,mask_area,0.0,0.001,False,1436
1362,P1584_0020.png,P1584_0020.png,P1584_0020,P1584,0,0,0.0,0.0,0.0,0.0,0,False,no_overlap,low_mask_area,negative,train,0.011932373046875,mask_area,0.0,0.001,False,1443
1363,P1585_0006.png,P1585_0006.png,P1585_0006,P1585,0,0,0.0,0.0,0.0,0.0,0,False,no_overlap,low_mask_area,negative,train,0.011932373046875,mask_area,0.0,0.001,False,1444
1364,P1586_0000.png,P1586_0000.png,P1586_0000,P1586,0,0,0.0,0.0,0.0,0.0,0,False,no_overlap,low_mask_area,negative,train,0.011932373046875,mask_area,0.0,0.001,False,1445
1365,P1586_0011.png,P1586_0011.png,P1586_0011,P1586,0,0,0.0,0.0,0.0,0.0,0,False,no_overlap,low_mask_area,negative,train,0.011932373046875,mask_area,0.0,0.001,False,1446
1366,P1591_0001.png,P1591_0001.png,P1591_0001,P1591,0,0,0.0,0.0,0.0,0.0,0,False,no_overlap,low_mask_area,negative,train,0.011932373046875,mask_area,0.0,0.001,False,1447
1367,P1591_0014.png,P1591_0014.png,P1591_0014,P1591,0,0,0.0,0.0,0.0,0.0,0,False,no_overlap,low_mask_area,negative,train,0.011932373046875,mask_area,0.0,0.001,False,1448
1368,P1594_0009.png,P1594_0009.png,P1594_0009,P1594,5,1757,0.0016756057739257,0.2106934405093529,0.2032136105860113,0.0311958405545927,1,True,overlap,low_mask_area,overlap__low_mask_area,train,0.011932373046875,mask_area,0.0,0.001,False,279
1369,P1594_0014.png,P1594_0014.png,P1594_0014,P1594,4,4033,0.0038461685180664,0.3163929332882278,0.2255476134215501,0.0,0,False,no_overlap,low_mask_area,no_overlap__low_mask_area,train,0.011932373046875,mask_area,0.0,0.001,False,280
1370,P1598_0000.png,P1598_0000.png,P1598_0000,P1598,4,4688,0.0044708251953125,0.2212509823900031,0.2189808424711806,0.1918045568742961,2,True,overlap,low_mask_area,overlap__low_mask_area,train,0.011932373046875,mask_area,0.0,0.001,False,1449
1371,P1598_0001.png,P1598_0001.png,P1598_0001,P1598,2,4199,0.0040044784545898,0.2943688345765308,0.2943688345765308,0.2234557932983447,1,True,overlap,low_mask_area,overlap__low_mask_area,train,0.011932373046875,mask_area,0.0,0.001,False,1450
1372,P1598_0006.png,P1598_0006.png,P1598_0006,P1598,7,4935,0.0047063827514648,0.2394601576295379,0.2602564102564103,0.0,0,False,no_overlap,low_mask_area,no_overlap__low_mask_area,train,0.011932373046875,mask_area,0.0,0.001,False,1451
1373,P1598_0007.png,P1598_0007.png,P1598_0007,P1598,1,1402,0.0013370513916015,0.2567765567765567,0.2567765567765567,0.0,0,False,no_overlap,low_mask_area,no_overlap__low_mask_area,train,0.011932373046875,mask_area,0.0,0.001,False,1452
1374,P1598_0012.png,P1598_0012.png,P1598_0012,P1598,1,900,0.0008583068847656,0.1798201798201798,0.1798201798201798,0.0,0,False,no_overlap,low_mask_area,no_overlap__low_mask_area,train,0.011932373046875,mask_area,0.0,0.001,False,1453
1375,P1598_0018.png,P1598_0018.png,P1598_0018,P1598,3,2168,0.0020675659179687,0.2507080221365936,0.2701298701298701,0.0,0,False,no_overlap,low_mask_area,no_overlap__low_mask_area,train,0.011932373046875,mask_area,0.0,0.001,False,1454
1376,P1598_0024.png,P1598_0024.png,P1598_0024,P1598,1,913,0.0008707046508789,0.2271144278606965,0.2271144278606965,0.0,0,False,no_overlap,low_mask_area,no_overlap__low_mask_area,train,0.011932373046875,mask_area,0.0,0.001,False,1455
1377,P1598_0025.png,P1598_0025.png,P1598_0025,P1598,2,2599,0.0024785995483398,0.3860003291074536,0.3860003291074536,0.0,0,False,no_overlap,low_mask_area,no_overlap__low_mask_area,train,0.011932373046875,mask_area,0.0,0.001,False,1456
1378,P1598_0026.png,P1598_0026.png,P1598_0026,P1598,7,3418,0.0032596588134765,0.507672785283852,0.6866666666666666,0.0847856806406029,3,True,overlap,low_mask_area,overlap__low_mask_area,train,0.011932373046875,mask_area,0.0,0.001,False,1457
1379,P1599_0001.png,P1599_0001.png,P1599_0001,P1599,1,884,0.0008430480957031,0.1926765475152572,0.1926765475152572,0.0,0,False,no_overlap,low_mask_area,no_overlap__low_mask_area,train,0.011932373046875,mask_area,0.0,0.001,False,1458
1380,P1599_0017.png,P1599_0017.png,P1599_0017,P1599,1,1431,0.0013647079467773,0.4404432132963989,0.4404432132963989,0.0,0,False,no_overlap,low_mask_area,no_overlap__low_mask_area,train,0.011932373046875,mask_area,0.0,0.001,False,1459
1381,P1600_0023.png,P1600_0023.png,P1600_0023,P1600,2,316,0.0003013610839843,0.2935542718151414,0.2935542718151414,0.0,0,False,no_overlap,low_mask_area,no_overlap__low_mask_area,train,0.011932373046875,mask_area,0.0,0.001,False,1460
1382,P1600_0024.png,P1600_0024.png,P1600_0024,P1600,2,315,0.0003004074096679,0.2934782608695652,0.2934782608695652,0.0,0,False,no_overlap,low_mask_area,no_overlap__low_mask_area,train,0.011932373046875,mask_area,0.0,0.001,False,1461
1383,P1601_0002.png,P1601_0002.png,P1601_0002,P1601,15,2519,0.0024023056030273,0.3834115964573269,0.3642857142857142,0.0977881257275902,3,True,overlap,low_mask_area,overlap__low_mask_area,train,0.011932373046875,mask_area,0.0,0.001,False,1462
1384,P1601_0003.png,P1601_0003.png,P1601_0003,P1601,12,2677,0.0025529861450195,0.4793074906691155,0.4690490430622009,0.0977881257275902,4,True,overlap,low_mask_area,overlap__low_mask_area,train,0.011932373046875,mask_area,0.0,0.001,False,1463
1385,P1601_0004.png,P1601_0004.png,P1601_0004,P1601,6,1157,0.001103401184082,0.4323427387883328,0.4229933020039972,0.0835117773019272,1,True,overlap,low_mask_area,overlap__low_mask_area,train,0.011932373046875,mask_area,0.0,0.001,False,1464
1386,P1604_0016.png,P1604_0016.png,P1604_0016,P1604,3,4025,0.0038385391235351,0.1518624329799477,0.1436672967863894,0.0,0,False,no_overlap,low_mask_area,no_overlap__low_mask_area,train,0.011932373046875,mask_area,0.0,0.001,False,281
1387,P1604_0021.png,P1604_0021.png,P1604_0021,P1604,5,5810,0.0055408477783203,0.1771646586469765,0.1479206049149338,0.0,0,False,no_overlap,low_mask_area,no_overlap__low_mask_area,train,0.011932373046875,mask_area,0.0,0.001,False,282
1388,P1604_0022.png,P1604_0022.png,P1604_0022,P1604,7,8037,0.007664680480957,0.3129913505708718,0.3020320197044335,0.0,0,False,no_overlap,low_mask_area,no_overlap__low_mask_area,train,0.011932373046875,mask_area,0.0,0.001,False,283
1389,P1604_0023.png,P1604_0023.png,P1604_0023,P1604,3,3189,0.0030412673950195,0.2431616145495816,0.2353572194807981,0.0,0,False,no_overlap,low_mask_area,no_overlap__low_mask_area,train,0.011932373046875,mask_area,0.0,0.001,False,284
1390,P1607_0020.png,P1607_0020.png,P1607_0020,P1607,0,0,0.0,0.0,0.0,0.0,0,False,no_overlap,low_mask_area,negative,train,0.011932373046875,mask_area,0.0,0.001,False,285
1391,P1609_0000.png,P1609_0000.png,P1609_0000,P1609,10,2233,0.0021295547485351,0.3074142039647473,0.3122823678379234,0.0350467289719626,3,True,overlap,low_mask_area,overlap__low_mask_area,train,0.011932373046875,mask_area,0.0,0.001,False,1465
1392,P1609_0005.png,P1609_0005.png,P1609_0005,P1609,7,1606,0.0015316009521484,0.2990549204252656,0.2916666666666667,0.0350467289719626,2,True,overlap,low_mask_area,overlap__low_mask_area,train,0.011932373046875,mask_area,0.0,0.001,False,1466
1393,P1609_0016.png,P1609_0016.png,P1609_0016,P1609,0,0,0.0,0.0,0.0,0.0,0,False,no_overlap,low_mask_area,negative,train,0.011932373046875,mask_area,0.0,0.001,False,1467
1394,P1610_0019.png,P1610_0019.png,P1610_0019,P1610,1,128,0.0001220703125,0.7032967032967034,0.7032967032967034,0.0,0,False,no_overlap,low_mask_area,no_overlap__low_mask_area,train,0.011932373046875,mask_area,0.0,0.001,False,212
1395,P1610_0024.png,P1610_0024.png,P1610_0024,P1610,31,3086,0.0029430389404296,0.4082008039204933,0.3602941176470588,0.0449251247920133,5,True,overlap,low_mask_area,overlap__low_mask_area,train,0.011932373046875,mask_area,0.0,0.001,False,213
1396,P1617_0002.png,P1617_0002.png,P1617_0002,P1617,6,4951,0.0047216415405273,0.3508651662953549,0.3498405011979122,0.0,0,False,no_overlap,low_mask_area,no_overlap__low_mask_area,train,0.011932373046875,mask_area,0.0,0.001,False,1468
1397,P1617_0007.png,P1617_0007.png,P1617_0007,P1617,13,9383,0.0089483261108398,0.3599471470017844,0.3660493827160493,0.0,0,False,no_overlap,low_mask_area,no_overlap__low_mask_area,train,0.011932373046875,mask_area,0.0,0.001,False,1469
1398,P1617_0011.png,P1617_0011.png,P1617_0011,P1617,1,1234,0.0011768341064453,0.1810446009389671,0.1810446009389671,0.0,0,False,no_overlap,low_mask_area,no_overlap__low_mask_area,train,0.011932373046875,mask_area,0.0,0.001,False,1470
1399,P1617_0012.png,P1617_0012.png,P1617_0012,P1617,6,5098,0.004861831665039,0.3691368020499075,0.3760291008581022,0.0,0,False,no_overlap,low_mask_area,no_overlap__low_mask_area,train,0.011932373046875,mask_area,0.0,0.001,False,1471
1400,P1617_0013.png,P1617_0013.png,P1617_0013,P1617,3,2843,0.0027112960815429,0.3471203525817523,0.3012658227848101,0.0,0,False,no_overlap,low_mask_area,no_overlap__low_mask_area,train,0.011932373046875,mask_area,0.0,0.001,False,1472
1401,P1617_0016.png,P1617_0016.png,P1617_0016,P1617,1,1246,0.0011882781982421,0.1526960784313725,0.1526960784313725,0.0,0,False,no_overlap,low_mask_area,no_overlap__low_mask_area,train,0.011932373046875,mask_area,0.0,0.001,False,1473
1402,P1617_0017.png,P1617_0017.png,P1617_0017,P1617,1,539,0.0005140304565429,0.2552083333333333,0.2552083333333333,0.0,0,False,no_overlap,low_mask_area,no_overlap__low_mask_area,train,0.011932373046875,mask_area,0.0,0.001,False,1474
1403,P1617_0022.png,P1617_0022.png,P1617_0022,P1617,1,557,0.0005311965942382,0.2637310606060606,0.2637310606060606,0.0,0,False,no_overlap,low_mask_area,no_overlap__low_mask_area,train,0.011932373046875,mask_area,0.0,0.001,False,1475
1404,P1636_0011.png,P1636_0011.png,P1636_0011,P1636,0,0,0.0,0.0,0.0,0.0,0,False,no_overlap,low_mask_area,negative,train,0.011932373046875,mask_area,0.0,0.001,False,1477
1405,P1641_0000.png,P1641_0000.png,P1641_0000,P1641,9,9474,0.0090351104736328,0.2396519662476177,0.2197288452547919,0.0280892759934676,5,True,overlap,low_mask_area,overlap__low_mask_area,train,0.011932373046875,mask_area,0.0,0.001,False,1479
1406,P1641_0001.png,P1641_0001.png,P1641_0001,P1641,1,417,0.0003976821899414,0.4982078853046595,0.4982078853046595,0.0,0,False,no_overlap,low_mask_area,no_overlap__low_mask_area,train,0.011932373046875,mask_area,0.0,0.001,False,1480
1407,P1641_0007.png,P1641_0007.png,P1641_0007,P1641,1,356,0.0003395080566406,0.4253285543608124,0.4253285543608124,0.0,0,False,no_overlap,low_mask_area,no_overlap__low_mask_area,train,0.011932373046875,mask_area,0.0,0.001,False,1481
1408,P1646_0001.png,P1646_0001.png,P1646_0001,P1646,0,0,0.0,0.0,0.0,0.0,0,False,no_overlap,low_mask_area,negative,train,0.011932373046875,mask_area,0.0,0.001,False,286
1409,P1646_0010.png,P1646_0010.png,P1646_0010,P1646,0,0,0.0,0.0,0.0,0.0,0,False,no_overlap,low_mask_area,negative,train,0.011932373046875,mask_area,0.0,0.001,False,287
1410,P1647_0007.png,P1647_0007.png,P1647_0007,P1647,0,0,0.0,0.0,0.0,0.0,0,False,no_overlap,low_mask_area,negative,train,0.011932373046875,mask_area,0.0,0.001,False,1482
1411,P1649_0014.png,P1649_0014.png,P1649_0014,P1649,0,0,0.0,0.0,0.0,0.0,0,False,no_overlap,low_mask_area,negative,train,0.011932373046875,mask_area,0.0,0.001,False,288
1412,P1656_0002.png,P1656_0002.png,P1656_0002,P1656,11,1296,0.0012359619140625,0.9337163175437968,0.8961038961038961,0.0,0,False,no_overlap,low_mask_area,no_overlap__low_mask_area,train,0.011932373046875,mask_area,0.0,0.001,False,214
1413,P1656_0003.png,P1656_0003.png,P1656_0003,P1656,10,970,0.000925064086914,0.9194806670602128,0.925277777777778,0.0,0,False,no_overlap,low_mask_area,no_overlap__low_mask_area,train,0.011932373046875,mask_area,0.0,0.001,False,215
1414,P1656_0008.png,P1656_0008.png,P1656_0008,P1656,2,376,0.0003585815429687,0.4404761904761904,0.4404761904761904,0.0,0,False,no_overlap,low_mask_area,no_overlap__low_mask_area,train,0.011932373046875,mask_area,0.0,0.001,False,216
1415,P1659_0002.png,P1659_0002.png,P1659_0002,P1659,1,310,0.0002956390380859,0.2605042016806723,0.2605042016806723,0.0,0,False,no_overlap,low_mask_area,no_overlap__low_mask_area,train,0.011932373046875,mask_area,0.0,0.001,False,1483
1416,P1661_0003.png,P1661_0003.png,P1661_0003,P1661,1,468,0.0004463195800781,0.2888888888888888,0.2888888888888888,0.0,0,False,no_overlap,low_mask_area,no_overlap__low_mask_area,train,0.011932373046875,mask_area,0.0,0.001,False,1489
1417,P1661_0004.png,P1661_0004.png,P1661_0004,P1661,2,3732,0.0035591125488281,0.2746473674417099,0.2746473674417099,0.0,0,False,no_overlap,low_mask_area,no_overlap__low_mask_area,train,0.011932373046875,mask_area,0.0,0.001,False,1490
1418,P1670_0009.png,P1670_0009.png,P1670_0009,P1670,2,1112,0.0010604858398437,0.2478955462473947,0.2478955462473947,0.0,0,False,no_overlap,low_mask_area,no_overlap__low_mask_area,train,0.011932373046875,mask_area,0.0,0.001,False,289
1419,P1670_0013.png,P1670_0013.png,P1670_0013,P1670,7,5771,0.0055036544799804,0.2499268854497251,0.2435672514619883,0.0586872586872586,1,True,overlap,low_mask_area,overlap__low_mask_area,train,0.011932373046875,mask_area,0.0,0.001,False,290
1420,P1670_0014.png,P1670_0014.png,P1670_0014,P1670,5,3877,0.003697395324707,0.2304407522993721,0.1991101223581757,0.0586872586872586,1,True,overlap,low_mask_area,overlap__low_mask_area,train,0.011932373046875,mask_area,0.0,0.001,False,291
1421,P1670_0017.png,P1670_0017.png,P1670_0017,P1670,4,5407,0.0051565170288085,0.1769633019973225,0.1783875107623828,0.0,0,False,no_overlap,low_mask_area,no_overlap__low_mask_area,train,0.011932373046875,mask_area,0.0,0.001,False,292
1422,P1670_0018.png,P1670_0018.png,P1670_0018,P1670,16,13533,0.0129060745239257,0.2492535488025564,0.2355987850373059,0.0628170113148653,2,True,overlap,high_mask_area,overlap__high_mask_area,train,0.011932373046875,mask_area,0.0,0.001,False,293
1423,P1670_0019.png,P1670_0019.png,P1670_0019,P1670,12,9715,0.0092649459838867,0.2423709829166566,0.2347026174300114,0.0655804480651731,2,True,overlap,low_mask_area,overlap__low_mask_area,train,0.011932373046875,mask_area,0.0,0.001,False,294
1424,P1670_0020.png,P1670_0020.png,P1670_0020,P1670,1,1914,0.0018253326416015,0.4228899690676094,0.4228899690676094,0.0,0,False,no_overlap,low_mask_area,no_overlap__low_mask_area,train,0.011932373046875,mask_area,0.0,0.001,False,295
1425,P1670_0022.png,P1670_0022.png,P1670_0022,P1670,3,3847,0.0036687850952148,0.1855751341091151,0.2087245696400625,0.0,0,False,no_overlap,low_mask_area,no_overlap__low_mask_area,train,0.011932373046875,mask_area,0.0,0.001,False,296
1426,P1670_0023.png,P1670_0023.png,P1670_0023,P1670,10,9417,0.0089807510375976,0.2473494155401755,0.2543884307846077,0.0628170113148653,1,True,overlap,low_mask_area,overlap__low_mask_area,train,0.011932373046875,mask_area,0.0,0.001,False,297
1427,P1670_0024.png,P1670_0024.png,P1670_0024,P1670,10,8869,0.008458137512207,0.2369893510809428,0.2287477039443606,0.0655804480651731,1,True,overlap,low_mask_area,overlap__low_mask_area,train,0.011932373046875,mask_area,0.0,0.001,False,298
1428,P1672_0012.png,P1672_0012.png,P1672_0012,P1672,15,5545,0.0052881240844726,0.305816142783856,0.2928849902534113,0.0586001085187194,5,True,overlap,low_mask_area,overlap__low_mask_area,train,0.011932373046875,mask_area,0.0,0.001,False,299
1429,P1672_0018.png,P1672_0018.png,P1672_0018,P1672,14,6771,0.0064573287963867,0.323245219791647,0.3194202988320636,0.0586001085187194,5,True,overlap,low_mask_area,overlap__low_mask_area,train,0.011932373046875,mask_area,0.0,0.001,False,300
1430,P1672_0024.png,P1672_0024.png,P1672_0024,P1672,1,1152,0.0010986328125,0.2493506493506493,0.2493506493506493,0.0,0,False,no_overlap,low_mask_area,no_overlap__low_mask_area,train,0.011932373046875,mask_area,0.0,0.001,False,301
1431,P1672_0026.png,P1672_0026.png,P1672_0026,P1672,0,0,0.0,0.0,0.0,0.0,0,False,no_overlap,low_mask_area,negative,train,0.011932373046875,mask_area,0.0,0.001,False,302
1432,P1696_0016.png,P1696_0016.png,P1696_0016,P1696,1,624,0.0005950927734375,0.1762711864406779,0.1762711864406779,0.0,0,False,no_overlap,low_mask_area,no_overlap__low_mask_area,train,0.011932373046875,mask_area,0.0,0.001,False,217
1433,P1696_0021.png,P1696_0021.png,P1696_0021,P1696,4,3397,0.003239631652832,0.2308104897281874,0.2055252316121881,0.0,0,False,no_overlap,low_mask_area,no_overlap__low_mask_area,train,0.011932373046875,mask_area,0.0,0.001,False,218
1434,P1696_0022.png,P1696_0022.png,P1696_0022,P1696,1,1029,0.000981330871582,0.3059768064228367,0.3059768064228367,0.0,0,False,no_overlap,low_mask_area,no_overlap__low_mask_area,train,0.011932373046875,mask_area,0.0,0.001,False,219
1435,P1696_0023.png,P1696_0023.png,P1696_0023,P1696,13,12495,0.011916160583496,0.1904297890926156,0.1763265306122449,0.3834080717488789,24,True,overlap,low_mask_area,overlap__low_mask_area,train,0.011932373046875,mask_area,0.0,0.001,False,220
1436,P1696_0024.png,P1696_0024.png,P1696_0024,P1696,11,12130,0.0115680694580078,0.2314473991062409,0.2100508187464709,0.4071005917159763,23,True,overlap,low_mask_area,overlap__low_mask_area,train,0.011932373046875,mask_area,0.0,0.001,False,221
1437,P1697_0001.png,P1697_0001.png,P1697_0001,P1697,1,1800,0.0017166137695312,0.5830903790087464,0.5830903790087464,0.0,0,False,no_overlap,low_mask_area,no_overlap__low_mask_area,train,0.011932373046875,mask_area,0.0,0.001,False,222
1438,P1697_0002.png,P1697_0002.png,P1697_0002,P1697,5,5943,0.0056676864624023,0.251157006368477,0.2695767195767196,0.2695924764890282,3,True,overlap,low_mask_area,overlap__low_mask_area,train,0.011932373046875,mask_area,0.0,0.001,False,223
1439,P1698_0006.png,P1698_0006.png,P1698_0006,P1698,5,1780,0.0016975402832031,0.2812492237724436,0.2655971479500891,0.0042158516020236,1,True,overlap,low_mask_area,overlap__low_mask_area,train,0.011932373046875,mask_area,0.0,0.001,False,303
1440,P1698_0007.png,P1698_0007.png,P1698_0007,P1698,3,877,0.0008363723754882,0.1818218478347575,0.1682615629984051,0.0,0,False,no_overlap,low_mask_area,no_overlap__low_mask_area,train,0.011932373046875,mask_area,0.0,0.001,False,304
1441,P1698_0010.png,P1698_0010.png,P1698_0010,P1698,9,6973,0.0066499710083007,0.2298723200407698,0.2260458839406207,0.1029233696592285,5,True,overlap,low_mask_area,overlap__low_mask_area,train,0.011932373046875,mask_area,0.0,0.001,False,305
1442,P1698_0011.png,P1698_0011.png,P1698_0011,P1698,8,6783,0.0064687728881835,0.1923491362101745,0.1848431174089068,0.0616246498599439,2,True,overlap,low_mask_area,overlap__low_mask_area,train,0.011932373046875,mask_area,0.0,0.001,False,306
1443,P1700_0014.png,P1700_0014.png,P1700_0014,P1700,0,0,0.0,0.0,0.0,0.0,0,False,no_overlap,low_mask_area,negative,train,0.011932373046875,mask_area,0.0,0.001,False,1493
1444,P1702_0008.png,P1702_0008.png,P1702_0008,P1702,0,0,0.0,0.0,0.0,0.0,0,False,no_overlap,low_mask_area,negative,train,0.011932373046875,mask_area,0.0,0.001,False,1494
1445,P1702_0009.png,P1702_0009.png,P1702_0009,P1702,0,0,0.0,0.0,0.0,0.0,0,False,no_overlap,low_mask_area,negative,train,0.011932373046875,mask_area,0.0,0.001,False,1495
1446,P1707_0003.png,P1707_0003.png,P1707_0003,P1707,1,2786,0.0026569366455078,0.1755845465431398,0.1755845465431398,0.0,0,False,no_overlap,low_mask_area,no_overlap__low_mask_area,train,0.011932373046875,mask_area,0.0,0.001,False,1496
1447,P1707_0004.png,P1707_0004.png,P1707_0004,P1707,1,2798,0.0026683807373046,0.1763408331757736,0.1763408331757736,0.0,0,False,no_overlap,low_mask_area,no_overlap__low_mask_area,train,0.011932373046875,mask_area,0.0,0.001,False,1497
1448,P1736_0022.png,P1736_0022.png,P1736_0022,P1736,0,0,0.0,0.0,0.0,0.0,0,False,no_overlap,low_mask_area,negative,train,0.011932373046875,mask_area,0.0,0.001,False,1500
1449,P1738_0016.png,P1738_0016.png,P1738_0016,P1738,33,5360,0.0051116943359375,0.7302762506811558,0.6916666666666667,0.200836820083682,27,True,overlap,low_mask_area,overlap__low_mask_area,train,0.011932373046875,mask_area,0.0,0.001,False,230
1450,P1738_0017.png,P1738_0017.png,P1738_0017,P1738,7,10947,0.0104398727416992,0.4981439957384503,0.4182692307692308,0.0400044081992506,3,True,overlap,low_mask_area,overlap__low_mask_area,train,0.011932373046875,mask_area,0.0,0.001,False,231
1451,P1738_0021.png,P1738_0021.png,P1738_0021,P1738,35,5447,0.0051946640014648,0.6515609829331254,0.6,0.200836820083682,27,True,overlap,low_mask_area,overlap__low_mask_area,train,0.011932373046875,mask_area,0.0,0.001,False,232
1452,P1738_0022.png,P1738_0022.png,P1738_0022,P1738,37,26790,0.0255489349365234,0.5265463348202225,0.4651797175866495,0.1981132075471698,26,True,overlap,high_mask_area,overlap__high_mask_area,train,0.011932373046875,mask_area,0.0,0.001,False,233
1453,P1738_0023.png,P1738_0023.png,P1738_0023,P1738,14,13741,0.0131044387817382,0.2603936930278981,0.1949839534650486,0.096177558569667,12,True,overlap,high_mask_area,overlap__high_mask_area,train,0.011932373046875,mask_area,0.0,0.001,False,234
1454,P1739_0003.png,P1739_0003.png,P1739_0003,P1739,0,0,0.0,0.0,0.0,0.0,0,False,no_overlap,low_mask_area,negative,train,0.011932373046875,mask_area,0.0,0.001,False,1501
1455,P1741_0005.png,P1741_0005.png,P1741_0005,P1741,9,16698,0.0159244537353515,0.4433516927810823,0.4216473386856973,0.2726743056904253,4,True,overlap,high_mask_area,overlap__high_mask_area,train,0.011932373046875,mask_area,0.0,0.001,False,1502
1456,P1741_0010.png,P1741_0010.png,P1741_0010,P1741,5,12772,0.0121803283691406,0.5040791463121617,0.5485986881335718,0.1065601631543168,3,True,overlap,high_mask_area,overlap__high_mask_area,train,0.011932373046875,mask_area,0.0,0.001,False,1503
1457,P1741_0011.png,P1741_0011.png,P1741_0011,P1741,1,2615,0.0024938583374023,0.666751657317695,0.666751657317695,0.0,0,False,no_overlap,low_mask_area,no_overlap__low_mask_area,train,0.011932373046875,mask_area,0.0,0.001,False,1504
1458,P1742_0014.png,P1742_0014.png,P1742_0014,P1742,1,1551,0.001479148864746,0.2097079502433748,0.2097079502433748,0.0,0,False,no_overlap,low_mask_area,no_overlap__low_mask_area,train,0.011932373046875,mask_area,0.0,0.001,False,1505
1459,P1742_0016.png,P1742_0016.png,P1742_0016,P1742,0,0,0.0,0.0,0.0,0.0,0,False,no_overlap,low_mask_area,negative,train,0.011932373046875,mask_area,0.0,0.001,False,1506
1460,P1742_0019.png,P1742_0019.png,P1742_0019,P1742,5,3860,0.0036811828613281,0.3294772930514845,0.3272727272727272,0.0,0,False,no_overlap,low_mask_area,no_overlap__low_mask_area,train,0.011932373046875,mask_area,0.0,0.001,False,1507
1461,P1742_0024.png,P1742_0024.png,P1742_0024,P1742,3,784,0.0007476806640625,0.5256778309409889,0.5327272727272727,0.0,0,False,no_overlap,low_mask_area,no_overlap__low_mask_area,train,0.011932373046875,mask_area,0.0,0.001,False,1508
1462,P1743_0013.png,P1743_0013.png,P1743_0013,P1743,2,1048,0.0009994506835937,0.3962291431116593,0.3962291431116593,0.0,0,False,no_overlap,low_mask_area,no_overlap__low_mask_area,train,0.011932373046875,mask_area,0.0,0.001,False,235
1463,P1743_0018.png,P1743_0018.png,P1743_0018,P1743,3,3461,0.003300666809082,0.3248635339155653,0.2363636363636363,0.0,0,False,no_overlap,low_mask_area,no_overlap__low_mask_area,train,0.011932373046875,mask_area,0.0,0.001,False,236
1464,P1743_0019.png,P1743_0019.png,P1743_0019,P1743,8,6427,0.0061292648315429,0.2919328793516462,0.2711917393979692,0.1011577149364205,2,True,overlap,low_mask_area,overlap__low_mask_area,train,0.011932373046875,mask_area,0.0,0.001,False,237
1465,P1743_0020.png,P1743_0020.png,P1743_0020,P1743,8,5398,0.0051479339599609,0.3286230903197155,0.323842851810377,0.1011577149364205,3,True,overlap,low_mask_area,overlap__low_mask_area,train,0.011932373046875,mask_area,0.0,0.001,False,238
1466,P1743_0021.png,P1743_0021.png,P1743_0021,P1743,1,549,0.000523567199707,0.2286547271970012,0.2286547271970012,0.0,0,False,no_overlap,low_mask_area,no_overlap__low_mask_area,train,0.011932373046875,mask_area,0.0,0.001,False,239
1467,P1743_0025.png,P1743_0025.png,P1743_0025,P1743,14,9963,0.0095014572143554,0.2463348476415516,0.2316012511351024,0.1272570937231298,6,True,overlap,low_mask_area,overlap__low_mask_area,train,0.011932373046875,mask_area,0.0,0.001,False,240
1468,P1743_0026.png,P1743_0026.png,P1743_0026,P1743,36,29234,0.0278797149658203,0.2837365381938828,0.2513731647125476,0.1248102546803845,12,True,overlap,high_mask_area,overlap__high_mask_area,train,0.011932373046875,mask_area,0.0,0.001,False,241
1469,P1743_0027.png,P1743_0027.png,P1743_0027,P1743,25,29108,0.0277595520019531,0.2376605964342546,0.2320024198427102,0.1674823273518216,12,True,overlap,high_mask_area,overlap__high_mask_area,train,0.011932373046875,mask_area,0.0,0.001,False,242
1470,P1743_0028.png,P1743_0028.png,P1743_0028,P1743,6,4140,0.0039482116699218,0.3050292744151738,0.3002967532467532,0.0,0,False,no_overlap,low_mask_area,no_overlap__low_mask_area,train,0.011932373046875,mask_area,0.0,0.001,False,243
1471,P1744_0003.png,P1744_0003.png,P1744_0003,P1744,1,304,0.0002899169921875,0.3543123543123543,0.3543123543123543,0.0,0,False,no_overlap,low_mask_area,no_overlap__low_mask_area,train,0.011932373046875,mask_area,0.0,0.001,False,1509
1472,P1744_0008.png,P1744_0008.png,P1744_0008,P1744,1,427,0.0004072189331054,0.4976689976689977,0.4976689976689977,0.0,0,False,no_overlap,low_mask_area,no_overlap__low_mask_area,train,0.011932373046875,mask_area,0.0,0.001,False,1510
1473,P1744_0013.png,P1744_0013.png,P1744_0013,P1744,9,3236,0.0030860900878906,0.5369685843913355,0.4845679012345679,0.0273684210526315,1,True,overlap,low_mask_area,overlap__low_mask_area,train,0.011932373046875,mask_area,0.0,0.001,False,1511
1474,P1744_0014.png,P1744_0014.png,P1744_0014,P1744,8,2798,0.0026683807373046,0.5300675337311349,0.4790305010893246,0.0273684210526315,1,True,overlap,low_mask_area,overlap__low_mask_area,train,0.011932373046875,mask_area,0.0,0.001,False,1512
1475,P1744_0018.png,P1744_0018.png,P1744_0018,P1744,25,5518,0.0052623748779296,0.5954502156655129,0.5904761904761905,0.1311239193083573,16,True,overlap,low_mask_area,overlap__low_mask_area,train,0.011932373046875,mask_area,0.0,0.001,False,1513
1476,P1744_0019.png,P1744_0019.png,P1744_0019,P1744,25,5253,0.005009651184082,0.5880568269576624,0.5944444444444444,0.1311239193083573,16,True,overlap,low_mask_area,overlap__low_mask_area,train,0.011932373046875,mask_area,0.0,0.001,False,1514
1477,P1745_0006.png,P1745_0006.png,P1745_0006,P1745,0,0,0.0,0.0,0.0,0.0,0,False,no_overlap,low_mask_area,negative,train,0.011932373046875,mask_area,0.0,0.001,False,1515
1478,P1747_0000.png,P1747_0000.png,P1747_0000,P1747,0,0,0.0,0.0,0.0,0.0,0,False,no_overlap,low_mask_area,negative,train,0.011932373046875,mask_area,0.0,0.001,False,1516
1479,P1747_0010.png,P1747_0010.png,P1747_0010,P1747,1,852,0.0008125305175781,0.3554443053817271,0.3554443053817271,0.0,0,False,no_overlap,low_mask_area,no_overlap__low_mask_area,train,0.011932373046875,mask_area,0.0,0.001,False,1517
1480,P1747_0015.png,P1747_0015.png,P1747_0015,P1747,1,736,0.000701904296875,0.4605757196495619,0.4605757196495619,0.0,0,False,no_overlap,low_mask_area,no_overlap__low_mask_area,train,0.011932373046875,mask_area,0.0,0.001,False,1518
1481,P1748_0001.png,P1748_0001.png,P1748_0001,P1748,0,0,0.0,0.0,0.0,0.0,0,False,no_overlap,low_mask_area,negative,train,0.011932373046875,mask_area,0.0,0.001,False,1519
1482,P1753_0015.png,P1753_0015.png,P1753_0015,P1753,0,0,0.0,0.0,0.0,0.0,0,False,no_overlap,low_mask_area,negative,train,0.011932373046875,mask_area,0.0,0.001,False,1520
1483,P1758_0003.png,P1758_0003.png,P1758_0003,P1758,2,631,0.0006017684936523,0.2425730118827545,0.2425730118827545,0.0,0,False,no_overlap,low_mask_area,no_overlap__low_mask_area,train,0.011932373046875,mask_area,0.0,0.001,False,1521
1484,P1758_0004.png,P1758_0004.png,P1758_0004,P1758,3,1426,0.0013599395751953,0.2659089601780938,0.264128494943486,0.0,0,False,no_overlap,low_mask_area,no_overlap__low_mask_area,train,0.011932373046875,mask_area,0.0,0.001,False,1522
1485,P1765_0013.png,P1765_0013.png,P1765_0013,P1765,0,0,0.0,0.0,0.0,0.0,0,False,no_overlap,low_mask_area,negative,train,0.011932373046875,mask_area,0.0,0.001,False,1523
1486,P1765_0017.png,P1765_0017.png,P1765_0017,P1765,1,712,0.0006790161132812,0.452063492063492,0.452063492063492,0.0,0,False,no_overlap,low_mask_area,no_overlap__low_mask_area,train,0.011932373046875,mask_area,0.0,0.001,False,1524
1487,P1770_0001.png,P1770_0001.png,P1770_0001,P1770,6,2629,0.002507209777832,0.3292966123518591,0.3177411294352823,0.0240612468100619,1,True,overlap,low_mask_area,overlap__low_mask_area,train,0.011932373046875,mask_area,0.0,0.001,False,1525
1488,P1770_0002.png,P1770_0002.png,P1770_0002,P1770,2,425,0.0004053115844726,0.5865357839042049,0.5865357839042049,0.0,0,False,no_overlap,low_mask_area,no_overlap__low_mask_area,train,0.011932373046875,mask_area,0.0,0.001,False,1526
1489,P1776_0000.png,P1776_0000.png,P1776_0000,P1776,0,0,0.0,0.0,0.0,0.0,0,False,no_overlap,low_mask_area,negative,train,0.011932373046875,mask_area,0.0,0.001,False,1527
1490,P1786_0006.png,P1786_0006.png,P1786_0006,P1786,0,0,0.0,0.0,0.0,0.0,0,False,no_overlap,low_mask_area,negative,train,0.011932373046875,mask_area,0.0,0.001,False,1529
1491,P1786_0012.png,P1786_0012.png,P1786_0012,P1786,0,0,0.0,0.0,0.0,0.0,0,False,no_overlap,low_mask_area,negative,train,0.011932373046875,mask_area,0.0,0.001,False,1530
1492,P1790_0000.png,P1790_0000.png,P1790_0000,P1790,0,0,0.0,0.0,0.0,0.0,0,False,no_overlap,low_mask_area,negative,train,0.011932373046875,mask_area,0.0,0.001,False,1531
1493,P1801_0000.png,P1801_0000.png,P1801_0000,P1801,0,0,0.0,0.0,0.0,0.0,0,False,no_overlap,low_mask_area,negative,train,0.011932373046875,mask_area,0.0,0.001,False,1532
1494,P1821_0000.png,P1821_0000.png,P1821_0000,P1821,0,0,0.0,0.0,0.0,0.0,0,False,no_overlap,low_mask_area,negative,train,0.011932373046875,mask_area,0.0,0.001,False,1551
1495,P1838_0001.png,P1838_0001.png,P1838_0001,P1838,0,0,0.0,0.0,0.0,0.0,0,False,no_overlap,low_mask_area,negative,train,0.011932373046875,mask_area,0.0,0.001,False,1552
1496,P1864_0003.png,P1864_0003.png,P1864_0003,P1864,0,0,0.0,0.0,0.0,0.0,0,False,no_overlap,low_mask_area,negative,train,0.011932373046875,mask_area,0.0,0.001,False,308
1497,P1867_0000.png,P1867_0000.png,P1867_0000,P1867,18,37507,0.0357694625854492,0.3030443123681583,0.3115168283808368,0.0,0,False,no_overlap,high_mask_area,no_overlap__high_mask_area,train,0.011932373046875,mask_area,0.0,0.001,False,309
1498,P1867_0001.png,P1867_0001.png,P1867_0001,P1867,19,46969,0.0447931289672851,0.3094444740461066,0.3112659698025551,0.0,0,False,no_overlap,high_mask_area,no_overlap__high_mask_area,train,0.011932373046875,mask_area,0.0,0.001,False,310
1499,P1867_0002.png,P1867_0002.png,P1867_0002,P1867,9,21055,0.0200796127319335,0.3057686953608298,0.30296918767507,0.0,0,False,no_overlap,high_mask_area,no_overlap__high_mask_area,train,0.011932373046875,mask_area,0.0,0.001,False,311
1500,P1867_0003.png,P1867_0003.png,P1867_0003,P1867,14,30119,0.0287237167358398,0.3156049752799526,0.3103040784952071,0.0,0,False,no_overlap,high_mask_area,no_overlap__high_mask_area,train,0.011932373046875,mask_area,0.0,0.001,False,312
1501,P1867_0004.png,P1867_0004.png,P1867_0004,P1867,19,45255,0.0431585311889648,0.3166540715546306,0.3207977207977208,0.0,0,False,no_overlap,high_mask_area,no_overlap__high_mask_area,train,0.011932373046875,mask_area,0.0,0.001,False,313
1502,P1867_0005.png,P1867_0005.png,P1867_0005,P1867,9,22131,0.0211057662963867,0.3087198116855456,0.3078231292517007,0.0,0,False,no_overlap,high_mask_area,no_overlap__high_mask_area,train,0.011932373046875,mask_area,0.0,0.001,False,314
1503,P1867_0006.png,P1867_0006.png,P1867_0006,P1867,16,22981,0.021916389465332,0.3098007328638371,0.3261014359346427,0.0,0,False,no_overlap,high_mask_area,no_overlap__high_mask_area,train,0.011932373046875,mask_area,0.0,0.001,False,315
1504,P1867_0007.png,P1867_0007.png,P1867_0007,P1867,24,46137,0.0439996719360351,0.3352090958074168,0.3483028083028083,0.0212692967409948,1,True,overlap,high_mask_area,overlap__high_mask_area,train,0.011932373046875,mask_area,0.0,0.001,False,316
1505,P1867_0008.png,P1867_0008.png,P1867_0008,P1867,17,36943,0.035231590270996,0.3429547090913805,0.3626229508196721,0.0212692967409948,1,True,overlap,high_mask_area,overlap__high_mask_area,train,0.011932373046875,mask_area,0.0,0.001,False,317
1506,P1867_0009.png,P1867_0009.png,P1867_0009,P1867,20,30698,0.029275894165039,0.3237864218976416,0.3459633333019629,0.0,0,False,no_overlap,high_mask_area,no_overlap__high_mask_area,train,0.011932373046875,mask_area,0.0,0.001,False,318
1507,P1867_0010.png,P1867_0010.png,P1867_0010,P1867,21,37757,0.0360078811645507,0.30134810328123,0.3083333333333333,0.0667536254124146,3,True,overlap,high_mask_area,overlap__high_mask_area,train,0.011932373046875,mask_area,0.0,0.001,False,319
1508,P1867_0011.png,P1867_0011.png,P1867_0011,P1867,16,29988,0.0285987854003906,0.2611536359135476,0.2449794144952437,0.0667536254124146,3,True,overlap,high_mask_area,overlap__high_mask_area,train,0.011932373046875,mask_area,0.0,0.001,False,320
1509,P1867_0012.png,P1867_0012.png,P1867_0012,P1867,9,14260,0.0135993957519531,0.308658300141568,0.3093278463648834,0.0,0,False,no_overlap,high_mask_area,no_overlap__high_mask_area,train,0.011932373046875,mask_area,0.0,0.001,False,321
1510,P1867_0013.png,P1867_0013.png,P1867_0013,P1867,8,22788,0.0217323303222656,0.391894116834486,0.3760044642857142,0.0,0,False,no_overlap,high_mask_area,no_overlap__high_mask_area,train,0.011932373046875,mask_area,0.0,0.001,False,322
1511,P1867_0014.png,P1867_0014.png,P1867_0014,P1867,7,23249,0.0221719741821289,0.3488920087335728,0.3514239028944911,0.0,0,False,no_overlap,high_mask_area,no_overlap__high_mask_area,train,0.011932373046875,mask_area,0.0,0.001,False,323
1512,P1867_0015.png,P1867_0015.png,P1867_0015,P1867,1,1031,0.0009832382202148,0.2929809605001421,0.2929809605001421,0.0,0,False,no_overlap,low_mask_area,no_overlap__low_mask_area,train,0.011932373046875,mask_area,0.0,0.001,False,324
1513,P1867_0016.png,P1867_0016.png,P1867_0016,P1867,4,15991,0.0152502059936523,0.3228185111555899,0.3767275571877272,0.0,0,False,no_overlap,high_mask_area,no_overlap__high_mask_area,train,0.011932373046875,mask_area,0.0,0.001,False,325
1514,P1867_0017.png,P1867_0017.png,P1867_0017,P1867,7,25967,0.024764060974121,0.2855537230738953,0.301151571739807,0.0,0,False,no_overlap,high_mask_area,no_overlap__high_mask_area,train,0.011932373046875,mask_area,0.0,0.001,False,326
1515,P1867_0018.png,P1867_0018.png,P1867_0018,P1867,5,10023,0.0095586776733398,0.2848660178781484,0.2926093514328808,0.0,0,False,no_overlap,low_mask_area,no_overlap__low_mask_area,train,0.011932373046875,mask_area,0.0,0.001,False,327
1516,P1867_0021.png,P1867_0021.png,P1867_0021,P1867,7,20556,0.0196037292480468,0.2791187708159723,0.2855045871559633,0.0,0,False,no_overlap,high_mask_area,no_overlap__high_mask_area,train,0.011932373046875,mask_area,0.0,0.001,False,328
1517,P1867_0022.png,P1867_0022.png,P1867_0022,P1867,1,4427,0.0042219161987304,0.4554526748971193,0.4554526748971193,0.0,0,False,no_overlap,low_mask_area,no_overlap__low_mask_area,train,0.011932373046875,mask_area,0.0,0.001,False,329
1518,P1867_0024.png,P1867_0024.png,P1867_0024,P1867,8,22169,0.0211420059204101,0.2681134732199326,0.286440051704026,0.0,0,False,no_overlap,high_mask_area,no_overlap__high_mask_area,train,0.011932373046875,mask_area,0.0,0.001,False,330
1519,P1867_0025.png,P1867_0025.png,P1867_0025,P1867,1,2954,0.002817153930664,0.3039094650205761,0.3039094650205761,0.0,0,False,no_overlap,low_mask_area,no_overlap__low_mask_area,train,0.011932373046875,mask_area,0.0,0.001,False,331
1520,P1872_0000.png,P1872_0000.png,P1872_0000,P1872,11,33185,0.0316476821899414,0.2140212703907187,0.2115479115479115,0.1246600283216076,1,True,overlap,high_mask_area,overlap__high_mask_area,train,0.011932373046875,mask_area,0.0,0.001,False,1738
1521,P1872_0001.png,P1872_0001.png,P1872_0001,P1872,12,35753,0.0340967178344726,0.2390528496833749,0.2591024340414283,0.0397581719438467,1,True,overlap,high_mask_area,overlap__high_mask_area,train,0.011932373046875,mask_area,0.0,0.001,False,1739
1522,P1872_0002.png,P1872_0002.png,P1872_0002,P1872,14,32317,0.0308198928833007,0.2449805611525946,0.2594425561620947,0.0187171398527865,2,True,overlap,high_mask_area,overlap__high_mask_area,train,0.011932373046875,mask_area,0.0,0.001,False,1740
1523,P1872_0003.png,P1872_0003.png,P1872_0003,P1872,12,22402,0.0213642120361328,0.2537329215832124,0.2632952046280359,0.0187171398527865,1,True,overlap,high_mask_area,overlap__high_mask_area,train,0.011932373046875,mask_area,0.0,0.001,False,1741
1524,P1872_0004.png,P1872_0004.png,P1872_0004,P1872,7,16028,0.0152854919433593,0.2528183472674786,0.2415730337078651,0.0,0,False,no_overlap,high_mask_area,no_overlap__high_mask_area,train,0.011932373046875,mask_area,0.0,0.001,False,1742
1525,P1872_0005.png,P1872_0005.png,P1872_0005,P1872,1,3936,0.003753662109375,0.1252864782276547,0.1252864782276547,0.0,0,False,no_overlap,low_mask_area,no_overlap__low_mask_area,train,0.011932373046875,mask_area,0.0,0.001,False,1743
1526,P1872_0007.png,P1872_0007.png,P1872_0007,P1872,3,6219,0.0059309005737304,0.2589187250251142,0.2657352143244709,0.045657801835726,1,True,overlap,low_mask_area,overlap__low_mask_area,train,0.011932373046875,mask_area,0.0,0.001,False,1744
1527,P1872_0008.png,P1872_0008.png,P1872_0008,P1872,2,4035,0.0038480758666992,0.2393136562632396,0.2393136562632396,0.0,0,False,no_overlap,low_mask_area,no_overlap__low_mask_area,train,0.011932373046875,mask_area,0.0,0.001,False,1745
1528,P1872_0009.png,P1872_0009.png,P1872_0009,P1872,10,38981,0.037175178527832,0.2282265289701911,0.2194780117374009,0.0580196427947293,4,True,overlap,high_mask_area,overlap__high_mask_area,train,0.011932373046875,mask_area,0.0,0.001,False,1746
1529,P1872_0010.png,P1872_0010.png,P1872_0010,P1872,1,3933,0.0037508010864257,0.1550378429517502,0.1550378429517502,0.0,0,False,no_overlap,low_mask_area,no_overlap__low_mask_area,train,0.011932373046875,mask_area,0.0,0.001,False,1747
1530,P1872_0011.png,P1872_0011.png,P1872_0011,P1872,1,6962,0.0066394805908203,0.2744402396720277,0.2744402396720277,0.0,0,False,no_overlap,low_mask_area,no_overlap__low_mask_area,train,0.011932373046875,mask_area,0.0,0.001,False,1748
1531,P1872_0015.png,P1872_0015.png,P1872_0015,P1872,12,32411,0.0309095382690429,0.220167751908085,0.2154446314305158,0.0424778761061946,4,True,overlap,high_mask_area,overlap__high_mask_area,train,0.011932373046875,mask_area,0.0,0.001,False,1749
1532,P1872_0017.png,P1872_0017.png,P1872_0017,P1872,7,28116,0.0268135070800781,0.1953290280229494,0.196185955148142,0.3862465919418358,6,True,overlap,high_mask_area,overlap__high_mask_area,train,0.011932373046875,mask_area,0.0,0.001,False,1750
1533,P1872_0021.png,P1872_0021.png,P1872_0021,P1872,1,1720,0.0016403198242187,0.1278240190249703,0.1278240190249703,0.0,0,False,no_overlap,low_mask_area,no_overlap__low_mask_area,train,0.011932373046875,mask_area,0.0,0.001,False,1751
1534,P1872_0022.png,P1872_0022.png,P1872_0022,P1872,5,13126,0.0125179290771484,0.1650423526135844,0.1666873577488102,0.1107205623901581,1,True,overlap,high_mask_area,overlap__high_mask_area,train,0.011932373046875,mask_area,0.0,0.001,False,1752
1535,P1872_0023.png,P1872_0023.png,P1872_0023,P1872,10,30262,0.0288600921630859,0.1758011141197911,0.1707927037637485,0.3146584804297774,8,True,overlap,high_mask_area,overlap__high_mask_area,train,0.011932373046875,mask_area,0.0,0.001,False,1753
1536,P1872_0028.png,P1872_0028.png,P1872_0028,P1872,4,9991,0.0095281600952148,0.1580940438532547,0.1589885941030979,0.1067895337011125,2,True,overlap,low_mask_area,overlap__low_mask_area,train,0.011932373046875,mask_area,0.0,0.001,False,1754
1537,P1874_0001.png,P1874_0001.png,P1874_0001,P1874,3,7224,0.0068893432617187,0.4005848403996552,0.4294733044733044,0.0168306576903158,1,True,overlap,low_mask_area,overlap__low_mask_area,train,0.011932373046875,mask_area,0.0,0.001,False,1755
1538,P1874_0002.png,P1874_0002.png,P1874_0002,P1874,1,3018,0.002878189086914,0.2524255603880896,0.2524255603880896,0.0,0,False,no_overlap,low_mask_area,no_overlap__low_mask_area,train,0.011932373046875,mask_area,0.0,0.001,False,1756
1539,P1874_0004.png,P1874_0004.png,P1874_0004,P1874,23,52392,0.0499649047851562,0.3579080140655746,0.3603871928518243,0.060833902939166,1,True,overlap,high_mask_area,overlap__high_mask_area,train,0.011932373046875,mask_area,0.0,0.001,False,1757
1540,P1874_0005.png,P1874_0005.png,P1874_0005,P1874,17,45486,0.0433788299560546,0.3828911122143346,0.3815962441314554,0.060833902939166,2,True,overlap,high_mask_area,overlap__high_mask_area,train,0.011932373046875,mask_area,0.0,0.001,False,1758
1541,P1874_0006.png,P1874_0006.png,P1874_0006,P1874,7,19239,0.0183477401733398,0.3067425746786449,0.3016049382716049,0.0,0,False,no_overlap,high_mask_area,no_overlap__high_mask_area,train,0.011932373046875,mask_area,0.0,0.001,False,1759
1542,P1874_0007.png,P1874_0007.png,P1874_0007,P1874,4,9456,0.0090179443359375,0.2518686892837039,0.2445940890385334,0.0841032365738809,1,True,overlap,low_mask_area,overlap__low_mask_area,train,0.011932373046875,mask_area,0.0,0.001,False,1760
1543,P1874_0008.png,P1874_0008.png,P1874_0008,P1874,18,38183,0.0364141464233398,0.3104687831263568,0.3244136200363282,0.1399915639499461,2,True,overlap,high_mask_area,overlap__high_mask_area,train,0.011932373046875,mask_area,0.0,0.001,False,1761
1544,P1874_0009.png,P1874_0009.png,P1874_0009,P1874,14,34047,0.0324697494506835,0.3590747347689042,0.3641267358030018,0.0,0,False,no_overlap,high_mask_area,no_overlap__high_mask_area,train,0.011932373046875,mask_area,0.0,0.001,False,1762
1545,P1874_0010.png,P1874_0010.png,P1874_0010,P1874,12,22865,0.0218057632446289,0.3307966163568624,0.3142376065905478,0.0,0,False,no_overlap,high_mask_area,no_overlap__high_mask_area,train,0.011932373046875,mask_area,0.0,0.001,False,1763
1546,P1874_0011.png,P1874_0011.png,P1874_0011,P1874,11,19325,0.0184297561645507,0.3001514506094208,0.2954319761668322,0.0474237375032043,2,True,overlap,high_mask_area,overlap__high_mask_area,train,0.011932373046875,mask_area,0.0,0.001,False,1764
1547,P1874_0012.png,P1874_0012.png,P1874_0012,P1874,8,12938,0.012338638305664,0.3352479281376168,0.3220103806059183,0.0,0,False,no_overlap,high_mask_area,no_overlap__high_mask_area,train,0.011932373046875,mask_area,0.0,0.001,False,1765
1548,P1874_0013.png,P1874_0013.png,P1874_0013,P1874,15,20888,0.0199203491210937,0.3404343626319411,0.3270042194092827,0.0,0,False,no_overlap,high_mask_area,no_overlap__high_mask_area,train,0.011932373046875,mask_area,0.0,0.001,False,1766
1549,P1874_0014.png,P1874_0014.png,P1874_0014,P1874,27,33452,0.0319023132324218,0.321690593566409,0.3198198198198198,0.1577065204434378,8,True,overlap,high_mask_area,overlap__high_mask_area,train,0.011932373046875,mask_area,0.0,0.001,False,1767
1550,P1874_0015.png,P1874_0015.png,P1874_0015,P1874,17,16989,0.0162019729614257,0.3381692799779237,0.3414634146341463,0.0539480137322216,5,True,overlap,high_mask_area,overlap__high_mask_area,train,0.011932373046875,mask_area,0.0,0.001,False,1768
1551,P1874_0016.png,P1874_0016.png,P1874_0016,P1874,7,11925,0.0113725662231445,0.3387445420713929,0.3240890688259109,0.0,0,False,no_overlap,low_mask_area,no_overlap__low_mask_area,train,0.011932373046875,mask_area,0.0,0.001,False,1769
1552,P1874_0017.png,P1874_0017.png,P1874_0017,P1874,15,20528,0.0195770263671875,0.3348826906062632,0.3297468354430379,0.0,0,False,no_overlap,high_mask_area,no_overlap__high_mask_area,train,0.011932373046875,mask_area,0.0,0.001,False,1770
1553,P1874_0018.png,P1874_0018.png,P1874_0018,P1874,26,31545,0.0300836563110351,0.3142117538670122,0.3049220272904483,0.1577065204434378,8,True,overlap,high_mask_area,overlap__high_mask_area,train,0.011932373046875,mask_area,0.0,0.001,False,1771
1554,P1874_0019.png,P1874_0019.png,P1874_0019,P1874,17,16918,0.0161342620849609,0.3351132321313569,0.3448681732580038,0.0539480137322216,5,True,overlap,high_mask_area,overlap__high_mask_area,train,0.011932373046875,mask_area,0.0,0.001,False,1772
1555,P1875_0001.png,P1875_0001.png,P1875_0001,P1875,0,0,0.0,0.0,0.0,0.0,0,False,no_overlap,low_mask_area,negative,train,0.011932373046875,mask_area,0.0,0.001,False,1773
1556,P1875_0005.png,P1875_0005.png,P1875_0005,P1875,2,4060,0.0038719177246093,0.3845643577307762,0.3845643577307762,0.0,0,False,no_overlap,low_mask_area,no_overlap__low_mask_area,train,0.011932373046875,mask_area,0.0,0.001,False,1774
1557,P1875_0006.png,P1875_0006.png,P1875_0006,P1875,1,1780,0.0016975402832031,0.2713414634146341,0.2713414634146341,0.0,0,False,no_overlap,low_mask_area,no_overlap__low_mask_area,train,0.011932373046875,mask_area,0.0,0.001,False,1775
1558,P1875_0009.png,P1875_0009.png,P1875_0009,P1875,4,8532,0.0081367492675781,0.2016350217607193,0.200349148995404,0.0,0,False,no_overlap,low_mask_area,no_overlap__low_mask_area,train,0.011932373046875,mask_area,0.0,0.001,False,1776
1559,P1875_0010.png,P1875_0010.png,P1875_0010,P1875,10,11919,0.011366844177246,0.3016789659643367,0.283673278300084,0.2948402948402948,2,True,overlap,low_mask_area,overlap__low_mask_area,train,0.011932373046875,mask_area,0.0,0.001,False,1777
1560,P1875_0011.png,P1875_0011.png,P1875_0011,P1875,7,6034,0.0057544708251953,0.319476401130769,0.3199404761904761,0.2948402948402948,2,True,overlap,low_mask_area,overlap__low_mask_area,train,0.011932373046875,mask_area,0.0,0.001,False,1778
1561,P1875_0013.png,P1875_0013.png,P1875_0013,P1875,1,2324,0.0022163391113281,0.2148668639053254,0.2148668639053254,0.0,0,False,no_overlap,low_mask_area,no_overlap__low_mask_area,train,0.011932373046875,mask_area,0.0,0.001,False,1779
1562,P1875_0014.png,P1875_0014.png,P1875_0014,P1875,20,26561,0.0253305435180664,0.3096519612549149,0.2857816854386322,0.3631889763779528,16,True,overlap,high_mask_area,overlap__high_mask_area,train,0.011932373046875,mask_area,0.0,0.001,False,1780
1563,P1875_0015.png,P1875_0015.png,P1875_0015,P1875,23,37502,0.0357646942138671,0.2937362499177327,0.2744755244755245,0.3631889763779528,18,True,overlap,high_mask_area,overlap__high_mask_area,train,0.011932373046875,mask_area,0.0,0.001,False,1781
1564,P1875_0017.png,P1875_0017.png,P1875_0017,P1875,5,16829,0.0160493850708007,0.1925529135879737,0.1634769905040175,0.0535612252502919,1,True,overlap,high_mask_area,overlap__high_mask_area,train,0.011932373046875,mask_area,0.0,0.001,False,1782
1565,P1875_0018.png,P1875_0018.png,P1875_0018,P1875,5,13874,0.0132312774658203,0.3409871211061817,0.3142333856619571,0.0,0,False,no_overlap,high_mask_area,no_overlap__high_mask_area,train,0.011932373046875,mask_area,0.0,0.001,False,1783
1566,P1875_0019.png,P1875_0019.png,P1875_0019,P1875,5,16563,0.0157957077026367,0.3085997983066227,0.2929663608562691,0.0,0,False,no_overlap,high_mask_area,no_overlap__high_mask_area,train,0.011932373046875,mask_area,0.0,0.001,False,1784
1567,P1875_0020.png,P1875_0020.png,P1875_0020,P1875,5,11708,0.0111656188964843,0.1561070740163729,0.1488673139158576,0.1253427522424129,1,True,overlap,low_mask_area,overlap__low_mask_area,train,0.011932373046875,mask_area,0.0,0.001,False,1785
1568,P1875_0021.png,P1875_0021.png,P1875_0021,P1875,13,50047,0.0477285385131835,0.2188004430130913,0.2327289963265789,0.2059159502194432,4,True,overlap,high_mask_area,overlap__high_mask_area,train,0.011932373046875,mask_area,0.0,0.001,False,1786
1569,P1875_0022.png,P1875_0022.png,P1875_0022,P1875,3,4486,0.0042781829833984,0.2385417770590906,0.2256049960967993,0.0,0,False,no_overlap,low_mask_area,no_overlap__low_mask_area,train,0.011932373046875,mask_area,0.0,0.001,False,1787
1570,P1875_0023.png,P1875_0023.png,P1875_0023,P1875,1,833,0.0007944107055664,0.2167577413479053,0.2167577413479053,0.0,0,False,no_overlap,low_mask_area,no_overlap__low_mask_area,train,0.011932373046875,mask_area,0.0,0.001,False,1788
1571,P1875_0024.png,P1875_0024.png,P1875_0024,P1875,10,19492,0.0185890197753906,0.2329368183323198,0.206738938775951,0.0154650170648464,1,True,overlap,high_mask_area,overlap__high_mask_area,train,0.011932373046875,mask_area,0.0,0.001,False,1789
1572,P1875_0025.png,P1875_0025.png,P1875_0025,P1875,9,22842,0.0217838287353515,0.2189014411081308,0.2328417470221213,0.0711109477784719,4,True,overlap,high_mask_area,overlap__high_mask_area,train,0.011932373046875,mask_area,0.0,0.001,False,1790
1573,P1875_0026.png,P1875_0026.png,P1875_0026,P1875,1,1692,0.0016136169433593,0.2379746835443038,0.2379746835443038,0.0,0,False,no_overlap,low_mask_area,no_overlap__low_mask_area,train,0.011932373046875,mask_area,0.0,0.001,False,1791
1574,P1875_0028.png,P1875_0028.png,P1875_0028,P1875,10,19542,0.0186367034912109,0.2329632272391031,0.2093571319597177,0.0154650170648464,1,True,overlap,high_mask_area,overlap__high_mask_area,train,0.011932373046875,mask_area,0.0,0.001,False,1792
1575,P1875_0029.png,P1875_0029.png,P1875_0029,P1875,8,19584,0.0186767578125,0.2244772230911495,0.234177702212775,0.0331905169951442,2,True,overlap,high_mask_area,overlap__high_mask_area,train,0.011932373046875,mask_area,0.0,0.001,False,1793
1576,P1875_0030.png,P1875_0030.png,P1875_0030,P1875,3,4633,0.0044183731079101,0.2880514410577702,0.2457102672292545,0.0,0,False,no_overlap,low_mask_area,no_overlap__low_mask_area,train,0.011932373046875,mask_area,0.0,0.001,False,1794
1577,P1876_0001.png,P1876_0001.png,P1876_0001,P1876,0,0,0.0,0.0,0.0,0.0,0,False,no_overlap,low_mask_area,negative,train,0.011932373046875,mask_area,0.0,0.001,False,1795
1578,P1903_0005.png,P1903_0005.png,P1903_0005,P1903,0,0,0.0,0.0,0.0,0.0,0,False,no_overlap,low_mask_area,negative,train,0.011932373046875,mask_area,0.0,0.001,False,1796
1579,P1923_0001.png,P1923_0001.png,P1923_0001,P1923,0,0,0.0,0.0,0.0,0.0,0,False,no_overlap,low_mask_area,negative,train,0.011932373046875,mask_area,0.0,0.001,False,1797
1580,P1927_0006.png,P1927_0006.png,P1927_0006,P1927,0,0,0.0,0.0,0.0,0.0,0,False,no_overlap,low_mask_area,negative,train,0.011932373046875,mask_area,0.0,0.001,False,1798
1581,P1930_0002.png,P1930_0002.png,P1930_0002,P1930,0,0,0.0,0.0,0.0,0.0,0,False,no_overlap,low_mask_area,negative,train,0.011932373046875,mask_area,0.0,0.001,False,1799
1582,P1939_0000.png,P1939_0000.png,P1939_0000,P1939,0,0,0.0,0.0,0.0,0.0,0,False,no_overlap,low_mask_area,negative,train,0.011932373046875,mask_area,0.0,0.001,False,1800
1583,P1939_0001.png,P1939_0001.png,P1939_0001,P1939,0,0,0.0,0.0,0.0,0.0,0,False,no_overlap,low_mask_area,negative,train,0.011932373046875,mask_area,0.0,0.001,False,1801
1584,P1940_0000.png,P1940_0000.png,P1940_0000,P1940,0,0,0.0,0.0,0.0,0.0,0,False,no_overlap,low_mask_area,negative,train,0.011932373046875,mask_area,0.0,0.001,False,1802
1585,P1972_0000.png,P1972_0000.png,P1972_0000,P1972,7,26188,0.0249748229980468,0.2950945839184761,0.2874232366618153,0.0,0,False,no_overlap,high_mask_area,no_overlap__high_mask_area,train,0.011932373046875,mask_area,0.0,0.001,False,1804
1586,P1972_0001.png,P1972_0001.png,P1972_0001,P1972,2,9207,0.0087804794311523,0.2180101041722663,0.2180101041722663,0.0,0,False,no_overlap,low_mask_area,no_overlap__low_mask_area,train,0.011932373046875,mask_area,0.0,0.001,False,1805
1587,P1972_0002.png,P1972_0002.png,P1972_0002,P1972,6,36272,0.0345916748046875,0.2206775655843024,0.2066290190641191,0.1272007042253521,2,True,overlap,high_mask_area,overlap__high_mask_area,train,0.011932373046875,mask_area,0.0,0.001,False,1806
1588,P1972_0003.png,P1972_0003.png,P1972_0003,P1972,9,36706,0.0350055694580078,0.2823487411792781,0.2734423884866362,0.055603006491288,1,True,overlap,high_mask_area,overlap__high_mask_area,train,0.011932373046875,mask_area,0.0,0.001,False,1807
1589,P1972_0004.png,P1972_0004.png,P1972_0004,P1972,2,9131,0.0087080001831054,0.2001320630755368,0.2001320630755368,0.0,0,False,no_overlap,low_mask_area,no_overlap__low_mask_area,train,0.011932373046875,mask_area,0.0,0.001,False,1808
1590,P1972_0005.png,P1972_0005.png,P1972_0005,P1972,3,21030,0.0200557708740234,0.2324400976438164,0.2148309705561614,0.0267733618412778,1,True,overlap,high_mask_area,overlap__high_mask_area,train,0.011932373046875,mask_area,0.0,0.001,False,1809
1591,P1972_0006.png,P1972_0006.png,P1972_0006,P1972,5,14789,0.014103889465332,0.2635741561305938,0.2989209033262877,0.0875086814168072,1,True,overlap,high_mask_area,overlap__high_mask_area,train,0.011932373046875,mask_area,0.0,0.001,False,1810
1592,P1972_0007.png,P1972_0007.png,P1972_0007,P1972,1,7307,0.0069684982299804,0.6096787651230705,0.6096787651230705,0.0,0,False,no_overlap,low_mask_area,no_overlap__low_mask_area,train,0.011932373046875,mask_area,0.0,0.001,False,1811
1593,P1972_0009.png,P1972_0009.png,P1972_0009,P1972,9,26007,0.0248022079467773,0.2414365471722911,0.2563106796116505,0.0909802387008413,2,True,overlap,high_mask_area,overlap__high_mask_area,train,0.011932373046875,mask_area,0.0,0.001,False,1812
1594,P1972_0011.png,P1972_0011.png,P1972_0011,P1972,3,16911,0.016127586364746,0.2498526404394825,0.2395333333333333,0.0,0,False,no_overlap,high_mask_area,no_overlap__high_mask_area,train,0.011932373046875,mask_area,0.0,0.001,False,1813
1595,P1972_0012.png,P1972_0012.png,P1972_0012,P1972,11,32286,0.0307903289794921,0.2300204334335529,0.2291787160208213,0.1128483079702591,5,True,overlap,high_mask_area,overlap__high_mask_area,train,0.011932373046875,mask_area,0.0,0.001,False,1814
1596,P1972_0013.png,P1972_0013.png,P1972_0013,P1972,2,6051,0.0057706832885742,0.2109489770568987,0.2109489770568987,0.0,0,False,no_overlap,low_mask_area,no_overlap__low_mask_area,train,0.011932373046875,mask_area,0.0,0.001,False,1815
1597,P1972_0014.png,P1972_0014.png,P1972_0014,P1972,7,37419,0.0356855392456054,0.2318247474465646,0.2318928788800973,0.0,0,False,no_overlap,high_mask_area,no_overlap__high_mask_area,train,0.011932373046875,mask_area,0.0,0.001,False,1816
1598,P1972_0015.png,P1972_0015.png,P1972_0015,P1972,6,40443,0.0385694503784179,0.2754142153808971,0.2717977861190268,0.039297272306981,1,True,overlap,high_mask_area,overlap__high_mask_area,train,0.011932373046875,mask_area,0.0,0.001,False,1817
1599,P1972_0016.png,P1972_0016.png,P1972_0016,P1972,6,15556,0.0148353576660156,0.2857728117365525,0.3033875209180015,0.0,0,False,no_overlap,high_mask_area,no_overlap__high_mask_area,train,0.011932373046875,mask_area,0.0,0.001,False,1818
1600,P1972_0017.png,P1972_0017.png,P1972_0017,P1972,8,28081,0.0267801284790039,0.27107887508266,0.2741223435423425,0.0,0,False,no_overlap,high_mask_area,no_overlap__high_mask_area,train,0.011932373046875,mask_area,0.0,0.001,False,1819
1601,P1972_0018.png,P1972_0018.png,P1972_0018,P1972,8,70644,0.0673713684082031,0.2867576758172825,0.2769094960348064,0.005444287729196,1,True,overlap,high_mask_area,overlap__high_mask_area,train,0.011932373046875,mask_area,0.0,0.001,False,1820
1602,P1972_0019.png,P1972_0019.png,P1972_0019,P1972,4,31797,0.0303239822387695,0.2771439828953786,0.2718226880129796,0.0,0,False,no_overlap,high_mask_area,no_overlap__high_mask_area,train,0.011932373046875,mask_area,0.0,0.001,False,1821
1603,P1972_0020.png,P1972_0020.png,P1972_0020,P1972,3,27957,0.0266618728637695,0.319593403578207,0.3342059915164369,0.0,0,False,no_overlap,high_mask_area,no_overlap__high_mask_area,train,0.011932373046875,mask_area,0.0,0.001,False,1822
1604,P1972_0021.png,P1972_0021.png,P1972_0021,P1972,6,57940,0.0552558898925781,0.2954584071284667,0.2932289682340002,0.0,0,False,no_overlap,high_mask_area,no_overlap__high_mask_area,train,0.011932373046875,mask_area,0.0,0.001,False,1823
1605,P1972_0022.png,P1972_0022.png,P1972_0022,P1972,5,53779,0.0512876510620117,0.3252887250751055,0.3318018664752333,0.0,0,False,no_overlap,high_mask_area,no_overlap__high_mask_area,train,0.011932373046875,mask_area,0.0,0.001,False,1824
1606,P1972_0023.png,P1972_0023.png,P1972_0023,P1972,4,41475,0.0395536422729492,0.338043101744604,0.3377958118459812,0.0,0,False,no_overlap,high_mask_area,no_overlap__high_mask_area,train,0.011932373046875,mask_area,0.0,0.001,False,1825
1607,P1981_0001.png,P1981_0001.png,P1981_0001,P1981,0,0,0.0,0.0,0.0,0.0,0,False,no_overlap,low_mask_area,negative,train,0.011932373046875,mask_area,0.0,0.001,False,1826
1608,P1990_0000.png,P1990_0000.png,P1990_0000,P1990,0,0,0.0,0.0,0.0,0.0,0,False,no_overlap,low_mask_area,negative,train,0.011932373046875,mask_area,0.0,0.001,False,1827
1609,P1990_0003.png,P1990_0003.png,P1990_0003,P1990,0,0,0.0,0.0,0.0,0.0,0,False,no_overlap,low_mask_area,negative,train,0.011932373046875,mask_area,0.0,0.001,False,1828
1610,P2005_0001.png,P2005_0001.png,P2005_0001,P2005,0,0,0.0,0.0,0.0,0.0,0,False,no_overlap,low_mask_area,negative,train,0.011932373046875,mask_area,0.0,0.001,False,332
1611,P2020_0000.png,P2020_0000.png,P2020_0000,P2020,0,0,0.0,0.0,0.0,0.0,0,False,no_overlap,low_mask_area,negative,train,0.011932373046875,mask_area,0.0,0.001,False,1829
1612,P2027_0000.png,P2027_0000.png,P2027_0000,P2027,0,0,0.0,0.0,0.0,0.0,0,False,no_overlap,low_mask_area,negative,train,0.011932373046875,mask_area,0.0,0.001,False,1830
1613,P2027_0003.png,P2027_0003.png,P2027_0003,P2027,0,0,0.0,0.0,0.0,0.0,0,False,no_overlap,low_mask_area,negative,train,0.011932373046875,mask_area,0.0,0.001,False,1831
1614,P2036_0000.png,P2036_0000.png,P2036_0000,P2036,0,0,0.0,0.0,0.0,0.0,0,False,no_overlap,low_mask_area,negative,train,0.011932373046875,mask_area,0.0,0.001,False,1864
1615,P2091_0000.png,P2091_0000.png,P2091_0000,P2091,0,0,0.0,0.0,0.0,0.0,0,False,no_overlap,low_mask_area,negative,train,0.011932373046875,mask_area,0.0,0.001,False,1866
1616,P2093_0003.png,P2093_0003.png,P2093_0003,P2093,0,0,0.0,0.0,0.0,0.0,0,False,no_overlap,low_mask_area,negative,train,0.011932373046875,mask_area,0.0,0.001,False,1867
1617,P2138_0000.png,P2138_0000.png,P2138_0000,P2138,25,22805,0.0217485427856445,0.290231701450454,0.2725250278086763,0.0618128300580036,7,True,overlap,high_mask_area,overlap__high_mask_area,train,0.011932373046875,mask_area,0.0,0.001,False,1868
1618,P2138_0001.png,P2138_0001.png,P2138_0001,P2138,29,31161,0.0297174453735351,0.2774343636183917,0.2688993341167254,0.0954781105990783,11,True,overlap,high_mask_area,overlap__high_mask_area,train,0.011932373046875,mask_area,0.0,0.001,False,1869
1619,P2138_0002.png,P2138_0002.png,P2138_0002,P2138,21,21448,0.0204544067382812,0.2855762749966509,0.2608695652173913,0.0823391641659957,7,True,overlap,high_mask_area,overlap__high_mask_area,train,0.011932373046875,mask_area,0.0,0.001,False,1870
1620,P2138_0003.png,P2138_0003.png,P2138_0003,P2138,21,24737,0.0235910415649414,0.3120211550439942,0.2886792452830188,0.1375029840057293,10,True,overlap,high_mask_area,overlap__high_mask_area,train,0.011932373046875,mask_area,0.0,0.001,False,1871
1621,P2138_0004.png,P2138_0004.png,P2138_0004,P2138,42,46813,0.0446443557739257,0.343055827878862,0.3460285394247658,0.1743713017751479,12,True,overlap,high_mask_area,overlap__high_mask_area,train,0.011932373046875,mask_area,0.0,0.001,False,1872
1622,P2138_0005.png,P2138_0005.png,P2138_0005,P2138,36,41357,0.0394411087036132,0.3558065215841948,0.3589773984510827,0.1706623323852092,8,True,overlap,high_mask_area,overlap__high_mask_area,train,0.011932373046875,mask_area,0.0,0.001,False,1873
1623,P2138_0006.png,P2138_0006.png,P2138_0006,P2138,22,24425,0.0232934951782226,0.3410501604330694,0.3194766639049986,0.1375029840057293,6,True,overlap,high_mask_area,overlap__high_mask_area,train,0.011932373046875,mask_area,0.0,0.001,False,1874
1624,P2138_0007.png,P2138_0007.png,P2138_0007,P2138,30,33537,0.0319833755493164,0.3649974029527643,0.3808090487657051,0.1743713017751479,7,True,overlap,high_mask_area,overlap__high_mask_area,train,0.011932373046875,mask_area,0.0,0.001,False,1875
1625,P2138_0008.png,P2138_0008.png,P2138_0008,P2138,24,27079,0.0258245468139648,0.3764280570136619,0.3868059621389539,0.1706623323852092,3,True,overlap,high_mask_area,overlap__high_mask_area,train,0.011932373046875,mask_area,0.0,0.001,False,1876
1626,P2157_0002.png,P2157_0002.png,P2157_0002,P2157,0,0,0.0,0.0,0.0,0.0,0,False,no_overlap,low_mask_area,negative,train,0.011932373046875,mask_area,0.0,0.001,False,1877
1627,P2159_0002.png,P2159_0002.png,P2159_0002,P2159,0,0,0.0,0.0,0.0,0.0,0,False,no_overlap,low_mask_area,negative,train,0.011932373046875,mask_area,0.0,0.001,False,1878
1628,P2164_0000.png,P2164_0000.png,P2164_0000,P2164,18,14159,0.013503074645996,0.4057339687715606,0.3882888761997988,0.1034757230034491,8,True,overlap,high_mask_area,overlap__high_mask_area,train,0.011932373046875,mask_area,0.0,0.001,False,333
1629,P2164_0001.png,P2164_0001.png,P2164_0001,P2164,4,2831,0.002699851989746,0.421505774209845,0.4191358024691358,0.0714285714285714,1,True,overlap,low_mask_area,overlap__low_mask_area,train,0.011932373046875,mask_area,0.0,0.001,False,334
1630,P2164_0002.png,P2164_0002.png,P2164_0002,P2164,2,1344,0.00128173828125,0.4518518518518518,0.4518518518518518,0.0822784810126582,1,True,overlap,low_mask_area,overlap__low_mask_area,train,0.011932373046875,mask_area,0.0,0.001,False,335
1631,P2164_0003.png,P2164_0003.png,P2164_0003,P2164,16,12944,0.0123443603515625,0.380469632861199,0.3710423634336678,0.1034757230034491,9,True,overlap,high_mask_area,overlap__high_mask_area,train,0.011932373046875,mask_area,0.0,0.001,False,336
1632,P2164_0004.png,P2164_0004.png,P2164_0004,P2164,30,22906,0.0218448638916015,0.3538842870040888,0.3417589355089355,0.0754977876106194,16,True,overlap,high_mask_area,overlap__high_mask_area,train,0.011932373046875,mask_area,0.0,0.001,False,337
1633,P2164_0005.png,P2164_0005.png,P2164_0005,P2164,9,6515,0.0062131881713867,0.3432201087273542,0.322013093289689,0.0822784810126582,5,True,overlap,low_mask_area,overlap__low_mask_area,train,0.011932373046875,mask_area,0.0,0.001,False,338
1634,P2164_0007.png,P2164_0007.png,P2164_0007,P2164,2,1449,0.0013818740844726,0.377352876592007,0.377352876592007,0.0,0,False,no_overlap,low_mask_area,no_overlap__low_mask_area,train,0.011932373046875,mask_area,0.0,0.001,False,339
1635,P2164_0010.png,P2164_0010.png,P2164_0010,P2164,1,794,0.0007572174072265,0.3922924901185771,0.3922924901185771,0.0,0,False,no_overlap,low_mask_area,no_overlap__low_mask_area,train,0.011932373046875,mask_area,0.0,0.001,False,340
1636,P2167_0003.png,P2167_0003.png,P2167_0003,P2167,0,0,0.0,0.0,0.0,0.0,0,False,no_overlap,low_mask_area,negative,train,0.011932373046875,mask_area,0.0,0.001,False,1879
1637,P2181_0001.png,P2181_0001.png,P2181_0001,P2181,2,802,0.0007648468017578,0.3595774144554632,0.3595774144554632,0.0,0,False,no_overlap,low_mask_area,no_overlap__low_mask_area,train,0.011932373046875,mask_area,0.0,0.001,False,341
1638,P2181_0002.png,P2181_0002.png,P2181_0002,P2181,4,1179,0.0011243820190429,0.3723660993478066,0.3798076923076923,0.0,0,False,no_overlap,low_mask_area,no_overlap__low_mask_area,train,0.011932373046875,mask_area,0.0,0.001,False,342
1639,P2197_0000.png,P2197_0000.png,P2197_0000,P2197,0,0,0.0,0.0,0.0,0.0,0,False,no_overlap,low_mask_area,negative,train,0.011932373046875,mask_area,0.0,0.001,False,1880
1640,P2201_0000.png,P2201_0000.png,P2201_0000,P2201,8,17670,0.0168514251708984,0.2410546870407147,0.2393642043240217,0.0839371661289469,4,True,overlap,high_mask_area,overlap__high_mask_area,train,0.011932373046875,mask_area,0.0,0.001,False,343
1641,P2201_0001.png,P2201_0001.png,P2201_0001,P2201,9,20931,0.0199613571166992,0.252391205942187,0.2366915207213455,0.0905015410479125,4,True,overlap,high_mask_area,overlap__high_mask_area,train,0.011932373046875,mask_area,0.0,0.001,False,344
1642,P2205_0003.png,P2205_0003.png,P2205_0003,P2205,0,0,0.0,0.0,0.0,0.0,0,False,no_overlap,low_mask_area,negative,train,0.011932373046875,mask_area,0.0,0.001,False,1881
1643,P2210_0000.png,P2210_0000.png,P2210_0000,P2210,10,10405,0.009922981262207,0.5032295734510387,0.5705405705405706,0.0799623706491063,3,True,overlap,low_mask_area,overlap__low_mask_area,train,0.011932373046875,mask_area,0.0,0.001,False,248
1644,P2210_0001.png,P2210_0001.png,P2210_0001,P2210,23,24043,0.0229291915893554,0.5267514732129588,0.5573863636363636,0.0799623706491063,4,True,overlap,high_mask_area,overlap__high_mask_area,train,0.011932373046875,mask_area,0.0,0.001,False,249
1645,P2210_0002.png,P2210_0002.png,P2210_0002,P2210,15,10453,0.0099687576293945,0.3866348242004776,0.3879429360331339,0.1152993348115299,10,True,overlap,low_mask_area,overlap__low_mask_area,train,0.011932373046875,mask_area,0.0,0.001,False,250
1646,P2210_0003.png,P2210_0003.png,P2210_0003,P2210,1,661,0.0006303787231445,0.5076804915514593,0.5076804915514593,0.0,0,False,no_overlap,low_mask_area,no_overlap__low_mask_area,train,0.011932373046875,mask_area,0.0,0.001,False,251
1647,P2210_0004.png,P2210_0004.png,P2210_0004,P2210,30,21634,0.0206317901611328,0.3981498222274312,0.3890520785657564,0.1174698795180722,22,True,overlap,high_mask_area,overlap__high_mask_area,train,0.011932373046875,mask_area,0.0,0.001,False,252
1648,P2210_0005.png,P2210_0005.png,P2210_0005,P2210,6,7105,0.0067758560180664,0.4338392285250386,0.4539401253387534,0.0,0,False,no_overlap,low_mask_area,no_overlap__low_mask_area,train,0.011932373046875,mask_area,0.0,0.001,False,253
1649,P2210_0006.png,P2210_0006.png,P2210_0006,P2210,25,19602,0.0186939239501953,0.4218172877331562,0.4227994227994228,0.1174698795180722,13,True,overlap,high_mask_area,overlap__high_mask_area,train,0.011932373046875,mask_area,0.0,0.001,False,254
1650,P2210_0007.png,P2210_0007.png,P2210_0007,P2210,24,20288,0.01934814453125,0.4750036018525205,0.4792409803578714,0.09531635168447,7,True,overlap,high_mask_area,overlap__high_mask_area,train,0.011932373046875,mask_area,0.0,0.001,False,255
1651,P2210_0008.png,P2210_0008.png,P2210_0008,P2210,14,14073,0.0134210586547851,0.3076869483459723,0.3008562755798577,0.1384875211109026,7,True,overlap,high_mask_area,overlap__high_mask_area,train,0.011932373046875,mask_area,0.0,0.001,False,256
1652,P2210_0009.png,P2210_0009.png,P2210_0009,P2210,17,18846,0.0179729461669921,0.2938163469555863,0.2738184546136534,0.1291132430736125,7,True,overlap,high_mask_area,overlap__high_mask_area,train,0.011932373046875,mask_area,0.0,0.001,False,257
1653,P2210_0010.png,P2210_0010.png,P2210_0010,P2210,13,12512,0.011932373046875,0.3072575411872809,0.2911663807890223,0.1384875211109026,7,True,overlap,high_mask_area,overlap__high_mask_area,train,0.011932373046875,mask_area,0.0,0.001,False,258
1654,P2210_0011.png,P2210_0011.png,P2210_0011,P2210,16,17321,0.0165185928344726,0.2929300160980554,0.2857791428159024,0.1291132430736125,7,True,overlap,high_mask_area,overlap__high_mask_area,train,0.011932373046875,mask_area,0.0,0.001,False,259
1655,P2214_0000.png,P2214_0000.png,P2214_0000,P2214,48,35935,0.0342702865600585,0.3455727354031326,0.3401325757575757,0.0471744471744471,28,True,overlap,high_mask_area,overlap__high_mask_area,train,0.011932373046875,mask_area,0.0,0.001,False,1900
1656,P2214_0001.png,P2214_0001.png,P2214_0001,P2214,44,33562,0.0320072174072265,0.3439224316967856,0.3413442398235889,0.0394131815195971,27,True,overlap,high_mask_area,overlap__high_mask_area,train,0.011932373046875,mask_area,0.0,0.001,False,1901
1657,P2215_0000.png,P2215_0000.png,P2215_0000,P2215,25,16926,0.0161418914794921,0.3258912909041044,0.3147448015122873,0.0520987133516135,19,True,overlap,high_mask_area,overlap__high_mask_area,train,0.011932373046875,mask_area,0.0,0.001,False,260
1658,P2217_0000.png,P2217_0000.png,P2217_0000,P2217,11,7739,0.0073804855346679,0.5500878532836391,0.5571428571428572,0.012531328320802,1,True,overlap,low_mask_area,overlap__low_mask_area,train,0.011932373046875,mask_area,0.0,0.001,False,1902
1659,P2217_0001.png,P2217_0001.png,P2217_0001,P2217,12,8969,0.0085535049438476,0.4995280481806003,0.5117728149986214,0.048,2,True,overlap,low_mask_area,overlap__low_mask_area,train,0.011932373046875,mask_area,0.0,0.001,False,1903
1660,P2218_0000.png,P2218_0000.png,P2218_0000,P2218,12,8495,0.008101463317871,0.2865774674518332,0.2902253401360544,0.0459992269037495,7,True,overlap,low_mask_area,overlap__low_mask_area,train,0.011932373046875,mask_area,0.0,0.001,False,261
1661,P2219_0000.png,P2219_0000.png,P2219_0000,P2219,30,20729,0.0197687149047851,0.365221665802513,0.3702832272887946,0.0172691687773428,4,True,overlap,high_mask_area,overlap__high_mask_area,train,0.011932373046875,mask_area,0.0,0.001,False,356
1662,P2219_0001.png,P2219_0001.png,P2219_0001,P2219,27,18913,0.0180368423461914,0.3637345360322548,0.3712606837606838,0.0172691687773428,3,True,overlap,high_mask_area,overlap__high_mask_area,train,0.011932373046875,mask_area,0.0,0.001,False,357
1663,P2222_0001.png,P2222_0001.png,P2222_0001,P2222,0,0,0.0,0.0,0.0,0.0,0,False,no_overlap,low_mask_area,negative,train,0.011932373046875,mask_area,0.0,0.001,False,1906
1664,P2224_0000.png,P2224_0000.png,P2224_0000,P2224,21,15444,0.0147285461425781,0.5216282218428733,0.5237037037037037,0.1273261508325171,6,True,overlap,high_mask_area,overlap__high_mask_area,train,0.011932373046875,mask_area,0.0,0.001,False,1907
1665,P2224_0001.png,P2224_0001.png,P2224_0001,P2224,21,15298,0.0145893096923828,0.5172870874636699,0.5141354372123603,0.1273261508325171,6,True,overlap,high_mask_area,overlap__high_mask_area,train,0.011932373046875,mask_area,0.0,0.001,False,1908
1666,P2224_0002.png,P2224_0002.png,P2224_0002,P2224,51,46992,0.0448150634765625,0.4970001220766089,0.510230179028133,0.1689867719371147,17,True,overlap,high_mask_area,overlap__high_mask_area,train,0.011932373046875,mask_area,0.0,0.001,False,1909
1667,P2224_0003.png,P2224_0003.png,P2224_0003,P2224,51,46322,0.0441761016845703,0.489741002934776,0.5008130081300813,0.1689867719371147,17,True,overlap,high_mask_area,overlap__high_mask_area,train,0.011932373046875,mask_area,0.0,0.001,False,1910
1668,P2224_0004.png,P2224_0004.png,P2224_0004,P2224,47,43026,0.0410327911376953,0.4955467004413174,0.50849963045085,0.1648007165248544,13,True,overlap,high_mask_area,overlap__high_mask_area,train,0.011932373046875,mask_area,0.0,0.001,False,1911
1669,P2224_0005.png,P2224_0005.png,P2224_0005,P2224,48,42883,0.0408964157104492,0.4852105146703335,0.4967803530260634,0.1648007165248544,13,True,overlap,high_mask_area,overlap__high_mask_area,train,0.011932373046875,mask_area,0.0,0.001,False,1912
1670,P2224_0006.png,P2224_0006.png,P2224_0006,P2224,28,20687,0.019728660583496,0.5021854672570988,0.5036635161464162,0.0,0,False,no_overlap,high_mask_area,no_overlap__high_mask_area,train,0.011932373046875,mask_area,0.0,0.001,False,1913
1671,P2224_0007.png,P2224_0007.png,P2224_0007,P2224,28,20418,0.0194721221923828,0.495643715323693,0.488889070040433,0.0,0,False,no_overlap,high_mask_area,no_overlap__high_mask_area,train,0.011932373046875,mask_area,0.0,0.001,False,1914
1672,P2224_0008.png,P2224_0008.png,P2224_0008,P2224,20,15134,0.0144329071044921,0.4566115853905664,0.4714084726346579,0.1821408555949934,2,True,overlap,high_mask_area,overlap__high_mask_area,train,0.011932373046875,mask_area,0.0,0.001,False,1915
1673,P2224_0009.png,P2224_0009.png,P2224_0009,P2224,21,15904,0.015167236328125,0.4582393389053165,0.4668109668109668,0.1821408555949934,2,True,overlap,high_mask_area,overlap__high_mask_area,train,0.011932373046875,mask_area,0.0,0.001,False,1916
1674,P2224_0010.png,P2224_0010.png,P2224_0010,P2224,8,10728,0.0102310180664062,0.3381977179148728,0.3320414130564506,0.1184562476117692,10,True,overlap,low_mask_area,overlap__low_mask_area,train,0.011932373046875,mask_area,0.0,0.001,False,1917
1675,P2224_0011.png,P2224_0011.png,P2224_0011,P2224,8,10695,0.0101995468139648,0.3383996912778449,0.331826980199235,0.1184562476117692,10,True,overlap,low_mask_area,overlap__low_mask_area,train,0.011932373046875,mask_area,0.0,0.001,False,1918
1676,P2230_0000.png,P2230_0000.png,P2230_0000,P2230,5,11050,0.010538101196289,0.2501661499917714,0.2407211028632025,0.0,0,False,no_overlap,low_mask_area,no_overlap__low_mask_area,train,0.011932373046875,mask_area,0.0,0.001,False,274
1677,P2230_0001.png,P2230_0001.png,P2230_0001,P2230,5,11347,0.0108213424682617,0.246151366380616,0.2568398727465535,0.0,0,False,no_overlap,low_mask_area,no_overlap__low_mask_area,train,0.011932373046875,mask_area,0.0,0.001,False,275
1678,P2230_0002.png,P2230_0002.png,P2230_0002,P2230,7,16783,0.016005516052246,0.2612330903951357,0.2415533980582524,0.0873668188736681,1,True,overlap,high_mask_area,overlap__high_mask_area,train,0.011932373046875,mask_area,0.0,0.001,False,276
1679,P2230_0003.png,P2230_0003.png,P2230_0003,P2230,7,17511,0.0166997909545898,0.2725959619005896,0.2656062212796041,0.0873668188736681,1,True,overlap,high_mask_area,overlap__high_mask_area,train,0.011932373046875,mask_area,0.0,0.001,False,277
1680,P2230_0004.png,P2230_0004.png,P2230_0004,P2230,7,20155,0.0192213058471679,0.3008403447502116,0.2941690962099125,0.0516351118760757,1,True,overlap,high_mask_area,overlap__high_mask_area,train,0.011932373046875,mask_area,0.0,0.001,False,278
1681,P2230_0005.png,P2230_0005.png,P2230_0005,P2230,7,20771,0.0198087692260742,0.3089439949864173,0.3226053639846743,0.0516351118760757,1,True,overlap,high_mask_area,overlap__high_mask_area,train,0.011932373046875,mask_area,0.0,0.001,False,279
1682,P2231_0000.png,P2231_0000.png,P2231_0000,P2231,14,18620,0.0177574157714843,0.4060644044032541,0.4533547179898423,0.0351201478743068,1,True,overlap,high_mask_area,overlap__high_mask_area,train,0.011932373046875,mask_area,0.0,0.001,False,280
1683,P2231_0001.png,P2231_0001.png,P2231_0001,P2231,6,12523,0.0119428634643554,0.2075426346316066,0.1903094587626038,0.0707964601769911,2,True,overlap,high_mask_area,overlap__high_mask_area,train,0.011932373046875,mask_area,0.0,0.001,False,281
1684,P2231_0002.png,P2231_0002.png,P2231_0002,P2231,2,1873,0.0017862319946289,0.250578976705979,0.250578976705979,0.0707964601769911,1,True,overlap,low_mask_area,overlap__low_mask_area,train,0.011932373046875,mask_area,0.0,0.001,False,282
1685,P2231_0003.png,P2231_0003.png,P2231_0003,P2231,1,2762,0.002634048461914,0.3272899632657898,0.3272899632657898,0.0,0,False,no_overlap,low_mask_area,no_overlap__low_mask_area,train,0.011932373046875,mask_area,0.0,0.001,False,283
1686,P2231_0004.png,P2231_0004.png,P2231_0004,P2231,18,22776,0.0217208862304687,0.315362514022084,0.3427649228705567,0.1718131433095803,11,True,overlap,high_mask_area,overlap__high_mask_area,train,0.011932373046875,mask_area,0.0,0.001,False,284
1687,P2231_0005.png,P2231_0005.png,P2231_0005,P2231,17,21358,0.0203685760498046,0.2894792080159865,0.2780392156862745,0.1718131433095803,12,True,overlap,high_mask_area,overlap__high_mask_area,train,0.011932373046875,mask_area,0.0,0.001,False,285
1688,P2234_0000.png,P2234_0000.png,P2234_0000,P2234,10,10225,0.0097513198852539,0.3152708037336843,0.296681363589225,0.075208913649025,7,True,overlap,low_mask_area,overlap__low_mask_area,train,0.011932373046875,mask_area,0.0,0.001,False,1925
1689,P2234_0001.png,P2234_0001.png,P2234_0001,P2234,28,39476,0.0376472473144531,0.4572345183218701,0.4747008547008547,0.0864513651057836,7,True,overlap,high_mask_area,overlap__high_mask_area,train,0.011932373046875,mask_area,0.0,0.001,False,1926
1690,P2234_0002.png,P2234_0002.png,P2234_0002,P2234,16,15003,0.0143079757690429,0.2986637528942599,0.289329322908714,0.0759341100843712,10,True,overlap,high_mask_area,overlap__high_mask_area,train,0.011932373046875,mask_area,0.0,0.001,False,1927
1691,P2234_0003.png,P2234_0003.png,P2234_0003,P2234,29,43672,0.0416488647460937,0.4431838991413797,0.4720291294273419,0.0892351274787535,6,True,overlap,high_mask_area,overlap__high_mask_area,train,0.011932373046875,mask_area,0.0,0.001,False,1928
1692,P2235_0000.png,P2235_0000.png,P2235_0000,P2235,11,11237,0.010716438293457,0.3583862582128942,0.3166136530462441,0.0462130937098844,3,True,overlap,low_mask_area,overlap__low_mask_area,train,0.011932373046875,mask_area,0.0,0.001,False,286
1693,P2235_0001.png,P2235_0001.png,P2235_0001,P2235,13,20554,0.019601821899414,0.3771892144559261,0.3636083743842364,0.0835939721353426,5,True,overlap,high_mask_area,overlap__high_mask_area,train,0.011932373046875,mask_area,0.0,0.001,False,287
1694,P2236_0000.png,P2236_0000.png,P2236_0000,P2236,19,23390,0.0223064422607421,0.2795117860424154,0.2725704427832087,0.069305891000735,10,True,overlap,high_mask_area,overlap__high_mask_area,train,0.011932373046875,mask_area,0.0,0.001,False,288
1695,P2236_0001.png,P2236_0001.png,P2236_0001,P2236,14,19596,0.0186882019042968,0.3002155038565766,0.2966008071385978,0.0680164504903511,4,True,overlap,high_mask_area,overlap__high_mask_area,train,0.011932373046875,mask_area,0.0,0.001,False,289
1696,P2242_0000.png,P2242_0000.png,P2242_0000,P2242,36,27707,0.0264234542846679,0.5394025172344008,0.5456790898177453,0.1771469637082285,14,True,overlap,high_mask_area,overlap__high_mask_area,train,0.011932373046875,mask_area,0.0,0.001,False,290
1697,P2242_0001.png,P2242_0001.png,P2242_0001,P2242,38,28453,0.027134895324707,0.5301790403530556,0.5427435064935064,0.1771469637082285,14,True,overlap,high_mask_area,overlap__high_mask_area,train,0.011932373046875,mask_area,0.0,0.001,False,291
1698,P2242_0002.png,P2242_0002.png,P2242_0002,P2242,102,69472,0.066253662109375,0.5114642306041837,0.5148139822412049,0.2475715410868994,39,True,overlap,high_mask_area,overlap__high_mask_area,train,0.011932373046875,mask_area,0.0,0.001,False,292
1699,P2242_0003.png,P2242_0003.png,P2242_0003,P2242,103,70673,0.0673990249633789,0.5124345883723519,0.5183645183645184,0.2475715410868994,39,True,overlap,high_mask_area,overlap__high_mask_area,train,0.011932373046875,mask_area,0.0,0.001,False,293
1700,P2242_0004.png,P2242_0004.png,P2242_0004,P2242,69,49077,0.0468034744262695,0.5491847659743592,0.5430622009569378,0.0732600732600732,13,True,overlap,high_mask_area,overlap__high_mask_area,train,0.011932373046875,mask_area,0.0,0.001,False,294
1701,P2242_0005.png,P2242_0005.png,P2242_0005,P2242,73,51966,0.0495586395263671,0.5505312782580982,0.5445468509984639,0.0732600732600732,13,True,overlap,high_mask_area,overlap__high_mask_area,train,0.011932373046875,mask_area,0.0,0.001,False,295
1702,P2242_0006.png,P2242_0006.png,P2242_0006,P2242,57,41011,0.0391111373901367,0.5522043787199976,0.5455840455840456,0.0732600732600732,12,True,overlap,high_mask_area,overlap__high_mask_area,train,0.011932373046875,mask_area,0.0,0.001,False,296
1703,P2242_0007.png,P2242_0007.png,P2242_0007,P2242,60,43525,0.041508674621582,0.559194139726874,0.5549658071735448,0.0732600732600732,12,True,overlap,high_mask_area,overlap__high_mask_area,train,0.011932373046875,mask_area,0.0,0.001,False,297
1704,P2249_0011.png,P2249_0011.png,P2249_0011,P2249,1,1905,0.0018167495727539,0.1984375,0.1984375,0.0,0,False,no_overlap,low_mask_area,no_overlap__low_mask_area,train,0.011932373046875,mask_area,0.0,0.001,False,298
1705,P2249_0012.png,P2249_0012.png,P2249_0012,P2249,28,9032,0.0086135864257812,0.4667499969087098,0.487719298245614,0.0661157024793388,13,True,overlap,low_mask_area,overlap__low_mask_area,train,0.011932373046875,mask_area,0.0,0.001,False,299
1706,P2249_0013.png,P2249_0013.png,P2249_0013,P2249,21,5390,0.0051403045654296,0.4954953453684768,0.4857142857142857,0.0661157024793388,10,True,overlap,low_mask_area,overlap__low_mask_area,train,0.011932373046875,mask_area,0.0,0.001,False,300
1707,P2249_0014.png,P2249_0014.png,P2249_0014,P2249,11,8457,0.0080652236938476,0.3920984939418059,0.4,0.0,0,False,no_overlap,low_mask_area,no_overlap__low_mask_area,train,0.011932373046875,mask_area,0.0,0.001,False,301
1708,P2249_0015.png,P2249_0015.png,P2249_0015,P2249,9,6284,0.0059928894042968,0.4043096830844848,0.3935599284436494,0.0,0,False,no_overlap,low_mask_area,no_overlap__low_mask_area,train,0.011932373046875,mask_area,0.0,0.001,False,302
1709,P2249_0019.png,P2249_0019.png,P2249_0019,P2249,1,2087,0.0019903182983398,0.2173958333333333,0.2173958333333333,0.0,0,False,no_overlap,low_mask_area,no_overlap__low_mask_area,train,0.011932373046875,mask_area,0.0,0.001,False,303
1710,P2249_0020.png,P2249_0020.png,P2249_0020,P2249,28,8930,0.0085163116455078,0.454714930967563,0.4932330827067669,0.0661157024793388,13,True,overlap,low_mask_area,overlap__low_mask_area,train,0.011932373046875,mask_area,0.0,0.001,False,304
1711,P2249_0021.png,P2249_0021.png,P2249_0021,P2249,20,4245,0.0040483474731445,0.506740117592117,0.5070175438596491,0.0661157024793388,10,True,overlap,low_mask_area,overlap__low_mask_area,train,0.011932373046875,mask_area,0.0,0.001,False,305
1712,P2249_0022.png,P2249_0022.png,P2249_0022,P2249,2,1422,0.0013561248779296,0.4804563492063492,0.4804563492063492,0.0,0,False,no_overlap,low_mask_area,no_overlap__low_mask_area,train,0.011932373046875,mask_area,0.0,0.001,False,306
1713,P2249_0023.png,P2249_0023.png,P2249_0023,P2249,1,327,0.0003118515014648,0.5839285714285715,0.5839285714285715,0.0,0,False,no_overlap,low_mask_area,no_overlap__low_mask_area,train,0.011932373046875,mask_area,0.0,0.001,False,307
1714,P2257_0000.png,P2257_0000.png,P2257_0000,P2257,0,0,0.0,0.0,0.0,0.0,0,False,no_overlap,low_mask_area,negative,train,0.011932373046875,mask_area,0.0,0.001,False,1937
1715,P2260_0000.png,P2260_0000.png,P2260_0000,P2260,0,0,0.0,0.0,0.0,0.0,0,False,no_overlap,low_mask_area,negative,train,0.011932373046875,mask_area,0.0,0.001,False,1938
1716,P2269_0000.png,P2269_0000.png,P2269_0000,P2269,2,12264,0.0116958618164062,0.2342841861384476,0.2342841861384476,0.0,0,False,no_overlap,low_mask_area,no_overlap__low_mask_area,train,0.011932373046875,mask_area,0.0,0.001,False,1940
1717,P2269_0001.png,P2269_0001.png,P2269_0001,P2269,3,15307,0.0145978927612304,0.2062538538209818,0.2224752403672377,0.0,0,False,no_overlap,high_mask_area,no_overlap__high_mask_area,train,0.011932373046875,mask_area,0.0,0.001,False,1941
1718,P2269_0002.png,P2269_0002.png,P2269_0002,P2269,2,12546,0.0119647979736328,0.2141876777320477,0.2141876777320477,0.0,0,False,no_overlap,high_mask_area,no_overlap__high_mask_area,train,0.011932373046875,mask_area,0.0,0.001,False,1942
1719,P2269_0003.png,P2269_0003.png,P2269_0003,P2269,3,18592,0.017730712890625,0.2100483033743914,0.2079620302208446,0.0,0,False,no_overlap,high_mask_area,no_overlap__high_mask_area,train,0.011932373046875,mask_area,0.0,0.001,False,1943
1720,P2271_0001.png,P2271_0001.png,P2271_0001,P2271,2,795,0.0007581710815429,0.4438339226124265,0.4438339226124265,0.1033639143730886,1,True,overlap,low_mask_area,overlap__low_mask_area,train,0.011932373046875,mask_area,0.0,0.001,False,1944
1721,P2271_0002.png,P2271_0002.png,P2271_0002,P2271,1,420,0.0004005432128906,0.5419354838709678,0.5419354838709678,0.0,0,False,no_overlap,low_mask_area,no_overlap__low_mask_area,train,0.011932373046875,mask_area,0.0,0.001,False,1945
1722,P2271_0004.png,P2271_0004.png,P2271_0004,P2271,3,867,0.0008268356323242,0.5995709253216529,0.6176470588235294,0.0,0,False,no_overlap,low_mask_area,no_overlap__low_mask_area,train,0.011932373046875,mask_area,0.0,0.001,False,1946
1723,P2271_0005.png,P2271_0005.png,P2271_0005,P2271,3,1263,0.001204490661621,0.36844155413452,0.4064272211720227,0.035,1,True,overlap,low_mask_area,overlap__low_mask_area,train,0.011932373046875,mask_area,0.0,0.001,False,1947
1724,P2271_0006.png,P2271_0006.png,P2271_0006,P2271,2,425,0.0004053115844726,0.411282007217735,0.411282007217735,0.035,1,True,overlap,low_mask_area,overlap__low_mask_area,train,0.011932373046875,mask_area,0.0,0.001,False,1948
1725,P2275_0005.png,P2275_0005.png,P2275_0005,P2275,0,0,0.0,0.0,0.0,0.0,0,False,no_overlap,low_mask_area,negative,train,0.011932373046875,mask_area,0.0,0.001,False,365
1726,P2278_0003.png,P2278_0003.png,P2278_0003,P2278,0,0,0.0,0.0,0.0,0.0,0,False,no_overlap,low_mask_area,negative,train,0.011932373046875,mask_area,0.0,0.001,False,1949
1727,P2280_0003.png,P2280_0003.png,P2280_0003,P2280,0,0,0.0,0.0,0.0,0.0,0,False,no_overlap,low_mask_area,negative,train,0.011932373046875,mask_area,0.0,0.001,False,1950
1728,P2280_0006.png,P2280_0006.png,P2280_0006,P2280,0,0,0.0,0.0,0.0,0.0,0,False,no_overlap,low_mask_area,negative,train,0.011932373046875,mask_area,0.0,0.001,False,1951
1729,P2280_0020.png,P2280_0020.png,P2280_0020,P2280,0,0,0.0,0.0,0.0,0.0,0,False,no_overlap,low_mask_area,negative,train,0.011932373046875,mask_area,0.0,0.001,False,1952
1730,P2280_0021.png,P2280_0021.png,P2280_0021,P2280,0,0,0.0,0.0,0.0,0.0,0,False,no_overlap,low_mask_area,negative,train,0.011932373046875,mask_area,0.0,0.001,False,1953
1731,P2280_0022.png,P2280_0022.png,P2280_0022,P2280,0,0,0.0,0.0,0.0,0.0,0,False,no_overlap,low_mask_area,negative,train,0.011932373046875,mask_area,0.0,0.001,False,1954
1732,P2280_0023.png,P2280_0023.png,P2280_0023,P2280,0,0,0.0,0.0,0.0,0.0,0,False,no_overlap,low_mask_area,negative,train,0.011932373046875,mask_area,0.0,0.001,False,1955
1733,P2281_0017.png,P2281_0017.png,P2281_0017,P2281,0,0,0.0,0.0,0.0,0.0,0,False,no_overlap,low_mask_area,negative,train,0.011932373046875,mask_area,0.0,0.001,False,1956
1734,P2281_0024.png,P2281_0024.png,P2281_0024,P2281,0,0,0.0,0.0,0.0,0.0,0,False,no_overlap,low_mask_area,negative,train,0.011932373046875,mask_area,0.0,0.001,False,1957
1735,P2282_0010.png,P2282_0010.png,P2282_0010,P2282,0,0,0.0,0.0,0.0,0.0,0,False,no_overlap,low_mask_area,negative,train,0.011932373046875,mask_area,0.0,0.001,False,1958
1736,P2285_0015.png,P2285_0015.png,P2285_0015,P2285,0,0,0.0,0.0,0.0,0.0,0,False,no_overlap,low_mask_area,negative,train,0.011932373046875,mask_area,0.0,0.001,False,1959
1737,P2337_0002.png,P2337_0002.png,P2337_0002,P2337,0,0,0.0,0.0,0.0,0.0,0,False,no_overlap,low_mask_area,negative,train,0.011932373046875,mask_area,0.0,0.001,False,1961
1738,P2356_0001.png,P2356_0001.png,P2356_0001,P2356,0,0,0.0,0.0,0.0,0.0,0,False,no_overlap,low_mask_area,negative,train,0.011932373046875,mask_area,0.0,0.001,False,1964
1739,P2356_0005.png,P2356_0005.png,P2356_0005,P2356,0,0,0.0,0.0,0.0,0.0,0,False,no_overlap,low_mask_area,negative,train,0.011932373046875,mask_area,0.0,0.001,False,1965
1740,P2356_0008.png,P2356_0008.png,P2356_0008,P2356,0,0,0.0,0.0,0.0,0.0,0,False,no_overlap,low_mask_area,negative,train,0.011932373046875,mask_area,0.0,0.001,False,1966
1741,P2359_0001.png,P2359_0001.png,P2359_0001,P2359,0,0,0.0,0.0,0.0,0.0,0,False,no_overlap,low_mask_area,negative,train,0.011932373046875,mask_area,0.0,0.001,False,1967
1742,P2370_0000.png,P2370_0000.png,P2370_0000,P2370,0,0,0.0,0.0,0.0,0.0,0,False,no_overlap,low_mask_area,negative,train,0.011932373046875,mask_area,0.0,0.001,False,1968
1743,P2375_0001.png,P2375_0001.png,P2375_0001,P2375,0,0,0.0,0.0,0.0,0.0,0,False,no_overlap,low_mask_area,negative,train,0.011932373046875,mask_area,0.0,0.001,False,1969
1744,P2380_0001.png,P2380_0001.png,P2380_0001,P2380,0,0,0.0,0.0,0.0,0.0,0,False,no_overlap,low_mask_area,negative,train,0.011932373046875,mask_area,0.0,0.001,False,374
1745,P2388_0006.png,P2388_0006.png,P2388_0006,P2388,0,0,0.0,0.0,0.0,0.0,0,False,no_overlap,low_mask_area,negative,train,0.011932373046875,mask_area,0.0,0.001,False,1970
1746,P2390_0001.png,P2390_0001.png,P2390_0001,P2390,0,0,0.0,0.0,0.0,0.0,0,False,no_overlap,low_mask_area,negative,train,0.011932373046875,mask_area,0.0,0.001,False,1971
1747,P2392_0002.png,P2392_0002.png,P2392_0002,P2392,0,0,0.0,0.0,0.0,0.0,0,False,no_overlap,low_mask_area,negative,train,0.011932373046875,mask_area,0.0,0.001,False,1972
1748,P2394_0004.png,P2394_0004.png,P2394_0004,P2394,0,0,0.0,0.0,0.0,0.0,0,False,no_overlap,low_mask_area,negative,train,0.011932373046875,mask_area,0.0,0.001,False,1973
1749,P2396_0001.png,P2396_0001.png,P2396_0001,P2396,0,0,0.0,0.0,0.0,0.0,0,False,no_overlap,low_mask_area,negative,train,0.011932373046875,mask_area,0.0,0.001,False,1974
1750,P2416_0001.png,P2416_0001.png,P2416_0001,P2416,0,0,0.0,0.0,0.0,0.0,0,False,no_overlap,low_mask_area,negative,train,0.011932373046875,mask_area,0.0,0.001,False,1975
1751,P2417_0004.png,P2417_0004.png,P2417_0004,P2417,0,0,0.0,0.0,0.0,0.0,0,False,no_overlap,low_mask_area,negative,train,0.011932373046875,mask_area,0.0,0.001,False,1976
1752,P2436_0005.png,P2436_0005.png,P2436_0005,P2436,0,0,0.0,0.0,0.0,0.0,0,False,no_overlap,low_mask_area,negative,train,0.011932373046875,mask_area,0.0,0.001,False,375
1753,P2454_0002.png,P2454_0002.png,P2454_0002,P2454,0,0,0.0,0.0,0.0,0.0,0,False,no_overlap,low_mask_area,negative,train,0.011932373046875,mask_area,0.0,0.001,False,1979
1754,P2457_0003.png,P2457_0003.png,P2457_0003,P2457,0,0,0.0,0.0,0.0,0.0,0,False,no_overlap,low_mask_area,negative,train,0.011932373046875,mask_area,0.0,0.001,False,1980
1755,P2464_0007.png,P2464_0007.png,P2464_0007,P2464,0,0,0.0,0.0,0.0,0.0,0,False,no_overlap,low_mask_area,negative,train,0.011932373046875,mask_area,0.0,0.001,False,1981
1756,P2467_0007.png,P2467_0007.png,P2467_0007,P2467,0,0,0.0,0.0,0.0,0.0,0,False,no_overlap,low_mask_area,negative,train,0.011932373046875,mask_area,0.0,0.001,False,1982
1757,P2477_0003.png,P2477_0003.png,P2477_0003,P2477,0,0,0.0,0.0,0.0,0.0,0,False,no_overlap,low_mask_area,negative,train,0.011932373046875,mask_area,0.0,0.001,False,1984
1758,P2481_0004.png,P2481_0004.png,P2481_0004,P2481,0,0,0.0,0.0,0.0,0.0,0,False,no_overlap,low_mask_area,negative,train,0.011932373046875,mask_area,0.0,0.001,False,1985
1759,P2482_0005.png,P2482_0005.png,P2482_0005,P2482,0,0,0.0,0.0,0.0,0.0,0,False,no_overlap,low_mask_area,negative,train,0.011932373046875,mask_area,0.0,0.001,False,1986
1760,P2482_0008.png,P2482_0008.png,P2482_0008,P2482,0,0,0.0,0.0,0.0,0.0,0,False,no_overlap,low_mask_area,negative,train,0.011932373046875,mask_area,0.0,0.001,False,1987
1761,P2501_0003.png,P2501_0003.png,P2501_0003,P2501,0,0,0.0,0.0,0.0,0.0,0,False,no_overlap,low_mask_area,negative,train,0.011932373046875,mask_area,0.0,0.001,False,376
1762,P2514_0003.png,P2514_0003.png,P2514_0003,P2514,0,0,0.0,0.0,0.0,0.0,0,False,no_overlap,low_mask_area,negative,train,0.011932373046875,mask_area,0.0,0.001,False,1989
1763,P2523_0004.png,P2523_0004.png,P2523_0004,P2523,2,1344,0.00128173828125,0.3571428571428571,0.3571428571428571,0.0,0,False,no_overlap,low_mask_area,no_overlap__low_mask_area,train,0.011932373046875,mask_area,0.0,0.001,False,1990
1764,P2523_0005.png,P2523_0005.png,P2523_0005,P2523,4,2569,0.0024499893188476,0.2933608103220812,0.3031711038619383,0.0,0,False,no_overlap,low_mask_area,no_overlap__low_mask_area,train,0.011932373046875,mask_area,0.0,0.001,False,1991
1765,P2543_0006.png,P2543_0006.png,P2543_0006,P2543,0,0,0.0,0.0,0.0,0.0,0,False,no_overlap,low_mask_area,negative,train,0.011932373046875,mask_area,0.0,0.001,False,1992
1766,P2547_0005.png,P2547_0005.png,P2547_0005,P2547,0,0,0.0,0.0,0.0,0.0,0,False,no_overlap,low_mask_area,negative,train,0.011932373046875,mask_area,0.0,0.001,False,377
1767,P2551_0000.png,P2551_0000.png,P2551_0000,P2551,4,9587,0.0091428756713867,0.2715499857995011,0.2684470309208152,0.0,0,False,no_overlap,low_mask_area,no_overlap__low_mask_area,train,0.011932373046875,mask_area,0.0,0.001,False,2013
1768,P2551_0001.png,P2551_0001.png,P2551_0001,P2551,3,9895,0.0094366073608398,0.241894463415082,0.2405405405405405,0.0,0,False,no_overlap,low_mask_area,no_overlap__low_mask_area,train,0.011932373046875,mask_area,0.0,0.001,False,2014
1769,P2551_0002.png,P2551_0002.png,P2551_0002,P2551,3,5521,0.0052652359008789,0.2818379667606472,0.2972972972972973,0.0323268206039076,2,True,overlap,low_mask_area,overlap__low_mask_area,train,0.011932373046875,mask_area,0.0,0.001,False,2015
1770,P2551_0006.png,P2551_0006.png,P2551_0006,P2551,6,15524,0.0148048400878906,0.3144039446264323,0.3164930555555555,0.0,0,False,no_overlap,high_mask_area,no_overlap__high_mask_area,train,0.011932373046875,mask_area,0.0,0.001,False,2016
1771,P2551_0007.png,P2551_0007.png,P2551_0007,P2551,13,42696,0.0407180786132812,0.2943572430860067,0.3063063063063063,0.0323268206039076,4,True,overlap,high_mask_area,overlap__high_mask_area,train,0.011932373046875,mask_area,0.0,0.001,False,2017
1772,P2551_0008.png,P2551_0008.png,P2551_0008,P2551,9,57868,0.0551872253417968,0.3274823928120088,0.3390299479166667,0.0226222498103317,5,True,overlap,high_mask_area,overlap__high_mask_area,train,0.011932373046875,mask_area,0.0,0.001,False,2018
1773,P2551_0009.png,P2551_0009.png,P2551_0009,P2551,4,21591,0.0205907821655273,0.3015068127124445,0.2960657022053679,0.0132179764479692,2,True,overlap,high_mask_area,overlap__high_mask_area,train,0.011932373046875,mask_area,0.0,0.001,False,2019
1774,P2551_0013.png,P2551_0013.png,P2551_0013,P2551,6,33079,0.0315465927124023,0.3264608956984755,0.3286935305201501,0.0270599410575541,3,True,overlap,high_mask_area,overlap__high_mask_area,train,0.011932373046875,mask_area,0.0,0.001,False,2020
1775,P2551_0014.png,P2551_0014.png,P2551_0014,P2551,6,31034,0.0295963287353515,0.3066948196018152,0.3136255880243489,0.0270599410575541,2,True,overlap,high_mask_area,overlap__high_mask_area,train,0.011932373046875,mask_area,0.0,0.001,False,2021
1776,P2551_0015.png,P2551_0015.png,P2551_0015,P2551,5,13665,0.0130319595336914,0.2590240090393164,0.2337232659813305,0.0,0,False,no_overlap,high_mask_area,no_overlap__high_mask_area,train,0.011932373046875,mask_area,0.0,0.001,False,2022
1777,P2551_0016.png,P2551_0016.png,P2551_0016,P2551,12,40155,0.0382947921752929,0.2805981606777559,0.29251444009206,0.0,0,False,no_overlap,high_mask_area,no_overlap__high_mask_area,train,0.011932373046875,mask_area,0.0,0.001,False,2023
1778,P2551_0017.png,P2551_0017.png,P2551_0017,P2551,2,10909,0.0104036331176757,0.3194144641648061,0.3194144641648061,0.0,0,False,no_overlap,low_mask_area,no_overlap__low_mask_area,train,0.011932373046875,mask_area,0.0,0.001,False,2024
1779,P2551_0018.png,P2551_0018.png,P2551_0018,P2551,3,6254,0.0059642791748046,0.2763191488728358,0.2933473022524882,0.0,0,False,no_overlap,low_mask_area,no_overlap__low_mask_area,train,0.011932373046875,mask_area,0.0,0.001,False,2025
1780,P2551_0019.png,P2551_0019.png,P2551_0019,P2551,1,1850,0.0017642974853515,0.2259404005862237,0.2259404005862237,0.0,0,False,no_overlap,low_mask_area,no_overlap__low_mask_area,train,0.011932373046875,mask_area,0.0,0.001,False,2026
1781,P2551_0020.png,P2551_0020.png,P2551_0020,P2551,1,5222,0.0049800872802734,0.2263153332755482,0.2263153332755482,0.0,0,False,no_overlap,low_mask_area,no_overlap__low_mask_area,train,0.011932373046875,mask_area,0.0,0.001,False,2027
1782,P2551_0021.png,P2551_0021.png,P2551_0021,P2551,5,24080,0.0229644775390625,0.259508734067189,0.2444614209320091,0.0,0,False,no_overlap,high_mask_area,no_overlap__high_mask_area,train,0.011932373046875,mask_area,0.0,0.001,False,2028
1783,P2551_0022.png,P2551_0022.png,P2551_0022,P2551,8,41979,0.0400342941284179,0.32611823036473,0.3353384628044766,0.0300546448087431,3,True,overlap,high_mask_area,overlap__high_mask_area,train,0.011932373046875,mask_area,0.0,0.001,False,2029
1784,P2551_0023.png,P2551_0023.png,P2551_0023,P2551,10,30321,0.0289163589477539,0.2908398259678724,0.2905717047368296,0.0188049656420552,1,True,overlap,high_mask_area,overlap__high_mask_area,train,0.011932373046875,mask_area,0.0,0.001,False,2030
1785,P2551_0024.png,P2551_0024.png,P2551_0024,P2551,5,10864,0.0103607177734375,0.3058945048979016,0.291471548176529,0.0483516483516483,1,True,overlap,low_mask_area,overlap__low_mask_area,train,0.011932373046875,mask_area,0.0,0.001,False,2031
1786,P2551_0025.png,P2551_0025.png,P2551_0025,P2551,1,5219,0.0049772262573242,0.2361431609429437,0.2361431609429437,0.0,0,False,no_overlap,low_mask_area,no_overlap__low_mask_area,train,0.011932373046875,mask_area,0.0,0.001,False,2032
1787,P2551_0026.png,P2551_0026.png,P2551_0026,P2551,4,19300,0.0184059143066406,0.2494352970677241,0.2442761403934287,0.0,0,False,no_overlap,high_mask_area,no_overlap__high_mask_area,train,0.011932373046875,mask_area,0.0,0.001,False,2033
1788,P2551_0027.png,P2551_0027.png,P2551_0027,P2551,7,35620,0.0339698791503906,0.3104698199584147,0.3074815017813099,0.0300546448087431,3,True,overlap,high_mask_area,overlap__high_mask_area,train,0.011932373046875,mask_area,0.0,0.001,False,2034
1789,P2551_0028.png,P2551_0028.png,P2551_0028,P2551,9,27945,0.0266504287719726,0.2981523445297398,0.2896978021978022,0.0188049656420552,1,True,overlap,high_mask_area,overlap__high_mask_area,train,0.011932373046875,mask_area,0.0,0.001,False,2035
1790,P2551_0029.png,P2551_0029.png,P2551_0029,P2551,4,9020,0.0086021423339843,0.3235131934914028,0.2994453002919517,0.0483516483516483,1,True,overlap,low_mask_area,overlap__low_mask_area,train,0.011932373046875,mask_area,0.0,0.001,False,2036
1791,P2552_0000.png,P2552_0000.png,P2552_0000,P2552,10,20415,0.0194692611694335,0.2301549072215291,0.2333084000670277,0.0027756031599174,1,True,overlap,high_mask_area,overlap__high_mask_area,train,0.011932373046875,mask_area,0.0,0.001,False,2037
1792,P2552_0001.png,P2552_0001.png,P2552_0001,P2552,8,11939,0.0113859176635742,0.2962488293641832,0.2814085143741211,0.0,0,False,no_overlap,low_mask_area,no_overlap__low_mask_area,train,0.011932373046875,mask_area,0.0,0.001,False,2038
1793,P2552_0002.png,P2552_0002.png,P2552_0002,P2552,8,18779,0.0179090499877929,0.2525316316901838,0.2192491173956482,0.0375259666286939,1,True,overlap,high_mask_area,overlap__high_mask_area,train,0.011932373046875,mask_area,0.0,0.001,False,2039
1794,P2552_0003.png,P2552_0003.png,P2552_0003,P2552,7,14811,0.0141248703002929,0.2359884741047548,0.222333611807296,0.0,0,False,no_overlap,high_mask_area,no_overlap__high_mask_area,train,0.011932373046875,mask_area,0.0,0.001,False,2040
1795,P2552_0004.png,P2552_0004.png,P2552_0004,P2552,6,9990,0.0095272064208984,0.2406977623337585,0.2392793196839005,0.0,0,False,no_overlap,low_mask_area,no_overlap__low_mask_area,train,0.011932373046875,mask_area,0.0,0.001,False,2041
1796,P2552_0005.png,P2552_0005.png,P2552_0005,P2552,2,2708,0.0025825500488281,0.2594997210581626,0.2594997210581626,0.0,0,False,no_overlap,low_mask_area,no_overlap__low_mask_area,train,0.011932373046875,mask_area,0.0,0.001,False,2042
1797,P2552_0006.png,P2552_0006.png,P2552_0006,P2552,2,3471,0.003310203552246,0.5215627519198948,0.5215627519198948,0.0,0,False,no_overlap,low_mask_area,no_overlap__low_mask_area,train,0.011932373046875,mask_area,0.0,0.001,False,2043
1798,P2552_0007.png,P2552_0007.png,P2552_0007,P2552,2,3202,0.0030536651611328,0.3871647934536133,0.3871647934536133,0.0,0,False,no_overlap,low_mask_area,no_overlap__low_mask_area,train,0.011932373046875,mask_area,0.0,0.001,False,2044
1799,P2552_0008.png,P2552_0008.png,P2552_0008,P2552,4,7201,0.0068674087524414,0.2200497854500159,0.2146356535256688,0.0,0,False,no_overlap,low_mask_area,no_overlap__low_mask_area,train,0.011932373046875,mask_area,0.0,0.001,False,2045
1800,P2552_0009.png,P2552_0009.png,P2552_0009,P2552,4,7399,0.0070562362670898,0.2400352221407525,0.2413898148839914,0.0,0,False,no_overlap,low_mask_area,no_overlap__low_mask_area,train,0.011932373046875,mask_area,0.0,0.001,False,2046
1801,P2552_0010.png,P2552_0010.png,P2552_0010,P2552,3,4476,0.0042686462402343,0.2396683482209798,0.2286967418546366,0.0397350993377483,1,True,overlap,low_mask_area,overlap__low_mask_area,train,0.011932373046875,mask_area,0.0,0.001,False,2047
1802,P2552_0011.png,P2552_0011.png,P2552_0011,P2552,9,13140,0.0125312805175781,0.2177661181344795,0.2233709273182957,0.0413182488932611,2,True,overlap,high_mask_area,overlap__high_mask_area,train,0.011932373046875,mask_area,0.0,0.001,False,2048
1803,P2552_0012.png,P2552_0012.png,P2552_0012,P2552,9,19332,0.0184364318847656,0.1962099107262821,0.1962493237963575,0.0546849493960169,3,True,overlap,high_mask_area,overlap__high_mask_area,train,0.011932373046875,mask_area,0.0,0.001,False,2049
1804,P2552_0013.png,P2552_0013.png,P2552_0013,P2552,7,23587,0.0224943161010742,0.188338036200462,0.1730551786521935,0.0465484220168207,2,True,overlap,high_mask_area,overlap__high_mask_area,train,0.011932373046875,mask_area,0.0,0.001,False,2050
1805,P2552_0014.png,P2552_0014.png,P2552_0014,P2552,6,22773,0.0217180252075195,0.1908538951309818,0.1928763052787127,0.0485294117647058,2,True,overlap,high_mask_area,overlap__high_mask_area,train,0.011932373046875,mask_area,0.0,0.001,False,2051
1806,P2552_0015.png,P2552_0015.png,P2552_0015,P2552,4,7807,0.0074453353881835,0.2317504308850497,0.2333950230514558,0.0397350993377483,1,True,overlap,low_mask_area,overlap__low_mask_area,train,0.011932373046875,mask_area,0.0,0.001,False,2052
1807,P2552_0016.png,P2552_0016.png,P2552_0016,P2552,10,16417,0.0156564712524414,0.2182288455793875,0.2295070237321699,0.0413182488932611,2,True,overlap,high_mask_area,overlap__high_mask_area,train,0.011932373046875,mask_area,0.0,0.001,False,2053
1808,P2552_0017.png,P2552_0017.png,P2552_0017,P2552,7,16502,0.0157375335693359,0.2013859207136888,0.2008174550700246,0.061149984788561,2,True,overlap,high_mask_area,overlap__high_mask_area,train,0.011932373046875,mask_area,0.0,0.001,False,2054
1809,P2552_0018.png,P2552_0018.png,P2552_0018,P2552,3,13516,0.0128898620605468,0.1982139635694975,0.1602999290708278,0.0,0,False,no_overlap,high_mask_area,no_overlap__high_mask_area,train,0.011932373046875,mask_area,0.0,0.001,False,2055
1810,P2552_0019.png,P2552_0019.png,P2552_0019,P2552,3,14540,0.0138664245605468,0.2091161022553554,0.1924213052709314,0.0,0,False,no_overlap,high_mask_area,no_overlap__high_mask_area,train,0.011932373046875,mask_area,0.0,0.001,False,2056
1811,P2553_0000.png,P2553_0000.png,P2553_0000,P2553,3,5405,0.0051546096801757,0.2225928158177432,0.202661519707436,0.0319858445624064,1,True,overlap,low_mask_area,overlap__low_mask_area,train,0.011932373046875,mask_area,0.0,0.001,False,2057
1812,P2553_0001.png,P2553_0001.png,P2553_0001,P2553,8,13797,0.013157844543457,0.2424863316000015,0.224019805918327,0.0349334310492243,1,True,overlap,high_mask_area,overlap__high_mask_area,train,0.011932373046875,mask_area,0.0,0.001,False,2058
1813,P2553_0004.png,P2553_0004.png,P2553_0004,P2553,11,21636,0.0206336975097656,0.2531050740477922,0.2424798239178283,0.0,0,False,no_overlap,high_mask_area,no_overlap__high_mask_area,train,0.011932373046875,mask_area,0.0,0.001,False,2059
1814,P2553_0005.png,P2553_0005.png,P2553_0005,P2553,11,26908,0.0256614685058593,0.3073532476607268,0.2480506822612085,0.0183556731836421,1,True,overlap,high_mask_area,overlap__high_mask_area,train,0.011932373046875,mask_area,0.0,0.001,False,2060
1815,P2553_0006.png,P2553_0006.png,P2553_0006,P2553,1,5722,0.0054569244384765,0.236935817805383,0.236935817805383,0.0,0,False,no_overlap,low_mask_area,no_overlap__low_mask_area,train,0.011932373046875,mask_area,0.0,0.001,False,2061
1816,P2553_0007.png,P2553_0007.png,P2553_0007,P2553,0,0,0.0,0.0,0.0,0.0,0,False,no_overlap,low_mask_area,negative,train,0.011932373046875,mask_area,0.0,0.001,False,2062
1817,P2553_0008.png,P2553_0008.png,P2553_0008,P2553,3,7651,0.0072965621948242,0.2788347200563606,0.2667652859960552,0.0,0,False,no_overlap,low_mask_area,no_overlap__low_mask_area,train,0.011932373046875,mask_area,0.0,0.001,False,2063
1818,P2553_0009.png,P2553_0009.png,P2553_0009,P2553,5,9037,0.0086183547973632,0.3274689050403661,0.3531796841655996,0.0074123989218328,1,True,overlap,low_mask_area,overlap__low_mask_area,train,0.011932373046875,mask_area,0.0,0.001,False,2064
1819,P2553_0010.png,P2553_0010.png,P2553_0010,P2553,2,5243,0.0050001144409179,0.361127979864373,0.361127979864373,0.0,0,False,no_overlap,low_mask_area,no_overlap__low_mask_area,train,0.011932373046875,mask_area,0.0,0.001,False,2065
1820,P2553_0012.png,P2553_0012.png,P2553_0012,P2553,4,5391,0.005141258239746,0.2496341001006219,0.2456639287689516,0.0,0,False,no_overlap,low_mask_area,no_overlap__low_mask_area,train,0.011932373046875,mask_area,0.0,0.001,False,2066
1821,P2553_0013.png,P2553_0013.png,P2553_0013,P2553,2,4183,0.0039892196655273,0.302476501992631,0.302476501992631,0.0,0,False,no_overlap,low_mask_area,no_overlap__low_mask_area,train,0.011932373046875,mask_area,0.0,0.001,False,2067
1822,P2553_0014.png,P2553_0014.png,P2553_0014,P2553,3,6958,0.0066356658935546,0.3103623634042669,0.2862179487179487,0.0,0,False,no_overlap,low_mask_area,no_overlap__low_mask_area,train,0.011932373046875,mask_area,0.0,0.001,False,2068
1823,P2553_0015.png,P2553_0015.png,P2553_0015,P2553,1,1602,0.0015277862548828,0.2570603337612323,0.2570603337612323,0.0,0,False,no_overlap,low_mask_area,no_overlap__low_mask_area,train,0.011932373046875,mask_area,0.0,0.001,False,2069
1824,P2557_0002.png,P2557_0002.png,P2557_0002,P2557,3,9060,0.0086402893066406,0.1783668151013237,0.2090854617631638,0.0318751168442699,1,True,overlap,low_mask_area,overlap__low_mask_area,train,0.011932373046875,mask_area,0.0,0.001,False,2086
1825,P2557_0003.png,P2557_0003.png,P2557_0003,P2557,1,4198,0.0040035247802734,0.1642988532738444,0.1642988532738444,0.0,0,False,no_overlap,low_mask_area,no_overlap__low_mask_area,train,0.011932373046875,mask_area,0.0,0.001,False,2087
1826,P2557_0004.png,P2557_0004.png,P2557_0004,P2557,1,4080,0.0038909912109375,0.1445629451156858,0.1445629451156858,0.0,0,False,no_overlap,low_mask_area,no_overlap__low_mask_area,train,0.011932373046875,mask_area,0.0,0.001,False,2088
1827,P2557_0006.png,P2557_0006.png,P2557_0006,P2557,1,3516,0.0033531188964843,0.1937830687830687,0.1937830687830687,0.0,0,False,no_overlap,low_mask_area,no_overlap__low_mask_area,train,0.011932373046875,mask_area,0.0,0.001,False,2089
1828,P2557_0007.png,P2557_0007.png,P2557_0007,P2557,4,14978,0.0142841339111328,0.1774717236956119,0.1800557957238469,0.0378629152948219,1,True,overlap,high_mask_area,overlap__high_mask_area,train,0.011932373046875,mask_area,0.0,0.001,False,2090
1829,P2557_0008.png,P2557_0008.png,P2557_0008,P2557,4,13123,0.0125150680541992,0.1664071906806447,0.1584794427074653,0.0,0,False,no_overlap,high_mask_area,no_overlap__high_mask_area,train,0.011932373046875,mask_area,0.0,0.001,False,2091
1830,P2557_0009.png,P2557_0009.png,P2557_0009,P2557,3,10570,0.010080337524414,0.1505367925974328,0.148300911105639,0.0,0,False,no_overlap,low_mask_area,no_overlap__low_mask_area,train,0.011932373046875,mask_area,0.0,0.001,False,2092
1831,P2557_0010.png,P2557_0010.png,P2557_0010,P2557,1,1811,0.0017271041870117,0.2094852515905147,0.2094852515905147,0.0,0,False,no_overlap,low_mask_area,no_overlap__low_mask_area,train,0.011932373046875,mask_area,0.0,0.001,False,2093
1832,P2557_0011.png,P2557_0011.png,P2557_0011,P2557,1,2124,0.0020256042480468,0.0978035640281806,0.0978035640281806,0.0,0,False,no_overlap,low_mask_area,no_overlap__low_mask_area,train,0.011932373046875,mask_area,0.0,0.001,False,2094
1833,P2557_0012.png,P2557_0012.png,P2557_0012,P2557,2,8002,0.0076313018798828,0.1799065822405184,0.1799065822405184,0.0,0,False,no_overlap,low_mask_area,no_overlap__low_mask_area,train,0.011932373046875,mask_area,0.0,0.001,False,2095
1834,P2557_0013.png,P2557_0013.png,P2557_0013,P2557,2,3919,0.003737449645996,0.1589566016460339,0.1589566016460339,0.0,0,False,no_overlap,low_mask_area,no_overlap__low_mask_area,train,0.011932373046875,mask_area,0.0,0.001,False,2096
1835,P2557_0014.png,P2557_0014.png,P2557_0014,P2557,2,3866,0.0036869049072265,0.156033297451097,0.156033297451097,0.0,0,False,no_overlap,low_mask_area,no_overlap__low_mask_area,train,0.011932373046875,mask_area,0.0,0.001,False,2097
1836,P2557_0016.png,P2557_0016.png,P2557_0016,P2557,7,22690,0.0216388702392578,0.2520861162207394,0.1769091344345268,0.0501880058632337,2,True,overlap,high_mask_area,overlap__high_mask_area,train,0.011932373046875,mask_area,0.0,0.001,False,2098
1837,P2557_0017.png,P2557_0017.png,P2557_0017,P2557,2,6368,0.006072998046875,0.1950696017104911,0.1950696017104911,0.0,0,False,no_overlap,low_mask_area,no_overlap__low_mask_area,train,0.011932373046875,mask_area,0.0,0.001,False,2099
1838,P2557_0020.png,P2557_0020.png,P2557_0020,P2557,1,4030,0.0038433074951171,0.1815969718817592,0.1815969718817592,0.0,0,False,no_overlap,low_mask_area,no_overlap__low_mask_area,train,0.011932373046875,mask_area,0.0,0.001,False,2100
1839,P2557_0021.png,P2557_0021.png,P2557_0021,P2557,5,14584,0.0139083862304687,0.1839244949045033,0.151295235615725,0.0577520511935423,1,True,overlap,high_mask_area,overlap__high_mask_area,train,0.011932373046875,mask_area,0.0,0.001,False,2101
1840,P2557_0025.png,P2557_0025.png,P2557_0025,P2557,3,7443,0.0070981979370117,0.1575426614083939,0.1681001529051987,0.0,0,False,no_overlap,low_mask_area,no_overlap__low_mask_area,train,0.011932373046875,mask_area,0.0,0.001,False,2102
1841,P2557_0026.png,P2557_0026.png,P2557_0026,P2557,3,4543,0.0043325424194335,0.1414109042667102,0.1524822695035461,0.0,0,False,no_overlap,low_mask_area,no_overlap__low_mask_area,train,0.011932373046875,mask_area,0.0,0.001,False,2103
1842,P2558_0004.png,P2558_0004.png,P2558_0004,P2558,3,4532,0.0043220520019531,0.1782268972629859,0.1884427684117125,0.0,0,False,no_overlap,low_mask_area,no_overlap__low_mask_area,train,0.011932373046875,mask_area,0.0,0.001,False,308
1843,P2558_0005.png,P2558_0005.png,P2558_0005,P2558,4,6390,0.0060939788818359,0.1873208428943859,0.1900903444381705,0.0,0,False,no_overlap,low_mask_area,no_overlap__low_mask_area,train,0.011932373046875,mask_area,0.0,0.001,False,309
1844,P2558_0009.png,P2558_0009.png,P2558_0009,P2558,3,4844,0.0046195983886718,0.2605722963826784,0.2215465961665565,0.0667580831408776,1,True,overlap,low_mask_area,overlap__low_mask_area,train,0.011932373046875,mask_area,0.0,0.001,False,310
1845,P2558_0010.png,P2558_0010.png,P2558_0010,P2558,7,12850,0.0122547149658203,0.2362736353326607,0.2219416740310567,0.0,0,False,no_overlap,high_mask_area,no_overlap__high_mask_area,train,0.011932373046875,mask_area,0.0,0.001,False,311
1846,P2558_0011.png,P2558_0011.png,P2558_0011,P2558,4,7211,0.0068769454956054,0.2194034155575284,0.2297389376385612,0.0,0,False,no_overlap,low_mask_area,no_overlap__low_mask_area,train,0.011932373046875,mask_area,0.0,0.001,False,312
1847,P2558_0014.png,P2558_0014.png,P2558_0014,P2558,2,3080,0.0029373168945312,0.1817682395533332,0.1817682395533332,0.0,0,False,no_overlap,low_mask_area,no_overlap__low_mask_area,train,0.011932373046875,mask_area,0.0,0.001,False,313
1848,P2558_0015.png,P2558_0015.png,P2558_0015,P2558,6,9208,0.0087814331054687,0.2105089035116965,0.1866367159029439,0.0667580831408776,2,True,overlap,low_mask_area,overlap__low_mask_area,train,0.011932373046875,mask_area,0.0,0.001,False,314
1849,P2558_0016.png,P2558_0016.png,P2558_0016,P2558,1,1488,0.0014190673828125,0.2818181818181818,0.2818181818181818,0.0,0,False,no_overlap,low_mask_area,no_overlap__low_mask_area,train,0.011932373046875,mask_area,0.0,0.001,False,315
1850,P2558_0019.png,P2558_0019.png,P2558_0019,P2558,2,3688,0.0035171508789062,0.2342540158288673,0.2342540158288673,0.0,0,False,no_overlap,low_mask_area,no_overlap__low_mask_area,train,0.011932373046875,mask_area,0.0,0.001,False,316
1851,P2558_0020.png,P2558_0020.png,P2558_0020,P2558,2,3071,0.0029287338256835,0.201837561947856,0.201837561947856,0.0,0,False,no_overlap,low_mask_area,no_overlap__low_mask_area,train,0.011932373046875,mask_area,0.0,0.001,False,317
1852,P2558_0024.png,P2558_0024.png,P2558_0024,P2558,1,1561,0.0014886856079101,0.2797491039426523,0.2797491039426523,0.0,0,False,no_overlap,low_mask_area,no_overlap__low_mask_area,train,0.011932373046875,mask_area,0.0,0.001,False,318
1853,P2558_0025.png,P2558_0025.png,P2558_0025,P2558,6,9770,0.009317398071289,0.2439373250884435,0.2351514446577661,0.0055897149245388,1,True,overlap,low_mask_area,overlap__low_mask_area,train,0.011932373046875,mask_area,0.0,0.001,False,319
1854,P2558_0030.png,P2558_0030.png,P2558_0030,P2558,20,17511,0.0166997909545898,0.2266872631511355,0.2311076938612435,0.0337837837837837,14,True,overlap,high_mask_area,overlap__high_mask_area,train,0.011932373046875,mask_area,0.0,0.001,False,320
1855,P2558_0031.png,P2558_0031.png,P2558_0031,P2558,1,1682,0.0016040802001953,0.173904052936311,0.173904052936311,0.0,0,False,no_overlap,low_mask_area,no_overlap__low_mask_area,train,0.011932373046875,mask_area,0.0,0.001,False,321
1856,P2558_0036.png,P2558_0036.png,P2558_0036,P2558,20,17509,0.016697883605957,0.2276625369950444,0.2300544794188861,0.0337837837837837,14,True,overlap,high_mask_area,overlap__high_mask_area,train,0.011932373046875,mask_area,0.0,0.001,False,322
1857,P2558_0037.png,P2558_0037.png,P2558_0037,P2558,1,1642,0.001565933227539,0.1697684036393713,0.1697684036393713,0.0,0,False,no_overlap,low_mask_area,no_overlap__low_mask_area,train,0.011932373046875,mask_area,0.0,0.001,False,323
1858,P2563_0000.png,P2563_0000.png,P2563_0000,P2563,0,0,0.0,0.0,0.0,0.0,0,False,no_overlap,low_mask_area,negative,train,0.011932373046875,mask_area,0.0,0.001,False,2123
1859,P2587_0006.png,P2587_0006.png,P2587_0006,P2587,0,0,0.0,0.0,0.0,0.0,0,False,no_overlap,low_mask_area,negative,train,0.011932373046875,mask_area,0.0,0.001,False,2125
1860,P2600_0001.png,P2600_0001.png,P2600_0001,P2600,3,4200,0.0040054321289062,0.1943475187009669,0.2067155067155067,0.0,0,False,no_overlap,low_mask_area,no_overlap__low_mask_area,train,0.011932373046875,mask_area,0.0,0.001,False,378
1861,P2600_0002.png,P2600_0002.png,P2600_0002,P2600,4,4952,0.0047225952148437,0.1921823949517915,0.1895184676434676,0.0,0,False,no_overlap,low_mask_area,no_overlap__low_mask_area,train,0.011932373046875,mask_area,0.0,0.001,False,379
1862,P2600_0003.png,P2600_0003.png,P2600_0003,P2600,4,6742,0.0064296722412109,0.1904946186043278,0.1846445763966408,0.0,0,False,no_overlap,low_mask_area,no_overlap__low_mask_area,train,0.011932373046875,mask_area,0.0,0.001,False,380
1863,P2600_0004.png,P2600_0004.png,P2600_0004,P2600,7,9252,0.0088233947753906,0.1560550935331658,0.163476381599259,0.0583864118895966,1,True,overlap,low_mask_area,overlap__low_mask_area,train,0.011932373046875,mask_area,0.0,0.001,False,381
1864,P2600_0005.png,P2600_0005.png,P2600_0005,P2600,3,3559,0.0033941268920898,0.1639887019467243,0.1620870639086137,0.0583864118895966,1,True,overlap,low_mask_area,overlap__low_mask_area,train,0.011932373046875,mask_area,0.0,0.001,False,382
1865,P2600_0006.png,P2600_0006.png,P2600_0006,P2600,4,6605,0.0062990188598632,0.1864608133319723,0.1792147410842068,0.0,0,False,no_overlap,low_mask_area,no_overlap__low_mask_area,train,0.011932373046875,mask_area,0.0,0.001,False,383
1866,P2600_0007.png,P2600_0007.png,P2600_0007,P2600,6,7430,0.0070858001708984,0.1528083142600473,0.157957677203601,0.0583864118895966,1,True,overlap,low_mask_area,overlap__low_mask_area,train,0.011932373046875,mask_area,0.0,0.001,False,384
1867,P2600_0008.png,P2600_0008.png,P2600_0008,P2600,2,1719,0.0016393661499023,0.1562771946188518,0.1562771946188518,0.0583864118895966,1,True,overlap,low_mask_area,overlap__low_mask_area,train,0.011932373046875,mask_area,0.0,0.001,False,385
1868,P2609_0015.png,P2609_0015.png,P2609_0015,P2609,0,0,0.0,0.0,0.0,0.0,0,False,no_overlap,low_mask_area,negative,train,0.011932373046875,mask_area,0.0,0.001,False,2127
1869,P2612_0000.png,P2612_0000.png,P2612_0000,P2612,0,0,0.0,0.0,0.0,0.0,0,False,no_overlap,low_mask_area,negative,train,0.011932373046875,mask_area,0.0,0.001,False,2128
1870,P2612_0027.png,P2612_0027.png,P2612_0027,P2612,0,0,0.0,0.0,0.0,0.0,0,False,no_overlap,low_mask_area,negative,train,0.011932373046875,mask_area,0.0,0.001,False,2129
1871,P2616_0005.png,P2616_0005.png,P2616_0005,P2616,0,0,0.0,0.0,0.0,0.0,0,False,no_overlap,low_mask_area,negative,train,0.011932373046875,mask_area,0.0,0.001,False,2130
1872,P2631_0002.png,P2631_0002.png,P2631_0002,P2631,0,0,0.0,0.0,0.0,0.0,0,False,no_overlap,low_mask_area,negative,train,0.011932373046875,mask_area,0.0,0.001,False,2132
1873,P2641_0035.png,P2641_0035.png,P2641_0035,P2641,0,0,0.0,0.0,0.0,0.0,0,False,no_overlap,low_mask_area,negative,train,0.011932373046875,mask_area,0.0,0.001,False,386
1874,P2645_0000.png,P2645_0000.png,P2645_0000,P2645,0,0,0.0,0.0,0.0,0.0,0,False,no_overlap,low_mask_area,negative,train,0.011932373046875,mask_area,0.0,0.001,False,2135
1875,P2645_0019.png,P2645_0019.png,P2645_0019,P2645,0,0,0.0,0.0,0.0,0.0,0,False,no_overlap,low_mask_area,negative,train,0.011932373046875,mask_area,0.0,0.001,False,2136
1876,P2645_0022.png,P2645_0022.png,P2645_0022,P2645,0,0,0.0,0.0,0.0,0.0,0,False,no_overlap,low_mask_area,negative,train,0.011932373046875,mask_area,0.0,0.001,False,2137
1877,P2646_0000.png,P2646_0000.png,P2646_0000,P2646,0,0,0.0,0.0,0.0,0.0,0,False,no_overlap,low_mask_area,negative,train,0.011932373046875,mask_area,0.0,0.001,False,2138
1878,P2650_0003.png,P2650_0003.png,P2650_0003,P2650,0,0,0.0,0.0,0.0,0.0,0,False,no_overlap,low_mask_area,negative,train,0.011932373046875,mask_area,0.0,0.001,False,2139
1879,P2650_0004.png,P2650_0004.png,P2650_0004,P2650,0,0,0.0,0.0,0.0,0.0,0,False,no_overlap,low_mask_area,negative,train,0.011932373046875,mask_area,0.0,0.001,False,2140
1880,P2665_0001.png,P2665_0001.png,P2665_0001,P2665,1,1460,0.0013923645019531,0.1744324970131421,0.1744324970131421,0.0,0,False,no_overlap,low_mask_area,no_overlap__low_mask_area,train,0.011932373046875,mask_area,0.0,0.001,False,324
1881,P2665_0003.png,P2665_0003.png,P2665_0003,P2665,2,723,0.0006895065307617,0.4037145030425964,0.4037145030425964,0.0199335548172757,1,True,overlap,low_mask_area,overlap__low_mask_area,train,0.011932373046875,mask_area,0.0,0.001,False,325
1882,P2665_0004.png,P2665_0004.png,P2665_0004,P2665,1,1475,0.0014066696166992,0.1762246117084826,0.1762246117084826,0.0,0,False,no_overlap,low_mask_area,no_overlap__low_mask_area,train,0.011932373046875,mask_area,0.0,0.001,False,326
1883,P2665_0005.png,P2665_0005.png,P2665_0005,P2665,1,924,0.0008811950683593,0.5775,0.5775,0.0,0,False,no_overlap,low_mask_area,no_overlap__low_mask_area,train,0.011932373046875,mask_area,0.0,0.001,False,327
1884,P2668_0002.png,P2668_0002.png,P2668_0002,P2668,0,0,0.0,0.0,0.0,0.0,0,False,no_overlap,low_mask_area,negative,train,0.011932373046875,mask_area,0.0,0.001,False,2142
1885,P2682_0005.png,P2682_0005.png,P2682_0005,P2682,4,10163,0.0096921920776367,0.2767143152444912,0.2488354126458965,0.0,0,False,no_overlap,low_mask_area,no_overlap__low_mask_area,train,0.011932373046875,mask_area,0.0,0.001,False,328
1886,P2682_0006.png,P2682_0006.png,P2682_0006,P2682,4,8894,0.0084819793701171,0.419892043290739,0.4198018729200526,0.0,0,False,no_overlap,low_mask_area,no_overlap__low_mask_area,train,0.011932373046875,mask_area,0.0,0.001,False,329
1887,P2682_0010.png,P2682_0010.png,P2682_0010,P2682,2,4581,0.004368782043457,0.2209215540572418,0.2209215540572418,0.0,0,False,no_overlap,low_mask_area,no_overlap__low_mask_area,train,0.011932373046875,mask_area,0.0,0.001,False,330
1888,P2682_0011.png,P2682_0011.png,P2682_0011,P2682,3,6759,0.0064458847045898,0.3722308923592884,0.387009753060801,0.0,0,False,no_overlap,low_mask_area,no_overlap__low_mask_area,train,0.011932373046875,mask_area,0.0,0.001,False,331
1889,P2682_0012.png,P2682_0012.png,P2682_0012,P2682,2,12449,0.0118722915649414,0.3482281532825405,0.3482281532825405,0.0,0,False,no_overlap,low_mask_area,no_overlap__low_mask_area,train,0.011932373046875,mask_area,0.0,0.001,False,332
1890,P2682_0013.png,P2682_0013.png,P2682_0013,P2682,2,6650,0.0063419342041015,0.348349350945174,0.348349350945174,0.0,0,False,no_overlap,low_mask_area,no_overlap__low_mask_area,train,0.011932373046875,mask_area,0.0,0.001,False,333
1891,P2686_0017.png,P2686_0017.png,P2686_0017,P2686,0,0,0.0,0.0,0.0,0.0,0,False,no_overlap,low_mask_area,negative,train,0.011932373046875,mask_area,0.0,0.001,False,387
1892,P2687_0001.png,P2687_0001.png,P2687_0001,P2687,0,0,0.0,0.0,0.0,0.0,0,False,no_overlap,low_mask_area,negative,train,0.011932373046875,mask_area,0.0,0.001,False,2145
1893,P2690_0002.png,P2690_0002.png,P2690_0002,P2690,0,0,0.0,0.0,0.0,0.0,0,False,no_overlap,low_mask_area,negative,train,0.011932373046875,mask_area,0.0,0.001,False,2159
1894,P2690_0005.png,P2690_0005.png,P2690_0005,P2690,0,0,0.0,0.0,0.0,0.0,0,False,no_overlap,low_mask_area,negative,train,0.011932373046875,mask_area,0.0,0.001,False,2160
1895,P2691_0004.png,P2691_0004.png,P2691_0004,P2691,2,2294,0.0021877288818359,0.3497953869047619,0.3497953869047619,0.0,0,False,no_overlap,low_mask_area,no_overlap__low_mask_area,train,0.011932373046875,mask_area,0.0,0.001,False,2161
1896,P2691_0010.png,P2691_0010.png,P2691_0010,P2691,22,5978,0.0057010650634765,0.3446804345669063,0.3322984985853909,0.0450387051372273,6,True,overlap,low_mask_area,overlap__low_mask_area,train,0.011932373046875,mask_area,0.0,0.001,False,2162
1897,P2691_0011.png,P2691_0011.png,P2691_0011,P2691,5,1114,0.0010623931884765,0.3745885914576234,0.3803418803418803,0.0449017773620205,1,True,overlap,low_mask_area,overlap__low_mask_area,train,0.011932373046875,mask_area,0.0,0.001,False,2163
1898,P2691_0012.png,P2691_0012.png,P2691_0012,P2691,1,1223,0.0011663436889648,0.3184895833333333,0.3184895833333333,0.0,0,False,no_overlap,low_mask_area,no_overlap__low_mask_area,train,0.011932373046875,mask_area,0.0,0.001,False,2164
1899,P2691_0013.png,P2691_0013.png,P2691_0013,P2691,1,600,0.0005722045898437,0.4761904761904761,0.4761904761904761,0.0,0,False,no_overlap,low_mask_area,no_overlap__low_mask_area,train,0.011932373046875,mask_area,0.0,0.001,False,2165
1900,P2691_0018.png,P2691_0018.png,P2691_0018,P2691,7,2106,0.0020084381103515,0.3824271790905855,0.3846153846153846,0.0234884732492388,1,True,overlap,low_mask_area,overlap__low_mask_area,train,0.011932373046875,mask_area,0.0,0.001,False,2166
1901,P2691_0019.png,P2691_0019.png,P2691_0019,P2691,1,252,0.0002403259277343,0.3888888888888889,0.3888888888888889,0.0,0,False,no_overlap,low_mask_area,no_overlap__low_mask_area,train,0.011932373046875,mask_area,0.0,0.001,False,2167
1902,P2691_0025.png,P2691_0025.png,P2691_0025,P2691,1,291,0.0002775192260742,0.3464285714285714,0.3464285714285714,0.0,0,False,no_overlap,low_mask_area,no_overlap__low_mask_area,train,0.011932373046875,mask_area,0.0,0.001,False,2168
1903,P2691_0027.png,P2691_0027.png,P2691_0027,P2691,1,2744,0.0026168823242187,0.2587458745874587,0.2587458745874587,0.0,0,False,no_overlap,low_mask_area,no_overlap__low_mask_area,train,0.011932373046875,mask_area,0.0,0.001,False,2169
1904,P2691_0028.png,P2691_0028.png,P2691_0028,P2691,6,8563,0.0081663131713867,0.2882927556294315,0.2563949623899951,0.0,0,False,no_overlap,low_mask_area,no_overlap__low_mask_area,train,0.011932373046875,mask_area,0.0,0.001,False,2170
1905,P2691_0029.png,P2691_0029.png,P2691_0029,P2691,1,747,0.0007123947143554,0.4806949806949807,0.4806949806949807,0.0,0,False,no_overlap,low_mask_area,no_overlap__low_mask_area,train,0.011932373046875,mask_area,0.0,0.001,False,2171
1906,P2691_0034.png,P2691_0034.png,P2691_0034,P2691,3,3058,0.0029163360595703,0.2351095391464226,0.1834876543209876,0.0158114129653586,1,True,overlap,low_mask_area,overlap__low_mask_area,train,0.011932373046875,mask_area,0.0,0.001,False,2172
1907,P2691_0035.png,P2691_0035.png,P2691_0035,P2691,3,7694,0.0073375701904296,0.2701171000774536,0.2451953640764829,0.0,0,False,no_overlap,low_mask_area,no_overlap__low_mask_area,train,0.011932373046875,mask_area,0.0,0.001,False,2173
1908,P2691_0036.png,P2691_0036.png,P2691_0036,P2691,1,671,0.0006399154663085,0.4317889317889318,0.4317889317889318,0.0,0,False,no_overlap,low_mask_area,no_overlap__low_mask_area,train,0.011932373046875,mask_area,0.0,0.001,False,2174
1909,P2691_0037.png,P2691_0037.png,P2691_0037,P2691,1,703,0.0006704330444335,0.4523809523809524,0.4523809523809524,0.0,0,False,no_overlap,low_mask_area,no_overlap__low_mask_area,train,0.011932373046875,mask_area,0.0,0.001,False,2175
1910,P2691_0041.png,P2691_0041.png,P2691_0041,P2691,1,2439,0.0023260116577148,0.1931728179946142,0.1931728179946142,0.0,0,False,no_overlap,low_mask_area,no_overlap__low_mask_area,train,0.011932373046875,mask_area,0.0,0.001,False,2176
1911,P2691_0042.png,P2691_0042.png,P2691_0042,P2691,1,2379,0.0022687911987304,0.1884207191509583,0.1884207191509583,0.0,0,False,no_overlap,low_mask_area,no_overlap__low_mask_area,train,0.011932373046875,mask_area,0.0,0.001,False,2177
1912,P2714_0001.png,P2714_0001.png,P2714_0001,P2714,0,0,0.0,0.0,0.0,0.0,0,False,no_overlap,low_mask_area,negative,train,0.011932373046875,mask_area,0.0,0.001,False,2182
1913,P2721_0009.png,P2721_0009.png,P2721_0009,P2721,0,0,0.0,0.0,0.0,0.0,0,False,no_overlap,low_mask_area,negative,train,0.011932373046875,mask_area,0.0,0.001,False,2183
1914,P2724_0008.png,P2724_0008.png,P2724_0008,P2724,0,0,0.0,0.0,0.0,0.0,0,False,no_overlap,low_mask_area,negative,train,0.011932373046875,mask_area,0.0,0.001,False,2184
1915,P2729_0010.png,P2729_0010.png,P2729_0010,P2729,0,0,0.0,0.0,0.0,0.0,0,False,no_overlap,low_mask_area,negative,train,0.011932373046875,mask_area,0.0,0.001,False,2186
1916,P2741_0005.png,P2741_0005.png,P2741_0005,P2741,0,0,0.0,0.0,0.0,0.0,0,False,no_overlap,low_mask_area,negative,train,0.011932373046875,mask_area,0.0,0.001,False,2187
1917,P2741_0008.png,P2741_0008.png,P2741_0008,P2741,6,29533,0.0281648635864257,0.5462022451683456,0.4795098053776285,0.2316995544239338,8,True,overlap,high_mask_area,overlap__high_mask_area,train,0.011932373046875,mask_area,0.0,0.001,False,2188
1918,P2746_0001.png,P2746_0001.png,P2746_0001,P2746,1,12463,0.011885643005371,0.4389616793462947,0.4389616793462947,0.0,0,False,no_overlap,low_mask_area,no_overlap__low_mask_area,train,0.011932373046875,mask_area,0.0,0.001,False,2189
1919,P2746_0002.png,P2746_0002.png,P2746_0002,P2746,3,14618,0.0139408111572265,0.1519352669341755,0.1401564537157757,0.002452566166624,1,True,overlap,high_mask_area,overlap__high_mask_area,train,0.011932373046875,mask_area,0.0,0.001,False,2190
1920,P2746_0004.png,P2746_0004.png,P2746_0004,P2746,6,21159,0.0201787948608398,0.1472576526253789,0.1446383045614003,0.2618089621341564,6,True,overlap,high_mask_area,overlap__high_mask_area,train,0.011932373046875,mask_area,0.0,0.001,False,2191
1921,P2746_0005.png,P2746_0005.png,P2746_0005,P2746,4,13482,0.012857437133789,0.1447678067825751,0.144592256116654,0.1886972608462135,4,True,overlap,high_mask_area,overlap__high_mask_area,train,0.011932373046875,mask_area,0.0,0.001,False,2192
1922,P2746_0006.png,P2746_0006.png,P2746_0006,P2746,2,6341,0.006047248840332,0.1463334514947418,0.1463334514947418,0.0,0,False,no_overlap,low_mask_area,no_overlap__low_mask_area,train,0.011932373046875,mask_area,0.0,0.001,False,2193
1923,P2746_0007.png,P2746_0007.png,P2746_0007,P2746,2,6297,0.0060052871704101,0.1560599078341014,0.1560599078341014,0.0,0,False,no_overlap,low_mask_area,no_overlap__low_mask_area,train,0.011932373046875,mask_area,0.0,0.001,False,2194
1924,P2746_0009.png,P2746_0009.png,P2746_0009,P2746,1,4421,0.004216194152832,0.1389377749842866,0.1389377749842866,0.0,0,False,no_overlap,low_mask_area,no_overlap__low_mask_area,train,0.011932373046875,mask_area,0.0,0.001,False,2195
1925,P2746_0010.png,P2746_0010.png,P2746_0010,P2746,1,1668,0.0015907287597656,0.1793548387096774,0.1793548387096774,0.0,0,False,no_overlap,low_mask_area,no_overlap__low_mask_area,train,0.011932373046875,mask_area,0.0,0.001,False,2196
1926,P2748_0000.png,P2748_0000.png,P2748_0000,P2748,6,17576,0.0167617797851562,0.1552193351731106,0.1564409722222222,0.136525242948566,8,True,overlap,high_mask_area,overlap__high_mask_area,train,0.011932373046875,mask_area,0.0,0.001,False,2197
1927,P2748_0002.png,P2748_0002.png,P2748_0002,P2748,1,1870,0.0017833709716796,0.2162349676225717,0.2162349676225717,0.0,0,False,no_overlap,low_mask_area,no_overlap__low_mask_area,train,0.011932373046875,mask_area,0.0,0.001,False,2198
1928,P2748_0003.png,P2748_0003.png,P2748_0003,P2748,2,6157,0.0058717727661132,0.2494879717552056,0.2494879717552056,0.0238901055146326,1,True,overlap,low_mask_area,overlap__low_mask_area,train,0.011932373046875,mask_area,0.0,0.001,False,2199
1929,P2748_0004.png,P2748_0004.png,P2748_0004,P2748,1,2904,0.0027694702148437,0.1525210084033613,0.1525210084033613,0.0,0,False,no_overlap,low_mask_area,no_overlap__low_mask_area,train,0.011932373046875,mask_area,0.0,0.001,False,2200
1930,P2748_0005.png,P2748_0005.png,P2748_0005,P2748,2,4261,0.004063606262207,0.1611386997900155,0.1611386997900155,0.0054562300538759,1,True,overlap,low_mask_area,overlap__low_mask_area,train,0.011932373046875,mask_area,0.0,0.001,False,2201
1931,P2748_0006.png,P2748_0006.png,P2748_0006,P2748,3,9783,0.0093297958374023,0.2366310717287693,0.2776013678553981,0.0889754343918514,1,True,overlap,low_mask_area,overlap__low_mask_area,train,0.011932373046875,mask_area,0.0,0.001,False,2202
1932,P2748_0007.png,P2748_0007.png,P2748_0007,P2748,7,22620,0.0215721130371093,0.2108182181248339,0.1879758358159549,0.0889754343918514,2,True,overlap,high_mask_area,overlap__high_mask_area,train,0.011932373046875,mask_area,0.0,0.001,False,2203
1933,P2748_0008.png,P2748_0008.png,P2748_0008,P2748,1,2804,0.0026741027832031,0.1550199026979212,0.1550199026979212,0.0,0,False,no_overlap,low_mask_area,no_overlap__low_mask_area,train,0.011932373046875,mask_area,0.0,0.001,False,2204
1934,P2748_0009.png,P2748_0009.png,P2748_0009,P2748,1,2243,0.0021390914916992,0.1716406489133762,0.1716406489133762,0.0,0,False,no_overlap,low_mask_area,no_overlap__low_mask_area,train,0.011932373046875,mask_area,0.0,0.001,False,2205
1935,P2748_0010.png,P2748_0010.png,P2748_0010,P2748,7,20563,0.0196104049682617,0.1684345708575388,0.1595744680851064,0.0934942287513116,1,True,overlap,high_mask_area,overlap__high_mask_area,train,0.011932373046875,mask_area,0.0,0.001,False,2206
1936,P2748_0011.png,P2748_0011.png,P2748_0011,P2748,5,14475,0.0138044357299804,0.177002345009331,0.1594575637128828,0.0934942287513116,1,True,overlap,high_mask_area,overlap__high_mask_area,train,0.011932373046875,mask_area,0.0,0.001,False,2207
1937,P2748_0013.png,P2748_0013.png,P2748_0013,P2748,1,2275,0.0021696090698242,0.1740893786348331,0.1740893786348331,0.0,0,False,no_overlap,low_mask_area,no_overlap__low_mask_area,train,0.011932373046875,mask_area,0.0,0.001,False,2208
1938,P2748_0014.png,P2748_0014.png,P2748_0014,P2748,5,11072,0.01055908203125,0.1514744352653582,0.1595965309200603,0.0,0,False,no_overlap,low_mask_area,no_overlap__low_mask_area,train,0.011932373046875,mask_area,0.0,0.001,False,2209
1939,P2748_0015.png,P2748_0015.png,P2748_0015,P2748,3,4483,0.0042753219604492,0.1467145467877984,0.1537518853695324,0.0,0,False,no_overlap,low_mask_area,no_overlap__low_mask_area,train,0.011932373046875,mask_area,0.0,0.001,False,2210
1940,P2751_0011.png,P2751_0011.png,P2751_0011,P2751,0,0,0.0,0.0,0.0,0.0,0,False,no_overlap,low_mask_area,negative,train,0.011932373046875,mask_area,0.0,0.001,False,389
1941,P2753_0013.png,P2753_0013.png,P2753_0013,P2753,0,0,0.0,0.0,0.0,0.0,0,False,no_overlap,low_mask_area,negative,train,0.011932373046875,mask_area,0.0,0.001,False,2211
1942,P2753_0014.png,P2753_0014.png,P2753_0014,P2753,0,0,0.0,0.0,0.0,0.0,0,False,no_overlap,low_mask_area,negative,train,0.011932373046875,mask_area,0.0,0.001,False,2212
1943,P2754_0000.png,P2754_0000.png,P2754_0000,P2754,0,0,0.0,0.0,0.0,0.0,0,False,no_overlap,low_mask_area,negative,train,0.011932373046875,mask_area,0.0,0.001,False,2213
1944,P2754_0005.png,P2754_0005.png,P2754_0005,P2754,0,0,0.0,0.0,0.0,0.0,0,False,no_overlap,low_mask_area,negative,train,0.011932373046875,mask_area,0.0,0.001,False,2214
1945,P2754_0016.png,P2754_0016.png,P2754_0016,P2754,0,0,0.0,0.0,0.0,0.0,0,False,no_overlap,low_mask_area,negative,train,0.011932373046875,mask_area,0.0,0.001,False,2215
1946,P2755_0008.png,P2755_0008.png,P2755_0008,P2755,0,0,0.0,0.0,0.0,0.0,0,False,no_overlap,low_mask_area,negative,train,0.011932373046875,mask_area,0.0,0.001,False,2216
1947,P2759_0000.png,P2759_0000.png,P2759_0000,P2759,0,0,0.0,0.0,0.0,0.0,0,False,no_overlap,low_mask_area,negative,train,0.011932373046875,mask_area,0.0,0.001,False,2217
1948,P2759_0025.png,P2759_0025.png,P2759_0025,P2759,0,0,0.0,0.0,0.0,0.0,0,False,no_overlap,low_mask_area,negative,train,0.011932373046875,mask_area,0.0,0.001,False,2218
1949,P2759_0027.png,P2759_0027.png,P2759_0027,P2759,0,0,0.0,0.0,0.0,0.0,0,False,no_overlap,low_mask_area,negative,train,0.011932373046875,mask_area,0.0,0.001,False,2219
1950,P2759_0034.png,P2759_0034.png,P2759_0034,P2759,0,0,0.0,0.0,0.0,0.0,0,False,no_overlap,low_mask_area,negative,train,0.011932373046875,mask_area,0.0,0.001,False,2220
1951,P2778_0001.png,P2778_0001.png,P2778_0001,P2778,1,649,0.0006189346313476,0.0106498194945848,0.0106498194945848,0.0,0,False,no_overlap,low_mask_area,no_overlap__low_mask_area,train,0.011932373046875,mask_area,0.0,0.001,False,2221
1952,P2778_0002.png,P2778_0002.png,P2778_0002,P2778,1,8961,0.0085458755493164,0.1378276116648209,0.1378276116648209,0.0,0,False,no_overlap,low_mask_area,no_overlap__low_mask_area,train,0.011932373046875,mask_area,0.0,0.001,False,2222
1953,P2778_0004.png,P2778_0004.png,P2778_0004,P2778,1,8676,0.0082740783691406,0.150625,0.150625,0.0,0,False,no_overlap,low_mask_area,no_overlap__low_mask_area,train,0.011932373046875,mask_area,0.0,0.001,False,2223
1954,P2778_0005.png,P2778_0005.png,P2778_0005,P2778,3,50644,0.0482978820800781,0.2379045696693047,0.1343456334224378,0.136394049280941,2,True,overlap,high_mask_area,overlap__high_mask_area,train,0.011932373046875,mask_area,0.0,0.001,False,2224
1955,P2778_0006.png,P2778_0006.png,P2778_0006,P2778,2,18497,0.0176401138305664,0.168392055405188,0.168392055405188,0.0,0,False,no_overlap,high_mask_area,no_overlap__high_mask_area,train,0.011932373046875,mask_area,0.0,0.001,False,2225
1956,P2778_0008.png,P2778_0008.png,P2778_0008,P2778,1,10275,0.0097990036010742,0.1909567350579839,0.1909567350579839,0.0,0,False,no_overlap,low_mask_area,no_overlap__low_mask_area,train,0.011932373046875,mask_area,0.0,0.001,False,2226
1957,P2778_0009.png,P2778_0009.png,P2778_0009,P2778,4,33689,0.0321283340454101,0.247917119694411,0.2541703845893699,0.0,0,False,no_overlap,high_mask_area,no_overlap__high_mask_area,train,0.011932373046875,mask_area,0.0,0.001,False,2227
1958,P2778_0010.png,P2778_0010.png,P2778_0010,P2778,4,41225,0.0393152236938476,0.229749211932779,0.2223718650026218,0.0,0,False,no_overlap,high_mask_area,no_overlap__high_mask_area,train,0.011932373046875,mask_area,0.0,0.001,False,2228
1959,P2778_0011.png,P2778_0011.png,P2778_0011,P2778,2,39821,0.0379762649536132,0.2564908807874986,0.2564908807874986,0.0,0,False,no_overlap,high_mask_area,no_overlap__high_mask_area,train,0.011932373046875,mask_area,0.0,0.001,False,2229
1960,P2787_0000.png,P2787_0000.png,P2787_0000,P2787,3,16938,0.016153335571289,0.359277251397798,0.3683116007194245,0.0,0,False,no_overlap,high_mask_area,no_overlap__high_mask_area,train,0.011932373046875,mask_area,0.0,0.001,False,2232
1961,P2787_0001.png,P2787_0001.png,P2787_0001,P2787,2,13572,0.0129432678222656,0.3750061494216409,0.3750061494216409,0.0,0,False,no_overlap,high_mask_area,no_overlap__high_mask_area,train,0.011932373046875,mask_area,0.0,0.001,False,2233
1962,P2787_0002.png,P2787_0002.png,P2787_0002,P2787,5,29397,0.0280351638793945,0.4068748868793836,0.437333977300169,0.0,0,False,no_overlap,high_mask_area,no_overlap__high_mask_area,train,0.011932373046875,mask_area,0.0,0.001,False,2234
1963,P2787_0003.png,P2787_0003.png,P2787_0003,P2787,1,5399,0.0051488876342773,0.4345971182484102,0.4345971182484102,0.0,0,False,no_overlap,low_mask_area,no_overlap__low_mask_area,train,0.011932373046875,mask_area,0.0,0.001,False,2235
1964,P2787_0005.png,P2787_0005.png,P2787_0005,P2787,2,12410,0.0118350982666015,0.3511316132717753,0.3511316132717753,0.0,0,False,no_overlap,low_mask_area,no_overlap__low_mask_area,train,0.011932373046875,mask_area,0.0,0.001,False,2236
1965,P2787_0006.png,P2787_0006.png,P2787_0006,P2787,2,16409,0.0156488418579101,0.4158223887861582,0.4158223887861582,0.0,0,False,no_overlap,high_mask_area,no_overlap__high_mask_area,train,0.011932373046875,mask_area,0.0,0.001,False,2237
1966,P2787_0007.png,P2787_0007.png,P2787_0007,P2787,4,29213,0.0278596878051757,0.3934293923924188,0.3921084345163969,0.0,0,False,no_overlap,high_mask_area,no_overlap__high_mask_area,train,0.011932373046875,mask_area,0.0,0.001,False,2238
1967,P2787_0008.png,P2787_0008.png,P2787_0008,P2787,3,26122,0.024911880493164,0.3553696523557355,0.3574361435503653,0.0,0,False,no_overlap,high_mask_area,no_overlap__high_mask_area,train,0.011932373046875,mask_area,0.0,0.001,False,2239
1968,P2787_0009.png,P2787_0009.png,P2787_0009,P2787,2,19711,0.0187978744506835,0.3067847164054086,0.3067847164054086,0.0,0,False,no_overlap,high_mask_area,no_overlap__high_mask_area,train,0.011932373046875,mask_area,0.0,0.001,False,2240
1969,P2787_0010.png,P2787_0010.png,P2787_0010,P2787,2,12495,0.011916160583496,0.3549497641843309,0.3549497641843309,0.0,0,False,no_overlap,low_mask_area,no_overlap__low_mask_area,train,0.011932373046875,mask_area,0.0,0.001,False,2241
1970,P2787_0011.png,P2787_0011.png,P2787_0011,P2787,2,16521,0.0157556533813476,0.4184108955351542,0.4184108955351542,0.0,0,False,no_overlap,high_mask_area,no_overlap__high_mask_area,train,0.011932373046875,mask_area,0.0,0.001,False,2242
1971,P2787_0012.png,P2787_0012.png,P2787_0012,P2787,4,29242,0.0278873443603515,0.3938491481183677,0.3919511143109174,0.0,0,False,no_overlap,high_mask_area,no_overlap__high_mask_area,train,0.011932373046875,mask_area,0.0,0.001,False,2243
1972,P2787_0013.png,P2787_0013.png,P2787_0013,P2787,3,26134,0.0249233245849609,0.3570132051035916,0.3593558363995094,0.0,0,False,no_overlap,high_mask_area,no_overlap__high_mask_area,train,0.011932373046875,mask_area,0.0,0.001,False,2244
1973,P2787_0014.png,P2787_0014.png,P2787_0014,P2787,2,19837,0.0189180374145507,0.3115353408818954,0.3115353408818954,0.0,0,False,no_overlap,high_mask_area,no_overlap__high_mask_area,train,0.011932373046875,mask_area,0.0,0.001,False,2245
1974,P2790_0001.png,P2790_0001.png,P2790_0001,P2790,3,55814,0.0532283782958984,0.2413812177500982,0.2717689268725308,0.0033418495369314,1,True,overlap,high_mask_area,overlap__high_mask_area,train,0.011932373046875,mask_area,0.0,0.001,False,2246
1975,P2790_0004.png,P2790_0004.png,P2790_0004,P2790,1,7360,0.00701904296875,0.2580645161290322,0.2580645161290322,0.0,0,False,no_overlap,low_mask_area,no_overlap__low_mask_area,train,0.011932373046875,mask_area,0.0,0.001,False,2247
1976,P2790_0005.png,P2790_0005.png,P2790_0005,P2790,1,26678,0.0254421234130859,0.2892018168612529,0.2892018168612529,0.0,0,False,no_overlap,high_mask_area,no_overlap__high_mask_area,train,0.011932373046875,mask_area,0.0,0.001,False,2248
1977,P2790_0006.png,P2790_0006.png,P2790_0006,P2790,3,76121,0.0725946426391601,0.2575855579661126,0.233051233051233,0.0,0,False,no_overlap,high_mask_area,no_overlap__high_mask_area,train,0.011932373046875,mask_area,0.0,0.001,False,2249
1978,P2790_0009.png,P2790_0009.png,P2790_0009,P2790,1,22680,0.0216293334960937,0.2109708566272569,0.2109708566272569,0.0,0,False,no_overlap,high_mask_area,no_overlap__high_mask_area,train,0.011932373046875,mask_area,0.0,0.001,False,2250
1979,P2790_0010.png,P2790_0010.png,P2790_0010,P2790,2,40909,0.0390138626098632,0.284988306909391,0.284988306909391,0.0,0,False,no_overlap,high_mask_area,no_overlap__high_mask_area,train,0.011932373046875,mask_area,0.0,0.001,False,2251
1980,P2790_0014.png,P2790_0014.png,P2790_0014,P2790,1,9927,0.0094671249389648,0.2297916666666666,0.2297916666666666,0.0,0,False,no_overlap,low_mask_area,no_overlap__low_mask_area,train,0.011932373046875,mask_area,0.0,0.001,False,2252
1981,P2790_0015.png,P2790_0015.png,P2790_0015,P2790,1,9134,0.0087108612060546,0.143278431372549,0.143278431372549,0.0,0,False,no_overlap,low_mask_area,no_overlap__low_mask_area,train,0.011932373046875,mask_area,0.0,0.001,False,2253
1982,P2790_0023.png,P2790_0023.png,P2790_0023,P2790,1,6316,0.0060234069824218,0.2562375755608747,0.2562375755608747,0.0,0,False,no_overlap,low_mask_area,no_overlap__low_mask_area,train,0.011932373046875,mask_area,0.0,0.001,False,2254
1983,P2791_0000.png,P2791_0000.png,P2791_0000,P2791,2,40659,0.0387754440307617,0.244569135933146,0.244569135933146,0.1056779509224431,1,True,overlap,high_mask_area,overlap__high_mask_area,train,0.011932373046875,mask_area,0.0,0.001,False,2255
1984,P2791_0001.png,P2791_0001.png,P2791_0001,P2791,2,43760,0.0417327880859375,0.266135110685398,0.266135110685398,0.0,0,False,no_overlap,high_mask_area,no_overlap__high_mask_area,train,0.011932373046875,mask_area,0.0,0.001,False,2256
1985,P2791_0008.png,P2791_0008.png,P2791_0008,P2791,1,37660,0.0359153747558593,0.2743897996357012,0.2743897996357012,0.0,0,False,no_overlap,high_mask_area,no_overlap__high_mask_area,train,0.011932373046875,mask_area,0.0,0.001,False,2257
1986,P2791_0010.png,P2791_0010.png,P2791_0010,P2791,2,41572,0.0396461486816406,0.2244936103896516,0.2244936103896516,0.3151041666666667,1,True,overlap,high_mask_area,overlap__high_mask_area,train,0.011932373046875,mask_area,0.0,0.001,False,2258
1987,P2791_0011.png,P2791_0011.png,P2791_0011,P2791,1,9960,0.0094985961914062,0.1263686768083027,0.1263686768083027,0.0,0,False,no_overlap,low_mask_area,no_overlap__low_mask_area,train,0.011932373046875,mask_area,0.0,0.001,False,2259
1988,P2791_0018.png,P2791_0018.png,P2791_0018,P2791,2,30967,0.0295324325561523,0.1858935963070779,0.1858935963070779,0.0428874018257137,1,True,overlap,high_mask_area,overlap__high_mask_area,train,0.011932373046875,mask_area,0.0,0.001,False,2260
1989,P2791_0020.png,P2791_0020.png,P2791_0020,P2791,1,17914,0.0170841217041015,0.139006145632876,0.139006145632876,0.0,0,False,no_overlap,high_mask_area,no_overlap__high_mask_area,train,0.011932373046875,mask_area,0.0,0.001,False,2261
1990,P2791_0026.png,P2791_0026.png,P2791_0026,P2791,1,7196,0.0068626403808593,0.1422809237583043,0.1422809237583043,0.0,0,False,no_overlap,low_mask_area,no_overlap__low_mask_area,train,0.011932373046875,mask_area,0.0,0.001,False,2262
1991,P2791_0027.png,P2791_0027.png,P2791_0027,P2791,1,7354,0.0070133209228515,0.1396399817712289,0.1396399817712289,0.0,0,False,no_overlap,low_mask_area,no_overlap__low_mask_area,train,0.011932373046875,mask_area,0.0,0.001,False,2263
1992,P2791_0028.png,P2791_0028.png,P2791_0028,P2791,1,19192,0.0183029174804687,0.1784007882652587,0.1784007882652587,0.0,0,False,no_overlap,high_mask_area,no_overlap__high_mask_area,train,0.011932373046875,mask_area,0.0,0.001,False,2264
1993,P2791_0029.png,P2791_0029.png,P2791_0029,P2791,3,60658,0.0578479766845703,0.1717464745128033,0.16156004180648,0.2325930180611398,3,True,overlap,high_mask_area,overlap__high_mask_area,train,0.011932373046875,mask_area,0.0,0.001,False,2265
1994,P2791_0036.png,P2791_0036.png,P2791_0036,P2791,1,11836,0.0112876892089843,0.2258864842169548,0.2258864842169548,0.0,0,False,no_overlap,low_mask_area,no_overlap__low_mask_area,train,0.011932373046875,mask_area,0.0,0.001,False,2266
1995,P2791_0037.png,P2791_0037.png,P2791_0037,P2791,4,43211,0.0412092208862304,0.1509085770571936,0.1480649765744003,0.0,0,False,no_overlap,high_mask_area,no_overlap__high_mask_area,train,0.011932373046875,mask_area,0.0,0.001,False,2267
1996,P2791_0038.png,P2791_0038.png,P2791_0038,P2791,1,24402,0.0232715606689453,0.4182793671471914,0.4182793671471914,0.0,0,False,no_overlap,high_mask_area,no_overlap__high_mask_area,train,0.011932373046875,mask_area,0.0,0.001,False,2268
1997,P2791_0039.png,P2791_0039.png,P2791_0039,P2791,1,29628,0.0282554626464843,0.5118424462295932,0.5118424462295932,0.0,0,False,no_overlap,high_mask_area,no_overlap__high_mask_area,train,0.011932373046875,mask_area,0.0,0.001,False,2269
1998,P2791_0045.png,P2791_0045.png,P2791_0045,P2791,1,14767,0.014082908630371,0.2127748479870897,0.2127748479870897,0.0,0,False,no_overlap,high_mask_area,no_overlap__high_mask_area,train,0.011932373046875,mask_area,0.0,0.001,False,2270
1999,P2791_0046.png,P2791_0046.png,P2791_0046,P2791,4,56651,0.0540266036987304,0.1990853475676219,0.1890106883416737,0.1490265852244295,3,True,overlap,high_mask_area,overlap__high_mask_area,train,0.011932373046875,mask_area,0.0,0.001,False,2271
2000,P2791_0047.png,P2791_0047.png,P2791_0047,P2791,4,56811,0.0541791915893554,0.199852691939773,0.1898792756813751,0.1496493815766705,3,True,overlap,high_mask_area,overlap__high_mask_area,train,0.011932373046875,mask_area,0.0,0.001,False,2272
2001,P2794_0031.png,P2794_0031.png,P2794_0031,P2794,0,0,0.0,0.0,0.0,0.0,0,False,no_overlap,low_mask_area,negative,train,0.011932373046875,mask_area,0.0,0.001,False,2273
2002,P2797_0000.png,P2797_0000.png,P2797_0000,P2797,1,4999,0.0047674179077148,0.1554222111677652,0.1554222111677652,0.0,0,False,no_overlap,low_mask_area,no_overlap__low_mask_area,train,0.011932373046875,mask_area,0.0,0.001,False,2274
2003,P2797_0001.png,P2797_0001.png,P2797_0001,P2797,3,18489,0.0176324844360351,0.1413638865497665,0.1504102506462852,0.0617282320157424,1,True,overlap,high_mask_area,overlap__high_mask_area,train,0.011932373046875,mask_area,0.0,0.001,False,2275
2004,P2797_0002.png,P2797_0002.png,P2797_0002,P2797,3,18426,0.0175724029541015,0.1407176966013678,0.1579633584354276,0.0617282320157424,1,True,overlap,high_mask_area,overlap__high_mask_area,train,0.011932373046875,mask_area,0.0,0.001,False,2276
2005,P2802_0000.png,P2802_0000.png,P2802_0000,P2802,0,0,0.0,0.0,0.0,0.0,0,False,no_overlap,low_mask_area,negative,train,0.011932373046875,mask_area,0.0,0.001,False,2289
2006,P2802_0002.png,P2802_0002.png,P2802_0002,P2802,1,9587,0.0091428756713867,0.2613970989202748,0.2613970989202748,0.0,0,False,no_overlap,low_mask_area,no_overlap__low_mask_area,train,0.011932373046875,mask_area,0.0,0.001,False,2290
2007,P2802_0003.png,P2802_0003.png,P2802_0003,P2802,1,10299,0.0098218917846679,0.3607987388334209,0.3607987388334209,0.0,0,False,no_overlap,low_mask_area,no_overlap__low_mask_area,train,0.011932373046875,mask_area,0.0,0.001,False,2291
2008,P2802_0005.png,P2802_0005.png,P2802_0005,P2802,1,23809,0.0227060317993164,0.1484545981705834,0.1484545981705834,0.0,0,False,no_overlap,high_mask_area,no_overlap__high_mask_area,train,0.011932373046875,mask_area,0.0,0.001,False,2292
2009,P2802_0006.png,P2802_0006.png,P2802_0006,P2802,1,13864,0.0132217407226562,0.1127658709178901,0.1127658709178901,0.0,0,False,no_overlap,high_mask_area,no_overlap__high_mask_area,train,0.011932373046875,mask_area,0.0,0.001,False,2293
2010,P2802_0009.png,P2802_0009.png,P2802_0009,P2802,1,8532,0.0081367492675781,0.1880620701816258,0.1880620701816258,0.0,0,False,no_overlap,low_mask_area,no_overlap__low_mask_area,train,0.011932373046875,mask_area,0.0,0.001,False,2294
2011,P2802_0010.png,P2802_0010.png,P2802_0010,P2802,2,35229,0.0335969924926757,0.2364535852802817,0.2364535852802817,0.0,0,False,no_overlap,high_mask_area,no_overlap__high_mask_area,train,0.011932373046875,mask_area,0.0,0.001,False,2295
2012,P2802_0011.png,P2802_0011.png,P2802_0011,P2802,3,46408,0.0442581176757812,0.2379974796833618,0.2282052843053695,0.023455516797812,1,True,overlap,high_mask_area,overlap__high_mask_area,train,0.011932373046875,mask_area,0.0,0.001,False,2296
2013,P2802_0012.png,P2802_0012.png,P2802_0012,P2802,3,18095,0.017256736755371,0.1402659598552373,0.2022621752444927,0.0,0,False,no_overlap,high_mask_area,no_overlap__high_mask_area,train,0.011932373046875,mask_area,0.0,0.001,False,2297
2014,P2802_0013.png,P2802_0013.png,P2802_0013,P2802,1,9603,0.0091581344604492,0.2319229097232285,0.2319229097232285,0.0,0,False,no_overlap,low_mask_area,no_overlap__low_mask_area,train,0.011932373046875,mask_area,0.0,0.001,False,2298
2015,P2802_0017.png,P2802_0017.png,P2802_0017,P2802,2,23418,0.0223331451416015,0.1010025215802907,0.1010025215802907,0.0015341043190936,1,True,overlap,high_mask_area,overlap__high_mask_area,train,0.011932373046875,mask_area,0.0,0.001,False,2299
2016,P2802_0018.png,P2802_0018.png,P2802_0018,P2802,1,14110,0.0134563446044921,0.2850159576616975,0.2850159576616975,0.0,0,False,no_overlap,high_mask_area,no_overlap__high_mask_area,train,0.011932373046875,mask_area,0.0,0.001,False,2300
2017,P2802_0021.png,P2802_0021.png,P2802_0021,P2802,0,0,0.0,0.0,0.0,0.0,0,False,no_overlap,low_mask_area,negative,train,0.011932373046875,mask_area,0.0,0.001,False,2301
2018,P2802_0024.png,P2802_0024.png,P2802_0024,P2802,1,12513,0.0119333267211914,0.2114575411913815,0.2114575411913815,0.0,0,False,no_overlap,high_mask_area,no_overlap__high_mask_area,train,0.011932373046875,mask_area,0.0,0.001,False,2302
2019,P2802_0030.png,P2802_0030.png,P2802_0030,P2802,2,24964,0.0238075256347656,0.1628385013688846,0.1628385013688846,0.0,0,False,no_overlap,high_mask_area,no_overlap__high_mask_area,train,0.011932373046875,mask_area,0.0,0.001,False,2303
2020,P2802_0031.png,P2802_0031.png,P2802_0031,P2802,1,7609,0.0072565078735351,0.1632132132132132,0.1632132132132132,0.0,0,False,no_overlap,low_mask_area,no_overlap__low_mask_area,train,0.011932373046875,mask_area,0.0,0.001,False,2304
2021,P2802_0032.png,P2802_0032.png,P2802_0032,P2802,1,10470,0.0099849700927734,0.2290276714426337,0.2290276714426337,0.0,0,False,no_overlap,low_mask_area,no_overlap__low_mask_area,train,0.011932373046875,mask_area,0.0,0.001,False,2305
2022,P2802_0033.png,P2802_0033.png,P2802_0033,P2802,7,67636,0.0645027160644531,0.1757635579177128,0.1749293732343308,0.0521332694151486,2,True,overlap,high_mask_area,overlap__high_mask_area,train,0.011932373046875,mask_area,0.0,0.001,False,2306
2023,P2802_0034.png,P2802_0034.png,P2802_0034,P2802,5,38181,0.036412239074707,0.1767868323430321,0.1766294157353934,0.0035036622642597,1,True,overlap,high_mask_area,overlap__high_mask_area,train,0.011932373046875,mask_area,0.0,0.001,False,2307
2024,P2802_0037.png,P2802_0037.png,P2802_0037,P2802,3,28680,0.0273513793945312,0.1728669251139002,0.1611896040467469,0.0,0,False,no_overlap,high_mask_area,no_overlap__high_mask_area,train,0.011932373046875,mask_area,0.0,0.001,False,2308
2025,P2802_0038.png,P2802_0038.png,P2802_0038,P2802,5,70126,0.0668773651123046,0.1495451921057218,0.1611411557049326,0.1899799599198396,1,True,overlap,high_mask_area,overlap__high_mask_area,train,0.011932373046875,mask_area,0.0,0.001,False,2309
2026,P2802_0039.png,P2802_0039.png,P2802_0039,P2802,2,35051,0.0334272384643554,0.2152803675723879,0.2152803675723879,0.0,0,False,no_overlap,high_mask_area,no_overlap__high_mask_area,train,0.011932373046875,mask_area,0.0,0.001,False,2310
2027,P2802_0040.png,P2802_0040.png,P2802_0040,P2802,4,28134,0.0268306732177734,0.1977111313902304,0.2060320266945725,0.0,0,False,no_overlap,high_mask_area,no_overlap__high_mask_area,train,0.011932373046875,mask_area,0.0,0.001,False,2311
2028,P2802_0041.png,P2802_0041.png,P2802_0041,P2802,4,28010,0.026712417602539,0.1970753474808891,0.2029183479903008,0.0,0,False,no_overlap,high_mask_area,no_overlap__high_mask_area,train,0.011932373046875,mask_area,0.0,0.001,False,2312
2029,P2802_0046.png,P2802_0046.png,P2802_0046,P2802,1,5761,0.0054941177368164,0.2132282182248871,0.2132282182248871,0.0,0,False,no_overlap,low_mask_area,no_overlap__low_mask_area,train,0.011932373046875,mask_area,0.0,0.001,False,2313
2030,P2802_0047.png,P2802_0047.png,P2802_0047,P2802,4,33003,0.0314741134643554,0.1829558809702473,0.1774927631095268,0.0085687194914956,1,True,overlap,high_mask_area,overlap__high_mask_area,train,0.011932373046875,mask_area,0.0,0.001,False,2314
2031,P2802_0048.png,P2802_0048.png,P2802_0048,P2802,4,33427,0.0318784713745117,0.1854143441120357,0.1800841699098086,0.0085687194914956,1,True,overlap,high_mask_area,overlap__high_mask_area,train,0.011932373046875,mask_area,0.0,0.001,False,2315
2032,P2804_0000.png,P2804_0000.png,P2804_0000,P2804,1,5437,0.0051851272583007,0.1308008756946616,0.1308008756946616,0.0,0,False,no_overlap,low_mask_area,no_overlap__low_mask_area,train,0.011932373046875,mask_area,0.0,0.001,False,2316
2033,P2804_0001.png,P2804_0001.png,P2804_0001,P2804,2,22193,0.0211648941040039,0.2037711090538653,0.2037711090538653,0.0,0,False,no_overlap,high_mask_area,no_overlap__high_mask_area,train,0.011932373046875,mask_area,0.0,0.001,False,2317
2034,P2804_0002.png,P2804_0002.png,P2804_0002,P2804,1,17251,0.0164518356323242,0.2782688647288447,0.2782688647288447,0.0,0,False,no_overlap,high_mask_area,no_overlap__high_mask_area,train,0.011932373046875,mask_area,0.0,0.001,False,2318
2035,P2804_0004.png,P2804_0004.png,P2804_0004,P2804,1,17468,0.0166587829589843,0.2743866042537149,0.2743866042537149,0.0,0,False,no_overlap,high_mask_area,no_overlap__high_mask_area,train,0.011932373046875,mask_area,0.0,0.001,False,2319
2036,P2804_0005.png,P2804_0005.png,P2804_0005,P2804,1,17295,0.016493797302246,0.271669127580032,0.271669127580032,0.0,0,False,no_overlap,high_mask_area,no_overlap__high_mask_area,train,0.011932373046875,mask_area,0.0,0.001,False,2320
2037,P2804_0007.png,P2804_0007.png,P2804_0007,P2804,12,95600,0.0911712646484375,0.2135569742346177,0.2228950740158501,0.2459433040078201,11,True,overlap,high_mask_area,overlap__high_mask_area,train,0.011932373046875,mask_area,0.0,0.001,False,2321
2038,P2804_0008.png,P2804_0008.png,P2804_0008,P2804,8,74390,0.0709438323974609,0.2246999592417488,0.2299867240548862,0.2459433040078201,5,True,overlap,high_mask_area,overlap__high_mask_area,train,0.011932373046875,mask_area,0.0,0.001,False,2322
2039,P2804_0010.png,P2804_0010.png,P2804_0010,P2804,13,58499,0.0557889938354492,0.2020219546964263,0.1975446428571428,0.1664385297845373,12,True,overlap,high_mask_area,overlap__high_mask_area,train,0.011932373046875,mask_area,0.0,0.001,False,2323
2040,P2804_0011.png,P2804_0011.png,P2804_0011,P2804,9,43788,0.0417594909667968,0.2387301295934325,0.2458333333333333,0.1664385297845373,6,True,overlap,high_mask_area,overlap__high_mask_area,train,0.011932373046875,mask_area,0.0,0.001,False,2324
2041,P2804_0013.png,P2804_0013.png,P2804_0013,P2804,12,53876,0.0513801574707031,0.1951405108256497,0.1790854397705485,0.1664385297845373,10,True,overlap,high_mask_area,overlap__high_mask_area,train,0.011932373046875,mask_area,0.0,0.001,False,2325
2042,P2804_0014.png,P2804_0014.png,P2804_0014,P2804,9,42228,0.0402717590332031,0.2302654354103251,0.2379204892966361,0.1664385297845373,6,True,overlap,high_mask_area,overlap__high_mask_area,train,0.011932373046875,mask_area,0.0,0.001,False,2326
2043,P2805_0000.png,P2805_0000.png,P2805_0000,P2805,4,30386,0.0289783477783203,0.1688241552768516,0.1637352670754425,0.188728455212368,2,True,overlap,high_mask_area,overlap__high_mask_area,train,0.011932373046875,mask_area,0.0,0.001,False,2327
2044,P2805_0001.png,P2805_0001.png,P2805_0001,P2805,2,10166,0.0096950531005859,0.231303604036924,0.231303604036924,0.0441035474592521,1,True,overlap,low_mask_area,overlap__low_mask_area,train,0.011932373046875,mask_area,0.0,0.001,False,2328
2045,P2805_0005.png,P2805_0005.png,P2805_0005,P2805,5,44968,0.0428848266601562,0.2262363714731146,0.2155457660303475,0.1225347882670938,2,True,overlap,high_mask_area,overlap__high_mask_area,train,0.011932373046875,mask_area,0.0,0.001,False,2329
2046,P2805_0006.png,P2805_0006.png,P2805_0006,P2805,4,57220,0.0545692443847656,0.2174565930633851,0.1923673167003353,0.0766915690533709,1,True,overlap,high_mask_area,overlap__high_mask_area,train,0.011932373046875,mask_area,0.0,0.001,False,2330
2047,P2805_0007.png,P2805_0007.png,P2805_0007,P2805,2,88415,0.0843191146850586,0.4400879996626618,0.4400879996626618,0.0980787953527617,1,True,overlap,high_mask_area,overlap__high_mask_area,train,0.011932373046875,mask_area,0.0,0.001,False,2331
2048,P2805_0010.png,P2805_0010.png,P2805_0010,P2805,3,8486,0.0080928802490234,0.2725294580192661,0.1774602209384818,0.0,0,False,no_overlap,low_mask_area,no_overlap__low_mask_area,train,0.011932373046875,mask_area,0.0,0.001,False,2332
2049,P2805_0011.png,P2805_0011.png,P2805_0011,P2805,5,14036,0.0133857727050781,0.2715037110784026,0.269153605015674,0.0602654732238213,1,True,overlap,high_mask_area,overlap__high_mask_area,train,0.011932373046875,mask_area,0.0,0.001,False,2333
2050,P2805_0014.png,P2805_0014.png,P2805_0014,P2805,3,8515,0.0081205368041992,0.2728716910183232,0.1774602209384818,0.0,0,False,no_overlap,low_mask_area,no_overlap__low_mask_area,train,0.011932373046875,mask_area,0.0,0.001,False,2334
2051,P2805_0015.png,P2805_0015.png,P2805_0015,P2805,5,13915,0.0132703781127929,0.2697808889366299,0.2700313479623824,0.0602654732238213,1,True,overlap,high_mask_area,overlap__high_mask_area,train,0.011932373046875,mask_area,0.0,0.001,False,2335
2052,P2912_0000.png,P2912_0000.png,P2912_0000,P2912,0,0,0.0,0.0,0.0,0.0,0,False,no_overlap,low_mask_area,negative,train,0.011932373046875,mask_area,0.0,0.001,False,390
2053,P3032_0000.png,P3032_0000.png,P3032_0000,P3032,5,675,0.0006437301635742,0.5400585035879153,0.5196078431372549,0.1679389312977099,2,True,overlap,low_mask_area,overlap__low_mask_area,train,0.011932373046875,mask_area,0.0,0.001,False,2336
2054,P3065_0001.png,P3065_0001.png,P3065_0001,P3065,0,0,0.0,0.0,0.0,0.0,0,False,no_overlap,low_mask_area,negative,train,0.011932373046875,mask_area,0.0,0.001,False,2337
2055,P3065_0030.png,P3065_0030.png,P3065_0030,P3065,0,0,0.0,0.0,0.0,0.0,0,False,no_overlap,low_mask_area,negative,train,0.011932373046875,mask_area,0.0,0.001,False,2338
2056,P3065_0039.png,P3065_0039.png,P3065_0039,P3065,0,0,0.0,0.0,0.0,0.0,0,False,no_overlap,low_mask_area,negative,train,0.011932373046875,mask_area,0.0,0.001,False,2339
2057,P3221_0013.png,P3221_0013.png,P3221_0013,P3221,0,0,0.0,0.0,0.0,0.0,0,False,no_overlap,low_mask_area,negative,train,0.011932373046875,mask_area,0.0,0.001,False,2341
2058,P3221_0014.png,P3221_0014.png,P3221_0014,P3221,0,0,0.0,0.0,0.0,0.0,0,False,no_overlap,low_mask_area,negative,train,0.011932373046875,mask_area,0.0,0.001,False,2342
2059,P3305_0000.png,P3305_0000.png,P3305_0000,P3305,0,0,0.0,0.0,0.0,0.0,0,False,no_overlap,low_mask_area,negative,train,0.011932373046875,mask_area,0.0,0.001,False,2343
2060,P3397_0001.png,P3397_0001.png,P3397_0001,P3397,0,0,0.0,0.0,0.0,0.0,0,False,no_overlap,low_mask_area,negative,train,0.011932373046875,mask_area,0.0,0.001,False,2344
2061,P3397_0007.png,P3397_0007.png,P3397_0007,P3397,0,0,0.0,0.0,0.0,0.0,0,False,no_overlap,low_mask_area,negative,train,0.011932373046875,mask_area,0.0,0.001,False,2345
2062,P3536_0022.png,P3536_0022.png,P3536_0022,P3536,0,0,0.0,0.0,0.0,0.0,0,False,no_overlap,low_mask_area,negative,train,0.011932373046875,mask_area,0.0,0.001,False,2346
2063,P3536_0023.png,P3536_0023.png,P3536_0023,P3536,0,0,0.0,0.0,0.0,0.0,0,False,no_overlap,low_mask_area,negative,train,0.011932373046875,mask_area,0.0,0.001,False,2347
2064,P3536_0087.png,P3536_0087.png,P3536_0087,P3536,0,0,0.0,0.0,0.0,0.0,0,False,no_overlap,low_mask_area,negative,train,0.011932373046875,mask_area,0.0,0.001,False,2348
2065,P3536_0102.png,P3536_0102.png,P3536_0102,P3536,0,0,0.0,0.0,0.0,0.0,0,False,no_overlap,low_mask_area,negative,train,0.011932373046875,mask_area,0.0,0.001,False,2349
2066,P3536_0140.png,P3536_0140.png,P3536_0140,P3536,0,0,0.0,0.0,0.0,0.0,0,False,no_overlap,low_mask_area,negative,train,0.011932373046875,mask_area,0.0,0.001,False,2350
2067,P3536_0168.png,P3536_0168.png,P3536_0168,P3536,0,0,0.0,0.0,0.0,0.0,0,False,no_overlap,low_mask_area,negative,train,0.011932373046875,mask_area,0.0,0.001,False,2351
2068,P3536_0176.png,P3536_0176.png,P3536_0176,P3536,0,0,0.0,0.0,0.0,0.0,0,False,no_overlap,low_mask_area,negative,train,0.011932373046875,mask_area,0.0,0.001,False,2352
2069,P3536_0208.png,P3536_0208.png,P3536_0208,P3536,0,0,0.0,0.0,0.0,0.0,0,False,no_overlap,low_mask_area,negative,train,0.011932373046875,mask_area,0.0,0.001,False,2353
2070,P3536_0277.png,P3536_0277.png,P3536_0277,P3536,0,0,0.0,0.0,0.0,0.0,0,False,no_overlap,low_mask_area,negative,train,0.011932373046875,mask_area,0.0,0.001,False,2354
2071,P3536_0287.png,P3536_0287.png,P3536_0287,P3536,0,0,0.0,0.0,0.0,0.0,0,False,no_overlap,low_mask_area,negative,train,0.011932373046875,mask_area,0.0,0.001,False,2355
2072,P3536_0319.png,P3536_0319.png,P3536_0319,P3536,0,0,0.0,0.0,0.0,0.0,0,False,no_overlap,low_mask_area,negative,train,0.011932373046875,mask_area,0.0,0.001,False,2356
2073,P3536_0321.png,P3536_0321.png,P3536_0321,P3536,0,0,0.0,0.0,0.0,0.0,0,False,no_overlap,low_mask_area,negative,train,0.011932373046875,mask_area,0.0,0.001,False,2357
2074,P3536_0940.png,P3536_0940.png,P3536_0940,P3536,0,0,0.0,0.0,0.0,0.0,0,False,no_overlap,low_mask_area,negative,train,0.011932373046875,mask_area,0.0,0.001,False,2358
2075,P3810_0000.png,P3810_0000.png,P3810_0000,P3810,4,707,0.0006742477416992,0.4402256258234519,0.4170454545454545,0.0,0,False,no_overlap,low_mask_area,no_overlap__low_mask_area,train,0.011932373046875,mask_area,0.0,0.001,False,391
2076,P3817_0000.png,P3817_0000.png,P3817_0000,P3817,0,0,0.0,0.0,0.0,0.0,0,False,no_overlap,low_mask_area,negative,train,0.011932373046875,mask_area,0.0,0.001,False,2360
2077,P4076_0005.png,P4076_0005.png,P4076_0005,P4076,0,0,0.0,0.0,0.0,0.0,0,False,no_overlap,low_mask_area,negative,train,0.011932373046875,mask_area,0.0,0.001,False,2361
2078,P4076_0024.png,P4076_0024.png,P4076_0024,P4076,0,0,0.0,0.0,0.0,0.0,0,False,no_overlap,low_mask_area,negative,train,0.011932373046875,mask_area,0.0,0.001,False,2362
2079,P4151_0042.png,P4151_0042.png,P4151_0042,P4151,0,0,0.0,0.0,0.0,0.0,0,False,no_overlap,low_mask_area,negative,train,0.011932373046875,mask_area,0.0,0.001,False,2363
2080,P4275_0000.png,P4275_0000.png,P4275_0000,P4275,4,731,0.0006971359252929,0.5641675210754158,0.559469696969697,0.0,0,False,no_overlap,low_mask_area,no_overlap__low_mask_area,train,0.011932373046875,mask_area,0.0,0.001,False,2364
2081,P4400_0023.png,P4400_0023.png,P4400_0023,P4400,0,0,0.0,0.0,0.0,0.0,0,False,no_overlap,low_mask_area,negative,train,0.011932373046875,mask_area,0.0,0.001,False,2365
2082,P4400_0024.png,P4400_0024.png,P4400_0024,P4400,0,0,0.0,0.0,0.0,0.0,0,False,no_overlap,low_mask_area,negative,train,0.011932373046875,mask_area,0.0,0.001,False,2366
2083,P4464_0016.png,P4464_0016.png,P4464_0016,P4464,0,0,0.0,0.0,0.0,0.0,0,False,no_overlap,low_mask_area,negative,train,0.011932373046875,mask_area,0.0,0.001,False,2367
2084,P4464_0017.png,P4464_0017.png,P4464_0017,P4464,0,0,0.0,0.0,0.0,0.0,0,False,no_overlap,low_mask_area,negative,train,0.011932373046875,mask_area,0.0,0.001,False,2368
2085,P4492_0000.png,P4492_0000.png,P4492_0000,P4492,1,128,0.0001220703125,0.4923076923076923,0.4923076923076923,0.0,0,False,no_overlap,low_mask_area,no_overlap__low_mask_area,train,0.011932373046875,mask_area,0.0,0.001,False,2369
2086,P4724_0001.png,P4724_0001.png,P4724_0001,P4724,0,0,0.0,0.0,0.0,0.0,0,False,no_overlap,low_mask_area,negative,train,0.011932373046875,mask_area,0.0,0.001,False,2371
2087,P4724_0007.png,P4724_0007.png,P4724_0007,P4724,0,0,0.0,0.0,0.0,0.0,0,False,no_overlap,low_mask_area,negative,train,0.011932373046875,mask_area,0.0,0.001,False,2372
2088,P4724_0020.png,P4724_0020.png,P4724_0020,P4724,0,0,0.0,0.0,0.0,0.0,0,False,no_overlap,low_mask_area,negative,train,0.011932373046875,mask_area,0.0,0.001,False,2373
2089,P4724_0041.png,P4724_0041.png,P4724_0041,P4724,0,0,0.0,0.0,0.0,0.0,0,False,no_overlap,low_mask_area,negative,train,0.011932373046875,mask_area,0.0,0.001,False,2374
2090,P4724_0047.png,P4724_0047.png,P4724_0047,P4724,0,0,0.0,0.0,0.0,0.0,0,False,no_overlap,low_mask_area,negative,train,0.011932373046875,mask_area,0.0,0.001,False,2375
2091,P4746_0012.png,P4746_0012.png,P4746_0012,P4746,0,0,0.0,0.0,0.0,0.0,0,False,no_overlap,low_mask_area,negative,train,0.011932373046875,mask_area,0.0,0.001,False,2376
2092,P4746_0031.png,P4746_0031.png,P4746_0031,P4746,0,0,0.0,0.0,0.0,0.0,0,False,no_overlap,low_mask_area,negative,train,0.011932373046875,mask_area,0.0,0.001,False,2377
2093,P4746_0035.png,P4746_0035.png,P4746_0035,P4746,0,0,0.0,0.0,0.0,0.0,0,False,no_overlap,low_mask_area,negative,train,0.011932373046875,mask_area,0.0,0.001,False,2378
2094,P4840_0000.png,P4840_0000.png,P4840_0000,P4840,8,825,0.0007867813110351,0.4866223714366129,0.4566719829877724,0.0,0,False,no_overlap,low_mask_area,no_overlap__low_mask_area,train,0.011932373046875,mask_area,0.0,0.001,False,392
2095,P4987_0000.png,P4987_0000.png,P4987_0000,P4987,0,0,0.0,0.0,0.0,0.0,0,False,no_overlap,low_mask_area,negative,train,0.011932373046875,mask_area,0.0,0.001,False,393
2096,P5034_0039.png,P5034_0039.png,P5034_0039,P5034,0,0,0.0,0.0,0.0,0.0,0,False,no_overlap,low_mask_area,negative,train,0.011932373046875,mask_area,0.0,0.001,False,394
2097,P5155_0000.png,P5155_0000.png,P5155_0000,P5155,13,1480,0.0014114379882812,0.5213405247041503,0.4487179487179487,0.04,1,True,overlap,low_mask_area,overlap__low_mask_area,train,0.011932373046875,mask_area,0.0,0.001,False,334
2098,P5171_0000.png,P5171_0000.png,P5171_0000,P5171,0,0,0.0,0.0,0.0,0.0,0,False,no_overlap,low_mask_area,negative,train,0.011932373046875,mask_area,0.0,0.001,False,396
2099,P5195_0000.png,P5195_0000.png,P5195_0000,P5195,0,0,0.0,0.0,0.0,0.0,0,False,no_overlap,low_mask_area,negative,train,0.011932373046875,mask_area,0.0,0.001,False,2380
2100,P5195_0036.png,P5195_0036.png,P5195_0036,P5195,0,0,0.0,0.0,0.0,0.0,0,False,no_overlap,low_mask_area,negative,train,0.011932373046875,mask_area,0.0,0.001,False,2381
2101,P5195_0047.png,P5195_0047.png,P5195_0047,P5195,0,0,0.0,0.0,0.0,0.0,0,False,no_overlap,low_mask_area,negative,train,0.011932373046875,mask_area,0.0,0.001,False,2382
2102,P5334_0000.png,P5334_0000.png,P5334_0000,P5334,4,629,0.0005998611450195,0.4712403967434927,0.4845860566448802,0.0174029451137884,1,True,overlap,low_mask_area,overlap__low_mask_area,train,0.011932373046875,mask_area,0.0,0.001,False,2429
2103,P5337_0008.png,P5337_0008.png,P5337_0008,P5337,1,554,0.000528335571289,0.5956989247311828,0.5956989247311828,0.0,0,False,no_overlap,low_mask_area,no_overlap__low_mask_area,train,0.011932373046875,mask_area,0.0,0.001,False,2430
2104,P5337_0009.png,P5337_0009.png,P5337_0009,P5337,1,554,0.000528335571289,0.5956989247311828,0.5956989247311828,0.0,0,False,no_overlap,low_mask_area,no_overlap__low_mask_area,train,0.011932373046875,mask_area,0.0,0.001,False,2431
2105,P5512_0000.png,P5512_0000.png,P5512_0000,P5512,1,134,0.0001277923583984,0.3383838383838384,0.3383838383838384,0.0,0,False,no_overlap,low_mask_area,no_overlap__low_mask_area,train,0.011932373046875,mask_area,0.0,0.001,False,2432
2106,P5580_0000.png,P5580_0000.png,P5580_0000,P5580,40,3831,0.0036535263061523,0.5679947463938,0.5417410714285714,0.0933786078098472,6,True,overlap,low_mask_area,overlap__low_mask_area,train,0.011932373046875,mask_area,0.0,0.001,False,397
2107,P5720_0000.png,P5720_0000.png,P5720_0000,P5720,0,0,0.0,0.0,0.0,0.0,0,False,no_overlap,low_mask_area,negative,train,0.011932373046875,mask_area,0.0,0.001,False,2433
2108,P5728_0000.png,P5728_0000.png,P5728_0000,P5728,1,242,0.0002307891845703,0.6722222222222223,0.6722222222222223,0.0,0,False,no_overlap,low_mask_area,no_overlap__low_mask_area,train,0.011932373046875,mask_area,0.0,0.001,False,2434
2109,P5733_0008.png,P5733_0008.png,P5733_0008,P5733,0,0,0.0,0.0,0.0,0.0,0,False,no_overlap,low_mask_area,negative,train,0.011932373046875,mask_area,0.0,0.001,False,2435
2110,P5733_0010.png,P5733_0010.png,P5733_0010,P5733,0,0,0.0,0.0,0.0,0.0,0,False,no_overlap,low_mask_area,negative,train,0.011932373046875,mask_area,0.0,0.001,False,2436
2111,P5760_0041.png,P5760_0041.png,P5760_0041,P5760,0,0,0.0,0.0,0.0,0.0,0,False,no_overlap,low_mask_area,negative,train,0.011932373046875,mask_area,0.0,0.001,False,2437
2112,P5760_0042.png,P5760_0042.png,P5760_0042,P5760,0,0,0.0,0.0,0.0,0.0,0,False,no_overlap,low_mask_area,negative,train,0.011932373046875,mask_area,0.0,0.001,False,2438
2113,P5760_0045.png,P5760_0045.png,P5760_0045,P5760,0,0,0.0,0.0,0.0,0.0,0,False,no_overlap,low_mask_area,negative,train,0.011932373046875,mask_area,0.0,0.001,False,2439
2114,P5760_0050.png,P5760_0050.png,P5760_0050,P5760,0,0,0.0,0.0,0.0,0.0,0,False,no_overlap,low_mask_area,negative,train,0.011932373046875,mask_area,0.0,0.001,False,2440
2115,P5949_0000.png,P5949_0000.png,P5949_0000,P5949,14,1644,0.0015678405761718,0.5512117832612479,0.5143288084464555,0.0,0,False,no_overlap,low_mask_area,no_overlap__low_mask_area,train,0.011932373046875,mask_area,0.0,0.001,False,335
2116,P6281_0000.png,P6281_0000.png,P6281_0000,P6281,0,0,0.0,0.0,0.0,0.0,0,False,no_overlap,low_mask_area,negative,train,0.011932373046875,mask_area,0.0,0.001,False,2480
2117,P6281_0037.png,P6281_0037.png,P6281_0037,P6281,0,0,0.0,0.0,0.0,0.0,0,False,no_overlap,low_mask_area,negative,train,0.011932373046875,mask_area,0.0,0.001,False,2481
2118,P6297_0022.png,P6297_0022.png,P6297_0022,P6297,0,0,0.0,0.0,0.0,0.0,0,False,no_overlap,low_mask_area,negative,train,0.011932373046875,mask_area,0.0,0.001,False,2482
2119,P6301_0000.png,P6301_0000.png,P6301_0000,P6301,4,15679,0.0149526596069335,0.226788752696715,0.2279554249906983,0.0705384150030248,3,True,overlap,high_mask_area,overlap__high_mask_area,train,0.011932373046875,mask_area,0.0,0.001,False,2483
2120,P6301_0001.png,P6301_0001.png,P6301_0001,P6301,2,10800,0.0102996826171875,0.2264078865560285,0.2264078865560285,0.0,0,False,no_overlap,low_mask_area,no_overlap__low_mask_area,train,0.011932373046875,mask_area,0.0,0.001,False,2484
2121,P6301_0002.png,P6301_0002.png,P6301_0002,P6301,4,13544,0.0129165649414062,0.2522786770256024,0.2641535953224265,0.2434967262431428,2,True,overlap,high_mask_area,overlap__high_mask_area,train,0.011932373046875,mask_area,0.0,0.001,False,2485
2122,P6301_0003.png,P6301_0003.png,P6301_0003,P6301,4,17768,0.0169448852539062,0.2291315077919284,0.2293247859023676,0.0614187883270896,3,True,overlap,high_mask_area,overlap__high_mask_area,train,0.011932373046875,mask_area,0.0,0.001,False,2486
2123,P6301_0004.png,P6301_0004.png,P6301_0004,P6301,2,10936,0.0104293823242187,0.229559331417383,0.229559331417383,0.0,0,False,no_overlap,low_mask_area,no_overlap__low_mask_area,train,0.011932373046875,mask_area,0.0,0.001,False,2487
2124,P6301_0005.png,P6301_0005.png,P6301_0005,P6301,2,9137,0.0087137222290039,0.20613546710508,0.20613546710508,0.0,0,False,no_overlap,low_mask_area,no_overlap__low_mask_area,train,0.011932373046875,mask_area,0.0,0.001,False,2488
2125,P6484_0000.png,P6484_0000.png,P6484_0000,P6484,17,1436,0.0013694763183593,0.4309504560072423,0.412087912087912,0.0342857142857142,3,True,overlap,low_mask_area,overlap__low_mask_area,train,0.011932373046875,mask_area,0.0,0.001,False,2489
2126,P6525_0011.png,P6525_0011.png,P6525_0011,P6525,0,0,0.0,0.0,0.0,0.0,0,False,no_overlap,low_mask_area,negative,train,0.011932373046875,mask_area,0.0,0.001,False,2490
2127,P6525_0016.png,P6525_0016.png,P6525_0016,P6525,0,0,0.0,0.0,0.0,0.0,0,False,no_overlap,low_mask_area,negative,train,0.011932373046875,mask_area,0.0,0.001,False,2491
2128,P6525_0019.png,P6525_0019.png,P6525_0019,P6525,0,0,0.0,0.0,0.0,0.0,0,False,no_overlap,low_mask_area,negative,train,0.011932373046875,mask_area,0.0,0.001,False,2492
2129,P6571_0000.png,P6571_0000.png,P6571_0000,P6571,0,0,0.0,0.0,0.0,0.0,0,False,no_overlap,low_mask_area,negative,train,0.011932373046875,mask_area,0.0,0.001,False,2493
2130,P6728_0000.png,P6728_0000.png,P6728_0000,P6728,11,836,0.0007972717285156,0.3941038471215434,0.3850267379679144,0.0566037735849056,1,True,overlap,low_mask_area,overlap__low_mask_area,train,0.011932373046875,mask_area,0.0,0.001,False,2528
2131,P6898_0000.png,P6898_0000.png,P6898_0000,P6898,0,0,0.0,0.0,0.0,0.0,0,False,no_overlap,low_mask_area,negative,train,0.011932373046875,mask_area,0.0,0.001,False,2529
2132,P7092_0000.png,P7092_0000.png,P7092_0000,P7092,0,0,0.0,0.0,0.0,0.0,0,False,no_overlap,low_mask_area,negative,train,0.011932373046875,mask_area,0.0,0.001,False,398
2133,P7371_0000.png,P7371_0000.png,P7371_0000,P7371,0,0,0.0,0.0,0.0,0.0,0,False,no_overlap,low_mask_area,negative,train,0.011932373046875,mask_area,0.0,0.001,False,2530
2134,P7442_0005.png,P7442_0005.png,P7442_0005,P7442,0,0,0.0,0.0,0.0,0.0,0,False,no_overlap,low_mask_area,negative,train,0.011932373046875,mask_area,0.0,0.001,False,2531
2135,P7442_0023.png,P7442_0023.png,P7442_0023,P7442,0,0,0.0,0.0,0.0,0.0,0,False,no_overlap,low_mask_area,negative,train,0.011932373046875,mask_area,0.0,0.001,False,2532
2136,P7442_0044.png,P7442_0044.png,P7442_0044,P7442,0,0,0.0,0.0,0.0,0.0,0,False,no_overlap,low_mask_area,negative,train,0.011932373046875,mask_area,0.0,0.001,False,2533
2137,P7476_0028.png,P7476_0028.png,P7476_0028,P7476,0,0,0.0,0.0,0.0,0.0,0,False,no_overlap,low_mask_area,negative,train,0.011932373046875,mask_area,0.0,0.001,False,399
2138,P7476_0051.png,P7476_0051.png,P7476_0051,P7476,0,0,0.0,0.0,0.0,0.0,0,False,no_overlap,low_mask_area,negative,train,0.011932373046875,mask_area,0.0,0.001,False,400
2139,P7487_0000.png,P7487_0000.png,P7487_0000,P7487,0,0,0.0,0.0,0.0,0.0,0,False,no_overlap,low_mask_area,negative,train,0.011932373046875,mask_area,0.0,0.001,False,2534
2140,P7584_0002.png,P7584_0002.png,P7584_0002,P7584,0,0,0.0,0.0,0.0,0.0,0,False,no_overlap,low_mask_area,negative,train,0.011932373046875,mask_area,0.0,0.001,False,2535
2141,P7584_0013.png,P7584_0013.png,P7584_0013,P7584,0,0,0.0,0.0,0.0,0.0,0,False,no_overlap,low_mask_area,negative,train,0.011932373046875,mask_area,0.0,0.001,False,2536
2142,P7584_0018.png,P7584_0018.png,P7584_0018,P7584,0,0,0.0,0.0,0.0,0.0,0,False,no_overlap,low_mask_area,negative,train,0.011932373046875,mask_area,0.0,0.001,False,2537
2143,P7584_0020.png,P7584_0020.png,P7584_0020,P7584,0,0,0.0,0.0,0.0,0.0,0,False,no_overlap,low_mask_area,negative,train,0.011932373046875,mask_area,0.0,0.001,False,2538
2144,P7746_0000.png,P7746_0000.png,P7746_0000,P7746,0,0,0.0,0.0,0.0,0.0,0,False,no_overlap,low_mask_area,negative,train,0.011932373046875,mask_area,0.0,0.001,False,2540
2145,P7763_0017.png,P7763_0017.png,P7763_0017,P7763,0,0,0.0,0.0,0.0,0.0,0,False,no_overlap,low_mask_area,negative,train,0.011932373046875,mask_area,0.0,0.001,False,2541
2146,P7860_0000.png,P7860_0000.png,P7860_0000,P7860,0,0,0.0,0.0,0.0,0.0,0,False,no_overlap,low_mask_area,negative,train,0.011932373046875,mask_area,0.0,0.001,False,401
2147,P7885_0002.png,P7885_0002.png,P7885_0002,P7885,0,0,0.0,0.0,0.0,0.0,0,False,no_overlap,low_mask_area,negative,train,0.011932373046875,mask_area,0.0,0.001,False,2542
2148,P7885_0019.png,P7885_0019.png,P7885_0019,P7885,0,0,0.0,0.0,0.0,0.0,0,False,no_overlap,low_mask_area,negative,train,0.011932373046875,mask_area,0.0,0.001,False,2543
2149,P8089_0000.png,P8089_0000.png,P8089_0000,P8089,0,0,0.0,0.0,0.0,0.0,0,False,no_overlap,low_mask_area,negative,train,0.011932373046875,mask_area,0.0,0.001,False,2544
2150,P8143_0000.png,P8143_0000.png,P8143_0000,P8143,0,0,0.0,0.0,0.0,0.0,0,False,no_overlap,low_mask_area,negative,train,0.011932373046875,mask_area,0.0,0.001,False,2546
2151,P8168_0001.png,P8168_0001.png,P8168_0001,P8168,0,0,0.0,0.0,0.0,0.0,0,False,no_overlap,low_mask_area,negative,train,0.011932373046875,mask_area,0.0,0.001,False,2547
2152,P8168_0004.png,P8168_0004.png,P8168_0004,P8168,0,0,0.0,0.0,0.0,0.0,0,False,no_overlap,low_mask_area,negative,train,0.011932373046875,mask_area,0.0,0.001,False,2548
2153,P8168_0005.png,P8168_0005.png,P8168_0005,P8168,0,0,0.0,0.0,0.0,0.0,0,False,no_overlap,low_mask_area,negative,train,0.011932373046875,mask_area,0.0,0.001,False,2549
2154,P8168_0008.png,P8168_0008.png,P8168_0008,P8168,0,0,0.0,0.0,0.0,0.0,0,False,no_overlap,low_mask_area,negative,train,0.011932373046875,mask_area,0.0,0.001,False,2550
2155,P8168_0012.png,P8168_0012.png,P8168_0012,P8168,0,0,0.0,0.0,0.0,0.0,0,False,no_overlap,low_mask_area,negative,train,0.011932373046875,mask_area,0.0,0.001,False,2551
2156,P8179_0000.png,P8179_0000.png,P8179_0000,P8179,0,0,0.0,0.0,0.0,0.0,0,False,no_overlap,low_mask_area,negative,train,0.011932373046875,mask_area,0.0,0.001,False,2552
2157,P8204_0041.png,P8204_0041.png,P8204_0041,P8204,0,0,0.0,0.0,0.0,0.0,0,False,no_overlap,low_mask_area,negative,train,0.011932373046875,mask_area,0.0,0.001,False,2553
2158,P8204_0053.png,P8204_0053.png,P8204_0053,P8204,0,0,0.0,0.0,0.0,0.0,0,False,no_overlap,low_mask_area,negative,train,0.011932373046875,mask_area,0.0,0.001,False,2554
2159,P8507_0000.png,P8507_0000.png,P8507_0000,P8507,0,0,0.0,0.0,0.0,0.0,0,False,no_overlap,low_mask_area,negative,train,0.011932373046875,mask_area,0.0,0.001,False,402
2160,P8583_0001.png,P8583_0001.png,P8583_0001,P8583,0,0,0.0,0.0,0.0,0.0,0,False,no_overlap,low_mask_area,negative,train,0.011932373046875,mask_area,0.0,0.001,False,2555
2161,P8583_0008.png,P8583_0008.png,P8583_0008,P8583,0,0,0.0,0.0,0.0,0.0,0,False,no_overlap,low_mask_area,negative,train,0.011932373046875,mask_area,0.0,0.001,False,2556
2162,P8583_0011.png,P8583_0011.png,P8583_0011,P8583,0,0,0.0,0.0,0.0,0.0,0,False,no_overlap,low_mask_area,negative,train,0.011932373046875,mask_area,0.0,0.001,False,2557
2163,P8583_0015.png,P8583_0015.png,P8583_0015,P8583,0,0,0.0,0.0,0.0,0.0,0,False,no_overlap,low_mask_area,negative,train,0.011932373046875,mask_area,0.0,0.001,False,2558
2164,P8587_0010.png,P8587_0010.png,P8587_0010,P8587,0,0,0.0,0.0,0.0,0.0,0,False,no_overlap,low_mask_area,negative,train,0.011932373046875,mask_area,0.0,0.001,False,403
2165,P9018_0005.png,P9018_0005.png,P9018_0005,P9018,0,0,0.0,0.0,0.0,0.0,0,False,no_overlap,low_mask_area,negative,train,0.011932373046875,mask_area,0.0,0.001,False,2559
2166,P9018_0039.png,P9018_0039.png,P9018_0039,P9018,0,0,0.0,0.0,0.0,0.0,0,False,no_overlap,low_mask_area,negative,train,0.011932373046875,mask_area,0.0,0.001,False,2560
2167,P9086_0006.png,P9086_0006.png,P9086_0006,P9086,0,0,0.0,0.0,0.0,0.0,0,False,no_overlap,low_mask_area,negative,train,0.011932373046875,mask_area,0.0,0.001,False,404
2168,P9337_0005.png,P9337_0005.png,P9337_0005,P9337,0,0,0.0,0.0,0.0,0.0,0,False,no_overlap,low_mask_area,negative,train,0.011932373046875,mask_area,0.0,0.001,False,2561
2169,P9337_0029.png,P9337_0029.png,P9337_0029,P9337,0,0,0.0,0.0,0.0,0.0,0,False,no_overlap,low_mask_area,negative,train,0.011932373046875,mask_area,0.0,0.001,False,2562
2170,P9337_0047.png,P9337_0047.png,P9337_0047,P9337,0,0,0.0,0.0,0.0,0.0,0,False,no_overlap,low_mask_area,negative,train,0.011932373046875,mask_area,0.0,0.001,False,2563
2171,P9337_0052.png,P9337_0052.png,P9337_0052,P9337,0,0,0.0,0.0,0.0,0.0,0,False,no_overlap,low_mask_area,negative,train,0.011932373046875,mask_area,0.0,0.001,False,2564
2172,P9365_0000.png,P9365_0000.png,P9365_0000,P9365,8,1284,0.0012245178222656,0.4159771246928839,0.4191311612364243,0.1181818181818181,2,True,overlap,low_mask_area,overlap__low_mask_area,train,0.011932373046875,mask_area,0.0,0.001,False,2565
2173,P9467_0002.png,P9467_0002.png,P9467_0002,P9467,0,0,0.0,0.0,0.0,0.0,0,False,no_overlap,low_mask_area,negative,train,0.011932373046875,mask_area,0.0,0.001,False,2566
2174,P9467_0008.png,P9467_0008.png,P9467_0008,P9467,0,0,0.0,0.0,0.0,0.0,0,False,no_overlap,low_mask_area,negative,train,0.011932373046875,mask_area,0.0,0.001,False,2567
2175,P9467_0020.png,P9467_0020.png,P9467_0020,P9467,0,0,0.0,0.0,0.0,0.0,0,False,no_overlap,low_mask_area,negative,train,0.011932373046875,mask_area,0.0,0.001,False,2568
2176,P9645_0004.png,P9645_0004.png,P9645_0004,P9645,0,0,0.0,0.0,0.0,0.0,0,False,no_overlap,low_mask_area,negative,train,0.011932373046875,mask_area,0.0,0.001,False,405
2177,P9645_0029.png,P9645_0029.png,P9645_0029,P9645,0,0,0.0,0.0,0.0,0.0,0,False,no_overlap,low_mask_area,negative,train,0.011932373046875,mask_area,0.0,0.001,False,406
2178,P9645_0049.png,P9645_0049.png,P9645_0049,P9645,0,0,0.0,0.0,0.0,0.0,0,False,no_overlap,low_mask_area,negative,train,0.011932373046875,mask_area,0.0,0.001,False,407
2179,P9847_0700.png,P9847_0700.png,P9847_0700,P9847,12,4874,0.004648208618164,0.4247323907060776,0.3905684168842063,0.2083333333333333,11,True,overlap,low_mask_area,overlap__low_mask_area,train,0.011932373046875,mask_area,0.0,0.001,False,2569
2180,P9847_0701.png,P9847_0701.png,P9847_0701,P9847,9,3738,0.0035648345947265,0.5220331936694427,0.5210084033613446,0.1496698459280998,1,True,overlap,low_mask_area,overlap__low_mask_area,train,0.011932373046875,mask_area,0.0,0.001,False,2570
2181,P9847_0705.png,P9847_0705.png,P9847_0705,P9847,0,0,0.0,0.0,0.0,0.0,0,False,no_overlap,low_mask_area,negative,train,0.011932373046875,mask_area,0.0,0.001,False,2571
2182,P9847_0733.png,P9847_0733.png,P9847_0733,P9847,5,1148,0.0010948181152343,0.6405781545191489,0.4844290657439446,0.2121212121212121,3,True,overlap,low_mask_area,overlap__low_mask_area,train,0.011932373046875,mask_area,0.0,0.001,False,2572
2183,P9847_0734.png,P9847_0734.png,P9847_0734,P9847,22,8149,0.0077714920043945,0.4613045862795031,0.4101864716138171,0.1818181818181818,17,True,overlap,low_mask_area,overlap__low_mask_area,train,0.011932373046875,mask_area,0.0,0.001,False,2573
2184,P9847_0735.png,P9847_0735.png,P9847_0735,P9847,14,5176,0.0049362182617187,0.5305374323750688,0.5341307814992025,0.1496698459280998,1,True,overlap,low_mask_area,overlap__low_mask_area,train,0.011932373046875,mask_area,0.0,0.001,False,2574
2185,P9847_0740.png,P9847_0740.png,P9847_0740,P9847,0,0,0.0,0.0,0.0,0.0,0,False,no_overlap,low_mask_area,negative,train,0.011932373046875,mask_area,0.0,0.001,False,2575
2186,P9847_0802.png,P9847_0802.png,P9847_0802,P9847,0,0,0.0,0.0,0.0,0.0,0,False,no_overlap,low_mask_area,negative,train,0.011932373046875,mask_area,0.0,0.001,False,2576
2187,P9847_0838.png,P9847_0838.png,P9847_0838,P9847,0,0,0.0,0.0,0.0,0.0,0,False,no_overlap,low_mask_area,negative,train,0.011932373046875,mask_area,0.0,0.001,False,2577
2188,P9847_0869.png,P9847_0869.png,P9847_0869,P9847,0,0,0.0,0.0,0.0,0.0,0,False,no_overlap,low_mask_area,negative,train,0.011932373046875,mask_area,0.0,0.001,False,2578
2189,P9847_1040.png,P9847_1040.png,P9847_1040,P9847,0,0,0.0,0.0,0.0,0.0,0,False,no_overlap,low_mask_area,negative,train,0.011932373046875,mask_area,0.0,0.001,False,2579
2190,P9847_1120.png,P9847_1120.png,P9847_1120,P9847,0,0,0.0,0.0,0.0,0.0,0,False,no_overlap,low_mask_area,negative,train,0.011932373046875,mask_area,0.0,0.001,False,2580
2191,P9847_1131.png,P9847_1131.png,P9847_1131,P9847,0,0,0.0,0.0,0.0,0.0,0,False,no_overlap,low_mask_area,negative,train,0.011932373046875,mask_area,0.0,0.001,False,2581
