image,pipeline,pipeline_label,family,stratum,overlap_group,area_group,num_objects,mask_area_ratio,max_pair_bbox_iou,iou,dice,precision,recall,pred_area_ratio
P0060_0009.jpg,sam3_text,SAM3 text only,SAM3,no_overlap__high_mask_area,no_overlap,high_mask_area,37,0.0057315826416015,0.0,0.5938122427300492,0.7451470465716904,0.6454033771106942,0.8813559322033898,1.3655892786756012
P0199_0002.jpg,sam3_text,SAM3 text only,SAM3,no_overlap__high_mask_area,no_overlap,high_mask_area,50,0.0199432373046875,0.0,0.5670338806900852,0.7237034089401777,0.6195541087853439,0.8699441934626627,1.4041456284879086
P0331_0003.jpg,sam3_text,SAM3 text only,SAM3,no_overlap__high_mask_area,no_overlap,high_mask_area,9,0.0047893524169921,0.0,0.3905046376355919,0.5616732617297908,0.5886255924170616,0.5370810810810811,0.9124324324324324
P0725_0000.jpg,sam3_text,SAM3 text only,SAM3,no_overlap__high_mask_area,no_overlap,high_mask_area,17,0.0089015960693359,0.0,0.19932794026135656,0.33239939397712887,0.20254957507082152,0.9261015381057014,4.572221579738637
P0725_0002.jpg,sam3_text,SAM3 text only,SAM3,no_overlap__high_mask_area,no_overlap,high_mask_area,20,0.0104885101318359,0.0,0.21496575088404757,0.35386306276968166,0.22317783882313677,0.8538453982909341,3.8258520773990767
P0761_0003.jpg,sam3_text,SAM3 text only,SAM3,no_overlap__high_mask_area,no_overlap,high_mask_area,15,0.007730484008789,0.0,0.1496618427750709,0.2603580239104308,0.15442335109176858,0.8291700241740532,5.3694601128122486
P0801_0002.jpg,sam3_text,SAM3 text only,SAM3,no_overlap__high_mask_area,no_overlap,high_mask_area,61,0.0379505157470703,0.0,0.27404934834023853,0.4302020933447436,0.28352031652653775,0.8913500095474508,3.1438664448020948
P0887_0004.jpg,sam3_text,SAM3 text only,SAM3,no_overlap__high_mask_area,no_overlap,high_mask_area,22,0.0117864608764648,0.0,0.17918610262184334,0.3039148820079116,0.1798224374495561,0.9806338028169014,5.453345070422535
P0887_0008.jpg,sam3_text,SAM3 text only,SAM3,no_overlap__high_mask_area,no_overlap,high_mask_area,13,0.0078229904174804,0.0,0.6976060478790425,0.8218703612073232,0.7706762556547965,0.8803498078706771,1.1423082019345436
P1088_0000.jpg,sam3_text,SAM3 text only,SAM3,no_overlap__high_mask_area,no_overlap,high_mask_area,15,0.00994873046875,0.0,0.17340138427362353,0.2955533998810902,0.1739859263898611,0.9809929372663067,5.638346489405899
P1122_0017.jpg,sam3_text,SAM3 text only,SAM3,no_overlap__high_mask_area,no_overlap,high_mask_area,5,0.0090446472167968,0.0,0.2084227404560353,0.34495004683109587,0.20961889629330993,0.9733509525382668,4.643431340160776
P1143_0005.jpg,sam3_text,SAM3 text only,SAM3,no_overlap__high_mask_area,no_overlap,high_mask_area,3,0.0054092407226562,0.0,0.17962628089210367,0.3045477772100153,0.5023177412557943,0.21851512373968837,0.43501374885426214
P1147_0029.jpg,sam3_text,SAM3 text only,SAM3,no_overlap__high_mask_area,no_overlap,high_mask_area,3,0.0055389404296875,0.0,0.09355841848067525,0.17110822229444264,0.10073984310223866,0.5675530003593244,5.6338483650736615
P1471_0007.jpg,sam3_text,SAM3 text only,SAM3,no_overlap__high_mask_area,no_overlap,high_mask_area,44,0.0236873626708984,0.0,0.5293183654140784,0.692227828272709,0.5912810778853036,0.834739061676331,1.4117466174661746
P1471_0017.jpg,sam3_text,SAM3 text only,SAM3,no_overlap__high_mask_area,no_overlap,high_mask_area,47,0.0290870666503906,0.0,0.4553044321085558,0.6257170967986074,0.5461631962794631,0.7323978597498317,1.3409872081074377
P1471_0023.jpg,sam3_text,SAM3 text only,SAM3,no_overlap__high_mask_area,no_overlap,high_mask_area,38,0.0237340927124023,0.0,0.5568907483720784,0.7153883455912067,0.6681890239299464,0.7697625880511348,1.1520132185407426
P1476_0003.jpg,sam3_text,SAM3 text only,SAM3,no_overlap__high_mask_area,no_overlap,high_mask_area,13,0.0171136856079101,0.0,0.834412389288859,0.9097326142812774,0.8743554952510176,0.948093220338983,1.084333804143126
P1854_0015.jpg,sam3_text,SAM3 text only,SAM3,no_overlap__high_mask_area,no_overlap,high_mask_area,14,0.0058765411376953,0.0,0.07814683981803858,0.1449651140863662,0.08351666259268313,0.5486173059768065,6.568956289027654
P1854_0017.jpg,sam3_text,SAM3 text only,SAM3,no_overlap__high_mask_area,no_overlap,high_mask_area,15,0.0063047409057617,0.0,0.09184639948042107,0.16824051354499714,0.09886396737547334,0.5640684726607944,5.705501080272561
P1854_0044.jpg,sam3_text,SAM3 text only,SAM3,no_overlap__high_mask_area,no_overlap,high_mask_area,15,0.0063352584838867,0.0,0.0856475158578409,0.15778144306840736,0.08613769210811471,0.937697291908955,10.886027579332115
P1854_0058.jpg,sam3_text,SAM3 text only,SAM3,no_overlap__high_mask_area,no_overlap,high_mask_area,13,0.0055618286132812,0.0,0.07975333365120234,0.14772509825279304,0.08008170951628604,0.9510993176648976,11.87661106899166
P2027_0004.jpg,sam3_text,SAM3 text only,SAM3,no_overlap__high_mask_area,no_overlap,high_mask_area,88,0.1279077529907226,0.0,0.5696000112712569,0.7257900193437488,0.8358090158257616,0.641365907828984,0.7673594035059887
P2577_0000.jpg,sam3_text,SAM3 text only,SAM3,no_overlap__high_mask_area,no_overlap,high_mask_area,3,0.0065650939941406,0.0,0.08827463218903255,0.16222859483818108,0.8181818181818182,0.09004092769440655,0.110050022737608
P2598_0006.jpg,sam3_text,SAM3 text only,SAM3,no_overlap__high_mask_area,no_overlap,high_mask_area,16,0.0115852355957031,0.0,0.7124298999077163,0.8320689798117978,0.782290123937953,0.8886134230564902,1.1359128740924385
P2766_0010.jpg,sam3_text,SAM3 text only,SAM3,no_overlap__high_mask_area,no_overlap,high_mask_area,22,0.0049219131469726,0.0,0.3820116054158607,0.5528341497550735,0.5889662027833003,0.5208791208791209,0.8843956043956044
P2766_0022.jpg,sam3_text,SAM3 text only,SAM3,no_overlap__high_mask_area,no_overlap,high_mask_area,25,0.0062389373779296,0.0,0.3398432127630312,0.5072880312050914,0.6227318548387096,0.42795289227571875,0.6872185659854521
P2778_0005.jpg,sam3_text,SAM3 text only,SAM3,no_overlap__high_mask_area,no_overlap,high_mask_area,23,0.0055732727050781,0.0,0.11363354422528223,0.2040770858861535,0.11525201942675961,0.8900116595413914,7.7223085891954915
P2794_0003.jpg,sam3_text,SAM3 text only,SAM3,no_overlap__high_mask_area,no_overlap,high_mask_area,12,0.0083093643188476,0.0,0.4346316425120773,0.6059139219193939,0.525125398996808,0.7160800895411018,1.3636363636363635
P2794_0004.jpg,sam3_text,SAM3 text only,SAM3,no_overlap__high_mask_area,no_overlap,high_mask_area,11,0.0078897476196289,0.0,0.4211775269368907,0.5927162778103705,0.4526780175087889,0.8582070047046524,1.8958442237323576
P2794_0015.jpg,sam3_text,SAM3 text only,SAM3,no_overlap__high_mask_area,no_overlap,high_mask_area,10,0.0064525604248046,0.0,0.2093351142772336,0.346198686874885,0.2832044975404076,0.44523358585858586,1.5721275252525253
P2802_0010.jpg,sam3_text,SAM3 text only,SAM3,no_overlap__high_mask_area,no_overlap,high_mask_area,37,0.0080957412719726,0.0,0.3225637858127049,0.48778560137950855,0.3332842415316642,0.9093222609161532,2.728368604339673
P2802_0029.jpg,sam3_text,SAM3 text only,SAM3,no_overlap__high_mask_area,no_overlap,high_mask_area,20,0.007145881652832,0.0,0.15460432880758962,0.2678048660483653,0.16050838960809177,0.8078064707628376,5.032799050163253
P0019_0015.jpg,sam3_text,SAM3 text only,SAM3,no_overlap__low_mask_area,no_overlap,low_mask_area,1,0.0008764266967773,0.0,0.30357142857142855,0.4657534246575342,0.31089494163424125,0.9279907084785134,2.9849012775842043
P0110_0002.jpg,sam3_text,SAM3 text only,SAM3,no_overlap__low_mask_area,no_overlap,low_mask_area,2,2.86102294921875e-05,0.0,0.0,0.0,0.0,0.0,698.8125
P0932_0001.jpg,sam3_text,SAM3 text only,SAM3,no_overlap__low_mask_area,no_overlap,low_mask_area,1,9.632110595703124e-05,0.0,0.04878048780487805,0.09302325581395349,0.04878048780487805,1.0,20.5
P0945_0001.jpg,sam3_text,SAM3 text only,SAM3,no_overlap__low_mask_area,no_overlap,low_mask_area,8,0.0013027191162109,0.0,0.1681077485866312,0.2878291814946619,0.17270242569183464,0.8633646456020495,4.999146029035013
P0961_0003.jpg,sam3_text,SAM3 text only,SAM3,no_overlap__low_mask_area,no_overlap,low_mask_area,7,0.001312255859375,0.0,0.26715092816787733,0.42165605095541403,0.9043715846994536,0.2749169435215947,0.30398671096345514
P0974_0003.jpg,sam3_text,SAM3 text only,SAM3,no_overlap__low_mask_area,no_overlap,low_mask_area,2,0.0004663467407226,0.0,0.11498973305954825,0.20626151012891344,0.12829324169530354,0.5258215962441315,4.098591549295775
P0998_0001.jpg,sam3_text,SAM3 text only,SAM3,no_overlap__low_mask_area,no_overlap,low_mask_area,4,0.0028486251831054,0.0,0.4329377921610931,0.6042659974905897,0.46414803392444104,0.8655643421998562,1.864845434938893
P0998_0003.jpg,sam3_text,SAM3 text only,SAM3,no_overlap__low_mask_area,no_overlap,low_mask_area,7,0.0044116973876953,0.0,0.2469521725539231,0.3960892454249185,0.30972294824882385,0.5492468134414832,1.773348783314021
P1005_0007.jpg,sam3_text,SAM3 text only,SAM3,no_overlap__low_mask_area,no_overlap,low_mask_area,1,0.0001716613769531,0.0,0.0,0.0,0.0,0.0,8.19078947368421
P1023_0003.jpg,sam3_text,SAM3 text only,SAM3,no_overlap__low_mask_area,no_overlap,low_mask_area,7,0.0010700225830078,0.0,0.12326888797477033,0.219482421875,0.12434301521438451,0.9345114345114345,7.515592515592515
P1134_0000.jpg,sam3_text,SAM3 text only,SAM3,no_overlap__low_mask_area,no_overlap,low_mask_area,1,0.0038614273071289,0.0,0.09845604185274978,0.17926259786724902,0.09847866040432918,0.9976726144297905,10.13085078872511
P1147_0022.jpg,sam3_text,SAM3 text only,SAM3,no_overlap__low_mask_area,no_overlap,low_mask_area,1,0.0005121231079101,0.0,0.011377941318872858,0.022499880319785535,0.011385658914728682,0.9437751004016064,82.89156626506023
P1179_0045.jpg,sam3_text,SAM3 text only,SAM3,no_overlap__low_mask_area,no_overlap,low_mask_area,2,0.000594139099121,0.0,0.25458823529411767,0.40585146286571644,0.2562766461392705,0.9747747747747748,3.8036036036036034
P1376_0018.jpg,sam3_text,SAM3 text only,SAM3,no_overlap__low_mask_area,no_overlap,low_mask_area,1,0.0002927780151367,0.0,0.0,0.0,0.0,0.0,0.0
P1377_0002.jpg,sam3_text,SAM3 text only,SAM3,no_overlap__low_mask_area,no_overlap,low_mask_area,2,0.0003080368041992,0.0,0.0,0.0,0.0,0.0,0.0
P1384_0012.jpg,sam3_text,SAM3 text only,SAM3,no_overlap__low_mask_area,no_overlap,low_mask_area,9,0.0008420944213867,0.0,0.014339152119700748,0.028272894898586354,0.02459893048128342,0.033236994219653176,1.3511560693641618
P1390_0022.jpg,sam3_text,SAM3 text only,SAM3,no_overlap__low_mask_area,no_overlap,low_mask_area,2,0.0004186630249023,0.0,0.009313626240129581,0.018455366098294883,0.009317635143689074,0.9558441558441558,102.58441558441558
P1397_0011.jpg,sam3_text,SAM3 text only,SAM3,no_overlap__low_mask_area,no_overlap,low_mask_area,2,0.0003995895385742,0.0,0.002517496601379588,0.005022349455075084,0.0025176958047994475,0.9695290858725761,385.0858725761773
P1397_0032.jpg,sam3_text,SAM3 text only,SAM3,no_overlap__low_mask_area,no_overlap,low_mask_area,2,0.0001659393310546,0.0,0.0014653386805341326,0.0029263892097648988,0.0014654032613486117,0.9708029197080292,662.4817518248175
P1410_0005.jpg,sam3_text,SAM3 text only,SAM3,no_overlap__low_mask_area,no_overlap,low_mask_area,7,0.000925064086914,0.0,0.6310116086235489,0.7737671581087952,0.6537800687285223,0.9476961394769614,1.4495641344956414
P2168_0003.jpg,sam3_text,SAM3 text only,SAM3,no_overlap__low_mask_area,no_overlap,low_mask_area,19,0.0030202865600585,0.0,0.5610839626832519,0.7188389299943084,0.5808231777420096,0.9428891377379619,1.6233669279581933
P2271_0006.jpg,sam3_text,SAM3 text only,SAM3,no_overlap__low_mask_area,no_overlap,low_mask_area,1,5.245208740234375e-05,0.0,0.0,0.0,0.0,0.0,72.29268292682927
P2271_0016.jpg,sam3_text,SAM3 text only,SAM3,no_overlap__low_mask_area,no_overlap,low_mask_area,3,0.0001716613769531,0.0,0.16557377049180327,0.2841068917018284,0.17688266199649738,0.7214285714285714,4.078571428571428
P2477_0005.jpg,sam3_text,SAM3 text only,SAM3,no_overlap__low_mask_area,no_overlap,low_mask_area,14,0.0002861022949218,0.0,0.0,0.0,0.0,0.0,0.0
P2570_0001.jpg,sam3_text,SAM3 text only,SAM3,no_overlap__low_mask_area,no_overlap,low_mask_area,5,0.0011091232299804,0.0,0.19922630560928434,0.33225806451612905,0.807843137254902,0.20913705583756345,0.25888324873096447
P2571_0000.jpg,sam3_text,SAM3 text only,SAM3,no_overlap__low_mask_area,no_overlap,low_mask_area,1,0.0007095336914062,0.0,0.7869986168741355,0.8808049535603715,0.9627749576988156,0.81169757489301,0.8430813124108416
P2599_0001.jpg,sam3_text,SAM3 text only,SAM3,no_overlap__low_mask_area,no_overlap,low_mask_area,3,0.0012168884277343,0.0,0.7972665148063781,0.8871989860583016,0.8649093904448105,0.9106678230702515,1.0529054640069384
P2766_0016.jpg,sam3_text,SAM3 text only,SAM3,no_overlap__low_mask_area,no_overlap,low_mask_area,15,0.0030765533447265,0.0,0.3852436700245031,0.5562106918238994,0.6227992957746479,0.5024857954545454,0.8068181818181818
P2778_0003.jpg,sam3_text,SAM3 text only,SAM3,no_overlap__low_mask_area,no_overlap,low_mask_area,4,0.0010662078857421,0.0,0.06851190023572352,0.1282379732422431,0.0690580210009964,0.8965174129353234,12.982089552238806
P2791_0000.jpg,sam3_text,SAM3 text only,SAM3,no_overlap__low_mask_area,no_overlap,low_mask_area,1,0.000192642211914,0.0,0.0,0.0,0.0,0.0,312.3837209302326
P2794_0000.jpg,sam3_text,SAM3 text only,SAM3,no_overlap__low_mask_area,no_overlap,low_mask_area,1,0.0007314682006835,0.0,0.03349473084591285,0.06481838725679326,0.0337407471165433,0.8212290502793296,24.339385474860336
P2802_0012.jpg,sam3_text,SAM3 text only,SAM3,no_overlap__low_mask_area,no_overlap,low_mask_area,1,0.0002107620239257,0.0,0.0,0.0,0.0,0.0,44.0625
P0007_0002.jpg,sam3_text,SAM3 text only,SAM3,overlap__high_mask_area,overlap,high_mask_area,70,0.2087612152099609,0.0865297034713085,0.7729123035318517,0.8719126174398121,0.8326272949896832,0.9150886619579295,1.0990375495308113
P0161_0001.jpg,sam3_text,SAM3 text only,SAM3,overlap__high_mask_area,overlap,high_mask_area,393,0.0190505981445312,0.2898550724637681,0.011906248699054994,0.023532315793804253,0.03029981989617544,0.019235942964756524,0.6348533763788001
P0257_0000.jpg,sam3_text,SAM3 text only,SAM3,overlap__high_mask_area,overlap,high_mask_area,52,0.0091314315795898,0.2748091603053435,0.17732296545836312,0.30123079335214803,0.17990916752504915,0.9250120365912373,5.141550312951372
P0259_0005.jpg,sam3_text,SAM3 text only,SAM3,overlap__high_mask_area,overlap,high_mask_area,78,0.019169807434082,0.1497005988023952,0.6679745400645217,0.8009409304756926,0.7482175993749389,0.8616578562591385,1.1516139916769768
P0331_0007.jpg,sam3_text,SAM3 text only,SAM3,overlap__high_mask_area,overlap,high_mask_area,7,0.0045595169067382,0.3187183811129848,0.2520908004778972,0.4026717557251908,0.31151574803149606,0.5692446043165468,1.8273381294964028
P1007_0014.jpg,sam3_text,SAM3 text only,SAM3,overlap__high_mask_area,overlap,high_mask_area,28,0.0049676895141601,0.208955223880597,0.3754602448004777,0.5459412530748082,0.404567874758739,0.8391903914590747,2.074288256227758
P1090_0005.jpg,sam3_text,SAM3 text only,SAM3,overlap__high_mask_area,overlap,high_mask_area,118,0.017913818359375,0.2304761904761904,0.1621445792353909,0.2790437302423604,0.1893546657132642,0.5301551551551551,2.7997997997998
P1122_0003.jpg,sam3_text,SAM3 text only,SAM3,overlap__high_mask_area,overlap,high_mask_area,10,0.0090494155883789,0.0707444492816717,0.13449211412897646,0.23709660464627352,0.15457629441798307,0.5086255496673807,3.2904498816101024
P1380_0023.jpg,sam3_text,SAM3 text only,SAM3,overlap__high_mask_area,overlap,high_mask_area,103,0.0130224227905273,0.2729007633587786,0.4266178106392724,0.5980828326377104,0.6414797323888233,0.560185582953862,0.873270899561818
P1410_0032.jpg,sam3_text,SAM3 text only,SAM3,overlap__high_mask_area,overlap,high_mask_area,29,0.0053348541259765,0.1013793103448275,0.5325214132762313,0.6949611387651733,0.6009666213562906,0.8238095238095238,1.370807453416149
P1432_0011.jpg,sam3_text,SAM3 text only,SAM3,overlap__high_mask_area,overlap,high_mask_area,96,0.0145807266235351,0.2277039848197343,0.3611736774821939,0.5306797853309482,0.6336644237957919,0.45648995922135877,0.7203970146956991
P1432_0016.jpg,sam3_text,SAM3 text only,SAM3,overlap__high_mask_area,overlap,high_mask_area,85,0.0122556686401367,0.1988636363636363,0.31014342747301493,0.47344957959483097,0.6122300058377116,0.385960069923636,0.630416781672647
P1809_0002.jpg,sam3_text,SAM3 text only,SAM3,overlap__high_mask_area,overlap,high_mask_area,26,0.009709358215332,0.2398042414355628,0.19151401057128375,0.32146329606222657,0.22357465872110224,0.5718300724246027,2.557669441141498
P1809_0025.jpg,sam3_text,SAM3 text only,SAM3,overlap__high_mask_area,overlap,high_mask_area,148,0.031768798828125,0.1659751037344398,0.5621035510978585,0.7196751466351994,0.7274513243290651,0.7120634593592253,0.9788468802582329
P1829_0000.jpg,sam3_text,SAM3 text only,SAM3,overlap__high_mask_area,overlap,high_mask_area,58,0.0628290176391601,0.1666666666666666,0.6746084912218613,0.8056909955468338,0.7571282662354243,0.8609103813149236,1.1370733595715852
P1854_0048.jpg,sam3_text,SAM3 text only,SAM3,overlap__high_mask_area,overlap,high_mask_area,51,0.0251674652099609,0.3842165898617511,0.16087895554261308,0.27716749412072117,0.18522295485024587,0.5503715080320452,2.9714001079241212
P1854_0069.jpg,sam3_text,SAM3 text only,SAM3,overlap__high_mask_area,overlap,high_mask_area,65,0.0276927947998046,0.2989365892083497,0.2030125363458697,0.3375069339884301,0.21352866267585155,0.8047692830958769,3.7689051812100827
P1960_0002.jpg,sam3_text,SAM3 text only,SAM3,overlap__high_mask_area,overlap,high_mask_area,52,0.0601720809936523,0.4818043146655044,0.7214414554703417,0.8381829694849837,0.7625677251217338,0.9304446787501465,1.220146943147395
P1973_0001.jpg,sam3_text,SAM3 text only,SAM3,overlap__high_mask_area,overlap,high_mask_area,15,0.022261619567871,0.4707508060801474,0.8634274193548387,0.9267089347153399,0.8977067874061962,0.9576475849731664,1.0667710196779965
P1973_0002.jpg,sam3_text,SAM3 text only,SAM3,overlap__high_mask_area,overlap,high_mask_area,57,0.1081457138061523,0.4323593636269107,0.8031433620832893,0.8908258533091515,0.8171716628372511,0.9790726793967629,1.19812363047121
P2027_0005.jpg,sam3_text,SAM3 text only,SAM3,overlap__high_mask_area,overlap,high_mask_area,92,0.1340551376342773,0.2566524476944952,0.5425813992319252,0.7034719846901885,0.8214571009656707,0.6151225126450011,0.7488187903201381
P2197_0003.jpg,sam3_text,SAM3 text only,SAM3,overlap__high_mask_area,overlap,high_mask_area,185,0.0270919799804687,0.0526315789473684,0.32903771351259936,0.4951518082101138,0.6327566020554183,0.40670596596847697,0.6427526234374347
P2242_0004.jpg,sam3_text,SAM3 text only,SAM3,overlap__high_mask_area,overlap,high_mask_area,136,0.0197610855102539,0.1692047377326565,0.12356908494349253,0.21995814338324762,0.15344394395527286,0.3882588774341352,2.5302978235967926
P2455_0004.jpg,sam3_text,SAM3 text only,SAM3,overlap__high_mask_area,overlap,high_mask_area,74,0.0046644210815429,0.3559322033898305,0.18484458340996873,0.3120149022042844,0.3709856035437431,0.2692204661130458,0.7256897937315832
P2592_0000.jpg,sam3_text,SAM3 text only,SAM3,overlap__high_mask_area,overlap,high_mask_area,51,0.0099868774414062,0.171875,0.5036810581482406,0.6699307082693664,0.5396390374331551,0.8831637676403019,1.6365824308062575
P2593_0000.jpg,sam3_text,SAM3 text only,SAM3,overlap__high_mask_area,overlap,high_mask_area,58,0.0110769271850585,0.2676056338028169,0.3670724711581363,0.5370197687430064,0.5102330114290777,0.5667749237279796,1.110815864580258
P2625_0009.jpg,sam3_text,SAM3 text only,SAM3,overlap__high_mask_area,overlap,high_mask_area,43,0.0850152969360351,0.4138590895911858,0.7017806485762255,0.8247604051243171,0.7047708433694911,0.9939905817304313,1.410374153644308
P2630_0001.jpg,sam3_text,SAM3 text only,SAM3,overlap__high_mask_area,overlap,high_mask_area,54,0.0554580688476562,0.06875753920386,0.6917333104021556,0.8177805640508645,0.7619145342320868,0.882487383895268,1.1582498354421122
P2678_0009.jpg,sam3_text,SAM3 text only,SAM3,overlap__high_mask_area,overlap,high_mask_area,86,0.0145559310913085,0.3089887640449438,0.3975007908889592,0.5688737973967176,0.5647614053487152,0.5730465186986926,1.0146701124961994
P2771_0005.jpg,sam3_text,SAM3 text only,SAM3,overlap__high_mask_area,overlap,high_mask_area,43,0.0064725875854492,0.3074534161490683,0.13818765504158761,0.2428205128205128,0.48267074413863403,0.16221308667351833,0.33607399794450155
P2781_0005.jpg,sam3_text,SAM3 text only,SAM3,overlap__high_mask_area,overlap,high_mask_area,66,0.1247196197509765,0.4931031764798613,0.7053404417791664,0.8272136454387853,0.8505474267563276,0.8051259496201519,0.9465973610555778
P2791_0013.jpg,sam3_text,SAM3 text only,SAM3,overlap__high_mask_area,overlap,high_mask_area,31,0.0086574554443359,0.2568093385214007,0.3060253699788584,0.46863617968433835,0.6915910176779742,0.35438854204921044,0.5124250214224507
P0027_0002.jpg,sam3_text,SAM3 text only,SAM3,overlap__low_mask_area,overlap,low_mask_area,13,0.0022802352905273,0.1021671826625387,0.37583737583737586,0.5463398253861652,0.41685882654368434,0.792498782269849,1.9011203117389186
P0117_0000.jpg,sam3_text,SAM3 text only,SAM3,overlap__low_mask_area,overlap,low_mask_area,21,0.0014848709106445,0.1877934272300469,0.27054980947196516,0.4258783204798629,0.45429616087751373,0.40080645161290324,0.882258064516129
P0795_0002.jpg,sam3_text,SAM3 text only,SAM3,overlap__low_mask_area,overlap,low_mask_area,5,0.0023584365844726,0.0705421293272371,0.015577174956049112,0.030676496755105278,0.015581758692925853,0.9814651368049426,62.98808473080318
P0953_0004.jpg,sam3_text,SAM3 text only,SAM3,overlap__low_mask_area,overlap,low_mask_area,5,0.0005550384521484,0.1366120218579235,0.0,0.0,0.0,0.0,2.1131687242798356
P1030_0003.jpg,sam3_text,SAM3 text only,SAM3,overlap__low_mask_area,overlap,low_mask_area,27,0.0043010711669921,0.161344537815126,0.4832831325301205,0.6516397603817646,0.5356367885161075,0.8317781233799897,1.552877138413686
P1030_0004.jpg,sam3_text,SAM3 text only,SAM3,overlap__low_mask_area,overlap,low_mask_area,21,0.0035085678100585,0.0682226211849192,0.6429089151969075,0.7826470588235294,0.7278446389496718,0.8463740458015268,1.1628498727735368
P1184_0013.jpg,sam3_text,SAM3 text only,SAM3,overlap__low_mask_area,overlap,low_mask_area,39,0.0022544860839843,0.226950354609929,0.14863258026159334,0.2587991718426501,0.2464268112370626,0.2724795640326976,1.1057220708446867
P1376_0004.jpg,sam3_text,SAM3 text only,SAM3,overlap__low_mask_area,overlap,low_mask_area,10,0.002324104309082,0.2711621233859397,0.45821474773609316,0.6284599006387509,0.5093471383376474,0.8202871699861046,1.6104678091709124
P1377_0010.jpg,sam3_text,SAM3 text only,SAM3,overlap__low_mask_area,overlap,low_mask_area,20,0.004012107849121,0.2214182344428364,0.505641614075349,0.6716626444811381,0.6320822376284962,0.7165311653116531,1.1336043360433605
P1384_0028.jpg,sam3_text,SAM3 text only,SAM3,overlap__low_mask_area,overlap,low_mask_area,84,0.0044097900390625,0.1224489795918367,0.24611734253666953,0.3950147135191276,0.48450106157112527,0.3334307422559907,0.6881940385739334
P1429_0003.jpg,sam3_text,SAM3 text only,SAM3,overlap__low_mask_area,overlap,low_mask_area,3,0.0044965744018554,0.1645848640705363,0.0,0.0,0.0,0.0,0.0
P1474_0017.jpg,sam3_text,SAM3 text only,SAM3,overlap__low_mask_area,overlap,low_mask_area,13,0.0007038116455078,0.1475409836065573,0.0,0.0,0.0,0.0,4.433212996389892
P1474_0018.jpg,sam3_text,SAM3 text only,SAM3,overlap__low_mask_area,overlap,low_mask_area,17,0.0007667541503906,0.2191780821917808,0.1760752688172043,0.29942857142857143,0.48161764705882354,0.21724709784411278,0.45107794361525705
P1809_0036.jpg,sam3_text,SAM3 text only,SAM3,overlap__low_mask_area,overlap,low_mask_area,3,0.0006475448608398,0.09009009009009,0.3681948424068768,0.5382198952879581,0.7021857923497268,0.4363327674023769,0.6213921901528013
P1854_0047.jpg,sam3_text,SAM3 text only,SAM3,overlap__low_mask_area,overlap,low_mask_area,9,0.0042552947998046,0.1981735159817351,0.1011147393311564,0.18365886082421515,0.10668461904007603,0.6594859241126071,6.181640146878825
P2285_0007.jpg,sam3_text,SAM3 text only,SAM3,overlap__low_mask_area,overlap,low_mask_area,19,0.0025081634521484,0.2295081967213114,0.23039555863983344,0.3745064861816131,0.2735887927482489,0.5933869526362824,2.168900804289544
P2286_0004.jpg,sam3_text,SAM3 text only,SAM3,overlap__low_mask_area,overlap,low_mask_area,91,0.0023612976074218,0.2222222222222222,0.0,0.0,0.0,0.0,3.1183959261616803
P2331_0001.jpg,sam3_text,SAM3 text only,SAM3,overlap__low_mask_area,overlap,low_mask_area,53,0.0028228759765625,0.2057142857142857,0.08203952011291461,0.1516386760150008,0.11790060851926977,0.21242576518958428,1.8017359524897214
P2337_0001.jpg,sam3_text,SAM3 text only,SAM3,overlap__low_mask_area,overlap,low_mask_area,11,0.0004472732543945,0.0862068965517241,0.0,0.0,0.0,0.0,0.0
P2363_0003.jpg,sam3_text,SAM3 text only,SAM3,overlap__low_mask_area,overlap,low_mask_area,27,0.0012645721435546,0.2397260273972602,0.19120613150463897,0.3210294615645107,0.2404870624048706,0.48268839103869654,2.0071283095723014
P2404_0002.jpg,sam3_text,SAM3 text only,SAM3,overlap__low_mask_area,overlap,low_mask_area,30,0.0014076232910156,0.2347826086956521,0.12057178371659416,0.21519689406544648,0.2747875354107649,0.17684594348222424,0.6435733819507748
P2404_0027.jpg,sam3_text,SAM3 text only,SAM3,overlap__low_mask_area,overlap,low_mask_area,15,0.0005922317504882,0.3555555555555555,0.0,0.0,0.0,0.0,0.0
P2420_0001.jpg,sam3_text,SAM3 text only,SAM3,overlap__low_mask_area,overlap,low_mask_area,19,0.0006084442138671,0.3684210526315789,0.0,0.0,0.0,0.0,0.0
P2462_0000.jpg,sam3_text,SAM3 text only,SAM3,overlap__low_mask_area,overlap,low_mask_area,57,0.0019330978393554,0.0780487804878048,0.11786148238153099,0.2108695652173913,0.4127659574468085,0.1416058394160584,0.34306569343065696
P2547_0006.jpg,sam3_text,SAM3 text only,SAM3,overlap__low_mask_area,overlap,low_mask_area,72,0.0020599365234375,0.217391304347826,0.0,0.0,0.0,0.0,0.0
P2547_0011.jpg,sam3_text,SAM3 text only,SAM3,overlap__low_mask_area,overlap,low_mask_area,109,0.003453254699707,0.2903225806451613,0.040844582900657664,0.0784835384103758,0.22519083969465647,0.04752315747080145,0.21103503826016914
P2645_0010.jpg,sam3_text,SAM3 text only,SAM3,overlap__low_mask_area,overlap,low_mask_area,32,0.0027751922607421,0.2254098360655737,0.2885528398100932,0.4478711790393013,0.3303140096618358,0.6953389830508474,2.1050847457627118
P2689_0002.jpg,sam3_text,SAM3 text only,SAM3,overlap__low_mask_area,overlap,low_mask_area,80,0.0040006637573242,0.3333333333333333,0.02796725784447476,0.054412740544127404,0.05559322033898305,0.05328135152696556,0.958414554905783
P2689_0006.jpg,sam3_text,SAM3 text only,SAM3,overlap__low_mask_area,overlap,low_mask_area,19,0.001051902770996,0.08,0.35340572556762095,0.5222465353756383,0.37079233557742103,0.8828606658446363,2.381011097410604
P2709_0000.jpg,sam3_text,SAM3 text only,SAM3,overlap__low_mask_area,overlap,low_mask_area,13,0.0021448135375976,0.1384615384615384,0.0,0.0,0.0,0.0,0.0
P2709_0001.jpg,sam3_text,SAM3 text only,SAM3,overlap__low_mask_area,overlap,low_mask_area,15,0.0022134780883789,0.2,0.25591140377132593,0.4075309818875119,0.38375224416517056,0.4344512195121951,1.1321138211382114
P2778_0007.jpg,sam3_text,SAM3 text only,SAM3,overlap__low_mask_area,overlap,low_mask_area,10,0.002511978149414,0.0525606469002695,0.09185100761539657,0.168248244448662,0.09447434326210902,0.7678648765699437,8.127760935469901
P0060_0009.jpg,yolo_sam3,SAM3 YOLO bbox,SAM3,no_overlap__high_mask_area,no_overlap,high_mask_area,37,0.0057315826416015,0.0,0.5241363532372455,0.687781447012909,0.5553939393939394,0.9030350808040993,1.6259361450532124
P0199_0002.jpg,yolo_sam3,SAM3 YOLO bbox,SAM3,no_overlap__high_mask_area,no_overlap,high_mask_area,50,0.0199432373046875,0.0,0.5438197131800592,0.704511943379534,0.5835165218604976,0.8888121179909646,1.5231995748073346
P0331_0003.jpg,yolo_sam3,SAM3 YOLO bbox,SAM3,no_overlap__high_mask_area,no_overlap,high_mask_area,9,0.0047893524169921,0.0,0.5323439264397484,0.6948099799978945,0.6770619614279852,0.7135135135135136,1.053837837837838
P0725_0000.jpg,yolo_sam3,SAM3 YOLO bbox,SAM3,no_overlap__high_mask_area,no_overlap,high_mask_area,17,0.0089015960693359,0.0,0.7416448968561391,0.8516602875762904,0.7703752222326191,0.9521221232797502,1.2359199722447092
P0725_0002.jpg,yolo_sam3,SAM3 YOLO bbox,SAM3,no_overlap__high_mask_area,no_overlap,high_mask_area,20,0.0104885101318359,0.0,0.7655695003551978,0.8672210300429185,0.7958480347911709,0.9526569099302623,1.1970336902072487
P0761_0003.jpg,yolo_sam3,SAM3 YOLO bbox,SAM3,no_overlap__high_mask_area,no_overlap,high_mask_area,15,0.007730484008789,0.0,0.6257273482959268,0.7697814137798799,0.734390243902439,0.8087563792640344,1.1012624227773302
P0801_0002.jpg,yolo_sam3,SAM3 YOLO bbox,SAM3,no_overlap__high_mask_area,no_overlap,high_mask_area,61,0.0379505157470703,0.0,0.6962718415331347,0.8209437007500238,0.7265623358890873,0.9435063695136255,1.2985897051201616
P0887_0004.jpg,yolo_sam3,SAM3 YOLO bbox,SAM3,no_overlap__high_mask_area,no_overlap,high_mask_area,22,0.0117864608764648,0.0,0.7342363381597384,0.8467546458389442,0.7521017018659012,0.9686619718309859,1.2879401408450704
P0887_0008.jpg,yolo_sam3,SAM3 YOLO bbox,SAM3,no_overlap__high_mask_area,no_overlap,high_mask_area,13,0.0078229904174804,0.0,0.7439303710490152,0.8531652219595482,0.8457232131232912,0.8607393666357493,1.0177553994964887
P1088_0000.jpg,yolo_sam3,SAM3 YOLO bbox,SAM3,no_overlap__high_mask_area,no_overlap,high_mask_area,15,0.00994873046875,0.0,0.7707978102844836,0.8705655787553213,0.8500593824228029,0.892085583714167,1.0494391358537598
P1122_0017.jpg,yolo_sam3,SAM3 YOLO bbox,SAM3,no_overlap__high_mask_area,no_overlap,high_mask_area,5,0.0090446472167968,0.0,0.7590403642413098,0.8630164260826282,0.787446634571714,0.9546305472965533,1.2123114194471973
P1143_0005.jpg,yolo_sam3,SAM3 YOLO bbox,SAM3,no_overlap__high_mask_area,no_overlap,high_mask_area,3,0.0054092407226562,0.0,0.18291412412561392,0.30926019124308,0.49298034496590454,0.22529789184234647,0.45701191567369387
P1147_0029.jpg,yolo_sam3,SAM3 YOLO bbox,SAM3,no_overlap__high_mask_area,no_overlap,high_mask_area,3,0.0055389404296875,0.0,0.3005605211331616,0.46220151426907397,0.6571712487578668,0.3564498742364355,0.542400287459576
P1471_0007.jpg,yolo_sam3,SAM3 YOLO bbox,SAM3,no_overlap__high_mask_area,no_overlap,high_mask_area,44,0.0236873626708984,0.0,0.5386053234971588,0.7001214870008909,0.554540555797901,0.9493498506413636,1.7119574767176242
P1471_0017.jpg,yolo_sam3,SAM3 YOLO bbox,SAM3,no_overlap__high_mask_area,no_overlap,high_mask_area,47,0.0290870666503906,0.0,0.4855324715638234,0.6536813982298243,0.5647016349476507,0.7759469898302682,1.374083129584352
P1471_0023.jpg,yolo_sam3,SAM3 YOLO bbox,SAM3,no_overlap__high_mask_area,no_overlap,high_mask_area,38,0.0237340927124023,0.0,0.5625842450079935,0.7200690097897608,0.6684171322160148,0.7803722062788069,1.1674928254630836
P1476_0003.jpg,yolo_sam3,SAM3 YOLO bbox,SAM3,no_overlap__high_mask_area,no_overlap,high_mask_area,13,0.0171136856079101,0.0,0.8483756425883725,0.9179688620007455,0.8950517193178641,0.942090395480226,1.0525541431261771
P1854_0015.jpg,yolo_sam3,SAM3 YOLO bbox,SAM3,no_overlap__high_mask_area,no_overlap,high_mask_area,14,0.0058765411376953,0.0,0.4659169379500839,0.6356662180349932,0.5103187466234468,0.8426404995539697,1.6512042818911685
P1854_0017.jpg,yolo_sam3,SAM3 YOLO bbox,SAM3,no_overlap__high_mask_area,no_overlap,high_mask_area,15,0.0063047409057617,0.0,0.3899053627760252,0.5610531093962778,0.6182472989195679,0.5135449559581187,0.8306465015788599
P1854_0044.jpg,yolo_sam3,SAM3 YOLO bbox,SAM3,no_overlap__high_mask_area,no_overlap,high_mask_area,15,0.0063352584838867,0.0,0.2904802123552124,0.4501893319620401,0.31323185011709603,0.7999667718890181,2.5539126100681178
P1854_0058.jpg,yolo_sam3,SAM3 YOLO bbox,SAM3,no_overlap__high_mask_area,no_overlap,high_mask_area,13,0.0055618286132812,0.0,0.35243305499568095,0.5211837342984884,0.3623445825932504,0.9279757391963609,2.5610310841546626
P2027_0004.jpg,yolo_sam3,SAM3 YOLO bbox,SAM3,no_overlap__high_mask_area,no_overlap,high_mask_area,88,0.1279077529907226,0.0,0.7505576644620984,0.8575069301618529,0.8085468163741375,0.9127786150551281,1.1289125089236138
P2577_0000.jpg,yolo_sam3,SAM3 YOLO bbox,SAM3,no_overlap__high_mask_area,no_overlap,high_mask_area,3,0.0065650939941406,0.0,0.01765803031107751,0.03470326924198654,0.017710317858217188,0.8567530695770805,48.37592845232682
P2598_0006.jpg,yolo_sam3,SAM3 YOLO bbox,SAM3,no_overlap__high_mask_area,no_overlap,high_mask_area,16,0.0115852355957031,0.0,0.7053143501550606,0.8271957015912379,0.775676304162468,0.8860456879759164,1.1422879404993802
P2766_0010.jpg,yolo_sam3,SAM3 YOLO bbox,SAM3,no_overlap__high_mask_area,no_overlap,high_mask_area,22,0.0049219131469726,0.0,0.42743722304283605,0.5988875953951623,0.7277585664885257,0.5087912087912088,0.6991208791208792
P2766_0022.jpg,yolo_sam3,SAM3 YOLO bbox,SAM3,no_overlap__high_mask_area,no_overlap,high_mask_area,25,0.0062389373779296,0.0,0.28148435479700024,0.4393098577338311,0.5262267343485617,0.37703498441288535,0.7164877034984413
P2778_0005.jpg,yolo_sam3,SAM3 YOLO bbox,SAM3,no_overlap__high_mask_area,no_overlap,high_mask_area,23,0.0055732727050781,0.0,0.5093327111525898,0.6749111145462977,0.5603182751540041,0.8484259619121648,1.5141857753595025
P2794_0003.jpg,yolo_sam3,SAM3 YOLO bbox,SAM3,no_overlap__high_mask_area,no_overlap,high_mask_area,12,0.0083093643188476,0.0,0.3959524177352078,0.567286409915892,0.5110158508623268,0.6374829001367989,1.2474816565103843
P2794_0004.jpg,yolo_sam3,SAM3 YOLO bbox,SAM3,no_overlap__high_mask_area,no_overlap,high_mask_area,11,0.0078897476196289,0.0,0.4906678865507777,0.6583195237218438,0.6206457585927555,0.7008625196027183,1.129247255619446
P2794_0015.jpg,yolo_sam3,SAM3 YOLO bbox,SAM3,no_overlap__high_mask_area,no_overlap,high_mask_area,10,0.0064525604248046,0.0,0.3571243187126914,0.5262956588257793,0.6676370693837943,0.43434343434343436,0.6505681818181818
P2802_0010.jpg,yolo_sam3,SAM3 YOLO bbox,SAM3,no_overlap__high_mask_area,no_overlap,high_mask_area,37,0.0080957412719726,0.0,0.5301171221416621,0.6929105157645343,0.6340188993885492,0.7638628448968658,1.2047950709884812
P2802_0029.jpg,yolo_sam3,SAM3 YOLO bbox,SAM3,no_overlap__high_mask_area,no_overlap,high_mask_area,20,0.007145881652832,0.0,0.5418034369569414,0.7028177833437695,0.6078856152512998,0.8328880973582665,1.3701395072721876
P0019_0015.jpg,yolo_sam3,SAM3 YOLO bbox,SAM3,no_overlap__low_mask_area,no_overlap,low_mask_area,1,0.0008764266967773,0.0,0.5258186397984886,0.6892282294676021,0.5345710627400768,0.9698025551684089,1.8141695702671312
P0110_0002.jpg,yolo_sam3,SAM3 YOLO bbox,SAM3,no_overlap__low_mask_area,no_overlap,low_mask_area,2,2.86102294921875e-05,0.0,0.0,0.0,0.0,0.0,0.0
P0932_0001.jpg,yolo_sam3,SAM3 YOLO bbox,SAM3,no_overlap__low_mask_area,no_overlap,low_mask_area,1,9.632110595703124e-05,0.0,0.003334788995196316,0.006647410279745182,0.003334788995196316,1.0,299.8690476190476
P0945_0001.jpg,yolo_sam3,SAM3 YOLO bbox,SAM3,no_overlap__low_mask_area,no_overlap,low_mask_area,8,0.0013027191162109,0.0,0.40707964601769914,0.5786163522012578,0.41739130434782606,0.9427839453458582,2.2587532023911185
P0961_0003.jpg,yolo_sam3,SAM3 YOLO bbox,SAM3,no_overlap__low_mask_area,no_overlap,low_mask_area,7,0.001312255859375,0.0,0.4406657018813314,0.6117528879959819,0.7738246505717916,0.5058139534883721,0.6536544850498339
P0974_0003.jpg,yolo_sam3,SAM3 YOLO bbox,SAM3,no_overlap__low_mask_area,no_overlap,low_mask_area,2,0.0004663467407226,0.0,0.25951557093425603,0.41208791208791207,0.33783783783783783,0.528169014084507,1.5633802816901408
P0998_0001.jpg,yolo_sam3,SAM3 YOLO bbox,SAM3,no_overlap__low_mask_area,no_overlap,low_mask_area,4,0.0028486251831054,0.0,0.7920051998700033,0.8839318099383388,0.8920204978038068,0.8759884974838246,0.9820273184759166
P0998_0003.jpg,yolo_sam3,SAM3 YOLO bbox,SAM3,no_overlap__low_mask_area,no_overlap,low_mask_area,7,0.0044116973876953,0.0,0.3519148306964365,0.5206168653614788,0.49295774647887325,0.5515643105446119,1.1188876013904983
P1005_0007.jpg,yolo_sam3,SAM3 YOLO bbox,SAM3,no_overlap__low_mask_area,no_overlap,low_mask_area,1,0.0001716613769531,0.0,0.08047411104179664,0.1489607390300231,0.08164556962025317,0.8486842105263158,10.394736842105264
P1023_0003.jpg,yolo_sam3,SAM3 YOLO bbox,SAM3,no_overlap__low_mask_area,no_overlap,low_mask_area,7,0.0010700225830078,0.0,0.3347315436241611,0.5015713387806411,0.35945945945945945,0.8295218295218295,2.3076923076923075
P1134_0000.jpg,yolo_sam3,SAM3 YOLO bbox,SAM3,no_overlap__low_mask_area,no_overlap,low_mask_area,1,0.0038614273071289,0.0,0.6988780311255881,0.8227524499360886,0.6995109581597536,0.9987070080165503,1.4277217481251616
P1147_0022.jpg,yolo_sam3,SAM3 YOLO bbox,SAM3,no_overlap__low_mask_area,no_overlap,low_mask_area,1,0.0005121231079101,0.0,0.10373917008663931,0.18797769055980168,0.10476629058254662,0.9136546184738956,8.720883534136545
P1179_0045.jpg,yolo_sam3,SAM3 YOLO bbox,SAM3,no_overlap__low_mask_area,no_overlap,low_mask_area,2,0.000594139099121,0.0,0.2936986301369863,0.45404489623041083,0.2967884828349945,0.9657657657657658,3.254054054054054
P1376_0018.jpg,yolo_sam3,SAM3 YOLO bbox,SAM3,no_overlap__low_mask_area,no_overlap,low_mask_area,1,0.0002927780151367,0.0,0.14068100358422939,0.24666142969363708,0.1577889447236181,0.564748201438849,3.579136690647482
P1377_0002.jpg,yolo_sam3,SAM3 YOLO bbox,SAM3,no_overlap__low_mask_area,no_overlap,low_mask_area,2,0.0003080368041992,0.0,0.13010204081632654,0.23024830699774265,0.16558441558441558,0.37777777777777777,2.2814814814814817
P1384_0012.jpg,yolo_sam3,SAM3 YOLO bbox,SAM3,no_overlap__low_mask_area,no_overlap,low_mask_area,9,0.0008420944213867,0.0,0.0,0.0,0.0,0.0,0.0
P1390_0022.jpg,yolo_sam3,SAM3 YOLO bbox,SAM3,no_overlap__low_mask_area,no_overlap,low_mask_area,2,0.0004186630249023,0.0,0.7207920792079208,0.8377445339470656,0.7520661157024794,0.9454545454545454,1.2571428571428571
P1397_0011.jpg,yolo_sam3,SAM3 YOLO bbox,SAM3,no_overlap__low_mask_area,no_overlap,low_mask_area,2,0.0003995895385742,0.0,0.4405684754521964,0.611659192825112,0.45225464190981435,0.9445983379501385,2.0886426592797784
P1397_0032.jpg,yolo_sam3,SAM3 YOLO bbox,SAM3,no_overlap__low_mask_area,no_overlap,low_mask_area,2,0.0001659393310546,0.0,0.23415492957746478,0.37945791726105566,0.23581560283687944,0.9708029197080292,4.116788321167883
P1410_0005.jpg,yolo_sam3,SAM3 YOLO bbox,SAM3,no_overlap__low_mask_area,no_overlap,low_mask_area,7,0.000925064086914,0.0,0.6051063829787234,0.7539766702014846,0.6565096952908587,0.8854296388542964,1.348692403486924
P2168_0003.jpg,yolo_sam3,SAM3 YOLO bbox,SAM3,no_overlap__low_mask_area,no_overlap,low_mask_area,19,0.0030202865600585,0.0,0.601512644764831,0.7511806375442739,0.6211862338296315,0.9499813363195222,1.5293019783501307
P2271_0006.jpg,yolo_sam3,SAM3 YOLO bbox,SAM3,no_overlap__low_mask_area,no_overlap,low_mask_area,1,5.245208740234375e-05,0.0,0.0,0.0,0.0,0.0,0.0
P2271_0016.jpg,yolo_sam3,SAM3 YOLO bbox,SAM3,no_overlap__low_mask_area,no_overlap,low_mask_area,3,0.0001716613769531,0.0,0.36594202898550726,0.5358090185676393,0.42616033755274263,0.7214285714285714,1.6928571428571428
P2477_0005.jpg,yolo_sam3,SAM3 YOLO bbox,SAM3,no_overlap__low_mask_area,no_overlap,low_mask_area,14,0.0002861022949218,0.0,0.0,0.0,0.0,0.0,0.0
P2570_0001.jpg,yolo_sam3,SAM3 YOLO bbox,SAM3,no_overlap__low_mask_area,no_overlap,low_mask_area,5,0.0011091232299804,0.0,0.19922630560928434,0.33225806451612905,0.807843137254902,0.20913705583756345,0.25888324873096447
P2571_0000.jpg,yolo_sam3,SAM3 YOLO bbox,SAM3,no_overlap__low_mask_area,no_overlap,low_mask_area,1,0.0007095336914062,0.0,0.06292749658002736,0.11840411840411841,0.06361702127659574,0.8530670470756063,13.40941512125535
P2599_0001.jpg,yolo_sam3,SAM3 YOLO bbox,SAM3,no_overlap__low_mask_area,no_overlap,low_mask_area,3,0.0012168884277343,0.0,0.6766503667481663,0.8071454611738972,0.6962264150943396,0.9601040763226366,1.3790112749349523
P2766_0016.jpg,yolo_sam3,SAM3 YOLO bbox,SAM3,no_overlap__low_mask_area,no_overlap,low_mask_area,15,0.0030765533447265,0.0,0.17425187032418954,0.2967878948765596,0.5878023133543638,0.19850852272727273,0.3377130681818182
P2778_0003.jpg,yolo_sam3,SAM3 YOLO bbox,SAM3,no_overlap__low_mask_area,no_overlap,low_mask_area,4,0.0010662078857421,0.0,0.4836173001310616,0.6519434628975265,0.5861795075456712,0.7343283582089553,1.2527363184079603
P2791_0000.jpg,yolo_sam3,SAM3 YOLO bbox,SAM3,no_overlap__low_mask_area,no_overlap,low_mask_area,1,0.000192642211914,0.0,0.0,0.0,0.0,0.0,0.0
P2794_0000.jpg,yolo_sam3,SAM3 YOLO bbox,SAM3,no_overlap__low_mask_area,no_overlap,low_mask_area,1,0.0007314682006835,0.0,0.7213541666666666,0.8381240544629349,0.9141914191419142,0.7737430167597765,0.8463687150837989
P2802_0012.jpg,yolo_sam3,SAM3 YOLO bbox,SAM3,no_overlap__low_mask_area,no_overlap,low_mask_area,1,0.0002107620239257,0.0,0.0,0.0,0.0,0.0,0.0
P0007_0002.jpg,yolo_sam3,SAM3 YOLO bbox,SAM3,overlap__high_mask_area,overlap,high_mask_area,70,0.2087612152099609,0.0865297034713085,0.8015609297500568,0.8898515909326064,0.8350367058843395,0.9523685718275003,1.1405110279779873
P0161_0001.jpg,yolo_sam3,SAM3 YOLO bbox,SAM3,overlap__high_mask_area,overlap,high_mask_area,393,0.0190505981445312,0.2898550724637681,0.021826574348829543,0.04272070211667527,0.5270700636942676,0.02226257734732311,0.042238364272262574
P0257_0000.jpg,yolo_sam3,SAM3 YOLO bbox,SAM3,overlap__high_mask_area,overlap,high_mask_area,52,0.0091314315795898,0.2748091603053435,0.6036168891648557,0.7528193214268428,0.6295636687444346,0.93608570052961,1.4868801155512759
P0259_0005.jpg,yolo_sam3,SAM3 YOLO bbox,SAM3,overlap__high_mask_area,overlap,high_mask_area,78,0.019169807434082,0.1497005988023952,0.678648941942485,0.8085656565656566,0.7759396163986972,0.8440557867506467,1.0877854009672703
P0331_0007.jpg,yolo_sam3,SAM3 YOLO bbox,SAM3,overlap__high_mask_area,overlap,high_mask_area,7,0.0045595169067382,0.3187183811129848,0.4304374870412606,0.601826351645166,0.847001223990208,0.46672661870503596,0.5510341726618705
P1007_0014.jpg,yolo_sam3,SAM3 YOLO bbox,SAM3,overlap__high_mask_area,overlap,high_mask_area,28,0.0049676895141601,0.208955223880597,0.44038319823139277,0.6114806098434462,0.5662308129619101,0.6645907473309609,1.1737099644128113
P1090_0005.jpg,yolo_sam3,SAM3 YOLO bbox,SAM3,overlap__high_mask_area,overlap,high_mask_area,118,0.017913818359375,0.2304761904761904,0.5606079027355623,0.7184481146774696,0.6141449120937666,0.8654279279279279,1.4091591591591592
P1122_0003.jpg,yolo_sam3,SAM3 YOLO bbox,SAM3,overlap__high_mask_area,overlap,high_mask_area,10,0.0090494155883789,0.0707444492816717,0.3988434663882419,0.5702474593787679,0.5809546092653253,0.5599278385387304,0.963806517081971
P1380_0023.jpg,yolo_sam3,SAM3 YOLO bbox,SAM3,overlap__high_mask_area,overlap,high_mask_area,103,0.0130224227905273,0.2729007633587786,0.5190317387304508,0.6833718157386729,0.6107577807848444,0.7755820946816737,1.269868545407681
P1410_0032.jpg,yolo_sam3,SAM3 YOLO bbox,SAM3,overlap__high_mask_area,overlap,high_mask_area,29,0.0053348541259765,0.1013793103448275,0.5007409403206251,0.6673249551166965,0.5890649762282092,0.7695652173913043,1.3064182194616978
P1432_0011.jpg,yolo_sam3,SAM3 YOLO bbox,SAM3,overlap__high_mask_area,overlap,high_mask_area,96,0.0145807266235351,0.2277039848197343,0.4240181567002171,0.5955235257431918,0.5416955562559093,0.6612295145033469,1.2206663076094484
P1432_0016.jpg,yolo_sam3,SAM3 YOLO bbox,SAM3,overlap__high_mask_area,overlap,high_mask_area,85,0.0122556686401367,0.1988636363636363,0.3732360097323601,0.5435861091424522,0.5241308618775092,0.5645413561505198,1.0771000092004783
P1809_0002.jpg,yolo_sam3,SAM3 YOLO bbox,SAM3,overlap__high_mask_area,overlap,high_mask_area,26,0.009709358215332,0.2398042414355628,0.3882270497547302,0.5593134780413932,0.5812543716484029,0.5389687601340396,0.9272511079883256
P1809_0025.jpg,yolo_sam3,SAM3 YOLO bbox,SAM3,overlap__high_mask_area,overlap,high_mask_area,148,0.031768798828125,0.1659751037344398,0.5682840361923911,0.724720807044772,0.7122724408926617,0.7376120325538271,1.035575701383881
P1829_0000.jpg,yolo_sam3,SAM3 YOLO bbox,SAM3,overlap__high_mask_area,overlap,high_mask_area,58,0.0628290176391601,0.1666666666666666,0.6613377477310614,0.7961508713496338,0.7008231411852742,0.9214949351571069,1.3148751532356926
P1854_0048.jpg,yolo_sam3,SAM3 YOLO bbox,SAM3,overlap__high_mask_area,overlap,high_mask_area,51,0.0251674652099609,0.3842165898617511,0.43388491726241063,0.605187922739,0.5216842484897665,0.720518035780997,1.3811381843842099
P1854_0069.jpg,yolo_sam3,SAM3 YOLO bbox,SAM3,overlap__high_mask_area,overlap,high_mask_area,65,0.0276927947998046,0.2989365892083497,0.5657883914128259,0.7226881927542068,0.6733228921952493,0.7798647065492612,1.158232871017724
P1960_0002.jpg,yolo_sam3,SAM3 YOLO bbox,SAM3,overlap__high_mask_area,overlap,high_mask_area,52,0.0601720809936523,0.4818043146655044,0.7314336852481129,0.844887900102624,0.7647194424104358,0.9438335760070962,1.2342220213887634
P1973_0001.jpg,yolo_sam3,SAM3 YOLO bbox,SAM3,overlap__high_mask_area,overlap,high_mask_area,15,0.022261619567871,0.4707508060801474,0.8712756245331563,0.9312103605801215,0.9235506290138119,0.9389982110912344,1.016726296958855
P1973_0002.jpg,yolo_sam3,SAM3 YOLO bbox,SAM3,overlap__high_mask_area,overlap,high_mask_area,57,0.1081457138061523,0.4323593636269107,0.8285377137319871,0.9062298332813361,0.8456605489220167,0.9761448800338814,1.1542987091903438
P2027_0005.jpg,yolo_sam3,SAM3 YOLO bbox,SAM3,overlap__high_mask_area,overlap,high_mask_area,92,0.1340551376342773,0.2566524476944952,0.7452440445405433,0.8540284630929513,0.8080249165619469,0.905586516037193,1.1207408304812672
P2197_0003.jpg,yolo_sam3,SAM3 YOLO bbox,SAM3,overlap__high_mask_area,overlap,high_mask_area,185,0.0270919799804687,0.0526315789473684,0.38441259780688225,0.5553439753666639,0.5386912949498919,0.5730590743760191,1.0637986537898743
P2242_0004.jpg,yolo_sam3,SAM3 YOLO bbox,SAM3,overlap__high_mask_area,overlap,high_mask_area,136,0.0197610855102539,0.1692047377326565,0.4453886976477338,0.6162891661911731,0.5436124119217471,0.711397479954181,1.3086483390607102
P2455_0004.jpg,yolo_sam3,SAM3 YOLO bbox,SAM3,overlap__high_mask_area,overlap,high_mask_area,74,0.0046644210815429,0.3559322033898305,0.2109065886805436,0.3483449353601364,0.37084089534180276,0.328422180551835,0.8856147870345566
P2592_0000.jpg,yolo_sam3,SAM3 YOLO bbox,SAM3,overlap__high_mask_area,overlap,high_mask_area,51,0.0099868774414062,0.171875,0.5190158124318429,0.6833580113967784,0.5792636543435266,0.8330598402800569,1.4381358713488677
P2593_0000.jpg,yolo_sam3,SAM3 YOLO bbox,SAM3,overlap__high_mask_area,overlap,high_mask_area,58,0.0110769271850585,0.2676056338028169,0.45037118504261753,0.6210426540284361,0.5989578572081543,0.6448184233835252,1.0765672670012794
P2625_0009.jpg,yolo_sam3,SAM3 YOLO bbox,SAM3,overlap__high_mask_area,overlap,high_mask_area,43,0.0850152969360351,0.4138590895911858,0.8098102371066009,0.8949117653365354,0.8249688679804709,0.9778131808916899,1.1852728252465854
P2630_0001.jpg,yolo_sam3,SAM3 YOLO bbox,SAM3,overlap__high_mask_area,overlap,high_mask_area,54,0.0554580688476562,0.06875753920386,0.6704212567561992,0.8026972286716396,0.7301171254830303,0.891300372997879,1.2207635485994295
P2678_0009.jpg,yolo_sam3,SAM3 YOLO bbox,SAM3,overlap__high_mask_area,overlap,high_mask_area,86,0.0145559310913085,0.3089887640449438,0.48000409123453003,0.6486523842432619,0.5946528129751647,0.7134387351778656,1.1997567649741563
P2771_0005.jpg,yolo_sam3,SAM3 YOLO bbox,SAM3,overlap__high_mask_area,overlap,high_mask_area,43,0.0064725875854492,0.3074534161490683,0.3661336084601496,0.5360143490984612,0.597055730809674,0.48629667694415896,0.8144912641315519
P2781_0005.jpg,yolo_sam3,SAM3 YOLO bbox,SAM3,overlap__high_mask_area,overlap,high_mask_area,66,0.1247196197509765,0.4931031764798613,0.6830466501572853,0.8116788088951102,0.8072998243865395,0.8161055577768892,1.010907636945222
P2791_0013.jpg,yolo_sam3,SAM3 YOLO bbox,SAM3,overlap__high_mask_area,overlap,high_mask_area,31,0.0086574554443359,0.2568093385214007,0.37084852665812557,0.5410496046010065,0.6554607211287232,0.4606438976618925,0.7027787978944792
P0027_0002.jpg,yolo_sam3,SAM3 YOLO bbox,SAM3,overlap__low_mask_area,overlap,low_mask_area,13,0.0022802352905273,0.1021671826625387,0.5049928673323824,0.671090047393365,0.6534379326257499,0.6897223575255723,1.0555284948855335
P0117_0000.jpg,yolo_sam3,SAM3 YOLO bbox,SAM3,overlap__low_mask_area,overlap,low_mask_area,21,0.0014848709106445,0.1877934272300469,0.35153203342618383,0.5201978565539983,0.5320404721753794,0.5088709677419355,0.9564516129032258
P0795_0002.jpg,yolo_sam3,SAM3 YOLO bbox,SAM3,overlap__low_mask_area,overlap,low_mask_area,5,0.0023584365844726,0.0705421293272371,0.6510663507109005,0.7886616433440976,0.6644498186215235,0.969991173874669,1.4598411297440423
P0953_0004.jpg,yolo_sam3,SAM3 YOLO bbox,SAM3,overlap__low_mask_area,overlap,low_mask_area,5,0.0005550384521484,0.1366120218579235,0.28239845261121854,0.44042232277526394,0.8248587570621468,0.3004115226337449,0.36419753086419754
P1030_0003.jpg,yolo_sam3,SAM3 YOLO bbox,SAM3,overlap__low_mask_area,overlap,low_mask_area,27,0.0043010711669921,0.161344537815126,0.573786728293166,0.7291797776379274,0.6124031007751938,0.9009849663037843,1.4712286158631416
P1030_0004.jpg,yolo_sam3,SAM3 YOLO bbox,SAM3,overlap__low_mask_area,overlap,low_mask_area,21,0.0035085678100585,0.0682226211849192,0.6594965675057208,0.794815223386652,0.7015579357351509,0.9166666666666666,1.306615776081425
P1184_0013.jpg,yolo_sam3,SAM3 YOLO bbox,SAM3,overlap__low_mask_area,overlap,low_mask_area,39,0.0022544860839843,0.226950354609929,0.0,0.0,0.0,0.0,0.0
P1376_0004.jpg,yolo_sam3,SAM3 YOLO bbox,SAM3,overlap__low_mask_area,overlap,low_mask_area,10,0.002324104309082,0.2711621233859397,0.47130242825607066,0.6406601650412603,0.5382918373778758,0.7911069939786939,1.4696618805002315
P1377_0010.jpg,yolo_sam3,SAM3 YOLO bbox,SAM3,overlap__low_mask_area,overlap,low_mask_area,20,0.004012107849121,0.2214182344428364,0.4715008982524906,0.6408435072142065,0.5426691729323309,0.7823848238482385,1.4417344173441735
P1384_0028.jpg,yolo_sam3,SAM3 YOLO bbox,SAM3,overlap__low_mask_area,overlap,low_mask_area,84,0.0044097900390625,0.1224489795918367,0.10898617511520738,0.196551007687513,0.3400431344356578,0.13822326125073056,0.4064874342489772
P1429_0003.jpg,yolo_sam3,SAM3 YOLO bbox,SAM3,overlap__low_mask_area,overlap,low_mask_area,3,0.0044965744018554,0.1645848640705363,0.060457289087925234,0.11402116749072119,0.06057861144402018,0.9679358717434869,15.978178579380984
P1474_0017.jpg,yolo_sam3,SAM3 YOLO bbox,SAM3,overlap__low_mask_area,overlap,low_mask_area,13,0.0007038116455078,0.1475409836065573,0.1209563994374121,0.21580928481806774,0.35390946502057613,0.1552346570397112,0.43862815884476536
P1474_0018.jpg,yolo_sam3,SAM3 YOLO bbox,SAM3,overlap__low_mask_area,overlap,low_mask_area,17,0.0007667541503906,0.2191780821917808,0.2340686274509804,0.37934458788480635,0.47277227722772275,0.3167495854063018,0.6699834162520729
P1809_0036.jpg,yolo_sam3,SAM3 YOLO bbox,SAM3,overlap__low_mask_area,overlap,low_mask_area,3,0.0006475448608398,0.09009009009009,0.44841269841269843,0.6191780821917808,0.6699604743083004,0.5755517826825127,0.8590831918505942
P1854_0047.jpg,yolo_sam3,SAM3 YOLO bbox,SAM3,overlap__low_mask_area,overlap,low_mask_area,9,0.0042552947998046,0.1981735159817351,0.37109932694268816,0.5413164745258461,0.3887820512820513,0.8908200734394125,2.291309669522644
P2285_0007.jpg,yolo_sam3,SAM3 YOLO bbox,SAM3,overlap__low_mask_area,overlap,low_mask_area,19,0.0025081634521484,0.2295081967213114,0.449501246882793,0.6202150537634409,0.5978441127694859,0.644325290437891,1.0777479892761395
P2286_0004.jpg,yolo_sam3,SAM3 YOLO bbox,SAM3,overlap__low_mask_area,overlap,low_mask_area,91,0.0023612976074218,0.2222222222222222,0.11293054771315642,0.20294266869609334,0.5,0.1273074474856779,0.2546148949713558
P2331_0001.jpg,yolo_sam3,SAM3 YOLO bbox,SAM3,overlap__low_mask_area,overlap,low_mask_area,53,0.0028228759765625,0.2057142857142857,0.006124234470691163,0.01217391304347826,0.008915304606240713,0.019186843307446324,2.152124257651896
P2337_0001.jpg,yolo_sam3,SAM3 YOLO bbox,SAM3,overlap__low_mask_area,overlap,low_mask_area,11,0.0004472732543945,0.0862068965517241,0.0,0.0,0.0,0.0,0.0
P2363_0003.jpg,yolo_sam3,SAM3 YOLO bbox,SAM3,overlap__low_mask_area,overlap,low_mask_area,27,0.0012645721435546,0.2397260273972602,0.2506194690265487,0.4007925275969431,0.2775382203057625,0.7209775967413442,2.5977596741344198
P2404_0002.jpg,yolo_sam3,SAM3 YOLO bbox,SAM3,overlap__low_mask_area,overlap,low_mask_area,30,0.0014076232910156,0.2347826086956521,0.15922190201729106,0.2747047855811063,0.20839226779820838,0.4029170464904284,1.9334548769371012
P2404_0027.jpg,yolo_sam3,SAM3 YOLO bbox,SAM3,overlap__low_mask_area,overlap,low_mask_area,15,0.0005922317504882,0.3555555555555555,0.25592885375494073,0.4075531077891424,0.31280193236714976,0.5846501128668171,1.8690744920993227
P2420_0001.jpg,yolo_sam3,SAM3 YOLO bbox,SAM3,overlap__low_mask_area,overlap,low_mask_area,19,0.0006084442138671,0.3684210526315789,0.0,0.0,0.0,0.0,0.0
P2462_0000.jpg,yolo_sam3,SAM3 YOLO bbox,SAM3,overlap__low_mask_area,overlap,low_mask_area,57,0.0019330978393554,0.0780487804878048,0.1276595744680851,0.22641509433962265,0.3756345177664975,0.16204379562043797,0.4313868613138686
P2547_0006.jpg,yolo_sam3,SAM3 YOLO bbox,SAM3,overlap__low_mask_area,overlap,low_mask_area,72,0.0020599365234375,0.217391304347826,0.0,0.0,0.0,0.0,0.10814606741573034
P2547_0011.jpg,yolo_sam3,SAM3 YOLO bbox,SAM3,overlap__low_mask_area,overlap,low_mask_area,109,0.003453254699707,0.2903225806451613,0.048006194347657766,0.09161433321019578,0.5535714285714286,0.04993958920660491,0.09021345146999597
P2645_0010.jpg,yolo_sam3,SAM3 YOLO bbox,SAM3,overlap__low_mask_area,overlap,low_mask_area,32,0.0027751922607421,0.2254098360655737,0.23731629392971246,0.38359843007643046,0.2536192297186561,0.786864406779661,3.102542372881356
P2689_0002.jpg,yolo_sam3,SAM3 YOLO bbox,SAM3,overlap__low_mask_area,overlap,low_mask_area,80,0.0040006637573242,0.3333333333333333,0.0,0.0,0.0,0.0,0.0
P2689_0006.jpg,yolo_sam3,SAM3 YOLO bbox,SAM3,overlap__low_mask_area,overlap,low_mask_area,19,0.001051902770996,0.08,0.3665318503538928,0.536440991490936,0.3831923890063425,0.8939580764488286,2.3329223181257706
P2709_0000.jpg,yolo_sam3,SAM3 YOLO bbox,SAM3,overlap__low_mask_area,overlap,low_mask_area,13,0.0021448135375976,0.1384615384615384,0.4846897663174859,0.6529172320217096,0.6823596142938173,0.6259105098855359,0.9172736732570239
P2709_0001.jpg,yolo_sam3,SAM3 YOLO bbox,SAM3,overlap__low_mask_area,overlap,low_mask_area,15,0.0022134780883789,0.2,0.3687040181097906,0.5387636965060988,0.4541652143604043,0.6620934959349594,1.4578252032520325
P2778_0007.jpg,yolo_sam3,SAM3 YOLO bbox,SAM3,overlap__low_mask_area,overlap,low_mask_area,10,0.002511978149414,0.0525606469002695,0.3457826269408309,0.5138758964764577,0.4014616321559074,0.7137288869640537,1.7778258986574274
P0060_0009.jpg,gt_box_sam3,SAM3 GT bbox,SAM3,no_overlap__high_mask_area,no_overlap,high_mask_area,37,0.0057315826416015,0.0,0.57744702320888,0.7321285782824244,0.6159849300322928,0.9022467481277099,1.4647221127315728
P0199_0002.jpg,gt_box_sam3,SAM3 GT bbox,SAM3,no_overlap__high_mask_area,no_overlap,high_mask_area,50,0.0199432373046875,0.0,0.5996577973322159,0.7497325969745258,0.6361312787079567,0.9127292054212065,1.4348126494817965
P0331_0003.jpg,gt_box_sam3,SAM3 GT bbox,SAM3,no_overlap__high_mask_area,no_overlap,high_mask_area,9,0.0047893524169921,0.0,0.6068076761451183,0.7552959637346351,0.6327782646801051,0.9366486486486486,1.4802162162162162
P0725_0000.jpg,gt_box_sam3,SAM3 GT bbox,SAM3,no_overlap__high_mask_area,no_overlap,high_mask_area,17,0.0089015960693359,0.0,0.7398996567203592,0.8505084231294582,0.7559352517985611,0.9721290621024633,1.2859951428241008
P0725_0002.jpg,gt_box_sam3,SAM3 GT bbox,SAM3,no_overlap__high_mask_area,no_overlap,high_mask_area,20,0.0104885101318359,0.0,0.7606448626966985,0.864052573932092,0.7798956026573869,0.9685689028582654,1.2419212258127885
P0761_0003.jpg,gt_box_sam3,SAM3 GT bbox,SAM3,no_overlap__high_mask_area,no_overlap,high_mask_area,15,0.007730484008789,0.0,0.6917217879334536,0.8177725118483412,0.7316090735637057,0.9269406392694064,1.2669889873757723
P0801_0002.jpg,gt_box_sam3,SAM3 GT bbox,SAM3,no_overlap__high_mask_area,no_overlap,high_mask_area,61,0.0379505157470703,0.0,0.714734959817483,0.8336389897754923,0.7435425932261376,0.9485801576693309,1.2757576584194876
P0887_0004.jpg,gt_box_sam3,SAM3 GT bbox,SAM3,no_overlap__high_mask_area,no_overlap,high_mask_area,22,0.0117864608764648,0.0,0.7288469106650924,0.8431595720464375,0.7408987865048673,0.9781690140845071,1.3202464788732395
P0887_0008.jpg,gt_box_sam3,SAM3 GT bbox,SAM3,no_overlap__high_mask_area,no_overlap,high_mask_area,13,0.0078229904174804,0.0,0.7917232021709634,0.883756152972359,0.8437161103747439,0.9277858751821916,1.099642241950444
P1088_0000.jpg,gt_box_sam3,SAM3 GT bbox,SAM3,no_overlap__high_mask_area,no_overlap,high_mask_area,15,0.00994873046875,0.0,0.7967649360813984,0.8868883403513866,0.8304178373969002,0.9515995014540922,1.1459285417532197
P1122_0017.jpg,gt_box_sam3,SAM3 GT bbox,SAM3,no_overlap__high_mask_area,no_overlap,high_mask_area,5,0.0090446472167968,0.0,0.8112904748418767,0.8958148746547141,0.8503859093607757,0.9463715449840326,1.1128730316044488
P1143_0005.jpg,gt_box_sam3,SAM3 GT bbox,SAM3,no_overlap__high_mask_area,no_overlap,high_mask_area,3,0.0054092407226562,0.0,0.6812395525266812,0.8104015296367113,0.6952755905511812,0.9712190650779102,1.3968835930339139
P1147_0029.jpg,gt_box_sam3,SAM3 GT bbox,SAM3,no_overlap__high_mask_area,no_overlap,high_mask_area,3,0.0055389404296875,0.0,0.8108497359577532,0.8955461293743372,0.8812173913043478,0.9103485447358965,1.0330578512396693
P1471_0007.jpg,gt_box_sam3,SAM3 GT bbox,SAM3,no_overlap__high_mask_area,no_overlap,high_mask_area,44,0.0236873626708984,0.0,0.5932348993288591,0.7446923232459393,0.6040345506232233,0.97074327886136,1.6070989281321384
P1471_0017.jpg,gt_box_sam3,SAM3 GT bbox,SAM3,no_overlap__high_mask_area,no_overlap,high_mask_area,47,0.0290870666503906,0.0,0.680878828229028,0.8101462363547063,0.7326627693718478,0.9059565571737359,1.236525991283087
P1471_0023.jpg,gt_box_sam3,SAM3 GT bbox,SAM3,no_overlap__high_mask_area,no_overlap,high_mask_area,38,0.0237340927124023,0.0,0.6425500093475416,0.7823810607785112,0.6939228750252372,0.8966866684059484,1.2921993216801462
P1476_0003.jpg,gt_box_sam3,SAM3 GT bbox,SAM3,no_overlap__high_mask_area,no_overlap,high_mask_area,13,0.0171136856079101,0.0,0.8504751847940866,0.9191965304724948,0.8921134249003101,0.9479755178907722,1.0626177024482109
P1854_0015.jpg,gt_box_sam3,SAM3 GT bbox,SAM3,no_overlap__high_mask_area,no_overlap,high_mask_area,14,0.0058765411376953,0.0,0.5578084555651424,0.7161451121572971,0.5851340649394728,0.9227475468331846,1.5769848349687778
P1854_0017.jpg,gt_box_sam3,SAM3 GT bbox,SAM3,no_overlap__high_mask_area,no_overlap,high_mask_area,15,0.0063047409057617,0.0,0.45551834000490155,0.625919066060504,0.4725423728813559,0.9267076616253948,1.9611101878012298
P1854_0044.jpg,gt_box_sam3,SAM3 GT bbox,SAM3,no_overlap__high_mask_area,no_overlap,high_mask_area,15,0.0063352584838867,0.0,0.5095975232198142,0.6751435602953241,0.5214990495157056,0.9571357368333611,1.8353547100847316
P1854_0058.jpg,gt_box_sam3,SAM3 GT bbox,SAM3,no_overlap__high_mask_area,no_overlap,high_mask_area,13,0.0055618286132812,0.0,0.5210010881392818,0.6850765488624982,0.5502183406113537,0.9075056861258529,1.649355572403336
P2027_0004.jpg,gt_box_sam3,SAM3 GT bbox,SAM3,no_overlap__high_mask_area,no_overlap,high_mask_area,88,0.1279077529907226,0.0,0.7999721835883171,0.8888717179990419,0.8664567735715469,0.9124771952090108,1.0531133497263425
P2577_0000.jpg,gt_box_sam3,SAM3 GT bbox,SAM3,no_overlap__high_mask_area,no_overlap,high_mask_area,3,0.0065650939941406,0.0,0.11843770372358783,0.21179132879600898,0.11939923454594657,0.9363346975898136,7.8420494164013945
P2598_0006.jpg,gt_box_sam3,SAM3 GT bbox,SAM3,no_overlap__high_mask_area,no_overlap,high_mask_area,16,0.0115852355957031,0.0,0.7977218582489577,0.8874808464819647,0.8336575118649343,0.9487338409775102,1.1380378962280857
P2766_0010.jpg,gt_box_sam3,SAM3 GT bbox,SAM3,no_overlap__high_mask_area,no_overlap,high_mask_area,22,0.0049219131469726,0.0,0.5243919197471486,0.6880014423510322,0.5832187070151307,0.8386813186813187,1.438021978021978
P2766_0022.jpg,gt_box_sam3,SAM3 GT bbox,SAM3,no_overlap__high_mask_area,no_overlap,high_mask_area,25,0.0062389373779296,0.0,0.5298390701832811,0.6926729490832055,0.598989260897031,0.8210945618288881,1.3708001385521302
P2778_0005.jpg,gt_box_sam3,SAM3 GT bbox,SAM3,no_overlap__high_mask_area,no_overlap,high_mask_area,23,0.0055732727050781,0.0,0.5094633943427621,0.6750258353427488,0.5228946525776497,0.9520015546055188,1.8206373882627283
P2794_0003.jpg,gt_box_sam3,SAM3 GT bbox,SAM3,no_overlap__high_mask_area,no_overlap,high_mask_area,12,0.0083093643188476,0.0,0.47234752518074524,0.641625047215344,0.48422652983656406,0.9506280313393857,1.9631886581270985
P2794_0004.jpg,gt_box_sam3,SAM3 GT bbox,SAM3,no_overlap__high_mask_area,no_overlap,high_mask_area,11,0.0078897476196289,0.0,0.7241310026120152,0.8399953385386318,0.7579390115667718,0.9419759539989545,1.2428123366440147
P2794_0015.jpg,gt_box_sam3,SAM3 GT bbox,SAM3,no_overlap__high_mask_area,no_overlap,high_mask_area,10,0.0064525604248046,0.0,0.5950329447541814,0.7461074038767079,0.6245345249494627,0.9264520202020202,1.4834280303030303
P2802_0010.jpg,gt_box_sam3,SAM3 GT bbox,SAM3,no_overlap__high_mask_area,no_overlap,high_mask_area,37,0.0080957412719726,0.0,0.6466310751104566,0.7853988484543575,0.6739902139499184,0.9409322260916153,1.3960621484061078
P2802_0029.jpg,gt_box_sam3,SAM3 GT bbox,SAM3,no_overlap__high_mask_area,no_overlap,high_mask_area,20,0.007145881652832,0.0,0.5760263326323489,0.7309856703602715,0.600057148299838,0.9349955476402493,1.55817750074206
P0019_0015.jpg,gt_box_sam3,SAM3 GT bbox,SAM3,no_overlap__low_mask_area,no_overlap,low_mask_area,1,0.0008764266967773,0.0,0.5349872773536896,0.6970576046415251,0.541881443298969,0.9767711962833914,1.802555168408827
P0110_0002.jpg,gt_box_sam3,SAM3 GT bbox,SAM3,no_overlap__low_mask_area,no_overlap,low_mask_area,2,2.86102294921875e-05,0.0,0.0,0.0,0.0,0.0,0.0
P0932_0001.jpg,gt_box_sam3,SAM3 GT bbox,SAM3,no_overlap__low_mask_area,no_overlap,low_mask_area,1,9.632110595703124e-05,0.0,0.0033335979045956026,0.006645043904754371,0.0033335979045956026,1.0,299.9761904761905
P0945_0001.jpg,gt_box_sam3,SAM3 GT bbox,SAM3,no_overlap__low_mask_area,no_overlap,low_mask_area,8,0.0013027191162109,0.0,0.5098128708352351,0.6753325272067715,0.5226953673373889,0.9538855678906917,1.824935952177626
P0961_0003.jpg,gt_box_sam3,SAM3 GT bbox,SAM3,no_overlap__low_mask_area,no_overlap,low_mask_area,7,0.001312255859375,0.0,0.6423027166882277,0.7821977156360772,0.7438202247191011,0.824750830564784,1.1088039867109634
P0974_0003.jpg,gt_box_sam3,SAM3 GT bbox,SAM3,no_overlap__low_mask_area,no_overlap,low_mask_area,2,0.0004663467407226,0.0,0.6693811074918566,0.8019512195121952,0.6861435726210351,0.9647887323943662,1.4061032863849765
P0998_0001.jpg,gt_box_sam3,SAM3 GT bbox,SAM3,no_overlap__low_mask_area,no_overlap,low_mask_area,4,0.0028486251831054,0.0,0.826046511627907,0.9047376464595007,0.8574187318957194,0.9575844716031632,1.1168224299065421
P0998_0003.jpg,gt_box_sam3,SAM3 GT bbox,SAM3,no_overlap__low_mask_area,no_overlap,low_mask_area,7,0.0044116973876953,0.0,0.536766730928119,0.6985663082437276,0.5694667640613587,0.9033603707995365,1.586326767091541
P1005_0007.jpg,gt_box_sam3,SAM3 GT bbox,SAM3,no_overlap__low_mask_area,no_overlap,low_mask_area,1,0.0001716613769531,0.0,0.0890125173852573,0.16347381864623245,0.09052333804809053,0.8421052631578947,9.302631578947368
P1023_0003.jpg,gt_box_sam3,SAM3 GT bbox,SAM3,no_overlap__low_mask_area,no_overlap,low_mask_area,7,0.0010700225830078,0.0,0.3680555555555556,0.5380710659898477,0.37746124842899037,0.9365904365904366,2.4812889812889813
P1134_0000.jpg,gt_box_sam3,SAM3 GT bbox,SAM3,no_overlap__low_mask_area,no_overlap,low_mask_area,1,0.0038614273071289,0.0,0.9435125801677355,0.9709353978931337,0.9533898305084746,0.9891388673390225,1.0374967675200413
P1147_0022.jpg,gt_box_sam3,SAM3 GT bbox,SAM3,no_overlap__low_mask_area,no_overlap,low_mask_area,1,0.0005121231079101,0.0,0.1022579244463743,0.18554264329328343,0.1028608866564752,0.9457831325301205,9.194779116465863
P1179_0045.jpg,gt_box_sam3,SAM3 GT bbox,SAM3,no_overlap__low_mask_area,no_overlap,low_mask_area,2,0.000594139099121,0.0,0.3310643564356436,0.497443049744305,0.33521303258145363,0.963963963963964,2.8756756756756756
P1376_0018.jpg,gt_box_sam3,SAM3 GT bbox,SAM3,no_overlap__low_mask_area,no_overlap,low_mask_area,1,0.0002927780151367,0.0,0.7515923566878981,0.8581818181818182,0.8676470588235294,0.8489208633093526,0.9784172661870504
P1377_0002.jpg,gt_box_sam3,SAM3 GT bbox,SAM3,no_overlap__low_mask_area,no_overlap,low_mask_area,2,0.0003080368041992,0.0,0.5883905013192612,0.7408637873754153,0.6716867469879518,0.825925925925926,1.2296296296296296
P1384_0012.jpg,gt_box_sam3,SAM3 GT bbox,SAM3,no_overlap__low_mask_area,no_overlap,low_mask_area,9,0.0008420944213867,0.0,0.3363896848137536,0.5034305317324185,0.35792682926829267,0.8482658959537572,2.3699421965317917
P1390_0022.jpg,gt_box_sam3,SAM3 GT bbox,SAM3,no_overlap__low_mask_area,no_overlap,low_mask_area,2,0.0004186630249023,0.0,0.6964656964656964,0.821078431372549,0.777262180974478,0.8701298701298701,1.1194805194805195
P1397_0011.jpg,gt_box_sam3,SAM3 GT bbox,SAM3,no_overlap__low_mask_area,no_overlap,low_mask_area,2,0.0003995895385742,0.0,0.6903353057199211,0.8168028004667445,0.7056451612903226,0.9695290858725761,1.373961218836565
P1397_0032.jpg,gt_box_sam3,SAM3 GT bbox,SAM3,no_overlap__low_mask_area,no_overlap,low_mask_area,2,0.0001659393310546,0.0,0.35097493036211697,0.5195876288659794,0.3620689655172414,0.9197080291970803,2.54014598540146
P1410_0005.jpg,gt_box_sam3,SAM3 GT bbox,SAM3,no_overlap__low_mask_area,no_overlap,low_mask_area,7,0.000925064086914,0.0,0.6573741007194245,0.7932718393922952,0.7028846153846153,0.9103362391033624,1.2951432129514322
P2168_0003.jpg,gt_box_sam3,SAM3 GT bbox,SAM3,no_overlap__low_mask_area,no_overlap,low_mask_area,19,0.0030202865600585,0.0,0.5985452839042703,0.7488624688096287,0.6170778906627963,0.952220977976857,1.5431131019036954
P2271_0006.jpg,gt_box_sam3,SAM3 GT bbox,SAM3,no_overlap__low_mask_area,no_overlap,low_mask_area,1,5.245208740234375e-05,0.0,0.15267175572519084,0.26490066225165565,0.1532567049808429,0.975609756097561,6.365853658536586
P2271_0016.jpg,gt_box_sam3,SAM3 GT bbox,SAM3,no_overlap__low_mask_area,no_overlap,low_mask_area,3,0.0001716613769531,0.0,0.4,0.5714285714285714,0.47619047619047616,0.7142857142857143,1.5
P2477_0005.jpg,gt_box_sam3,SAM3 GT bbox,SAM3,no_overlap__low_mask_area,no_overlap,low_mask_area,14,0.0002861022949218,0.0,0.0,0.0,0.0,0.0,0.0
P2570_0001.jpg,gt_box_sam3,SAM3 GT bbox,SAM3,no_overlap__low_mask_area,no_overlap,low_mask_area,5,0.0011091232299804,0.0,0.610145934676859,0.7578765645230902,0.6591591591591591,0.8913705583756345,1.3522842639593908
P2571_0000.jpg,gt_box_sam3,SAM3 GT bbox,SAM3,no_overlap__low_mask_area,no_overlap,low_mask_area,1,0.0007095336914062,0.0,0.8276729559748428,0.905712319339298,0.875,0.9386590584878745,1.072753209700428
P2599_0001.jpg,gt_box_sam3,SAM3 GT bbox,SAM3,no_overlap__low_mask_area,no_overlap,low_mask_area,3,0.0012168884277343,0.0,0.6994981179422836,0.8231819859726837,0.7165809768637532,0.9670424978317432,1.349522983521249
P2766_0016.jpg,gt_box_sam3,SAM3 GT bbox,SAM3,no_overlap__low_mask_area,no_overlap,low_mask_area,15,0.0030765533447265,0.0,0.58457312886244,0.7378304203380037,0.6218651083515948,0.9069602272727273,1.4584517045454546
P2778_0003.jpg,gt_box_sam3,SAM3 GT bbox,SAM3,no_overlap__low_mask_area,no_overlap,low_mask_area,4,0.0010662078857421,0.0,0.5953307392996109,0.7463414634146341,0.6309278350515464,0.9134328358208955,1.4477611940298507
P2791_0000.jpg,gt_box_sam3,SAM3 GT bbox,SAM3,no_overlap__low_mask_area,no_overlap,low_mask_area,1,0.000192642211914,0.0,0.7463414634146341,0.8547486033519553,0.8225806451612904,0.8895348837209303,1.0813953488372092
P2794_0000.jpg,gt_box_sam3,SAM3 GT bbox,SAM3,no_overlap__low_mask_area,no_overlap,low_mask_area,1,0.0007314682006835,0.0,0.7576923076923077,0.862144420131291,0.9022900763358779,0.8254189944134078,0.914804469273743
P2802_0012.jpg,gt_box_sam3,SAM3 GT bbox,SAM3,no_overlap__low_mask_area,no_overlap,low_mask_area,1,0.0002107620239257,0.0,0.33457943925233646,0.5014005602240896,0.342911877394636,0.9322916666666666,2.71875
P0007_0002.jpg,gt_box_sam3,SAM3 GT bbox,SAM3,overlap__high_mask_area,overlap,high_mask_area,70,0.2087612152099609,0.0865297034713085,0.7937188623320931,0.8849980663080547,0.8140054731617008,0.9695569068700379,1.1910938425317406
P0161_0001.jpg,gt_box_sam3,SAM3 GT bbox,SAM3,overlap__high_mask_area,overlap,high_mask_area,393,0.0190505981445312,0.2898550724637681,0.026184865147944488,0.05103342689461597,0.49504950495049505,0.026903416733925208,0.05434490180252892
P0257_0000.jpg,gt_box_sam3,SAM3 GT bbox,SAM3,overlap__high_mask_area,overlap,high_mask_area,52,0.0091314315795898,0.2748091603053435,0.6051373033014502,0.7540006727858138,0.6275497960163187,0.9442705825710159,1.504694270582571
P0259_0005.jpg,gt_box_sam3,SAM3 GT bbox,SAM3,overlap__high_mask_area,overlap,high_mask_area,78,0.019169807434082,0.1497005988023952,0.6773981026001406,0.8076772014348931,0.755696016463325,0.8673377572826454,1.1477336632549768
P0331_0007.jpg,gt_box_sam3,SAM3 GT bbox,SAM3,overlap__high_mask_area,overlap,high_mask_area,7,0.0045595169067382,0.3187183811129848,0.7255482074486599,0.8409480584972264,0.7625754527162978,0.9372751798561151,1.2290917266187051
P1007_0014.jpg,gt_box_sam3,SAM3 GT bbox,SAM3,overlap__high_mask_area,overlap,high_mask_area,28,0.0049676895141601,0.208955223880597,0.4470718232044199,0.6178985949908369,0.4704651162790698,0.8999110320284698,1.9128113879003559
P1090_0005.jpg,gt_box_sam3,SAM3 GT bbox,SAM3,overlap__high_mask_area,overlap,high_mask_area,118,0.017913818359375,0.2304761904761904,0.5632327464646871,0.720599984536481,0.6127010562300039,0.8746246246246246,1.42748998998999
P1122_0003.jpg,gt_box_sam3,SAM3 GT bbox,SAM3,overlap__high_mask_area,overlap,high_mask_area,10,0.0090494155883789,0.0707444492816717,0.6953733766233766,0.8203188586201944,0.7128473955733067,0.9659488104634119,1.355056939903033
P1380_0023.jpg,gt_box_sam3,SAM3 GT bbox,SAM3,overlap__high_mask_area,overlap,high_mask_area,103,0.0130224227905273,0.2729007633587786,0.5283800103513716,0.6914249162809949,0.6150756460034811,0.7894148981871295,1.2834435948105507
P1410_0032.jpg,gt_box_sam3,SAM3 GT bbox,SAM3,overlap__high_mask_area,overlap,high_mask_area,29,0.0053348541259765,0.1013793103448275,0.5821490237747377,0.7358965748824715,0.6188929680881107,0.9074534161490683,1.4662525879917185
P1432_0011.jpg,gt_box_sam3,SAM3 GT bbox,SAM3,overlap__high_mask_area,overlap,high_mask_area,96,0.0145807266235351,0.2277039848197343,0.4991937581274382,0.6659496218166678,0.6064454976303317,0.738401169500654,1.217588674309456
P1432_0016.jpg,gt_box_sam3,SAM3 GT bbox,SAM3,overlap__high_mask_area,overlap,high_mask_area,85,0.0122556686401367,0.1988636363636363,0.39525563958373733,0.5665709255999258,0.5705887841746757,0.5626092556812954,0.9860152727941853
P1809_0002.jpg,gt_box_sam3,SAM3 GT bbox,SAM3,overlap__high_mask_area,overlap,high_mask_area,26,0.009709358215332,0.2398042414355628,0.5433893684688778,0.70415072122461,0.5762665198237885,0.9049832450545887,1.570424818938493
P1809_0025.jpg,gt_box_sam3,SAM3 GT bbox,SAM3,overlap__high_mask_area,overlap,high_mask_area,148,0.031768798828125,0.1659751037344398,0.57973387390197,0.7339639713745167,0.7044909044972208,0.7660107825967515,1.0873252978949899
P1829_0000.jpg,gt_box_sam3,SAM3 GT bbox,SAM3,overlap__high_mask_area,overlap,high_mask_area,58,0.0628290176391601,0.1666666666666666,0.735780752388535,0.847780748088211,0.7628364696322856,0.9540131621394928,1.2506129427705013
P1854_0048.jpg,gt_box_sam3,SAM3 GT bbox,SAM3,overlap__high_mask_area,overlap,high_mask_area,51,0.0251674652099609,0.3842165898617511,0.5403437008954182,0.7015884838965624,0.5751606223118993,0.8992569839359097,1.5634884396662654
P1854_0069.jpg,gt_box_sam3,SAM3 GT bbox,SAM3,overlap__high_mask_area,overlap,high_mask_area,65,0.0276927947998046,0.2989365892083497,0.62094493856357,0.7661517967585397,0.6600541027953111,0.912890669286875,1.383054306337629
P1960_0002.jpg,gt_box_sam3,SAM3 GT bbox,SAM3,overlap__high_mask_area,overlap,high_mask_area,52,0.0601720809936523,0.4818043146655044,0.7605153315138866,0.8639689957825145,0.7912560547853683,0.9513983029572727,1.2023899181603654
P1973_0001.jpg,gt_box_sam3,SAM3 GT bbox,SAM3,overlap__high_mask_area,overlap,high_mask_area,15,0.022261619567871,0.4707508060801474,0.8720671070227337,0.9316622291490789,0.902798170910769,0.962432915921288,1.0660554561717352
P1973_0002.jpg,gt_box_sam3,SAM3 GT bbox,SAM3,overlap__high_mask_area,overlap,high_mask_area,57,0.1081457138061523,0.4323593636269107,0.8293002574303768,0.906685771307218,0.844491754313495,0.9787688511609921,1.159003443386672
P2027_0005.jpg,gt_box_sam3,SAM3 GT bbox,SAM3,overlap__high_mask_area,overlap,high_mask_area,92,0.1340551376342773,0.2566524476944952,0.7899618436513909,0.8826577465360118,0.8604102704218466,0.9060862585940576,1.0530862888814854
P2197_0003.jpg,gt_box_sam3,SAM3 GT bbox,SAM3,overlap__high_mask_area,overlap,high_mask_area,185,0.0270919799804687,0.0526315789473684,0.3872805887237637,0.5583305812417437,0.551388152798728,0.5654500606212635,1.0255027384087962
P2242_0004.jpg,gt_box_sam3,SAM3 GT bbox,SAM3,overlap__high_mask_area,overlap,high_mask_area,136,0.0197610855102539,0.1692047377326565,0.4444648026677416,0.615404130092851,0.5523727115402132,0.6946735395189003,1.2576174112256586
P2455_0004.jpg,gt_box_sam3,SAM3 GT bbox,SAM3,overlap__high_mask_area,overlap,high_mask_area,74,0.0046644210815429,0.3559322033898305,0.26644245142002987,0.42077308940690467,0.4683087027914614,0.38199839271363517,0.8156978301634075
P2592_0000.jpg,gt_box_sam3,SAM3 GT bbox,SAM3,overlap__high_mask_area,overlap,high_mask_area,51,0.0099868774414062,0.171875,0.5638364560841401,0.7210938891858186,0.6081436405980016,0.8855705065091347,1.4561864128651132
P2593_0000.jpg,gt_box_sam3,SAM3 GT bbox,SAM3,overlap__high_mask_area,overlap,high_mask_area,58,0.0110769271850585,0.2676056338028169,0.48960082676656763,0.6573584251149076,0.5875513526083249,0.7459895679559099,1.269658498179313
P2625_0009.jpg,gt_box_sam3,SAM3 GT bbox,SAM3,overlap__high_mask_area,overlap,high_mask_area,43,0.0850152969360351,0.4138590895911858,0.8439304607680814,0.9153603985874237,0.8593118761500427,0.979230607033245,1.139552046482206
P2630_0001.jpg,gt_box_sam3,SAM3 GT bbox,SAM3,overlap__high_mask_area,overlap,high_mask_area,54,0.0554580688476562,0.06875753920386,0.7316973530364714,0.8450637771703762,0.7611964358989389,0.9497001389599942,1.2476413369414174
P2678_0009.jpg,gt_box_sam3,SAM3 GT bbox,SAM3,overlap__high_mask_area,overlap,high_mask_area,86,0.0145559310913085,0.3089887640449438,0.5379944289693593,0.6996051726011518,0.6682582520240814,0.7340377014290058,1.098434174521131
P2771_0005.jpg,gt_box_sam3,SAM3 GT bbox,SAM3,overlap__high_mask_area,overlap,high_mask_area,43,0.0064725875854492,0.3074534161490683,0.518454240425778,0.6828710758914965,0.615015097447159,0.7675573826652964,1.248030147310723
P2781_0005.jpg,gt_box_sam3,SAM3 GT bbox,SAM3,overlap__high_mask_area,overlap,high_mask_area,66,0.1247196197509765,0.4931031764798613,0.7101245558549061,0.8304945431298233,0.7922432444205666,0.8726269492203119,1.1014634146341464
P2791_0013.jpg,gt_box_sam3,SAM3 GT bbox,SAM3,overlap__high_mask_area,overlap,high_mask_area,31,0.0086574554443359,0.2568093385214007,0.5505384470054789,0.7101255026197149,0.7068526379624015,0.7134288162565797,1.0093034643163177
P0027_0002.jpg,gt_box_sam3,SAM3 GT bbox,SAM3,overlap__low_mask_area,overlap,low_mask_area,13,0.0022802352905273,0.1021671826625387,0.6669101533966398,0.8001752848378615,0.727200318598168,0.8894301022893327,1.2230881636629323
P0117_0000.jpg,gt_box_sam3,SAM3 GT bbox,SAM3,overlap__low_mask_area,overlap,low_mask_area,21,0.0014848709106445,0.1877934272300469,0.43041666666666667,0.6018060005825808,0.47104423164614684,0.8330645161290322,1.7685483870967742
P0795_0002.jpg,gt_box_sam3,SAM3 GT bbox,SAM3,overlap__low_mask_area,overlap,low_mask_area,5,0.0023584365844726,0.0705421293272371,0.6577764459094996,0.7935647143890094,0.6720759338640538,0.968667255075022,1.441306266548985
P0953_0004.jpg,gt_box_sam3,SAM3 GT bbox,SAM3,overlap__low_mask_area,overlap,low_mask_area,5,0.0005550384521484,0.1366120218579235,0.6453488372093024,0.784452296819788,0.6873065015479877,0.9135802469135802,1.3292181069958848
P1030_0003.jpg,gt_box_sam3,SAM3 GT bbox,SAM3,overlap__low_mask_area,overlap,low_mask_area,27,0.0043010711669921,0.161344537815126,0.5833333333333334,0.7368421052631579,0.6097809475292919,0.9307931570762052,1.526438569206843
P1030_0004.jpg,gt_box_sam3,SAM3 GT bbox,SAM3,overlap__low_mask_area,overlap,low_mask_area,21,0.0035085678100585,0.0682226211849192,0.6561797752808989,0.7924016282225237,0.6909607193563654,0.9287531806615776,1.344147582697201
P1184_0013.jpg,gt_box_sam3,SAM3 GT bbox,SAM3,overlap__low_mask_area,overlap,low_mask_area,39,0.0022544860839843,0.226950354609929,0.37273337810611146,0.5430528375733855,0.49267643142476697,0.6049046321525886,1.2277929155313352
P1376_0004.jpg,gt_box_sam3,SAM3 GT bbox,SAM3,overlap__low_mask_area,overlap,low_mask_area,10,0.002324104309082,0.2711621233859397,0.5887740029542098,0.7411677203421346,0.6191363777570674,0.9231125521074571,1.4909680407596109
P1377_0010.jpg,gt_box_sam3,SAM3 GT bbox,SAM3,overlap__low_mask_area,overlap,low_mask_area,20,0.004012107849121,0.2214182344428364,0.5494753833736885,0.7092405458901969,0.5760704010830936,0.9224932249322493,1.6013550135501355
P1384_0028.jpg,gt_box_sam3,SAM3 GT bbox,SAM3,overlap__low_mask_area,overlap,low_mask_area,84,0.0044097900390625,0.1224489795918367,0.2638914027149321,0.4175855649434341,0.409435551811289,0.4260666277030976,1.0406195207481006
P1429_0003.jpg,gt_box_sam3,SAM3 GT bbox,SAM3,overlap__low_mask_area,overlap,low_mask_area,3,0.0044965744018554,0.1645848640705363,0.06341938068799725,0.11927444964745143,0.06347296813462228,0.9868626141171232,15.547762191048765
P1474_0017.jpg,gt_box_sam3,SAM3 GT bbox,SAM3,overlap__low_mask_area,overlap,low_mask_area,13,0.0007038116455078,0.1475409836065573,0.2838616714697406,0.44219977553310885,0.5845697329376854,0.3555956678700361,0.6083032490974729
P1474_0018.jpg,gt_box_sam3,SAM3 GT bbox,SAM3,overlap__low_mask_area,overlap,low_mask_area,17,0.0007667541503906,0.2191780821917808,0.24387254901960784,0.3921182266009852,0.4830097087378641,0.33001658374792703,0.6832504145936982
P1809_0036.jpg,gt_box_sam3,SAM3 GT bbox,SAM3,overlap__low_mask_area,overlap,low_mask_area,3,0.0006475448608398,0.09009009009009,0.6223224351747464,0.7671994440583739,0.6494117647058824,0.9371816638370118,1.4431239388794568
P1854_0047.jpg,gt_box_sam3,SAM3 GT bbox,SAM3,overlap__low_mask_area,overlap,low_mask_area,9,0.0042552947998046,0.1981735159817351,0.6550347222222223,0.7915661386761775,0.6925477239353891,0.9236230110159118,1.3336597307221543
P2285_0007.jpg,gt_box_sam3,SAM3 GT bbox,SAM3,overlap__low_mask_area,overlap,low_mask_area,19,0.0025081634521484,0.2295081967213114,0.5691699604743083,0.72544080604534,0.6404379062606911,0.8364611260053619,1.306076854334227
P2286_0004.jpg,gt_box_sam3,SAM3 GT bbox,SAM3,overlap__low_mask_area,overlap,low_mask_area,91,0.0023612976074218,0.2222222222222222,0.04363419007770472,0.0836197021764032,0.41714285714285715,0.046467218332272436,0.11139401654996817
P2331_0001.jpg,gt_box_sam3,SAM3 GT bbox,SAM3,overlap__low_mask_area,overlap,low_mask_area,53,0.0028228759765625,0.2057142857142857,0.12216532553035844,0.21773142112125163,0.3799772468714448,0.1525810872544541,0.40155322064869803
P2337_0001.jpg,gt_box_sam3,SAM3 GT bbox,SAM3,overlap__low_mask_area,overlap,low_mask_area,11,0.0004472732543945,0.0862068965517241,0.0,0.0,0.0,0.0,0.0
P2363_0003.jpg,gt_box_sam3,SAM3 GT bbox,SAM3,overlap__low_mask_area,overlap,low_mask_area,27,0.0012645721435546,0.2397260273972602,0.33078994614003593,0.49713322091062395,0.37165910237014627,0.7505091649694501,2.019348268839104
P2404_0002.jpg,gt_box_sam3,SAM3 GT bbox,SAM3,overlap__low_mask_area,overlap,low_mask_area,30,0.0014076232910156,0.2347826086956521,0.22604790419161677,0.36874236874236876,0.33308823529411763,0.41294439380127623,1.2397447584320875
P2404_0027.jpg,gt_box_sam3,SAM3 GT bbox,SAM3,overlap__low_mask_area,overlap,low_mask_area,15,0.0005922317504882,0.3555555555555555,0.3516355140186916,0.5203111495246326,0.4215686274509804,0.6794582392776524,1.6117381489841986
P2420_0001.jpg,gt_box_sam3,SAM3 GT bbox,SAM3,overlap__low_mask_area,overlap,low_mask_area,19,0.0006084442138671,0.3684210526315789,0.2718579234972678,0.42749731471535984,0.381957773512476,0.4853658536585366,1.2707317073170732
P2462_0000.jpg,gt_box_sam3,SAM3 GT bbox,SAM3,overlap__low_mask_area,overlap,low_mask_area,57,0.0019330978393554,0.0780487804878048,0.22475707646810308,0.36702311141773025,0.34793982995421846,0.3883211678832117,1.116058394160584
P2547_0006.jpg,gt_box_sam3,SAM3 GT bbox,SAM3,overlap__low_mask_area,overlap,low_mask_area,72,0.0020599365234375,0.217391304347826,0.0,0.0,0.0,0.0,0.0
P2547_0011.jpg,gt_box_sam3,SAM3 GT bbox,SAM3,overlap__low_mask_area,overlap,low_mask_area,109,0.003453254699707,0.2903225806451613,0.0,0.0,0.0,0.0,0.0
P2645_0010.jpg,gt_box_sam3,SAM3 GT bbox,SAM3,overlap__low_mask_area,overlap,low_mask_area,32,0.0027751922607421,0.2254098360655737,0.33577354807223037,0.5027402265253927,0.3527602119295847,0.8745762711864407,2.479237288135593
P2689_0002.jpg,gt_box_sam3,SAM3 GT bbox,SAM3,overlap__low_mask_area,overlap,low_mask_area,80,0.0040006637573242,0.3333333333333333,0.10867084997147747,0.19603807563673784,0.47095179233621753,0.12378167641325535,0.26283300844704355
P2689_0006.jpg,gt_box_sam3,SAM3 GT bbox,SAM3,overlap__low_mask_area,overlap,low_mask_area,19,0.001051902770996,0.08,0.37114479874542605,0.5413648494090736,0.39183222958057395,0.8754623921085081,2.2342786683107274
P2709_0000.jpg,gt_box_sam3,SAM3 GT bbox,SAM3,overlap__low_mask_area,overlap,low_mask_area,13,0.0021448135375976,0.1384615384615384,0.577639751552795,0.7322834645669292,0.6598497495826378,0.8225806451612904,1.2466181061394381
P2709_0001.jpg,gt_box_sam3,SAM3 GT bbox,SAM3,overlap__low_mask_area,overlap,low_mask_area,15,0.0022134780883789,0.2,0.5574185384372035,0.7158236847450742,0.5962774957698815,0.8953252032520326,1.5015243902439024
P2778_0007.jpg,gt_box_sam3,SAM3 GT bbox,SAM3,overlap__low_mask_area,overlap,low_mask_area,10,0.002511978149414,0.0525606469002695,0.36271748135874066,0.5323443579766537,0.37007607776838547,0.9480294499783456,2.5617150281507146
P0060_0009.jpg,sam3_hybrid_yolo,SAM3 hybrid YOLO bbox,SAM3,no_overlap__high_mask_area,no_overlap,high_mask_area,37,0.0057315826416015,0.0,0.5227454110135674,0.6865828092243187,0.5536102390726878,0.9036263303113914,1.632242806464328
P0199_0002.jpg,sam3_hybrid_yolo,SAM3 hybrid YOLO bbox,SAM3,no_overlap__high_mask_area,no_overlap,high_mask_area,50,0.0199432373046875,0.0,0.5418286677034733,0.7028390106541702,0.5812248018907271,0.8888121179909646,1.5292054212064843
P0331_0003.jpg,sam3_hybrid_yolo,SAM3 hybrid YOLO bbox,SAM3,no_overlap__high_mask_area,no_overlap,high_mask_area,9,0.0047893524169921,0.0,0.5286583413384566,0.6916631755341432,0.670729230144221,0.713945945945946,1.0644324324324324
P0725_0000.jpg,sam3_hybrid_yolo,SAM3 hybrid YOLO bbox,SAM3,no_overlap__high_mask_area,no_overlap,high_mask_area,17,0.0089015960693359,0.0,0.5766321098346876,0.7314732539541496,0.5938965442608758,0.9520064762345322,1.6029836937666242
P0725_0002.jpg,sam3_hybrid_yolo,SAM3 hybrid YOLO bbox,SAM3,no_overlap__high_mask_area,no_overlap,high_mask_area,20,0.0104885101318359,0.0,0.7656200694225308,0.8672534739287788,0.7954918032786885,0.9532462430016698,1.1983105785286319
P0761_0003.jpg,sam3_hybrid_yolo,SAM3 hybrid YOLO bbox,SAM3,no_overlap__high_mask_area,no_overlap,high_mask_area,15,0.007730484008789,0.0,0.23694197738565673,0.3831092835679266,0.2505689105879432,0.8133225893096965,3.24590384098845
P0801_0002.jpg,sam3_hybrid_yolo,SAM3 hybrid YOLO bbox,SAM3,no_overlap__high_mask_area,no_overlap,high_mask_area,61,0.0379505157470703,0.0,0.6979690851861505,0.8221222533149138,0.7247782820502144,0.949671294907117,1.3102921519954172
P0887_0004.jpg,sam3_hybrid_yolo,SAM3 hybrid YOLO bbox,SAM3,no_overlap__high_mask_area,no_overlap,high_mask_area,22,0.0117864608764648,0.0,0.7363526893229864,0.8481602774031979,0.7541623843782117,0.9689260563380282,1.2847711267605635
P0887_0008.jpg,sam3_hybrid_yolo,SAM3 hybrid YOLO bbox,SAM3,no_overlap__high_mask_area,no_overlap,high_mask_area,13,0.0078229904174804,0.0,0.7418252250199385,0.8517791732077447,0.841105800284201,0.8627269113555055,1.0257055783755133
P1088_0000.jpg,sam3_hybrid_yolo,SAM3 hybrid YOLO bbox,SAM3,no_overlap__high_mask_area,no_overlap,high_mask_area,15,0.00994873046875,0.0,0.6708626434653832,0.8030135165078661,0.7003169204606942,0.9410054009140009,1.3436850851682594
P1122_0017.jpg,sam3_hybrid_yolo,SAM3 hybrid YOLO bbox,SAM3,no_overlap__high_mask_area,no_overlap,high_mask_area,5,0.0090446472167968,0.0,0.2149081546764371,0.35378502292409575,0.21705755863379506,0.9559519876665565,4.404140513159343
P1143_0005.jpg,sam3_hybrid_yolo,SAM3 hybrid YOLO bbox,SAM3,no_overlap__high_mask_area,no_overlap,high_mask_area,3,0.0054092407226562,0.0,0.1832196857396976,0.3096968178401403,0.4891175306687772,0.22658111824014665,0.46324472960586616
P1147_0029.jpg,sam3_hybrid_yolo,SAM3 hybrid YOLO bbox,SAM3,no_overlap__high_mask_area,no_overlap,high_mask_area,3,0.0055389404296875,0.0,0.15996249413970934,0.2758063212351467,0.16223412685833835,0.9195113187208049,5.667804527488322
P1471_0007.jpg,sam3_hybrid_yolo,SAM3 hybrid YOLO bbox,SAM3,no_overlap__high_mask_area,no_overlap,high_mask_area,44,0.0236873626708984,0.0,0.5370209383770895,0.698781551986038,0.5527123063551306,0.9497891407485504,1.7184150412932702
P1471_0017.jpg,sam3_hybrid_yolo,SAM3 hybrid YOLO bbox,SAM3,no_overlap__high_mask_area,no_overlap,high_mask_area,47,0.0290870666503906,0.0,0.4682505768737715,0.6378346915017462,0.5411491641768933,0.7765848127281103,1.4350660855391375
P1471_0023.jpg,sam3_hybrid_yolo,SAM3 hybrid YOLO bbox,SAM3,no_overlap__high_mask_area,no_overlap,high_mask_area,38,0.0237340927124023,0.0,0.5596584712224612,0.717667978661765,0.6638820093889772,0.7809374728237238,1.1763196799721716
P1476_0003.jpg,sam3_hybrid_yolo,SAM3 hybrid YOLO bbox,SAM3,no_overlap__high_mask_area,no_overlap,high_mask_area,13,0.0171136856079101,0.0,0.8469916463994924,0.9171580695024905,0.8928770482666369,0.9427966101694916,1.0559086629001884
P1854_0015.jpg,sam3_hybrid_yolo,SAM3 hybrid YOLO bbox,SAM3,no_overlap__high_mask_area,no_overlap,high_mask_area,14,0.0058765411376953,0.0,0.12221391945167358,0.21780859662013224,0.1249901177958732,0.8462087421944692,6.770205173951829
P1854_0017.jpg,sam3_hybrid_yolo,SAM3 hybrid YOLO bbox,SAM3,no_overlap__high_mask_area,no_overlap,high_mask_area,15,0.0063047409057617,0.0,0.09077957602005926,0.1664489838566428,0.09874476987447699,0.529499750706332,5.362306797407346
P1854_0044.jpg,sam3_hybrid_yolo,SAM3 hybrid YOLO bbox,SAM3,no_overlap__high_mask_area,no_overlap,high_mask_area,15,0.0063352584838867,0.0,0.07979843350832375,0.1478024620744342,0.08017431037400576,0.9445090546602426,11.780694467519522
P1854_0058.jpg,sam3_hybrid_yolo,SAM3 hybrid YOLO bbox,SAM3,no_overlap__high_mask_area,no_overlap,high_mask_area,13,0.0055618286132812,0.0,0.07614150491808341,0.14150835103024736,0.076549304520616,0.9346095526914329,12.209249431387414
P2027_0004.jpg,sam3_hybrid_yolo,SAM3 hybrid YOLO bbox,SAM3,no_overlap__high_mask_area,no_overlap,high_mask_area,88,0.1279077529907226,0.0,0.7610389945546981,0.86430680627505,0.8030690885324474,0.9356547949551837,1.1650987546601095
P2577_0000.jpg,sam3_hybrid_yolo,SAM3 hybrid YOLO bbox,SAM3,no_overlap__high_mask_area,no_overlap,high_mask_area,3,0.0065650939941406,0.0,0.6814082364446377,0.8105208737236655,0.706432353272502,0.9505835986054267,1.345611641655298
P2598_0006.jpg,sam3_hybrid_yolo,SAM3 hybrid YOLO bbox,SAM3,no_overlap__high_mask_area,no_overlap,high_mask_area,16,0.0115852355957031,0.0,0.7040845070422536,0.8263492850648814,0.7747985120892746,0.8852488046750487,1.1425535682663361
P2766_0010.jpg,sam3_hybrid_yolo,SAM3 hybrid YOLO bbox,SAM3,no_overlap__high_mask_area,no_overlap,high_mask_area,22,0.0049219131469726,0.0,0.36915962366448735,0.539249941765665,0.5735877106045589,0.5087912087912088,0.8870329670329671
P2766_0022.jpg,sam3_hybrid_yolo,SAM3 hybrid YOLO bbox,SAM3,no_overlap__high_mask_area,no_overlap,high_mask_area,25,0.0062389373779296,0.0,0.2746486315122054,0.4309401425965843,0.4133269720101781,0.45012123311395913,1.0890197436785591
P2778_0005.jpg,sam3_hybrid_yolo,SAM3 hybrid YOLO bbox,SAM3,no_overlap__high_mask_area,no_overlap,high_mask_area,23,0.0055732727050781,0.0,0.1292306820114519,0.2288826969902352,0.1314173704995532,0.8859308200544112,6.741352506801399
P2794_0003.jpg,sam3_hybrid_yolo,SAM3 hybrid YOLO bbox,SAM3,no_overlap__high_mask_area,no_overlap,high_mask_area,12,0.0083093643188476,0.0,0.3952681874229346,0.5665838166252416,0.5096383147853736,0.6378559880611864,1.251585623678647
P2794_0004.jpg,sam3_hybrid_yolo,SAM3 hybrid YOLO bbox,SAM3,no_overlap__high_mask_area,no_overlap,high_mask_area,11,0.0078897476196289,0.0,0.5176979662483773,0.6822147459656726,0.6051593323216995,0.7817564035546263,1.2918191322530057
P2794_0015.jpg,sam3_hybrid_yolo,SAM3 hybrid YOLO bbox,SAM3,no_overlap__high_mask_area,no_overlap,high_mask_area,10,0.0064525604248046,0.0,0.29849480602077594,0.4597551020408163,0.47615826851538723,0.4444444444444444,0.9333964646464646
P2802_0010.jpg,sam3_hybrid_yolo,SAM3 hybrid YOLO bbox,SAM3,no_overlap__high_mask_area,no_overlap,high_mask_area,37,0.0080957412719726,0.0,0.27504826254826253,0.43143192399409513,0.3006911834538068,0.7633270827752477,2.538574872756496
P2802_0029.jpg,sam3_hybrid_yolo,SAM3 hybrid YOLO bbox,SAM3,no_overlap__high_mask_area,no_overlap,high_mask_area,20,0.007145881652832,0.0,0.15765108579765444,0.27236373330748165,0.1627610578454943,0.833926981300089,5.123627189076878
P0019_0015.jpg,sam3_hybrid_yolo,SAM3 hybrid YOLO bbox,SAM3,no_overlap__low_mask_area,no_overlap,low_mask_area,1,0.0008764266967773,0.0,0.3928070994862214,0.5640509725016767,0.3965110796793965,0.9767711962833914,2.4634146341463414
P0110_0002.jpg,sam3_hybrid_yolo,SAM3 hybrid YOLO bbox,SAM3,no_overlap__low_mask_area,no_overlap,low_mask_area,2,2.86102294921875e-05,0.0,0.0,0.0,0.0,0.0,0.0
P0932_0001.jpg,sam3_hybrid_yolo,SAM3 hybrid YOLO bbox,SAM3,no_overlap__low_mask_area,no_overlap,low_mask_area,1,9.632110595703124e-05,0.0,0.05273069679849341,0.1001788908765653,0.05273069679849341,1.0,18.964285714285715
P0945_0001.jpg,sam3_hybrid_yolo,SAM3 hybrid YOLO bbox,SAM3,no_overlap__low_mask_area,no_overlap,low_mask_area,8,0.0013027191162109,0.0,0.19002579535683578,0.319364161849711,0.1922073404070273,0.9436379163108455,4.9094790777113575
P0961_0003.jpg,sam3_hybrid_yolo,SAM3 hybrid YOLO bbox,SAM3,no_overlap__low_mask_area,no_overlap,low_mask_area,7,0.001312255859375,0.0,0.47184065934065933,0.6411572561829212,0.731629392971246,0.5705980066445183,0.7799003322259136
P0974_0003.jpg,sam3_hybrid_yolo,SAM3 hybrid YOLO bbox,SAM3,no_overlap__low_mask_area,no_overlap,low_mask_area,2,0.0004663467407226,0.0,0.17942583732057416,0.30425963488843816,0.21367521367521367,0.528169014084507,2.471830985915493
P0998_0001.jpg,sam3_hybrid_yolo,SAM3 hybrid YOLO bbox,SAM3,no_overlap__low_mask_area,no_overlap,low_mask_area,4,0.0028486251831054,0.0,0.5995085995085995,0.7496159754224271,0.6545064377682404,0.8770668583752695,1.3400431344356578
P0998_0003.jpg,sam3_hybrid_yolo,SAM3 hybrid YOLO bbox,SAM3,no_overlap__low_mask_area,no_overlap,low_mask_area,7,0.0044116973876953,0.0,0.25066638234353344,0.4008525149190111,0.3170600134861767,0.5448435689455389,1.7184241019698725
P1005_0007.jpg,sam3_hybrid_yolo,SAM3 hybrid YOLO bbox,SAM3,no_overlap__low_mask_area,no_overlap,low_mask_area,1,0.0001716613769531,0.0,0.07808716707021791,0.14486243683323977,0.07918968692449356,0.8486842105263158,10.717105263157896
P1023_0003.jpg,sam3_hybrid_yolo,SAM3 hybrid YOLO bbox,SAM3,no_overlap__low_mask_area,no_overlap,low_mask_area,7,0.0010700225830078,0.0,0.24592182209910743,0.39476284584980237,0.25891121192482175,0.8305613305613305,3.2079002079002077
P1134_0000.jpg,sam3_hybrid_yolo,SAM3 hybrid YOLO bbox,SAM3,no_overlap__low_mask_area,no_overlap,low_mask_area,1,0.0038614273071289,0.0,0.0969020443998495,0.1766831320892792,0.09691176839517322,0.9989656064132403,10.30799069045772
P1147_0022.jpg,sam3_hybrid_yolo,SAM3 hybrid YOLO bbox,SAM3,no_overlap__low_mask_area,no_overlap,low_mask_area,1,0.0005121231079101,0.0,0.010805731735964294,0.021380432256565187,0.010815386062259005,0.9236947791164659,85.40562248995984
P1179_0045.jpg,sam3_hybrid_yolo,SAM3 hybrid YOLO bbox,SAM3,no_overlap__low_mask_area,no_overlap,low_mask_area,2,0.000594139099121,0.0,0.24771062271062272,0.39706422018348625,0.24930875576036865,0.9747747747747748,3.90990990990991
P1376_0018.jpg,sam3_hybrid_yolo,SAM3 hybrid YOLO bbox,SAM3,no_overlap__low_mask_area,no_overlap,low_mask_area,1,0.0002927780151367,0.0,0.14145907473309607,0.24785658612626657,0.1582089552238806,0.5719424460431655,3.615107913669065
P1377_0002.jpg,sam3_hybrid_yolo,SAM3 hybrid YOLO bbox,SAM3,no_overlap__low_mask_area,no_overlap,low_mask_area,2,0.0003080368041992,0.0,0.12781954887218044,0.22666666666666666,0.1619047619047619,0.37777777777777777,2.3333333333333335
P1384_0012.jpg,sam3_hybrid_yolo,SAM3 hybrid YOLO bbox,SAM3,no_overlap__low_mask_area,no_overlap,low_mask_area,9,0.0008420944213867,0.0,0.0,0.0,0.0,0.0,0.0
P1390_0022.jpg,sam3_hybrid_yolo,SAM3 hybrid YOLO bbox,SAM3,no_overlap__low_mask_area,no_overlap,low_mask_area,2,0.0004186630249023,0.0,0.009631158384928824,0.019078568059122596,0.009636512853096127,0.9454545454545454,98.11168831168831
P1397_0011.jpg,sam3_hybrid_yolo,SAM3 hybrid YOLO bbox,SAM3,no_overlap__low_mask_area,no_overlap,low_mask_area,2,0.0003995895385742,0.0,0.002541757443718228,0.0050706265845708075,0.0025419605051964934,0.9695290858725761,381.409972299169
P1397_0032.jpg,sam3_hybrid_yolo,SAM3 hybrid YOLO bbox,SAM3,no_overlap__low_mask_area,no_overlap,low_mask_area,2,0.0001659393310546,0.0,0.0014183943349543554,0.0028327706840182744,0.0014184548440766178,0.9708029197080292,684.4087591240876
P1410_0005.jpg,sam3_hybrid_yolo,SAM3 hybrid YOLO bbox,SAM3,no_overlap__low_mask_area,no_overlap,low_mask_area,7,0.000925064086914,0.0,0.6005067567567568,0.7503957783641161,0.6510989010989011,0.8854296388542964,1.3599003735990038
P2168_0003.jpg,sam3_hybrid_yolo,SAM3 hybrid YOLO bbox,SAM3,no_overlap__low_mask_area,no_overlap,low_mask_area,19,0.0030202865600585,0.0,0.6011778563015312,0.7509195233191114,0.6197183098591549,0.9525942515864129,1.5371407241508026
P2271_0006.jpg,sam3_hybrid_yolo,SAM3 hybrid YOLO bbox,SAM3,no_overlap__low_mask_area,no_overlap,low_mask_area,1,5.245208740234375e-05,0.0,0.0,0.0,0.0,0.0,0.0
P2271_0016.jpg,sam3_hybrid_yolo,SAM3 hybrid YOLO bbox,SAM3,no_overlap__low_mask_area,no_overlap,low_mask_area,3,0.0001716613769531,0.0,0.36594202898550726,0.5358090185676393,0.42616033755274263,0.7214285714285714,1.6928571428571428
P2477_0005.jpg,sam3_hybrid_yolo,SAM3 hybrid YOLO bbox,SAM3,no_overlap__low_mask_area,no_overlap,low_mask_area,14,0.0002861022949218,0.0,0.0,0.0,0.0,0.0,0.0
P2570_0001.jpg,sam3_hybrid_yolo,SAM3 hybrid YOLO bbox,SAM3,no_overlap__low_mask_area,no_overlap,low_mask_area,5,0.0011091232299804,0.0,0.19922630560928434,0.33225806451612905,0.807843137254902,0.20913705583756345,0.25888324873096447
P2571_0000.jpg,sam3_hybrid_yolo,SAM3 hybrid YOLO bbox,SAM3,no_overlap__low_mask_area,no_overlap,low_mask_area,1,0.0007095336914062,0.0,0.06257848472164085,0.11778609415008863,0.06326034063260341,0.8530670470756063,13.485021398002853
P2599_0001.jpg,sam3_hybrid_yolo,SAM3 hybrid YOLO bbox,SAM3,no_overlap__low_mask_area,no_overlap,low_mask_area,3,0.0012168884277343,0.0,0.6812039312039312,0.8103763244428206,0.7001262626262627,0.9618386816999133,1.3738074588031224
P2766_0016.jpg,sam3_hybrid_yolo,SAM3 hybrid YOLO bbox,SAM3,no_overlap__low_mask_area,no_overlap,low_mask_area,15,0.0030765533447265,0.0,0.3229166666666667,0.4881889763779528,0.5315767461313258,0.4513494318181818,0.8490767045454546
P2778_0003.jpg,sam3_hybrid_yolo,SAM3 hybrid YOLO bbox,SAM3,no_overlap__low_mask_area,no_overlap,low_mask_area,4,0.0010662078857421,0.0,0.0817651590183779,0.15116988809766022,0.08419263456090652,0.7393034825870647,8.781094527363184
P2791_0000.jpg,sam3_hybrid_yolo,SAM3 hybrid YOLO bbox,SAM3,no_overlap__low_mask_area,no_overlap,low_mask_area,1,0.000192642211914,0.0,0.0,0.0,0.0,0.0,0.0
P2794_0000.jpg,sam3_hybrid_yolo,SAM3 hybrid YOLO bbox,SAM3,no_overlap__low_mask_area,no_overlap,low_mask_area,1,0.0007314682006835,0.0,0.031700617990386815,0.061453133666112034,0.03199722767702437,0.7737430167597765,24.181564245810055
P2802_0012.jpg,sam3_hybrid_yolo,SAM3 hybrid YOLO bbox,SAM3,no_overlap__low_mask_area,no_overlap,low_mask_area,1,0.0002107620239257,0.0,0.0,0.0,0.0,0.0,0.0
P0007_0002.jpg,sam3_hybrid_yolo,SAM3 hybrid YOLO bbox,SAM3,overlap__high_mask_area,overlap,high_mask_area,70,0.2087612152099609,0.0865297034713085,0.8010681556108515,0.889547853161793,0.8338302926163643,0.9532448398884925,1.1432120520561004
P0161_0001.jpg,sam3_hybrid_yolo,SAM3 hybrid YOLO bbox,SAM3,overlap__high_mask_area,overlap,high_mask_area,393,0.0190505981445312,0.2898550724637681,0.021916175594252796,0.04289231566670986,0.5848056537102474,0.02226257734732311,0.03806833467850417
P0257_0000.jpg,sam3_hybrid_yolo,SAM3 hybrid YOLO bbox,SAM3,overlap__high_mask_area,overlap,high_mask_area,52,0.0091314315795898,0.2748091603053435,0.5894615384615385,0.7417122392682572,0.6202347227842978,0.9223639865190179,1.4871208473760231
P0259_0005.jpg,sam3_hybrid_yolo,SAM3 hybrid YOLO bbox,SAM3,overlap__high_mask_area,overlap,high_mask_area,78,0.019169807434082,0.1497005988023952,0.6591559370529327,0.7945677947833585,0.7627521986549405,0.8291530761444157,1.087054324597908
P0331_0007.jpg,sam3_hybrid_yolo,SAM3 hybrid YOLO bbox,SAM3,overlap__high_mask_area,overlap,high_mask_area,7,0.0045595169067382,0.3187183811129848,0.25423533479313126,0.4054029219884223,0.3428127428127428,0.49595323741007197,1.4467176258992807
P1007_0014.jpg,sam3_hybrid_yolo,SAM3 hybrid YOLO bbox,SAM3,overlap__high_mask_area,overlap,high_mask_area,28,0.0049676895141601,0.208955223880597,0.3752274795268426,0.5456951451492846,0.43436471362738643,0.7337633451957295,1.689279359430605
P1090_0005.jpg,sam3_hybrid_yolo,SAM3 hybrid YOLO bbox,SAM3,overlap__high_mask_area,overlap,high_mask_area,118,0.017913818359375,0.2304761904761904,0.5542090544319702,0.7131718256969255,0.6114564235567679,0.8554804804804805,1.3990865865865867
P1122_0003.jpg,sam3_hybrid_yolo,SAM3 hybrid YOLO bbox,SAM3,overlap__high_mask_area,overlap,high_mask_area,10,0.0090494155883789,0.0707444492816717,0.1379787852770931,0.24249799216335272,0.15462445685909373,0.5617318750704702,3.6328785657909575
P1380_0023.jpg,sam3_hybrid_yolo,SAM3 hybrid YOLO bbox,SAM3,overlap__high_mask_area,overlap,high_mask_area,103,0.0130224227905273,0.2729007633587786,0.5194820077928031,0.6837619729994721,0.6093151421466496,0.7789328980152934,1.2783744307930234
P1410_0032.jpg,sam3_hybrid_yolo,SAM3 hybrid YOLO bbox,SAM3,overlap__high_mask_area,overlap,high_mask_area,29,0.0053348541259765,0.1013793103448275,0.5012135922330098,0.6677445432497979,0.589719181342218,0.7695652173913043,1.3049689440993788
P1432_0011.jpg,sam3_hybrid_yolo,SAM3 hybrid YOLO bbox,SAM3,overlap__high_mask_area,overlap,high_mask_area,96,0.0145807266235351,0.2277039848197343,0.4163281482215397,0.5878978663868486,0.5389597896492015,0.6466107563283835,1.1997384011695007
P1432_0016.jpg,sam3_hybrid_yolo,SAM3 hybrid YOLO bbox,SAM3,overlap__high_mask_area,overlap,high_mask_area,85,0.0122556686401367,0.1988636363636363,0.3633091330608261,0.5329812941913542,0.5188638145856931,0.5478884902014904,1.055938908823259
P1809_0002.jpg,sam3_hybrid_yolo,SAM3 hybrid YOLO bbox,SAM3,overlap__high_mask_area,overlap,high_mask_area,26,0.009709358215332,0.2398042414355628,0.27970419063270335,0.43713882111210994,0.31091017034296936,0.7359204410334018,2.366987352718625
P1809_0025.jpg,sam3_hybrid_yolo,SAM3 hybrid YOLO bbox,SAM3,overlap__high_mask_area,overlap,high_mask_area,148,0.031768798828125,0.1659751037344398,0.567755772082186,0.7242910945601324,0.7126287803256895,0.7363414717901171,1.0332749562171628
P1829_0000.jpg,sam3_hybrid_yolo,SAM3 hybrid YOLO bbox,SAM3,overlap__high_mask_area,overlap,high_mask_area,58,0.0628290176391601,0.1666666666666666,0.653970325594175,0.7907884627364662,0.6926098817823583,0.9213981547196594,1.3303277630814891
P1854_0048.jpg,sam3_hybrid_yolo,SAM3 hybrid YOLO bbox,SAM3,overlap__high_mask_area,overlap,high_mask_area,51,0.0251674652099609,0.3842165898617511,0.43365175212829143,0.6049610743815919,0.5178191489361702,0.7273670665393716,1.404673944626624
P1854_0069.jpg,sam3_hybrid_yolo,SAM3 hybrid YOLO bbox,SAM3,overlap__high_mask_area,overlap,high_mask_area,65,0.0276927947998046,0.2989365892083497,0.5628345166575641,0.7202739773898761,0.6698407539811505,0.7789199198820906,1.1628434299535164
P1960_0002.jpg,sam3_hybrid_yolo,SAM3 hybrid YOLO bbox,SAM3,overlap__high_mask_area,overlap,high_mask_area,52,0.0601720809936523,0.4818043146655044,0.7302706331990497,0.8441114576959241,0.7616726146387449,0.9465615638231996,1.2427407072684975
P1973_0001.jpg,sam3_hybrid_yolo,SAM3 hybrid YOLO bbox,SAM3,overlap__high_mask_area,overlap,high_mask_area,15,0.022261619567871,0.4707508060801474,0.8704896375196103,0.9307612510208135,0.9188564954024491,0.9429785330948122,1.0262522361359572
P1973_0002.jpg,sam3_hybrid_yolo,SAM3 hybrid YOLO bbox,SAM3,overlap__high_mask_area,overlap,high_mask_area,57,0.1081457138061523,0.4323593636269107,0.8270703639352692,0.9053514087480117,0.8432458195972514,0.9773325722282579,1.1590126503029075
P2027_0005.jpg,sam3_hybrid_yolo,SAM3 hybrid YOLO bbox,SAM3,overlap__high_mask_area,overlap,high_mask_area,92,0.1340551376342773,0.2566524476944952,0.7555472213170693,0.8607540852706119,0.8007363002541213,0.9304979253112033,1.1620528818487446
P2197_0003.jpg,sam3_hybrid_yolo,SAM3 hybrid YOLO bbox,SAM3,overlap__high_mask_area,overlap,high_mask_area,185,0.0270919799804687,0.0526315789473684,0.393970806600734,0.5652497236458648,0.5442793002012696,0.5879008319745809,1.080145491032234
P2242_0004.jpg,sam3_hybrid_yolo,SAM3 hybrid YOLO bbox,SAM3,overlap__high_mask_area,overlap,high_mask_area,136,0.0197610855102539,0.1692047377326565,0.441693434872054,0.6127425209663288,0.5442739604180565,0.7009163802978235,1.2878006872852235
P2455_0004.jpg,sam3_hybrid_yolo,SAM3 hybrid YOLO bbox,SAM3,overlap__high_mask_area,overlap,high_mask_area,74,0.0046644210815429,0.3559322033898305,0.21045368293945144,0.347726948838535,0.37149817295980514,0.32681489418698095,0.8797214036967587
P2592_0000.jpg,sam3_hybrid_yolo,SAM3 hybrid YOLO bbox,SAM3,overlap__high_mask_area,overlap,high_mask_area,51,0.0099868774414062,0.171875,0.5181378887905805,0.6825966107773693,0.5782757311052031,0.8328410458374357,1.4402144185537686
P2593_0000.jpg,sam3_hybrid_yolo,SAM3 hybrid YOLO bbox,SAM3,overlap__high_mask_area,overlap,high_mask_area,58,0.0110769271850585,0.2676056338028169,0.43123604360961515,0.6026064610866373,0.5645258361275901,0.6461962405275071,1.1446708001180985
P2625_0009.jpg,sam3_hybrid_yolo,SAM3 hybrid YOLO bbox,SAM3,overlap__high_mask_area,overlap,high_mask_area,43,0.0850152969360351,0.4138590895911858,0.7984303071466304,0.887919096974529,0.8039360954389164,0.9914954431506688,1.233301314340604
P2630_0001.jpg,sam3_hybrid_yolo,SAM3 hybrid YOLO bbox,SAM3,overlap__high_mask_area,overlap,high_mask_area,54,0.0554580688476562,0.06875753920386,0.6741445823549145,0.8053600500939261,0.7410690963846166,0.8818657207635486,1.1899912235793169
P2678_0009.jpg,sam3_hybrid_yolo,SAM3 hybrid YOLO bbox,SAM3,overlap__high_mask_area,overlap,high_mask_area,86,0.0145559310913085,0.3089887640449438,0.46576962886293066,0.6355291031978211,0.5698607007176023,0.7183034356947401,1.2604895104895104
P2771_0005.jpg,sam3_hybrid_yolo,SAM3 hybrid YOLO bbox,SAM3,overlap__high_mask_area,overlap,high_mask_area,43,0.0064725875854492,0.3074534161490683,0.39378960709759186,0.5650631990542875,0.6022484977708858,0.5322028091812264,0.8836930455635491
P2781_0005.jpg,sam3_hybrid_yolo,SAM3 hybrid YOLO bbox,SAM3,overlap__high_mask_area,overlap,high_mask_area,66,0.1247196197509765,0.4931031764798613,0.6858853961272902,0.8136797408683448,0.806875457040188,0.8205997600959616,1.0170091963214714
P2791_0013.jpg,sam3_hybrid_yolo,SAM3 hybrid YOLO bbox,SAM3,overlap__high_mask_area,overlap,high_mask_area,31,0.0086574554443359,0.2568093385214007,0.40095302927161336,0.5724003887269193,0.6610549943883277,0.50471293916024,0.7634961439588689
P0027_0002.jpg,sam3_hybrid_yolo,SAM3 hybrid YOLO bbox,SAM3,overlap__low_mask_area,overlap,low_mask_area,13,0.0022802352905273,0.1021671826625387,0.5051546391752577,0.6712328767123288,0.6515359926639156,0.6921578178275695,1.0623477837311253
P0117_0000.jpg,sam3_hybrid_yolo,SAM3 hybrid YOLO bbox,SAM3,overlap__low_mask_area,overlap,low_mask_area,21,0.0014848709106445,0.1877934272300469,0.3349106203995794,0.5017723513194171,0.49037721324095457,0.5137096774193548,1.0475806451612903
P0795_0002.jpg,sam3_hybrid_yolo,SAM3 hybrid YOLO bbox,SAM3,overlap__low_mask_area,overlap,low_mask_area,5,0.0023584365844726,0.0705421293272371,0.6447058823529411,0.7839771101573677,0.6590499098015634,0.9673433362753752,1.467784642541924
P0953_0004.jpg,sam3_hybrid_yolo,SAM3 hybrid YOLO bbox,SAM3,overlap__low_mask_area,overlap,low_mask_area,5,0.0005550384521484,0.1366120218579235,0.09480519480519481,0.17319098457888493,0.12166666666666667,0.3004115226337449,2.4691358024691357
P1030_0003.jpg,sam3_hybrid_yolo,SAM3 hybrid YOLO bbox,SAM3,overlap__low_mask_area,overlap,low_mask_area,27,0.0043010711669921,0.161344537815126,0.4988509049123815,0.6656444657402971,0.5280523034818306,0.9002073613271125,1.7047693105235873
P1030_0004.jpg,sam3_hybrid_yolo,SAM3 hybrid YOLO bbox,SAM3,overlap__low_mask_area,overlap,low_mask_area,21,0.0035085678100585,0.0682226211849192,0.6578947368421053,0.7936507936507936,0.701048524750061,0.914440203562341,1.3043893129770991
P1184_0013.jpg,sam3_hybrid_yolo,SAM3 hybrid YOLO bbox,SAM3,overlap__low_mask_area,overlap,low_mask_area,39,0.0022544860839843,0.226950354609929,0.0,0.0,0.0,0.0,0.0
P1376_0004.jpg,sam3_hybrid_yolo,SAM3 hybrid YOLO bbox,SAM3,overlap__low_mask_area,overlap,low_mask_area,10,0.002324104309082,0.2711621233859397,0.47107438016528924,0.6404494382022472,0.5375668028921723,0.7920333487725799,1.4733672996757758
P1377_0010.jpg,sam3_hybrid_yolo,SAM3 hybrid YOLO bbox,SAM3,overlap__low_mask_area,overlap,low_mask_area,20,0.004012107849121,0.2214182344428364,0.4727540500736377,0.642,0.5440677966101695,0.7829268292682927,1.4390243902439024
P1384_0028.jpg,sam3_hybrid_yolo,SAM3 hybrid YOLO bbox,SAM3,overlap__low_mask_area,overlap,low_mask_area,84,0.0044097900390625,0.1224489795918367,0.11399678234888531,0.2046626779451207,0.3480701754385965,0.14494447691408532,0.41642314436002337
P1429_0003.jpg,sam3_hybrid_yolo,SAM3 hybrid YOLO bbox,SAM3,overlap__low_mask_area,overlap,low_mask_area,3,0.0044965744018554,0.1645848640705363,0.05950657085871971,0.11232883777302148,0.05961651634800936,0.969939879759519,16.269650411934983
P1474_0017.jpg,sam3_hybrid_yolo,SAM3 hybrid YOLO bbox,SAM3,overlap__low_mask_area,overlap,low_mask_area,13,0.0007038116455078,0.1475409836065573,0.027001569858712715,0.052583307856924486,0.03165255796834744,0.1552346570397112,4.904332129963899
P1474_0018.jpg,sam3_hybrid_yolo,SAM3 hybrid YOLO bbox,SAM3,overlap__low_mask_area,overlap,low_mask_area,17,0.0007667541503906,0.2191780821917808,0.23227383863080683,0.376984126984127,0.4691358024691358,0.3150912106135987,0.6716417910447762
P1809_0036.jpg,sam3_hybrid_yolo,SAM3 hybrid YOLO bbox,SAM3,overlap__low_mask_area,overlap,low_mask_area,3,0.0006475448608398,0.09009009009009,0.45098039215686275,0.6216216216216216,0.6621880998080614,0.5857385398981324,0.8845500848896435
P1854_0047.jpg,sam3_hybrid_yolo,SAM3 hybrid YOLO bbox,SAM3,overlap__low_mask_area,overlap,low_mask_area,9,0.0042552947998046,0.1981735159817351,0.1366755201416556,0.24048291305617758,0.13861867704280156,0.9069767441860465,6.5429620563035495
P2285_0007.jpg,sam3_hybrid_yolo,SAM3 hybrid YOLO bbox,SAM3,overlap__low_mask_area,overlap,low_mask_area,19,0.0025081634521484,0.2295081967213114,0.24697963410424578,0.39612456747404845,0.28694605975536397,0.6394101876675603,2.2283288650580877
P2286_0004.jpg,sam3_hybrid_yolo,SAM3 hybrid YOLO bbox,SAM3,overlap__low_mask_area,overlap,low_mask_area,91,0.0023612976074218,0.2222222222222222,0.047417840375586856,0.09054235768713581,0.06987201660325147,0.12858052196053468,1.8402291534054742
P2331_0001.jpg,sam3_hybrid_yolo,SAM3 hybrid YOLO bbox,SAM3,overlap__low_mask_area,overlap,low_mask_area,53,0.0028228759765625,0.2057142857142857,0.006194690265486726,0.012313104661389622,0.009065400388517159,0.019186843307446324,2.116491548652353
P2337_0001.jpg,sam3_hybrid_yolo,SAM3 hybrid YOLO bbox,SAM3,overlap__low_mask_area,overlap,low_mask_area,11,0.0004472732543945,0.0862068965517241,0.0,0.0,0.0,0.0,0.0
P2363_0003.jpg,sam3_hybrid_yolo,SAM3 hybrid YOLO bbox,SAM3,overlap__low_mask_area,overlap,low_mask_area,27,0.0012645721435546,0.2397260273972602,0.23463317911434237,0.38008565310492504,0.25780682643427744,0.7230142566191446,2.804480651731161
P2404_0002.jpg,sam3_hybrid_yolo,SAM3 hybrid YOLO bbox,SAM3,overlap__low_mask_area,overlap,low_mask_area,30,0.0014076232910156,0.2347826086956521,0.15997078159240322,0.27581863979848864,0.2106782106782107,0.3992707383773929,1.8951686417502278
P2404_0027.jpg,sam3_hybrid_yolo,SAM3 hybrid YOLO bbox,SAM3,overlap__low_mask_area,overlap,low_mask_area,15,0.0005922317504882,0.3555555555555555,0.2549212598425197,0.40627450980392155,0.3112980769230769,0.5846501128668171,1.8781038374717833
P2420_0001.jpg,sam3_hybrid_yolo,SAM3 hybrid YOLO bbox,SAM3,overlap__low_mask_area,overlap,low_mask_area,19,0.0006084442138671,0.3684210526315789,0.0,0.0,0.0,0.0,0.0
P2462_0000.jpg,sam3_hybrid_yolo,SAM3 hybrid YOLO bbox,SAM3,overlap__low_mask_area,overlap,low_mask_area,57,0.0019330978393554,0.0780487804878048,0.15942028985507245,0.275,0.3759493670886076,0.2167883211678832,0.5766423357664233
P2547_0006.jpg,sam3_hybrid_yolo,SAM3 hybrid YOLO bbox,SAM3,overlap__low_mask_area,overlap,low_mask_area,72,0.0020599365234375,0.217391304347826,0.0,0.0,0.0,0.0,0.10884831460674158
P2547_0011.jpg,sam3_hybrid_yolo,SAM3 hybrid YOLO bbox,SAM3,overlap__low_mask_area,overlap,low_mask_area,109,0.003453254699707,0.2903225806451613,0.04811796662786186,0.09181784524250278,0.5688073394495413,0.04993958920660491,0.0877970197341925
P2645_0010.jpg,sam3_hybrid_yolo,SAM3 hybrid YOLO bbox,SAM3,overlap__low_mask_area,overlap,low_mask_area,32,0.0027751922607421,0.2254098360655737,0.2675685832393837,0.4221761043581382,0.2752932078876144,0.9050847457627119,3.2877118644067798
P2689_0002.jpg,sam3_hybrid_yolo,SAM3 hybrid YOLO bbox,SAM3,overlap__low_mask_area,overlap,low_mask_area,80,0.0040006637573242,0.3333333333333333,0.0,0.0,0.0,0.0,0.0
P2689_0006.jpg,sam3_hybrid_yolo,SAM3 hybrid YOLO bbox,SAM3,overlap__low_mask_area,overlap,low_mask_area,19,0.001051902770996,0.08,0.36455696202531646,0.5343228200371057,0.3821656050955414,0.8877928483353884,2.3230579531442666
P2709_0000.jpg,sam3_hybrid_yolo,SAM3 hybrid YOLO bbox,SAM3,overlap__low_mask_area,overlap,low_mask_area,13,0.0021448135375976,0.1384615384615384,0.4936,0.660953401178361,0.6810154525386314,0.6420395421436004,0.9427679500520292
P2709_0001.jpg,sam3_hybrid_yolo,SAM3 hybrid YOLO bbox,SAM3,overlap__low_mask_area,overlap,low_mask_area,15,0.0022134780883789,0.2,0.3433333333333333,0.511166253101737,0.3924877517691889,0.7327235772357723,1.866869918699187
P2778_0007.jpg,sam3_hybrid_yolo,SAM3 hybrid YOLO bbox,SAM3,overlap__low_mask_area,overlap,low_mask_area,10,0.002511978149414,0.0525606469002695,0.10770230744231395,0.19446074404412628,0.11246860788705627,0.7176266782156778,6.3806842789086184
P0060_0009.jpg,remotesam_text,RemoteSAM text only,RemoteSAM,no_overlap__high_mask_area,no_overlap,high_mask_area,37,0.0057315826416015,0.0,0.45323014804845224,0.6237554989580921,0.5126220981859698,0.796413086322428,1.5536066219944817
P0199_0002.jpg,remotesam_text,RemoteSAM text only,RemoteSAM,no_overlap__high_mask_area,no_overlap,high_mask_area,50,0.0199432373046875,0.0,0.5345659924904553,0.6966999074740413,0.5681421864520456,0.9004517672070157,1.5849056603773586
P0331_0003.jpg,remotesam_text,RemoteSAM text only,RemoteSAM,no_overlap__high_mask_area,no_overlap,high_mask_area,9,0.0047893524169921,0.0,0.5676260825267447,0.724185555284751,0.5800364393545029,0.9636756756756757,1.6614054054054055
P0725_0000.jpg,remotesam_text,RemoteSAM text only,RemoteSAM,no_overlap__high_mask_area,no_overlap,high_mask_area,17,0.0089015960693359,0.0,0.670049943612051,0.8024310245031835,0.6882912701696318,0.9619521221232797,1.3975945414594657
P0725_0002.jpg,remotesam_text,RemoteSAM text only,RemoteSAM,no_overlap__high_mask_area,no_overlap,high_mask_area,20,0.0104885101318359,0.0,0.6480146858852325,0.7864185816246545,0.6779769526248399,0.9361555839308516,1.3808073863078283
P0761_0003.jpg,remotesam_text,RemoteSAM text only,RemoteSAM,no_overlap__high_mask_area,no_overlap,high_mask_area,15,0.007730484008789,0.0,0.5869786368260427,0.7397435897435898,0.7076281579592838,0.7749127048079506,1.0950846091861401
P0801_0002.jpg,remotesam_text,RemoteSAM text only,RemoteSAM,no_overlap__high_mask_area,no_overlap,high_mask_area,61,0.0379505157470703,0.0,0.6514907714150497,0.7889729481889042,0.680393823767818,0.9387872009602007,1.379770315611446
P0887_0004.jpg,remotesam_text,RemoteSAM text only,RemoteSAM,no_overlap__high_mask_area,no_overlap,high_mask_area,22,0.0117864608764648,0.0,0.6902633039403095,0.816752398672066,0.6974020310261043,0.985387323943662,1.4129401408450704
P0887_0008.jpg,remotesam_text,RemoteSAM text only,RemoteSAM,no_overlap__high_mask_area,no_overlap,high_mask_area,13,0.0078229904174804,0.0,0.7073526348677359,0.8285958277418568,0.7677178704645643,0.8999602491056049,1.1722538757122036
P1088_0000.jpg,remotesam_text,RemoteSAM text only,RemoteSAM,no_overlap__high_mask_area,no_overlap,high_mask_area,15,0.00994873046875,0.0,0.7130341350524837,0.8324809418122165,0.7773472697783385,0.896032405484005,1.1526796842542584
P1122_0017.jpg,remotesam_text,RemoteSAM text only,RemoteSAM,no_overlap__high_mask_area,no_overlap,high_mask_area,5,0.0090446472167968,0.0,0.05217666280172868,0.09917852133840914,0.5493895671476138,0.05450941526263627,0.09921814778108137
P1143_0005.jpg,remotesam_text,RemoteSAM text only,RemoteSAM,no_overlap__high_mask_area,no_overlap,high_mask_area,3,0.0054092407226562,0.0,0.16827825082984557,0.28807906114885734,0.44166666666666665,0.21374885426214482,0.48395967002749773
P1147_0029.jpg,remotesam_text,RemoteSAM text only,RemoteSAM,no_overlap__high_mask_area,no_overlap,high_mask_area,3,0.0055389404296875,0.0,0.0,0.0,0.0,0.0,0.16097736255839024
P1471_0007.jpg,remotesam_text,RemoteSAM text only,RemoteSAM,no_overlap__high_mask_area,no_overlap,high_mask_area,44,0.0236873626708984,0.0,0.5211315399802566,0.6851893163519844,0.6363910340930495,0.7420927780706379,1.166095589527324
P1471_0017.jpg,remotesam_text,RemoteSAM text only,RemoteSAM,no_overlap__high_mask_area,no_overlap,high_mask_area,47,0.0290870666503906,0.0,0.41095659975328025,0.5825219568413941,0.6631078941415969,0.5194004464760285,0.7832819531554516
P1471_0023.jpg,remotesam_text,RemoteSAM text only,RemoteSAM,no_overlap__high_mask_area,no_overlap,high_mask_area,38,0.0237340927124023,0.0,0.4387324408098661,0.6098874653342806,0.6448407890272864,0.5785285677015393,0.897164970867032
P1476_0003.jpg,remotesam_text,RemoteSAM text only,RemoteSAM,no_overlap__high_mask_area,no_overlap,high_mask_area,13,0.0171136856079101,0.0,0.4825159800182629,0.6509420289855072,0.8468137254901961,0.5286605461393596,0.6242937853107344
P1854_0015.jpg,remotesam_text,RemoteSAM text only,RemoteSAM,no_overlap__high_mask_area,no_overlap,high_mask_area,14,0.0058765411376953,0.0,0.3338339705079192,0.5005630054253251,0.5871757925072046,0.4362176628010705,0.7429081177520072
P1854_0017.jpg,remotesam_text,RemoteSAM text only,RemoteSAM,no_overlap__high_mask_area,no_overlap,high_mask_area,15,0.0063047409057617,0.0,0.3926241134751773,0.5638622937461805,0.7282294133122862,0.4600299152401529,0.6317101545620741
P1854_0044.jpg,remotesam_text,RemoteSAM text only,RemoteSAM,no_overlap__high_mask_area,no_overlap,high_mask_area,15,0.0063352584838867,0.0,0.46900852742777144,0.638537515162017,0.6672098497193554,0.6122279448413358,0.9175942847649111
P1854_0058.jpg,remotesam_text,RemoteSAM text only,RemoteSAM,no_overlap__high_mask_area,no_overlap,high_mask_area,13,0.0055618286132812,0.0,0.5484128038252092,0.7083547778349631,0.6469758696333437,0.7826004548900682,1.209628506444276
P2027_0004.jpg,remotesam_text,RemoteSAM text only,RemoteSAM,no_overlap__high_mask_area,no_overlap,high_mask_area,88,0.1279077529907226,0.0,0.7291257915575032,0.8433461522781938,0.7375658105843623,0.9845482668358848,1.3348615848338226
P2577_0000.jpg,remotesam_text,RemoteSAM text only,RemoteSAM,no_overlap__high_mask_area,no_overlap,high_mask_area,3,0.0065650939941406,0.0,0.38654758582193693,0.5575684380032206,0.8295896975142258,0.41988782780051537,0.5061391541609823
P2598_0006.jpg,remotesam_text,RemoteSAM text only,RemoteSAM,no_overlap__high_mask_area,no_overlap,high_mask_area,16,0.0115852355957031,0.0,0.7289406625409538,0.8432223017644334,0.8039829759897213,0.8864884009208429,1.102620860633965
P2766_0010.jpg,remotesam_text,RemoteSAM text only,RemoteSAM,no_overlap__high_mask_area,no_overlap,high_mask_area,22,0.0049219131469726,0.0,0.2321531100478469,0.376825100963032,0.642478813559322,0.2665934065934066,0.41494505494505496
P2766_0022.jpg,remotesam_text,RemoteSAM text only,RemoteSAM,no_overlap__high_mask_area,no_overlap,high_mask_area,25,0.0062389373779296,0.0,0.14820954907161804,0.25815766676292234,0.7760416666666666,0.1548320055420852,0.19951506754416348
P2778_0005.jpg,remotesam_text,RemoteSAM text only,RemoteSAM,no_overlap__high_mask_area,no_overlap,high_mask_area,23,0.0055732727050781,0.0,0.4055896387184731,0.577109602327837,0.5761037955073587,0.5781189273221919,1.0034978624174116
P2794_0003.jpg,remotesam_text,RemoteSAM text only,RemoteSAM,no_overlap__high_mask_area,no_overlap,high_mask_area,12,0.0083093643188476,0.0,0.516493287098782,0.6811679174484052,0.6443704936217416,0.7224225842556896,1.1211292127844796
P2794_0004.jpg,remotesam_text,RemoteSAM text only,RemoteSAM,no_overlap__high_mask_area,no_overlap,high_mask_area,11,0.0078897476196289,0.0,0.4444444444444444,0.6153846153846154,0.7740146563675976,0.5107161526398327,0.6598274960794563
P2794_0015.jpg,remotesam_text,RemoteSAM text only,RemoteSAM,no_overlap__high_mask_area,no_overlap,high_mask_area,10,0.0064525604248046,0.0,0.280033536950533,0.4375409375877234,0.5373477361526086,0.36900252525252525,0.6867108585858586
P2802_0010.jpg,remotesam_text,RemoteSAM text only,RemoteSAM,no_overlap__high_mask_area,no_overlap,high_mask_area,37,0.0080957412719726,0.0,0.4439330211887945,0.6148942017037647,0.5213906235436667,0.7492633270827752,1.4370479507098848
P2802_0029.jpg,remotesam_text,RemoteSAM text only,RemoteSAM,no_overlap__high_mask_area,no_overlap,high_mask_area,20,0.007145881652832,0.0,0.24483887210473312,0.39336636667003744,0.6172643605204697,0.28866132383496584,0.4676461858118136
P0019_0015.jpg,remotesam_text,RemoteSAM text only,RemoteSAM,no_overlap__low_mask_area,no_overlap,low_mask_area,1,0.0008764266967773,0.0,0.5224358974358975,0.6863157894736842,0.5383091149273448,0.9465737514518002,1.7584204413472706
P0110_0002.jpg,remotesam_text,RemoteSAM text only,RemoteSAM,no_overlap__low_mask_area,no_overlap,low_mask_area,2,2.86102294921875e-05,0.0,0.0027457440966501922,0.00547645125958379,0.0027624309392265192,0.3125,113.125
P0932_0001.jpg,remotesam_text,RemoteSAM text only,RemoteSAM,no_overlap__low_mask_area,no_overlap,low_mask_area,1,9.632110595703124e-05,0.0,0.5874125874125874,0.7400881057268722,0.5874125874125874,1.0,1.7023809523809523
P0945_0001.jpg,remotesam_text,RemoteSAM text only,RemoteSAM,no_overlap__low_mask_area,no_overlap,low_mask_area,8,0.0013027191162109,0.0,0.3806265754411235,0.5513823682837767,0.3969207660533233,0.9026473099914603,2.274124679760888
P0961_0003.jpg,remotesam_text,RemoteSAM text only,RemoteSAM,no_overlap__low_mask_area,no_overlap,low_mask_area,7,0.001312255859375,0.0,0.3540280857354028,0.5229257641921398,0.7627388535031847,0.3978405315614618,0.521594684385382
P0974_0003.jpg,remotesam_text,RemoteSAM text only,RemoteSAM,no_overlap__low_mask_area,no_overlap,low_mask_area,2,0.0004663467407226,0.0,0.41467889908256883,0.5862516212710766,0.6550724637681159,0.5305164319248826,0.8098591549295775
P0998_0001.jpg,remotesam_text,RemoteSAM text only,RemoteSAM,no_overlap__low_mask_area,no_overlap,low_mask_area,4,0.0028486251831054,0.0,0.46819733167856037,0.6377852916314455,0.7738461538461539,0.5424155283968368,0.7009345794392523
P0998_0003.jpg,remotesam_text,RemoteSAM text only,RemoteSAM,no_overlap__low_mask_area,no_overlap,low_mask_area,7,0.0044116973876953,0.0,0.4698250442303912,0.6392938344255717,0.7558507273877293,0.5538818076477404,0.7327925840092699
P1005_0007.jpg,remotesam_text,RemoteSAM text only,RemoteSAM,no_overlap__low_mask_area,no_overlap,low_mask_area,1,0.0001716613769531,0.0,0.3086680761099366,0.4717285945072698,0.31263383297644537,0.9605263157894737,3.0723684210526314
P1023_0003.jpg,remotesam_text,RemoteSAM text only,RemoteSAM,no_overlap__low_mask_area,no_overlap,low_mask_area,7,0.0010700225830078,0.0,0.4659921304103429,0.6357361963190185,0.5036452004860267,0.8617463617463618,1.711018711018711
P1134_0000.jpg,remotesam_text,RemoteSAM text only,RemoteSAM,no_overlap__low_mask_area,no_overlap,low_mask_area,1,0.0038614273071289,0.0,0.6446556611639153,0.7839399776944135,0.6447631754503002,0.99974140160331,1.5505559865528833
P1147_0022.jpg,remotesam_text,RemoteSAM text only,RemoteSAM,no_overlap__low_mask_area,no_overlap,low_mask_area,1,0.0005121231079101,0.0,0.2359611231101512,0.381826124945391,0.24399776661083195,0.8775100401606426,3.5963855421686746
P1179_0045.jpg,remotesam_text,RemoteSAM text only,RemoteSAM,no_overlap__low_mask_area,no_overlap,low_mask_area,2,0.000594139099121,0.0,0.38865248226950355,0.5597548518896833,0.39059158945117606,0.9873873873873874,2.527927927927928
P1376_0018.jpg,remotesam_text,RemoteSAM text only,RemoteSAM,no_overlap__low_mask_area,no_overlap,low_mask_area,1,0.0002927780151367,0.0,0.0,0.0,0.0,0.0,1.9316546762589928
P1377_0002.jpg,remotesam_text,RemoteSAM text only,RemoteSAM,no_overlap__low_mask_area,no_overlap,low_mask_area,2,0.0003080368041992,0.0,0.16823687752355315,0.2880184331797235,0.20903010033444816,0.46296296296296297,2.214814814814815
P1384_0012.jpg,remotesam_text,RemoteSAM text only,RemoteSAM,no_overlap__low_mask_area,no_overlap,low_mask_area,9,0.0008420944213867,0.0,0.013524779990736452,0.026688602504341467,0.013631695247580218,0.6329479768786127,46.43208092485549
P1390_0022.jpg,remotesam_text,RemoteSAM text only,RemoteSAM,no_overlap__low_mask_area,no_overlap,low_mask_area,2,0.0004186630249023,0.0,0.7068965517241379,0.8282828282828283,0.7292490118577075,0.9584415584415584,1.3142857142857143
P1397_0011.jpg,remotesam_text,RemoteSAM text only,RemoteSAM,no_overlap__low_mask_area,no_overlap,low_mask_area,2,0.0003995895385742,0.0,0.6427221172022685,0.7825086306098964,0.6692913385826772,0.9418282548476454,1.407202216066482
P1397_0032.jpg,remotesam_text,RemoteSAM text only,RemoteSAM,no_overlap__low_mask_area,no_overlap,low_mask_area,2,0.0001659393310546,0.0,0.4511784511784512,0.6218097447795824,0.4557823129251701,0.9781021897810219,2.145985401459854
P1410_0005.jpg,remotesam_text,RemoteSAM text only,RemoteSAM,no_overlap__low_mask_area,no_overlap,low_mask_area,7,0.000925064086914,0.0,0.5798069784706755,0.7340225563909775,0.5894339622641509,0.9726027397260274,1.6500622665006226
P2168_0003.jpg,remotesam_text,RemoteSAM text only,RemoteSAM,no_overlap__low_mask_area,no_overlap,low_mask_area,19,0.0030202865600585,0.0,0.5674107142857143,0.7240102534890345,0.5853096937600737,0.9488615154908548,1.6211272863008586
P2271_0006.jpg,remotesam_text,RemoteSAM text only,RemoteSAM,no_overlap__low_mask_area,no_overlap,low_mask_area,1,5.245208740234375e-05,0.0,0.0,0.0,0.0,0.0,0.0
P2271_0016.jpg,remotesam_text,RemoteSAM text only,RemoteSAM,no_overlap__low_mask_area,no_overlap,low_mask_area,3,0.0001716613769531,0.0,0.1337126600284495,0.23588456712672523,0.1430745814307458,0.6714285714285714,4.692857142857143
P2477_0005.jpg,remotesam_text,RemoteSAM text only,RemoteSAM,no_overlap__low_mask_area,no_overlap,low_mask_area,14,0.0002861022949218,0.0,0.02745995423340961,0.053452115812917596,0.042105263157894736,0.07317073170731707,1.7378048780487805
P2570_0001.jpg,remotesam_text,RemoteSAM text only,RemoteSAM,no_overlap__low_mask_area,no_overlap,low_mask_area,5,0.0011091232299804,0.0,0.22179732313575526,0.36306729264475746,0.7918088737201365,0.23553299492385787,0.29746192893401013
P2571_0000.jpg,remotesam_text,RemoteSAM text only,RemoteSAM,no_overlap__low_mask_area,no_overlap,low_mask_area,1,0.0007095336914062,0.0,0.8567567567567568,0.9228529839883551,0.9420505200594353,0.9044222539229672,0.9600570613409415
P2599_0001.jpg,remotesam_text,RemoteSAM text only,RemoteSAM,no_overlap__low_mask_area,no_overlap,low_mask_area,3,0.0012168884277343,0.0,0.7633959638135004,0.8658247829518547,0.7943519188993483,0.9514310494362532,1.1977450130095404
P2766_0016.jpg,remotesam_text,RemoteSAM text only,RemoteSAM,no_overlap__low_mask_area,no_overlap,low_mask_area,15,0.0030765533447265,0.0,0.14623438027693347,0.2551561579257513,0.7491349480968859,0.15376420454545456,0.20525568181818182
P2778_0003.jpg,remotesam_text,RemoteSAM text only,RemoteSAM,no_overlap__low_mask_area,no_overlap,low_mask_area,4,0.0010662078857421,0.0,0.1392081736909323,0.24439461883408073,0.2798459563543004,0.21691542288557214,0.7751243781094528
P2791_0000.jpg,remotesam_text,RemoteSAM text only,RemoteSAM,no_overlap__low_mask_area,no_overlap,low_mask_area,1,0.000192642211914,0.0,0.0,0.0,0.0,0.0,0.0
P2794_0000.jpg,remotesam_text,RemoteSAM text only,RemoteSAM,no_overlap__low_mask_area,no_overlap,low_mask_area,1,0.0007314682006835,0.0,0.7379480840543882,0.8492176386913229,0.8652173913043478,0.8337988826815642,0.9636871508379888
P2802_0012.jpg,remotesam_text,RemoteSAM text only,RemoteSAM,no_overlap__low_mask_area,no_overlap,low_mask_area,1,0.0002107620239257,0.0,0.0,0.0,0.0,0.0,0.0
P0007_0002.jpg,remotesam_text,RemoteSAM text only,RemoteSAM,overlap__high_mask_area,overlap,high_mask_area,70,0.2087612152099609,0.0865297034713085,0.7193702204897789,0.8367833895423168,0.7597578604987351,0.9311888839137406,1.225639025705468
P0161_0001.jpg,remotesam_text,RemoteSAM text only,RemoteSAM,overlap__high_mask_area,overlap,high_mask_area,393,0.0190505981445312,0.2898550724637681,0.40278405124625305,0.5742638018851355,0.5083963926609308,0.6597390368576809,1.2976863061608825
P0257_0000.jpg,remotesam_text,RemoteSAM text only,RemoteSAM,overlap__high_mask_area,overlap,high_mask_area,52,0.0091314315795898,0.2748091603053435,0.5647329201197855,0.721826597828022,0.5726694915254237,0.9760471834376505,1.7043813192103996
P0259_0005.jpg,remotesam_text,RemoteSAM text only,RemoteSAM,overlap__high_mask_area,overlap,high_mask_area,78,0.019169807434082,0.1497005988023952,0.6927156251325781,0.8184666282362967,0.7382556404575665,0.9182319199190192,1.2437858508604207
P0331_0007.jpg,remotesam_text,RemoteSAM text only,RemoteSAM,overlap__high_mask_area,overlap,high_mask_area,7,0.0045595169067382,0.3187183811129848,0.6105892399658411,0.7582184517497349,0.7175832998795665,0.8037320143884892,1.1200539568345325
P1007_0014.jpg,remotesam_text,RemoteSAM text only,RemoteSAM,overlap__high_mask_area,overlap,high_mask_area,28,0.0049676895141601,0.208955223880597,0.45209750566893425,0.6226820222525864,0.5547826086956522,0.7095195729537367,1.278914590747331
P1090_0005.jpg,remotesam_text,RemoteSAM text only,RemoteSAM,overlap__high_mask_area,overlap,high_mask_area,118,0.017913818359375,0.2304761904761904,0.5520509244358617,0.7113824884792627,0.5630653632915086,0.9657782782782782,1.7152152152152151
P1122_0003.jpg,remotesam_text,RemoteSAM text only,RemoteSAM,overlap__high_mask_area,overlap,high_mask_area,10,0.0090494155883789,0.0707444492816717,0.07771964246784391,0.14422979670274097,0.7003929273084479,0.0803923779456534,0.11478182433194273
P1380_0023.jpg,remotesam_text,RemoteSAM text only,RemoteSAM,overlap__high_mask_area,overlap,high_mask_area,103,0.0130224227905273,0.2729007633587786,0.5089684890923781,0.6745912757906761,0.5770381679389313,0.811839505112123,1.4069078099493084
P1410_0032.jpg,remotesam_text,RemoteSAM text only,RemoteSAM,overlap__high_mask_area,overlap,high_mask_area,29,0.0053348541259765,0.1013793103448275,0.45799525652228185,0.6282534246575342,0.5356204379562044,0.7596273291925466,1.4182194616977226
P1432_0011.jpg,remotesam_text,RemoteSAM text only,RemoteSAM,overlap__high_mask_area,overlap,high_mask_area,96,0.0145807266235351,0.2277039848197343,0.4315005138746146,0.602864630075026,0.5650740242261104,0.6460721705008848,1.1433407709471417
P1432_0016.jpg,remotesam_text,RemoteSAM text only,RemoteSAM,overlap__high_mask_area,overlap,high_mask_area,85,0.0122556686401367,0.1988636363636363,0.3093170291113736,0.47248607057574954,0.5581745235707122,0.4096052994755727,0.7338301591682768
P1809_0002.jpg,remotesam_text,RemoteSAM text only,RemoteSAM,overlap__high_mask_area,overlap,high_mask_area,26,0.009709358215332,0.2398042414355628,0.2825548770424162,0.4406125337794364,0.544269591479892,0.3701221489568695,0.6800345908550427
P1809_0025.jpg,remotesam_text,RemoteSAM text only,RemoteSAM,overlap__high_mask_area,overlap,high_mask_area,148,0.031768798828125,0.1659751037344398,0.6352621285121405,0.7769544924154026,0.6753213823879916,0.9145977129906253,1.3543147556745991
P1829_0000.jpg,remotesam_text,RemoteSAM text only,RemoteSAM,overlap__high_mask_area,overlap,high_mask_area,58,0.0628290176391601,0.1666666666666666,0.6823807836387568,0.811208485349983,0.7600755578736661,0.869717401122653,1.144251242015614
P1854_0048.jpg,remotesam_text,RemoteSAM text only,RemoteSAM,overlap__high_mask_area,overlap,high_mask_area,51,0.0251674652099609,0.3842165898617511,0.20405075478834978,0.3389404540911038,0.543207616257781,0.246316051637541,0.45344734548171517
P1854_0069.jpg,remotesam_text,RemoteSAM text only,RemoteSAM,overlap__high_mask_area,overlap,high_mask_area,65,0.0276927947998046,0.2989365892083497,0.32567610198170294,0.49133585722011897,0.5745800445253997,0.42915989569555196,0.7469105475983523
P1960_0002.jpg,remotesam_text,RemoteSAM text only,RemoteSAM,overlap__high_mask_area,overlap,high_mask_area,52,0.0601720809936523,0.4818043146655044,0.6890249829882376,0.815884892086331,0.7155169150399374,0.9490050375725929,1.3263208983950059
P1973_0001.jpg,remotesam_text,RemoteSAM text only,RemoteSAM,overlap__high_mask_area,overlap,high_mask_area,15,0.022261619567871,0.4707508060801474,0.8051926845199217,0.8920850293984622,0.9022872827081427,0.8821109123434705,0.9776386404293381
P1973_0002.jpg,remotesam_text,RemoteSAM text only,RemoteSAM,overlap__high_mask_area,overlap,high_mask_area,57,0.1081457138061523,0.4323593636269107,0.7194535671860807,0.8368397738863986,0.7490415184384935,0.9479533025208536,1.265555084979837
P2027_0005.jpg,remotesam_text,RemoteSAM text only,RemoteSAM,overlap__high_mask_area,overlap,high_mask_area,92,0.1340551376342773,0.2566524476944952,0.7174031329648616,0.8354510588627647,0.7465341931792445,0.9484129387891086,1.2704212981191507
P2197_0003.jpg,remotesam_text,RemoteSAM text only,RemoteSAM,overlap__high_mask_area,overlap,high_mask_area,185,0.0270919799804687,0.0526315789473684,0.5207579753097944,0.6848663413436454,0.5410090430819211,0.9329403403152305,1.7244450018813495
P2242_0004.jpg,remotesam_text,RemoteSAM text only,RemoteSAM,overlap__high_mask_area,overlap,high_mask_area,136,0.0197610855102539,0.1692047377326565,0.4545120689079558,0.6249684394151537,0.5214693377255142,0.7797250859106529,1.49524627720504
P2455_0004.jpg,remotesam_text,RemoteSAM text only,RemoteSAM,overlap__high_mask_area,overlap,high_mask_area,74,0.0046644210815429,0.3559322033898305,0.21784232365145229,0.3577512776831346,0.38054968287526425,0.337530136619341,0.8869541923386016
P2592_0000.jpg,remotesam_text,RemoteSAM text only,RemoteSAM,overlap__high_mask_area,overlap,high_mask_area,51,0.0099868774414062,0.171875,0.47317656998028723,0.642389486260454,0.5703496266123558,0.7352587244283996,1.2891368559238596
P2593_0000.jpg,remotesam_text,RemoteSAM text only,RemoteSAM,overlap__high_mask_area,overlap,high_mask_area,58,0.0110769271850585,0.2676056338028169,0.4366426248055438,0.6078653344489836,0.6080149665222528,0.6077157760062986,0.9995079224485779
P2625_0009.jpg,remotesam_text,RemoteSAM text only,RemoteSAM,overlap__high_mask_area,overlap,high_mask_area,43,0.0850152969360351,0.4138590895911858,0.6851959009202396,0.8131943598320799,0.7712088743224506,0.8600145256893845,1.115151231169318
P2630_0001.jpg,remotesam_text,RemoteSAM text only,RemoteSAM,overlap__high_mask_area,overlap,high_mask_area,54,0.0554580688476562,0.06875753920386,0.6566521188230325,0.7927459378611734,0.7405843124801524,0.8528121114605427,1.1515395304614935
P2678_0009.jpg,remotesam_text,RemoteSAM text only,RemoteSAM,overlap__high_mask_area,overlap,high_mask_area,86,0.0145559310913085,0.3089887640449438,0.46843415848835507,0.6380049875311721,0.5670547904722502,0.7292490118577075,1.2860291882031012
P2771_0005.jpg,remotesam_text,RemoteSAM text only,RemoteSAM,overlap__high_mask_area,overlap,high_mask_area,43,0.0064725875854492,0.3074534161490683,0.1425233644859813,0.24948875255623723,0.33565015928178393,0.1985268927714971,0.5914696813977389
P2781_0005.jpg,remotesam_text,RemoteSAM text only,RemoteSAM,overlap__high_mask_area,overlap,high_mask_area,66,0.1247196197509765,0.4931031764798613,0.6529483529890199,0.7900408404271023,0.8107316580546345,0.7703798480607756,0.9502279088364655
P2791_0013.jpg,remotesam_text,RemoteSAM text only,RemoteSAM,overlap__high_mask_area,overlap,high_mask_area,31,0.0086574554443359,0.2568093385214007,0.16610610827818162,0.2848902121324898,0.5936409461031408,0.18741584037213857,0.3157057167339944
P0027_0002.jpg,remotesam_text,RemoteSAM text only,RemoteSAM,overlap__low_mask_area,overlap,low_mask_area,13,0.0022802352905273,0.1021671826625387,0.49463087248322146,0.6618769645262685,0.6139108704706372,0.7179736970287385,1.1695080370189965
P0117_0000.jpg,remotesam_text,RemoteSAM text only,RemoteSAM,overlap__low_mask_area,overlap,low_mask_area,21,0.0014848709106445,0.1877934272300469,0.28254349130173967,0.44059869036482696,0.5244988864142539,0.37983870967741934,0.7241935483870968
P0795_0002.jpg,remotesam_text,RemoteSAM text only,RemoteSAM,overlap__low_mask_area,overlap,low_mask_area,5,0.0023584365844726,0.0705421293272371,0.6083819039689148,0.7565142364106989,0.6211391328988382,0.9673433362753752,1.5573698146513681
P0953_0004.jpg,remotesam_text,RemoteSAM text only,RemoteSAM,overlap__low_mask_area,overlap,low_mask_area,5,0.0005550384521484,0.1366120218579235,0.27636363636363637,0.43304843304843305,0.7037037037037037,0.31275720164609055,0.4444444444444444
P1030_0003.jpg,remotesam_text,RemoteSAM text only,RemoteSAM,overlap__low_mask_area,overlap,low_mask_area,27,0.0043010711669921,0.161344537815126,0.52988606485539,0.6927131072410633,0.6207392197125257,0.7835666148263349,1.2623120787973043
P1030_0004.jpg,remotesam_text,RemoteSAM text only,RemoteSAM,overlap__low_mask_area,overlap,low_mask_area,21,0.0035085678100585,0.0682226211849192,0.5985899476916079,0.748897424953763,0.6774774774774774,0.8371501272264631,1.2356870229007633
P1184_0013.jpg,remotesam_text,RemoteSAM text only,RemoteSAM,overlap__low_mask_area,overlap,low_mask_area,39,0.0022544860839843,0.226950354609929,0.11512717536813923,0.2064825930372149,0.3885542168674699,0.14059945504087193,0.36185286103542236
P1376_0004.jpg,remotesam_text,RemoteSAM text only,RemoteSAM,overlap__low_mask_area,overlap,low_mask_area,10,0.002324104309082,0.2711621233859397,0.44585779517286367,0.6167381006090683,0.6011433597185576,0.6331635016211209,1.0532654006484483
P1377_0010.jpg,remotesam_text,RemoteSAM text only,RemoteSAM,overlap__low_mask_area,overlap,low_mask_area,20,0.004012107849121,0.2214182344428364,0.4152597402597403,0.5868318421656343,0.5087509944311853,0.6932249322493225,1.3626016260162601
P1384_0028.jpg,remotesam_text,RemoteSAM text only,RemoteSAM,overlap__low_mask_area,overlap,low_mask_area,84,0.0044097900390625,0.1224489795918367,0.1406009244992296,0.24653833164471461,0.14764518925166137,0.7466393921683226,5.056984219754529
P1429_0003.jpg,remotesam_text,RemoteSAM text only,RemoteSAM,overlap__low_mask_area,overlap,low_mask_area,3,0.0044965744018554,0.1645848640705363,0.0648586510973636,0.12181645147085979,0.06505841298740707,0.9547984858606101,14.676018704074817
P1474_0017.jpg,remotesam_text,RemoteSAM text only,RemoteSAM,overlap__low_mask_area,overlap,low_mask_area,13,0.0007038116455078,0.1475409836065573,0.25229960578186594,0.40293809024134314,0.48120300751879697,0.34657039711191334,0.720216606498195
P1474_0018.jpg,remotesam_text,RemoteSAM text only,RemoteSAM,overlap__low_mask_area,overlap,low_mask_area,17,0.0007667541503906,0.2191780821917808,0.15128205128205127,0.26280623608017817,0.4,0.1956882255389718,0.4892205638474295
P1809_0036.jpg,remotesam_text,RemoteSAM text only,RemoteSAM,overlap__low_mask_area,overlap,low_mask_area,3,0.0006475448608398,0.09009009009009,0.38137082601054484,0.5521628498727735,0.44150559511698884,0.7368421052631579,1.66893039049236
P1854_0047.jpg,remotesam_text,RemoteSAM text only,RemoteSAM,overlap__low_mask_area,overlap,low_mask_area,9,0.0042552947998046,0.1981735159817351,0.2551239508100722,0.40653188180404354,0.5573560767590618,0.3199510403916769,0.5740514075887393
P2285_0007.jpg,remotesam_text,RemoteSAM text only,RemoteSAM,overlap__low_mask_area,overlap,low_mask_area,19,0.0025081634521484,0.2295081967213114,0.421978021978022,0.5935085007727975,0.5866433871671759,0.6005361930294906,1.0236818588025023
P2286_0004.jpg,remotesam_text,RemoteSAM text only,RemoteSAM,overlap__low_mask_area,overlap,low_mask_area,91,0.0023612976074218,0.2222222222222222,0.10365853658536585,0.1878453038674033,0.33943427620632277,0.12985359643539146,0.3825588796944621
P2331_0001.jpg,remotesam_text,RemoteSAM text only,RemoteSAM,overlap__low_mask_area,overlap,low_mask_area,53,0.0028228759765625,0.2057142857142857,0.03550890738730044,0.06858252427184466,0.03747718687661814,0.403380539058931,10.763362265874829
P2337_0001.jpg,remotesam_text,RemoteSAM text only,RemoteSAM,overlap__low_mask_area,overlap,low_mask_area,11,0.0004472732543945,0.0862068965517241,0.0,0.0,0.0,0.0,0.0
P2363_0003.jpg,remotesam_text,RemoteSAM text only,RemoteSAM,overlap__low_mask_area,overlap,low_mask_area,27,0.0012645721435546,0.2397260273972602,0.19148073022312373,0.32141641130405174,0.24143222506393863,0.48065173116089616,1.990835030549898
P2404_0002.jpg,remotesam_text,RemoteSAM text only,RemoteSAM,overlap__low_mask_area,overlap,low_mask_area,30,0.0014076232910156,0.2347826086956521,0.1607843137254902,0.27702702702702703,0.17442684944457576,0.6727438468550593,3.8568824065633547
P2404_0027.jpg,remotesam_text,RemoteSAM text only,RemoteSAM,overlap__low_mask_area,overlap,low_mask_area,15,0.0005922317504882,0.3555555555555555,0.13,0.23008849557522124,0.14145077720207253,0.6162528216704289,4.356659142212189
P2420_0001.jpg,remotesam_text,RemoteSAM text only,RemoteSAM,overlap__low_mask_area,overlap,low_mask_area,19,0.0006084442138671,0.3684210526315789,0.0,0.0,0.0,0.0,0.2048780487804878
P2462_0000.jpg,remotesam_text,RemoteSAM text only,RemoteSAM,overlap__low_mask_area,overlap,low_mask_area,57,0.0019330978393554,0.0780487804878048,0.1021059349074665,0.18529241459177764,0.4481792717086835,0.11678832116788321,0.2605839416058394
P2547_0006.jpg,remotesam_text,RemoteSAM text only,RemoteSAM,overlap__low_mask_area,overlap,low_mask_area,72,0.0020599365234375,0.217391304347826,0.0,0.0,0.0,0.0,0.2050561797752809
P2547_0011.jpg,remotesam_text,RemoteSAM text only,RemoteSAM,overlap__low_mask_area,overlap,low_mask_area,109,0.003453254699707,0.2903225806451613,0.06268115942028986,0.11796795090351177,0.3844444444444444,0.06967378171566653,0.18123238018525978
P2645_0010.jpg,remotesam_text,RemoteSAM text only,RemoteSAM,overlap__low_mask_area,overlap,low_mask_area,32,0.0027751922607421,0.2254098360655737,0.28194413899274245,0.4398696174300909,0.3695589507062554,0.5432203389830509,1.4699152542372882
P2689_0002.jpg,remotesam_text,RemoteSAM text only,RemoteSAM,overlap__low_mask_area,overlap,low_mask_area,80,0.0040006637573242,0.3333333333333333,0.0222528661042613,0.043536911154019094,0.022375683097251298,0.8021442495126706,35.84892787524367
P2689_0006.jpg,remotesam_text,RemoteSAM text only,RemoteSAM,overlap__low_mask_area,overlap,low_mask_area,19,0.001051902770996,0.08,0.30603705917513446,0.46864988558352405,0.3726346433770015,0.6313193588162762,1.6942046855733661
P2709_0000.jpg,remotesam_text,RemoteSAM text only,RemoteSAM,overlap__low_mask_area,overlap,low_mask_area,13,0.0021448135375976,0.1384615384615384,0.3027440395861449,0.4647790055248619,0.6909650924024641,0.350156087408949,0.5067637877211238
P2709_0001.jpg,remotesam_text,RemoteSAM text only,RemoteSAM,overlap__low_mask_area,overlap,low_mask_area,15,0.0022134780883789,0.2,0.27492130115424973,0.4312757201646091,0.46869409660107336,0.39939024390243905,0.8521341463414634
P2778_0007.jpg,remotesam_text,RemoteSAM text only,RemoteSAM,overlap__low_mask_area,overlap,low_mask_area,10,0.002511978149414,0.0525606469002695,0.15897244973938943,0.2743334404111789,0.5310945273631841,0.18492854049372023,0.34820268514508446
P0060_0009.jpg,gt_box_ringmo_sam,RingMo-SAM GT bbox,RingMo-SAM,no_overlap__high_mask_area,no_overlap,high_mask_area,37,0.0057315826416015,0.0,0.05695703586913677,0.1077754987879918,1.0,0.05695703586913677,0.05695703586913677
P0199_0002.jpg,gt_box_ringmo_sam,RingMo-SAM GT bbox,RingMo-SAM,no_overlap__high_mask_area,no_overlap,high_mask_area,50,0.0199432373046875,0.0,0.5442314326548716,0.7048573434607774,0.8820992092020129,0.5869253255381345,0.6653733723093277
P0331_0003.jpg,gt_box_ringmo_sam,RingMo-SAM GT bbox,RingMo-SAM,no_overlap__high_mask_area,no_overlap,high_mask_area,9,0.0047893524169921,0.0,0.4468909276248726,0.617725799633648,0.8867313915857605,0.47394594594594597,0.5344864864864864
P0725_0000.jpg,gt_box_ringmo_sam,RingMo-SAM GT bbox,RingMo-SAM,no_overlap__high_mask_area,no_overlap,high_mask_area,17,0.0089015960693359,0.0,0.6251824056702106,0.7693689071318625,0.8636429085673146,0.6936509772175321,0.8031687290389731
P0725_0002.jpg,gt_box_ringmo_sam,RingMo-SAM GT bbox,RingMo-SAM,no_overlap__high_mask_area,no_overlap,high_mask_area,20,0.0104885101318359,0.0,0.5710402319681044,0.7269581266582074,0.8805365376554423,0.6189961693350359,0.702976132010608
P0761_0003.jpg,gt_box_ringmo_sam,RingMo-SAM GT bbox,RingMo-SAM,no_overlap__high_mask_area,no_overlap,high_mask_area,15,0.007730484008789,0.0,0.35819354838709677,0.5274558236747102,0.9012987012987013,0.3728176201987644,0.41364491001880205
P0801_0002.jpg,gt_box_ringmo_sam,RingMo-SAM GT bbox,RingMo-SAM,no_overlap__high_mask_area,no_overlap,high_mask_area,61,0.0379505157470703,0.0,0.06315369261477045,0.11880444577951337,0.7214958954089389,0.06473171663165934,0.08971875937696064
P0887_0004.jpg,gt_box_ringmo_sam,RingMo-SAM GT bbox,RingMo-SAM,no_overlap__high_mask_area,no_overlap,high_mask_area,22,0.0117864608764648,0.0,0.5968136221866307,0.7475056749194954,0.9336674139522616,0.6232394366197183,0.6675176056338028
P0887_0008.jpg,gt_box_ringmo_sam,RingMo-SAM GT bbox,RingMo-SAM,no_overlap__high_mask_area,no_overlap,high_mask_area,13,0.0078229904174804,0.0,0.7754323196183661,0.8735138039900584,0.8858310626702998,0.8615343845236518,0.9725718828673645
P1088_0000.jpg,gt_box_ringmo_sam,RingMo-SAM GT bbox,RingMo-SAM,no_overlap__high_mask_area,no_overlap,high_mask_area,15,0.00994873046875,0.0,0.4217708012721863,0.593303506999567,0.9718676122931442,0.4269837972579975,0.43934358122143746
P1122_0017.jpg,gt_box_ringmo_sam,RingMo-SAM GT bbox,RingMo-SAM,no_overlap__high_mask_area,no_overlap,high_mask_area,5,0.0090446472167968,0.0,0.06006564551422319,0.11332438848178347,0.9029605263157895,0.06045589692765114,0.06695297874683405
P1143_0005.jpg,gt_box_ringmo_sam,RingMo-SAM GT bbox,RingMo-SAM,no_overlap__high_mask_area,no_overlap,high_mask_area,3,0.0054092407226562,0.0,0.0,0.0,0.0,0.0,0.0
P1147_0029.jpg,gt_box_ringmo_sam,RingMo-SAM GT bbox,RingMo-SAM,no_overlap__high_mask_area,no_overlap,high_mask_area,3,0.0055389404296875,0.0,0.00017966223499820338,0.00035925992455541585,1.0,0.00017966223499820338,0.00017966223499820338
P1471_0007.jpg,gt_box_ringmo_sam,RingMo-SAM GT bbox,RingMo-SAM,no_overlap__high_mask_area,no_overlap,high_mask_area,44,0.0236873626708984,0.0,0.385790995456423,0.5567809239940388,0.8659373261635454,0.41029696011245825,0.47381830961166754
P1471_0017.jpg,gt_box_ringmo_sam,RingMo-SAM GT bbox,RingMo-SAM,no_overlap__high_mask_area,no_overlap,high_mask_area,47,0.0290870666503906,0.0,0.3447647336798758,0.5127510040160642,0.8790773732679232,0.3619290599199178,0.411714680557032
P1471_0023.jpg,gt_box_ringmo_sam,RingMo-SAM GT bbox,RingMo-SAM,no_overlap__high_mask_area,no_overlap,high_mask_area,38,0.0237340927124023,0.0,0.20331719024557493,0.3379278412935855,0.9340421342784012,0.2062788068527698,0.22084529089486044
P1476_0003.jpg,gt_box_ringmo_sam,RingMo-SAM GT bbox,RingMo-SAM,no_overlap__high_mask_area,no_overlap,high_mask_area,13,0.0171136856079101,0.0,0.7366366875954522,0.8483486417822943,0.949890590809628,0.7664194915254238,0.8068502824858758
P1854_0015.jpg,gt_box_ringmo_sam,RingMo-SAM GT bbox,RingMo-SAM,no_overlap__high_mask_area,no_overlap,high_mask_area,14,0.0058765411376953,0.0,0.1557377049180328,0.2695035460992908,0.9920544835414302,0.15593220338983052,0.15718108831400535
P1854_0017.jpg,gt_box_ringmo_sam,RingMo-SAM GT bbox,RingMo-SAM,no_overlap__high_mask_area,no_overlap,high_mask_area,15,0.0063047409057617,0.0,0.2775143090760425,0.43445980542754736,0.9454038997214484,0.2820342363303972,0.29832142263586503
P1854_0044.jpg,gt_box_ringmo_sam,RingMo-SAM GT bbox,RingMo-SAM,no_overlap__high_mask_area,no_overlap,high_mask_area,15,0.0063352584838867,0.0,0.4253132026983617,0.5967996393959882,0.9274956217162872,0.4399401894002326,0.47433128426648946
P1854_0058.jpg,gt_box_ringmo_sam,RingMo-SAM GT bbox,RingMo-SAM,no_overlap__high_mask_area,no_overlap,high_mask_area,13,0.0055618286132812,0.0,0.2849432346919784,0.44351100811123984,0.9404176904176904,0.2901819560272934,0.30856709628506446
P2027_0004.jpg,gt_box_ringmo_sam,RingMo-SAM GT bbox,RingMo-SAM,no_overlap__high_mask_area,no_overlap,high_mask_area,88,0.1279077529907226,0.0,0.8429753797799895,0.9147983082450316,0.8758690256752638,0.9573490917744111,1.0930276830332355
P2577_0000.jpg,gt_box_ringmo_sam,RingMo-SAM GT bbox,RingMo-SAM,no_overlap__high_mask_area,no_overlap,high_mask_area,3,0.0065650939941406,0.0,0.44029209621993126,0.6113927825827618,0.8882149046793761,0.46612096407457937,0.5247839927239655
P2598_0006.jpg,gt_box_ringmo_sam,RingMo-SAM GT bbox,RingMo-SAM,no_overlap__high_mask_area,no_overlap,high_mask_area,16,0.0115852355957031,0.0,0.6228690228690229,0.7676146553932872,0.9110813769614402,0.6631839914999115,0.7279086240481671
P2766_0010.jpg,gt_box_ringmo_sam,RingMo-SAM GT bbox,RingMo-SAM,no_overlap__high_mask_area,no_overlap,high_mask_area,22,0.0049219131469726,0.0,0.2707751771526734,0.42615748563703953,0.9217836257309941,0.27714285714285714,0.30065934065934063
P2766_0022.jpg,gt_box_ringmo_sam,RingMo-SAM GT bbox,RingMo-SAM,no_overlap__high_mask_area,no_overlap,high_mask_area,25,0.0062389373779296,0.0,0.20856898029134532,0.345150311968236,0.9522691705790297,0.21077242812608243,0.22133702805680638
P2778_0005.jpg,gt_box_ringmo_sam,RingMo-SAM GT bbox,RingMo-SAM,no_overlap__high_mask_area,no_overlap,high_mask_area,23,0.0055732727050781,0.0,0.2747169811320755,0.43102427471876853,0.9043478260869565,0.28293820443062573,0.3128643606684804
P2794_0003.jpg,gt_box_ringmo_sam,RingMo-SAM GT bbox,RingMo-SAM,no_overlap__high_mask_area,no_overlap,high_mask_area,12,0.0083093643188476,0.0,0.4441521167184884,0.6151043391851606,0.9204460966542751,0.4618828503917423,0.5018032583012063
P2794_0004.jpg,gt_box_ringmo_sam,RingMo-SAM GT bbox,RingMo-SAM,no_overlap__high_mask_area,no_overlap,high_mask_area,11,0.0078897476196289,0.0,0.37336683417085426,0.5437248444932309,0.9060975609756098,0.3883951907997909,0.42864610559330896
P2794_0015.jpg,gt_box_ringmo_sam,RingMo-SAM GT bbox,RingMo-SAM,no_overlap__high_mask_area,no_overlap,high_mask_area,10,0.0064525604248046,0.0,0.13256213850242302,0.23409247757073845,0.9328932893289329,0.13383838383838384,0.1434659090909091
P2802_0010.jpg,gt_box_ringmo_sam,RingMo-SAM GT bbox,RingMo-SAM,no_overlap__high_mask_area,no_overlap,high_mask_area,37,0.0080957412719726,0.0,0.4482190391684624,0.6189934354485777,0.8931548370800707,0.4736137155103134,0.5302705598714171
P2802_0029.jpg,gt_box_ringmo_sam,RingMo-SAM GT bbox,RingMo-SAM,no_overlap__high_mask_area,no_overlap,high_mask_area,20,0.007145881652832,0.0,0.30798149219201854,0.47092637629891665,0.9228769497400346,0.3161175422974176,0.3425348768180469
P0019_0015.jpg,gt_box_ringmo_sam,RingMo-SAM GT bbox,RingMo-SAM,no_overlap__low_mask_area,no_overlap,low_mask_area,1,0.0008764266967773,0.0,0.7947845804988662,0.8856601389766267,0.9709141274238227,0.8141695702671312,0.8385598141695703
P0110_0002.jpg,gt_box_ringmo_sam,RingMo-SAM GT bbox,RingMo-SAM,no_overlap__low_mask_area,no_overlap,low_mask_area,2,2.86102294921875e-05,0.0,0.0,0.0,0.0,0.0,0.0
P0932_0001.jpg,gt_box_ringmo_sam,RingMo-SAM GT bbox,RingMo-SAM,no_overlap__low_mask_area,no_overlap,low_mask_area,1,9.632110595703124e-05,0.0,0.0,0.0,0.0,0.0,0.0
P0945_0001.jpg,gt_box_ringmo_sam,RingMo-SAM GT bbox,RingMo-SAM,no_overlap__low_mask_area,no_overlap,low_mask_area,8,0.0013027191162109,0.0,0.010247651579846286,0.02028740490278952,1.0,0.010247651579846286,0.010247651579846286
P0961_0003.jpg,gt_box_ringmo_sam,RingMo-SAM GT bbox,RingMo-SAM,no_overlap__low_mask_area,no_overlap,low_mask_area,7,0.001312255859375,0.0,0.0,0.0,0.0,0.0,0.0
P0974_0003.jpg,gt_box_ringmo_sam,RingMo-SAM GT bbox,RingMo-SAM,no_overlap__low_mask_area,no_overlap,low_mask_area,2,0.0004663467407226,0.0,0.11188811188811189,0.20125786163522014,0.9411764705882353,0.11267605633802817,0.11971830985915492
P0998_0001.jpg,gt_box_ringmo_sam,RingMo-SAM GT bbox,RingMo-SAM,no_overlap__low_mask_area,no_overlap,low_mask_area,4,0.0028486251831054,0.0,0.08878504672897196,0.1630901287553648,1.0,0.08878504672897196,0.08878504672897196
P0998_0003.jpg,gt_box_ringmo_sam,RingMo-SAM GT bbox,RingMo-SAM,no_overlap__low_mask_area,no_overlap,low_mask_area,7,0.0044116973876953,0.0,0.15666280417149478,0.2708875976758165,1.0,0.15666280417149478,0.15666280417149478
P1005_0007.jpg,gt_box_ringmo_sam,RingMo-SAM GT bbox,RingMo-SAM,no_overlap__low_mask_area,no_overlap,low_mask_area,1,0.0001716613769531,0.0,0.0,0.0,0.0,0.0,0.0
P1023_0003.jpg,gt_box_ringmo_sam,RingMo-SAM GT bbox,RingMo-SAM,no_overlap__low_mask_area,no_overlap,low_mask_area,7,0.0010700225830078,0.0,0.0,0.0,0.0,0.0,0.0
P1134_0000.jpg,gt_box_ringmo_sam,RingMo-SAM GT bbox,RingMo-SAM,no_overlap__low_mask_area,no_overlap,low_mask_area,1,0.0038614273071289,0.0,0.15593483320403415,0.2697986577181208,1.0,0.15593483320403415,0.15593483320403415
P1147_0022.jpg,gt_box_ringmo_sam,RingMo-SAM GT bbox,RingMo-SAM,no_overlap__low_mask_area,no_overlap,low_mask_area,1,0.0005121231079101,0.0,0.0,0.0,0.0,0.0,0.0
P1179_0045.jpg,gt_box_ringmo_sam,RingMo-SAM GT bbox,RingMo-SAM,no_overlap__low_mask_area,no_overlap,low_mask_area,2,0.000594139099121,0.0,0.53125,0.6938775510204082,0.9357798165137615,0.5513513513513514,0.5891891891891892
P1376_0018.jpg,gt_box_ringmo_sam,RingMo-SAM GT bbox,RingMo-SAM,no_overlap__low_mask_area,no_overlap,low_mask_area,1,0.0002927780151367,0.0,0.0,0.0,0.0,0.0,0.0
P1377_0002.jpg,gt_box_ringmo_sam,RingMo-SAM GT bbox,RingMo-SAM,no_overlap__low_mask_area,no_overlap,low_mask_area,2,0.0003080368041992,0.0,0.0,0.0,0.0,0.0,0.0
P1384_0012.jpg,gt_box_ringmo_sam,RingMo-SAM GT bbox,RingMo-SAM,no_overlap__low_mask_area,no_overlap,low_mask_area,9,0.0008420944213867,0.0,0.025936599423631124,0.05056179775280899,0.9,0.02601156069364162,0.028901734104046242
P1390_0022.jpg,gt_box_ringmo_sam,RingMo-SAM GT bbox,RingMo-SAM,no_overlap__low_mask_area,no_overlap,low_mask_area,2,0.0004186630249023,0.0,0.0,0.0,0.0,0.0,0.0
P1397_0011.jpg,gt_box_ringmo_sam,RingMo-SAM GT bbox,RingMo-SAM,no_overlap__low_mask_area,no_overlap,low_mask_area,2,0.0003995895385742,0.0,0.0,0.0,0.0,0.0,0.0
P1397_0032.jpg,gt_box_ringmo_sam,RingMo-SAM GT bbox,RingMo-SAM,no_overlap__low_mask_area,no_overlap,low_mask_area,2,0.0001659393310546,0.0,0.0,0.0,0.0,0.0,0.0
P1410_0005.jpg,gt_box_ringmo_sam,RingMo-SAM GT bbox,RingMo-SAM,no_overlap__low_mask_area,no_overlap,low_mask_area,7,0.000925064086914,0.0,0.5190311418685121,0.683371298405467,0.8754863813229572,0.5603985056039851,0.6400996264009963
P2168_0003.jpg,gt_box_ringmo_sam,RingMo-SAM GT bbox,RingMo-SAM,no_overlap__low_mask_area,no_overlap,low_mask_area,19,0.0030202865600585,0.0,0.567143830947512,0.7237929534580252,0.8671182907764461,0.6211272863008586,0.7163120567375887
P2271_0006.jpg,gt_box_ringmo_sam,RingMo-SAM GT bbox,RingMo-SAM,no_overlap__low_mask_area,no_overlap,low_mask_area,1,5.245208740234375e-05,0.0,0.0,0.0,0.0,0.0,0.0
P2271_0016.jpg,gt_box_ringmo_sam,RingMo-SAM GT bbox,RingMo-SAM,no_overlap__low_mask_area,no_overlap,low_mask_area,3,0.0001716613769531,0.0,0.0,0.0,0.0,0.0,0.0
P2477_0005.jpg,gt_box_ringmo_sam,RingMo-SAM GT bbox,RingMo-SAM,no_overlap__low_mask_area,no_overlap,low_mask_area,14,0.0002861022949218,0.0,0.0,0.0,0.0,0.0,0.0
P2570_0001.jpg,gt_box_ringmo_sam,RingMo-SAM GT bbox,RingMo-SAM,no_overlap__low_mask_area,no_overlap,low_mask_area,5,0.0011091232299804,0.0,0.029441624365482234,0.05719921104536489,1.0,0.029441624365482234,0.029441624365482234
P2571_0000.jpg,gt_box_ringmo_sam,RingMo-SAM GT bbox,RingMo-SAM,no_overlap__low_mask_area,no_overlap,low_mask_area,1,0.0007095336914062,0.0,0.7351274787535411,0.8473469387755102,0.9904580152671756,0.7403708987161198,0.7475035663338089
P2599_0001.jpg,gt_box_ringmo_sam,RingMo-SAM GT bbox,RingMo-SAM,no_overlap__low_mask_area,no_overlap,low_mask_area,3,0.0012168884277343,0.0,0.08673026886383348,0.1596169193934557,1.0,0.08673026886383348,0.08673026886383348
P2766_0016.jpg,gt_box_ringmo_sam,RingMo-SAM GT bbox,RingMo-SAM,no_overlap__low_mask_area,no_overlap,low_mask_area,15,0.0030765533447265,0.0,0.08321579689703808,0.15364583333333334,0.921875,0.08380681818181818,0.09090909090909091
P2778_0003.jpg,gt_box_ringmo_sam,RingMo-SAM GT bbox,RingMo-SAM,no_overlap__low_mask_area,no_overlap,low_mask_area,4,0.0010662078857421,0.0,0.36476868327402134,0.5345501955671447,0.775047258979206,0.4079601990049751,0.5263681592039801
P2791_0000.jpg,gt_box_ringmo_sam,RingMo-SAM GT bbox,RingMo-SAM,no_overlap__low_mask_area,no_overlap,low_mask_area,1,0.000192642211914,0.0,0.0,0.0,0.0,0.0,0.0
P2794_0000.jpg,gt_box_ringmo_sam,RingMo-SAM GT bbox,RingMo-SAM,no_overlap__low_mask_area,no_overlap,low_mask_area,1,0.0007314682006835,0.0,0.11173184357541899,0.20100502512562815,1.0,0.11173184357541899,0.11173184357541899
P2802_0012.jpg,gt_box_ringmo_sam,RingMo-SAM GT bbox,RingMo-SAM,no_overlap__low_mask_area,no_overlap,low_mask_area,1,0.0002107620239257,0.0,0.078125,0.14492753623188406,1.0,0.078125,0.078125
P0007_0002.jpg,gt_box_ringmo_sam,RingMo-SAM GT bbox,RingMo-SAM,overlap__high_mask_area,overlap,high_mask_area,70,0.2087612152099609,0.0865297034713085,0.809763242064343,0.8948830689484777,0.9392945036915504,0.8544817259592006,0.9097058724404066
P0161_0001.jpg,gt_box_ringmo_sam,RingMo-SAM GT bbox,RingMo-SAM,overlap__high_mask_area,overlap,high_mask_area,393,0.0190505981445312,0.2898550724637681,0.2019898629622677,0.3360924566609402,0.7436074637180373,0.21711057304277642,0.2919693301049233
P0257_0000.jpg,gt_box_ringmo_sam,RingMo-SAM GT bbox,RingMo-SAM,overlap__high_mask_area,overlap,high_mask_area,52,0.0091314315795898,0.2748091603053435,0.4303016453382084,0.6016935612717687,0.8945368171021377,0.45329802599903707,0.5067404910929225
P0259_0005.jpg,gt_box_ringmo_sam,RingMo-SAM GT bbox,RingMo-SAM,overlap__high_mask_area,overlap,high_mask_area,78,0.019169807434082,0.1497005988023952,0.5559667471171896,0.7146254868842853,0.923145427019325,0.5829490496007198,0.6314812731976156
P0331_0007.jpg,gt_box_ringmo_sam,RingMo-SAM GT bbox,RingMo-SAM,overlap__high_mask_area,overlap,high_mask_area,7,0.0045595169067382,0.3187183811129848,0.2197388802832485,0.36030478955007256,0.9332706766917294,0.22324640287769784,0.2392086330935252
P1007_0014.jpg,gt_box_ringmo_sam,RingMo-SAM GT bbox,RingMo-SAM,overlap__high_mask_area,overlap,high_mask_area,28,0.0049676895141601,0.208955223880597,0.2858358145470013,0.44459146543169037,0.8670967741935484,0.298932384341637,0.3447508896797153
P1090_0005.jpg,gt_box_ringmo_sam,RingMo-SAM GT bbox,RingMo-SAM,overlap__high_mask_area,overlap,high_mask_area,118,0.017913818359375,0.2304761904761904,0.49325337331334335,0.6606425702811245,0.8143564356435643,0.5557432432432432,0.6824324324324325
P1122_0003.jpg,gt_box_ringmo_sam,RingMo-SAM GT bbox,RingMo-SAM,overlap__high_mask_area,overlap,high_mask_area,10,0.0090494155883789,0.0707444492816717,0.0015779981965734896,0.0031510240828269186,0.8235294117647058,0.0015785319652722968,0.0019167888149735032
P1380_0023.jpg,gt_box_ringmo_sam,RingMo-SAM GT bbox,RingMo-SAM,overlap__high_mask_area,overlap,high_mask_area,103,0.0130224227905273,0.2729007633587786,0.326274883020065,0.492016982598816,0.8092053501180173,0.3534667926797835,0.4368072858492998
P1410_0032.jpg,gt_box_ringmo_sam,RingMo-SAM GT bbox,RingMo-SAM,overlap__high_mask_area,overlap,high_mask_area,29,0.0053348541259765,0.1013793103448275,0.5506799637352674,0.710243217960711,0.8159591617409995,0.6287784679089027,0.770600414078675
P1432_0011.jpg,gt_box_ringmo_sam,RingMo-SAM GT bbox,RingMo-SAM,overlap__high_mask_area,overlap,high_mask_area,96,0.0145807266235351,0.2277039848197343,0.3776766969909027,0.5482805912531112,0.8067264573991031,0.41524967300146187,0.5147341694237132
P1432_0016.jpg,gt_box_ringmo_sam,RingMo-SAM GT bbox,RingMo-SAM,overlap__high_mask_area,overlap,high_mask_area,85,0.0122556686401367,0.1988636363636363,0.44154604739939557,0.6126006841001875,0.765054430205319,0.5108105621492317,0.6676787192934033
P1809_0002.jpg,gt_box_ringmo_sam,RingMo-SAM GT bbox,RingMo-SAM,overlap__high_mask_area,overlap,high_mask_area,26,0.009709358215332,0.2398042414355628,0.027415002698327036,0.0533669503099065,0.9477611940298507,0.027456491190141607,0.028969841098259647
P1809_0025.jpg,gt_box_ringmo_sam,RingMo-SAM GT bbox,RingMo-SAM,overlap__high_mask_area,overlap,high_mask_area,148,0.031768798828125,0.1659751037344398,0.6628607390092601,0.7972534602076125,0.8388895209921493,0.7595549603379005,0.9054290718038529
P1829_0000.jpg,gt_box_ringmo_sam,RingMo-SAM GT bbox,RingMo-SAM,overlap__high_mask_area,overlap,high_mask_area,58,0.0628290176391601,0.1666666666666666,0.671768785420772,0.8036623141658824,0.926922833716249,0.7093360861991096,0.7652590489709014
P1854_0048.jpg,gt_box_ringmo_sam,RingMo-SAM GT bbox,RingMo-SAM,overlap__high_mask_area,overlap,high_mask_area,51,0.0251674652099609,0.3842165898617511,0.37393891312971045,0.5443312065132662,0.8938934193058979,0.3913079573284629,0.43775683865343906
P1854_0069.jpg,gt_box_ringmo_sam,RingMo-SAM GT bbox,RingMo-SAM,overlap__high_mask_area,overlap,high_mask_area,65,0.0276927947998046,0.2989365892083497,0.4128208878812258,0.5843923903196584,0.9273040906850666,0.4266278674275349,0.46007331544537244
P1960_0002.jpg,gt_box_ringmo_sam,RingMo-SAM GT bbox,RingMo-SAM,overlap__high_mask_area,overlap,high_mask_area,52,0.0601720809936523,0.4818043146655044,0.7368437632901224,0.848485947745019,0.9260432338269063,0.7829157671001322,0.8454419172900872
P1973_0001.jpg,gt_box_ringmo_sam,RingMo-SAM GT bbox,RingMo-SAM,overlap__high_mask_area,overlap,high_mask_area,15,0.022261619567871,0.4707508060801474,0.04364937388193202,0.08364758313335618,1.0,0.04364937388193202,0.04364937388193202
P1973_0002.jpg,gt_box_ringmo_sam,RingMo-SAM GT bbox,RingMo-SAM,overlap__high_mask_area,overlap,high_mask_area,57,0.1081457138061523,0.4323593636269107,0.8715228110327651,0.931351523898158,0.9100949837007618,0.9536247629219069,1.0478299298432983
P2027_0005.jpg,gt_box_ringmo_sam,RingMo-SAM GT bbox,RingMo-SAM,overlap__high_mask_area,overlap,high_mask_area,92,0.1340551376342773,0.2566524476944952,0.8403481836689144,0.913249124406011,0.8872765705226625,0.9407880788684617,1.060309840385256
P2197_0003.jpg,gt_box_ringmo_sam,RingMo-SAM GT bbox,RingMo-SAM,overlap__high_mask_area,overlap,high_mask_area,185,0.0270919799804687,0.0526315789473684,0.5053334809729451,0.6713907414672421,0.8117995849392232,0.5723901500898867,0.7050880053513943
P2242_0004.jpg,gt_box_ringmo_sam,RingMo-SAM GT bbox,RingMo-SAM,overlap__high_mask_area,overlap,high_mask_area,136,0.0197610855102539,0.1692047377326565,0.1251352120694563,0.222435865000253,0.9544072948328267,0.1258877434135166,0.13190148911798397
P2455_0004.jpg,gt_box_ringmo_sam,RingMo-SAM GT bbox,RingMo-SAM,overlap__high_mask_area,overlap,high_mask_area,74,0.0046644210815429,0.3559322033898305,0.1043455633619568,0.18897266729500473,0.7847358121330724,0.10742030538440932,0.1368872220733994
P2592_0000.jpg,gt_box_ringmo_sam,RingMo-SAM GT bbox,RingMo-SAM,overlap__high_mask_area,overlap,high_mask_area,51,0.0099868774414062,0.171875,0.42362648420205273,0.5951371218546792,0.8408228480127821,0.46056230171753637,0.5477518871020676
P2593_0000.jpg,gt_box_ringmo_sam,RingMo-SAM GT bbox,RingMo-SAM,overlap__high_mask_area,overlap,high_mask_area,58,0.0110769271850585,0.2676056338028169,0.29569148445428545,0.4564226716035318,0.8253927375740406,0.31542171046156875,0.3821474264344061
P2625_0009.jpg,gt_box_ringmo_sam,RingMo-SAM GT bbox,RingMo-SAM,overlap__high_mask_area,overlap,high_mask_area,43,0.0850152969360351,0.4138590895911858,0.35139980210697863,0.5200530613651242,0.9824578532838638,0.35361853665393717,0.3599325258299557
P2630_0001.jpg,gt_box_ringmo_sam,RingMo-SAM GT bbox,RingMo-SAM,overlap__high_mask_area,overlap,high_mask_area,54,0.0554580688476562,0.06875753920386,0.7156939260264676,0.834290913046488,0.9085094010467145,0.7712828201565128,0.8489541432019309
P2678_0009.jpg,gt_box_ringmo_sam,RingMo-SAM GT bbox,RingMo-SAM,overlap__high_mask_area,overlap,high_mask_area,86,0.0145559310913085,0.3089887640449438,0.20005892751915144,0.33341517309108765,0.8660714285714286,0.20644572818485862,0.23837032532684707
P2771_0005.jpg,gt_box_ringmo_sam,RingMo-SAM GT bbox,RingMo-SAM,overlap__high_mask_area,overlap,high_mask_area,43,0.0064725875854492,0.3074534161490683,0.09078636517043537,0.16646039603960397,0.8594249201277955,0.09215484755053101,0.10722850291195615
P2781_0005.jpg,gt_box_ringmo_sam,RingMo-SAM GT bbox,RingMo-SAM,overlap__high_mask_area,overlap,high_mask_area,66,0.1247196197509765,0.4931031764798613,0.5285330962075475,0.6915559728721531,0.9555499146817842,0.5418552578968413,0.5670611755297881
P2791_0013.jpg,gt_box_ringmo_sam,RingMo-SAM GT bbox,RingMo-SAM,overlap__high_mask_area,overlap,high_mask_area,31,0.0086574554443359,0.2568093385214007,0.046966731898238745,0.08971962616822429,0.9820971867007673,0.047006977598237236,0.04786387562737177
P0027_0002.jpg,gt_box_ringmo_sam,RingMo-SAM GT bbox,RingMo-SAM,overlap__low_mask_area,overlap,low_mask_area,13,0.0022802352905273,0.1021671826625387,0.3342884431709647,0.5010737294201861,0.9446693657219973,0.34096444227959083,0.3609352167559669
P0117_0000.jpg,gt_box_ringmo_sam,RingMo-SAM GT bbox,RingMo-SAM,overlap__low_mask_area,overlap,low_mask_area,21,0.0014848709106445,0.1877934272300469,0.3370418848167539,0.5041605482134116,0.6413449564134496,0.4153225806451613,0.6475806451612903
P0795_0002.jpg,gt_box_ringmo_sam,RingMo-SAM GT bbox,RingMo-SAM,overlap__low_mask_area,overlap,low_mask_area,5,0.0023584365844726,0.0705421293272371,0.0,0.0,0.0,0.0,0.0
P0953_0004.jpg,gt_box_ringmo_sam,RingMo-SAM GT bbox,RingMo-SAM,overlap__low_mask_area,overlap,low_mask_area,5,0.0005550384521484,0.1366120218579235,0.0,0.0,0.0,0.0,0.0
P1030_0003.jpg,gt_box_ringmo_sam,RingMo-SAM GT bbox,RingMo-SAM,overlap__low_mask_area,overlap,low_mask_area,27,0.0043010711669921,0.161344537815126,0.2719898605830165,0.4276604224790753,0.925,0.27812337998963194,0.3006739243131156
P1030_0004.jpg,gt_box_ringmo_sam,RingMo-SAM GT bbox,RingMo-SAM,overlap__low_mask_area,overlap,low_mask_area,21,0.0035085678100585,0.0682226211849192,0.05311704834605598,0.10087586831772878,1.0,0.05311704834605598,0.05311704834605598
P1184_0013.jpg,gt_box_ringmo_sam,RingMo-SAM GT bbox,RingMo-SAM,overlap__low_mask_area,overlap,low_mask_area,39,0.0022544860839843,0.226950354609929,0.0010899182561307902,0.002177463255307567,1.0,0.0010899182561307902,0.0010899182561307902
P1376_0004.jpg,gt_box_ringmo_sam,RingMo-SAM GT bbox,RingMo-SAM,overlap__low_mask_area,overlap,low_mask_area,10,0.002324104309082,0.2711621233859397,0.13175829168559747,0.23283821758329987,0.8734939759036144,0.13432144511347846,0.15377489578508569
P1377_0010.jpg,gt_box_ringmo_sam,RingMo-SAM GT bbox,RingMo-SAM,overlap__low_mask_area,overlap,low_mask_area,20,0.004012107849121,0.2214182344428364,0.2709613966068355,0.4263880828013155,0.7450980392156863,0.2986449864498645,0.4008130081300813
P1384_0028.jpg,gt_box_ringmo_sam,RingMo-SAM GT bbox,RingMo-SAM,overlap__low_mask_area,overlap,low_mask_area,84,0.0044097900390625,0.1224489795918367,0.21440173253925285,0.3530985287561302,0.7443609022556391,0.2314436002337814,0.3109292811221508
P1429_0003.jpg,gt_box_ringmo_sam,RingMo-SAM GT bbox,RingMo-SAM,overlap__low_mask_area,overlap,low_mask_area,3,0.0044965744018554,0.1645848640705363,0.04205607476635514,0.08071748878923767,0.984375,0.04208416833667335,0.04275217100868404
P1474_0017.jpg,gt_box_ringmo_sam,RingMo-SAM GT bbox,RingMo-SAM,overlap__low_mask_area,overlap,low_mask_area,13,0.0007038116455078,0.1475409836065573,0.05114638447971781,0.09731543624161074,0.6904761904761905,0.052346570397111915,0.07581227436823104
P1474_0018.jpg,gt_box_ringmo_sam,RingMo-SAM GT bbox,RingMo-SAM,overlap__low_mask_area,overlap,low_mask_area,17,0.0007667541503906,0.2191780821917808,0.15709969788519637,0.27154046997389036,0.6380368098159509,0.1724709784411277,0.2703150912106136
P1809_0036.jpg,gt_box_ringmo_sam,RingMo-SAM GT bbox,RingMo-SAM,overlap__low_mask_area,overlap,low_mask_area,3,0.0006475448608398,0.09009009009009,0.011884550084889643,0.02348993288590604,1.0,0.011884550084889643,0.011884550084889643
P1854_0047.jpg,gt_box_ringmo_sam,RingMo-SAM GT bbox,RingMo-SAM,overlap__low_mask_area,overlap,low_mask_area,9,0.0042552947998046,0.1981735159817351,0.4209571331367657,0.5924980047885076,0.8513761467889909,0.4543451652386781,0.5336597307221542
P2285_0007.jpg,gt_box_ringmo_sam,RingMo-SAM GT bbox,RingMo-SAM,overlap__low_mask_area,overlap,low_mask_area,19,0.0025081634521484,0.2295081967213114,0.0,0.0,0.0,0.0,0.0
P2286_0004.jpg,gt_box_ringmo_sam,RingMo-SAM GT bbox,RingMo-SAM,overlap__low_mask_area,overlap,low_mask_area,91,0.0023612976074218,0.2222222222222222,0.010069225928256766,0.019937694704049845,0.47058823529411764,0.010184595798854232,0.021642266072565246
P2331_0001.jpg,gt_box_ringmo_sam,RingMo-SAM GT bbox,RingMo-SAM,overlap__low_mask_area,overlap,low_mask_area,53,0.0028228759765625,0.2057142857142857,0.15752285951787198,0.27217235188509875,0.6359060402684564,0.17313841936957514,0.2722704431247145
P2337_0001.jpg,gt_box_ringmo_sam,RingMo-SAM GT bbox,RingMo-SAM,overlap__low_mask_area,overlap,low_mask_area,11,0.0004472732543945,0.0862068965517241,0.0,0.0,0.0,0.0,0.0
P2363_0003.jpg,gt_box_ringmo_sam,RingMo-SAM GT bbox,RingMo-SAM,overlap__low_mask_area,overlap,low_mask_area,27,0.0012645721435546,0.2397260273972602,0.23485554520037277,0.38037735849056603,0.7346938775510204,0.25661914460285135,0.34928716904276985
P2404_0002.jpg,gt_box_ringmo_sam,RingMo-SAM GT bbox,RingMo-SAM,overlap__low_mask_area,overlap,low_mask_area,30,0.0014076232910156,0.2347826086956521,0.0036429872495446266,0.007259528130671506,0.8,0.0036463081130355514,0.004557885141294439
P2404_0027.jpg,gt_box_ringmo_sam,RingMo-SAM GT bbox,RingMo-SAM,overlap__low_mask_area,overlap,low_mask_area,15,0.0005922317504882,0.3555555555555555,0.12962962962962962,0.22950819672131148,0.5943396226415094,0.14221218961625282,0.23927765237020315
P2420_0001.jpg,gt_box_ringmo_sam,RingMo-SAM GT bbox,RingMo-SAM,overlap__low_mask_area,overlap,low_mask_area,19,0.0006084442138671,0.3684210526315789,0.20967741935483872,0.3466666666666667,0.44150943396226416,0.28536585365853656,0.6463414634146342
P2462_0000.jpg,gt_box_ringmo_sam,RingMo-SAM GT bbox,RingMo-SAM,overlap__low_mask_area,overlap,low_mask_area,57,0.0019330978393554,0.0780487804878048,0.11893988364576599,0.21259387637203928,0.5096952908587258,0.1343065693430657,0.2635036496350365
P2547_0006.jpg,gt_box_ringmo_sam,RingMo-SAM GT bbox,RingMo-SAM,overlap__low_mask_area,overlap,low_mask_area,72,0.0020599365234375,0.217391304347826,0.0,0.0,0.0,0.0,0.0
P2547_0011.jpg,gt_box_ringmo_sam,RingMo-SAM GT bbox,RingMo-SAM,overlap__low_mask_area,overlap,low_mask_area,109,0.003453254699707,0.2903225806451613,0.012072434607645875,0.02385685884691849,0.9375,0.012082158679017317,0.01288763592428514
P2645_0010.jpg,gt_box_ringmo_sam,RingMo-SAM GT bbox,RingMo-SAM,overlap__low_mask_area,overlap,low_mask_area,32,0.0027751922607421,0.2254098360655737,0.3945215225898257,0.5658163265306122,0.7108974358974359,0.46991525423728814,0.6610169491525424
P2689_0002.jpg,gt_box_ringmo_sam,RingMo-SAM GT bbox,RingMo-SAM,overlap__low_mask_area,overlap,low_mask_area,80,0.0040006637573242,0.3333333333333333,0.1963226571767497,0.32821021318790283,0.6924686192468619,0.21507472384665366,0.3105912930474334
P2689_0006.jpg,gt_box_ringmo_sam,RingMo-SAM GT bbox,RingMo-SAM,overlap__low_mask_area,overlap,low_mask_area,19,0.001051902770996,0.08,0.44788441692466463,0.6186742694226657,0.7331081081081081,0.5351418002466092,0.7299630086313194
P2709_0000.jpg,gt_box_ringmo_sam,RingMo-SAM GT bbox,RingMo-SAM,overlap__low_mask_area,overlap,low_mask_area,13,0.0021448135375976,0.1384615384615384,0.028066528066528068,0.054600606673407485,0.9642857142857143,0.02809573361082206,0.029136316337148804
P2709_0001.jpg,gt_box_ringmo_sam,RingMo-SAM GT bbox,RingMo-SAM,overlap__low_mask_area,overlap,low_mask_area,15,0.0022134780883789,0.2,0.0,0.0,0.0,0.0,0.0
P2778_0007.jpg,gt_box_ringmo_sam,RingMo-SAM GT bbox,RingMo-SAM,overlap__low_mask_area,overlap,low_mask_area,10,0.002511978149414,0.0525606469002695,0.4894380231167796,0.6572116671126572,0.8599439775910365,0.5318319618882633,0.6184495452576874
P0060_0009.jpg,yolo_ringmo_sam,RingMo-SAM YOLO bbox,RingMo-SAM,no_overlap__high_mask_area,no_overlap,high_mask_area,37,0.0057315826416015,0.0,0.056945812807881774,0.10775540641312453,0.996551724137931,0.05695703586913677,0.057154119038234134
P0199_0002.jpg,yolo_ringmo_sam,RingMo-SAM YOLO bbox,RingMo-SAM,no_overlap__high_mask_area,no_overlap,high_mask_area,50,0.0199432373046875,0.0,0.5037054631828979,0.6699522952010868,0.8259074622215299,0.5635397289396757,0.6823279298432102
P0331_0003.jpg,yolo_ringmo_sam,RingMo-SAM YOLO bbox,RingMo-SAM,no_overlap__high_mask_area,no_overlap,high_mask_area,9,0.0047893524169921,0.0,0.3738446411012783,0.544231319782422,0.8051673019906819,0.41102702702702704,0.5104864864864865
P0725_0000.jpg,yolo_ringmo_sam,RingMo-SAM YOLO bbox,RingMo-SAM,no_overlap__high_mask_area,no_overlap,high_mask_area,17,0.0089015960693359,0.0,0.6022967663946812,0.7517917766880422,0.8236671717867475,0.6914536833583902,0.8394819012374234
P0725_0002.jpg,yolo_ringmo_sam,RingMo-SAM YOLO bbox,RingMo-SAM,no_overlap__high_mask_area,no_overlap,high_mask_area,20,0.0104885101318359,0.0,0.5562339615963189,0.7148461932108944,0.8487712665406427,0.6174246144779492,0.7274334544740202
P0761_0003.jpg,yolo_ringmo_sam,RingMo-SAM YOLO bbox,RingMo-SAM,no_overlap__high_mask_area,no_overlap,high_mask_area,15,0.007730484008789,0.0,0.3443998997744926,0.5123474047153108,0.836834094368341,0.3691915122213269,0.4411764705882353
P0801_0002.jpg,yolo_ringmo_sam,RingMo-SAM YOLO bbox,RingMo-SAM,no_overlap__high_mask_area,no_overlap,high_mask_area,61,0.0379505157470703,0.0,0.057360365837540644,0.10849728756781081,0.649311789347696,0.059194195149894976,0.0911645162170272
P0887_0004.jpg,yolo_ringmo_sam,RingMo-SAM YOLO bbox,RingMo-SAM,no_overlap__high_mask_area,no_overlap,high_mask_area,22,0.0117864608764648,0.0,0.5942016806722689,0.7454535870539244,0.9290500591249508,0.6224471830985916,0.6699823943661972
P0887_0008.jpg,yolo_ringmo_sam,RingMo-SAM YOLO bbox,RingMo-SAM,no_overlap__high_mask_area,no_overlap,high_mask_area,13,0.0078229904174804,0.0,0.7641931684334511,0.8663372946988918,0.8730991791145203,0.8596793427852126,0.9846296541672188
P1088_0000.jpg,yolo_ringmo_sam,RingMo-SAM YOLO bbox,RingMo-SAM,no_overlap__high_mask_area,no_overlap,high_mask_area,15,0.00994873046875,0.0,0.3830027746377556,0.553871303314014,0.9731070496083551,0.3871001246364769,0.3977980889073536
P1122_0017.jpg,yolo_ringmo_sam,RingMo-SAM YOLO bbox,RingMo-SAM,no_overlap__high_mask_area,no_overlap,high_mask_area,5,0.0090446472167968,0.0,0.059856083733100744,0.11295134245447999,0.8578125,0.06045589692765114,0.07047681973350953
P1143_0005.jpg,yolo_ringmo_sam,RingMo-SAM YOLO bbox,RingMo-SAM,no_overlap__high_mask_area,no_overlap,high_mask_area,3,0.0054092407226562,0.0,0.0,0.0,0.0,0.0,0.0
P1147_0029.jpg,yolo_ringmo_sam,RingMo-SAM YOLO bbox,RingMo-SAM,no_overlap__high_mask_area,no_overlap,high_mask_area,3,0.0055389404296875,0.0,0.0001765848490199541,0.00035310734463276836,0.01020408163265306,0.00017966223499820338,0.01760689902982393
P1471_0007.jpg,yolo_ringmo_sam,RingMo-SAM YOLO bbox,RingMo-SAM,no_overlap__high_mask_area,no_overlap,high_mask_area,44,0.0236873626708984,0.0,0.3659326166020543,0.5357989291043684,0.8022430561640235,0.4022140221402214,0.5013617993322791
P1471_0017.jpg,yolo_ringmo_sam,RingMo-SAM YOLO bbox,RingMo-SAM,no_overlap__high_mask_area,no_overlap,high_mask_area,47,0.0290870666503906,0.0,0.32010022452897724,0.48496351804377835,0.7967117518425528,0.34857021367067076,0.43751107331419864
P1471_0023.jpg,yolo_ringmo_sam,RingMo-SAM YOLO bbox,RingMo-SAM,no_overlap__high_mask_area,no_overlap,high_mask_area,38,0.0237340927124023,0.0,0.20202278837536808,0.33613803386942165,0.9158444573418456,0.2058439864336029,0.22475867466736238
P1476_0003.jpg,yolo_ringmo_sam,RingMo-SAM YOLO bbox,RingMo-SAM,no_overlap__high_mask_area,no_overlap,high_mask_area,13,0.0171136856079101,0.0,0.7338900801263966,0.8465243426191096,0.9468549796156086,0.7654190207156308,0.8083804143126178
P1854_0015.jpg,yolo_ringmo_sam,RingMo-SAM YOLO bbox,RingMo-SAM,no_overlap__high_mask_area,no_overlap,high_mask_area,14,0.0058765411376953,0.0,0.11911739355283572,0.2128773875539125,0.7790304396843292,0.12328278322925959,0.1582515611061552
P1854_0017.jpg,yolo_ringmo_sam,RingMo-SAM YOLO bbox,RingMo-SAM,no_overlap__high_mask_area,no_overlap,high_mask_area,15,0.0063047409057617,0.0,0.2753954019240176,0.43185885962669396,0.9357340720221606,0.28070467010137945,0.2999833804221373
P1854_0044.jpg,yolo_ringmo_sam,RingMo-SAM YOLO bbox,RingMo-SAM,no_overlap__high_mask_area,no_overlap,high_mask_area,15,0.0063352584838867,0.0,0.3267041141642629,0.49250486325666554,0.7911764705882353,0.3575344741651437,0.4519023093537132
P1854_0058.jpg,yolo_ringmo_sam,RingMo-SAM YOLO bbox,RingMo-SAM,no_overlap__high_mask_area,no_overlap,high_mask_area,13,0.0055618286132812,0.0,0.2797586396050466,0.4372053150450064,0.8879860708067324,0.28999241849886276,0.3265731614859742
P2027_0004.jpg,yolo_ringmo_sam,RingMo-SAM YOLO bbox,RingMo-SAM,no_overlap__high_mask_area,no_overlap,high_mask_area,88,0.1279077529907226,0.0,0.7836824596512202,0.8787241870444371,0.8124793705751989,0.9567303878797494,1.177544221464266
P2577_0000.jpg,yolo_ringmo_sam,RingMo-SAM YOLO bbox,RingMo-SAM,no_overlap__high_mask_area,no_overlap,high_mask_area,3,0.0065650939941406,0.0,0.3768305060171089,0.5473883740522325,0.8965160400137978,0.39396695467636805,0.4394421706836441
P2598_0006.jpg,yolo_ringmo_sam,RingMo-SAM YOLO bbox,RingMo-SAM,no_overlap__high_mask_area,no_overlap,high_mask_area,16,0.0115852355957031,0.0,0.5992449192706242,0.7494098146566879,0.8659315147997678,0.6605277138303524,0.7627944041083762
P2766_0010.jpg,yolo_ringmo_sam,RingMo-SAM YOLO bbox,RingMo-SAM,no_overlap__high_mask_area,no_overlap,high_mask_area,22,0.0049219131469726,0.0,0.02764475402699173,0.05380216055920356,0.7426900584795322,0.02791208791208791,0.03758241758241758
P2766_0022.jpg,yolo_ringmo_sam,RingMo-SAM YOLO bbox,RingMo-SAM,no_overlap__high_mask_area,no_overlap,high_mask_area,25,0.0062389373779296,0.0,0.17431506849315068,0.2968795567220764,0.9391143911439115,0.17630758572913058,0.1877381364738483
P2778_0005.jpg,yolo_ringmo_sam,RingMo-SAM YOLO bbox,RingMo-SAM,no_overlap__high_mask_area,no_overlap,high_mask_area,23,0.0055732727050781,0.0,0.2527634487840825,0.40352941176470586,0.8295042321644498,0.266614846482705,0.32141469102215314
P2794_0003.jpg,yolo_ringmo_sam,RingMo-SAM YOLO bbox,RingMo-SAM,no_overlap__high_mask_area,no_overlap,high_mask_area,12,0.0083093643188476,0.0,0.3878126100739697,0.5588832487309645,0.8740407515215666,0.4107698047506529,0.4699664220868051
P2794_0004.jpg,yolo_ringmo_sam,RingMo-SAM YOLO bbox,RingMo-SAM,no_overlap__high_mask_area,no_overlap,high_mask_area,11,0.0078897476196289,0.0,0.2908715206028929,0.4506591337099812,0.806266846361186,0.3127286983795086,0.3878724516466283
P2794_0015.jpg,yolo_ringmo_sam,RingMo-SAM YOLO bbox,RingMo-SAM,no_overlap__high_mask_area,no_overlap,high_mask_area,10,0.0064525604248046,0.0,0.13190231762326957,0.23306307544317714,0.9011689691817216,0.13383838383838384,0.14851641414141414
P2802_0010.jpg,yolo_ringmo_sam,RingMo-SAM YOLO bbox,RingMo-SAM,no_overlap__high_mask_area,no_overlap,high_mask_area,37,0.0080957412719726,0.0,0.40625,0.5777777777777777,0.8727666486193828,0.4318242700241093,0.4947763193142245
P2802_0029.jpg,yolo_ringmo_sam,RingMo-SAM YOLO bbox,RingMo-SAM,no_overlap__high_mask_area,no_overlap,high_mask_area,20,0.007145881652832,0.0,0.25689900426742535,0.40878225441376187,0.8608198284080076,0.2680320569902048,0.3113683585633719
P0019_0015.jpg,yolo_ringmo_sam,RingMo-SAM YOLO bbox,RingMo-SAM,no_overlap__low_mask_area,no_overlap,low_mask_area,1,0.0008764266967773,0.0,0.5231343283582089,0.6869181773640373,0.5940677966101695,0.8141695702671312,1.3704994192799071
P0110_0002.jpg,yolo_ringmo_sam,RingMo-SAM YOLO bbox,RingMo-SAM,no_overlap__low_mask_area,no_overlap,low_mask_area,2,2.86102294921875e-05,0.0,0.0,0.0,0.0,0.0,0.0
P0932_0001.jpg,yolo_ringmo_sam,RingMo-SAM YOLO bbox,RingMo-SAM,no_overlap__low_mask_area,no_overlap,low_mask_area,1,9.632110595703124e-05,0.0,0.0,0.0,0.0,0.0,0.0
P0945_0001.jpg,yolo_ringmo_sam,RingMo-SAM YOLO bbox,RingMo-SAM,no_overlap__low_mask_area,no_overlap,low_mask_area,8,0.0013027191162109,0.0,0.010247651579846286,0.02028740490278952,1.0,0.010247651579846286,0.010247651579846286
P0961_0003.jpg,yolo_ringmo_sam,RingMo-SAM YOLO bbox,RingMo-SAM,no_overlap__low_mask_area,no_overlap,low_mask_area,7,0.001312255859375,0.0,0.0,0.0,0.0,0.0,0.0
P0974_0003.jpg,yolo_ringmo_sam,RingMo-SAM YOLO bbox,RingMo-SAM,no_overlap__low_mask_area,no_overlap,low_mask_area,2,0.0004663467407226,0.0,0.11188811188811189,0.20125786163522014,0.9411764705882353,0.11267605633802817,0.11971830985915492
P0998_0001.jpg,yolo_ringmo_sam,RingMo-SAM YOLO bbox,RingMo-SAM,no_overlap__low_mask_area,no_overlap,low_mask_area,4,0.0028486251831054,0.0,0.08878504672897196,0.1630901287553648,1.0,0.08878504672897196,0.08878504672897196
P0998_0003.jpg,yolo_ringmo_sam,RingMo-SAM YOLO bbox,RingMo-SAM,no_overlap__low_mask_area,no_overlap,low_mask_area,7,0.0044116973876953,0.0,0.1418308227114716,0.2484270347067181,1.0,0.1418308227114716,0.1418308227114716
P1005_0007.jpg,yolo_ringmo_sam,RingMo-SAM YOLO bbox,RingMo-SAM,no_overlap__low_mask_area,no_overlap,low_mask_area,1,0.0001716613769531,0.0,0.0,0.0,0.0,0.0,0.0
P1023_0003.jpg,yolo_ringmo_sam,RingMo-SAM YOLO bbox,RingMo-SAM,no_overlap__low_mask_area,no_overlap,low_mask_area,7,0.0010700225830078,0.0,0.0,0.0,0.0,0.0,0.0
P1134_0000.jpg,yolo_ringmo_sam,RingMo-SAM YOLO bbox,RingMo-SAM,no_overlap__low_mask_area,no_overlap,low_mask_area,1,0.0038614273071289,0.0,0.15593483320403415,0.2697986577181208,1.0,0.15593483320403415,0.15593483320403415
P1147_0022.jpg,yolo_ringmo_sam,RingMo-SAM YOLO bbox,RingMo-SAM,no_overlap__low_mask_area,no_overlap,low_mask_area,1,0.0005121231079101,0.0,0.0,0.0,0.0,0.0,0.0
P1179_0045.jpg,yolo_ringmo_sam,RingMo-SAM YOLO bbox,RingMo-SAM,no_overlap__low_mask_area,no_overlap,low_mask_area,2,0.000594139099121,0.0,0.5377855887521968,0.6994285714285714,0.95625,0.5513513513513514,0.5765765765765766
P1376_0018.jpg,yolo_ringmo_sam,RingMo-SAM YOLO bbox,RingMo-SAM,no_overlap__low_mask_area,no_overlap,low_mask_area,1,0.0002927780151367,0.0,0.0,0.0,0.0,0.0,0.0
P1377_0002.jpg,yolo_ringmo_sam,RingMo-SAM YOLO bbox,RingMo-SAM,no_overlap__low_mask_area,no_overlap,low_mask_area,2,0.0003080368041992,0.0,0.0,0.0,0.0,0.0,0.0
P1384_0012.jpg,yolo_ringmo_sam,RingMo-SAM YOLO bbox,RingMo-SAM,no_overlap__low_mask_area,no_overlap,low_mask_area,9,0.0008420944213867,0.0,0.0028855402372555306,0.005754475703324808,0.003235082674335011,0.02601156069364162,8.040462427745664
P1390_0022.jpg,yolo_ringmo_sam,RingMo-SAM YOLO bbox,RingMo-SAM,no_overlap__low_mask_area,no_overlap,low_mask_area,2,0.0004186630249023,0.0,0.0,0.0,0.0,0.0,0.0
P1397_0011.jpg,yolo_ringmo_sam,RingMo-SAM YOLO bbox,RingMo-SAM,no_overlap__low_mask_area,no_overlap,low_mask_area,2,0.0003995895385742,0.0,0.0,0.0,0.0,0.0,0.0
P1397_0032.jpg,yolo_ringmo_sam,RingMo-SAM YOLO bbox,RingMo-SAM,no_overlap__low_mask_area,no_overlap,low_mask_area,2,0.0001659393310546,0.0,0.0,0.0,0.0,0.0,0.0
P1410_0005.jpg,yolo_ringmo_sam,RingMo-SAM YOLO bbox,RingMo-SAM,no_overlap__low_mask_area,no_overlap,low_mask_area,7,0.000925064086914,0.0,0.49396267837541163,0.6612784717119765,0.8064516129032258,0.5603985056039851,0.6948941469489415
P2168_0003.jpg,yolo_ringmo_sam,RingMo-SAM YOLO bbox,RingMo-SAM,no_overlap__low_mask_area,no_overlap,low_mask_area,19,0.0030202865600585,0.0,0.5190625,0.6833984776794898,0.7612282309807517,0.6200074654721911,0.8144830160507652
P2271_0006.jpg,yolo_ringmo_sam,RingMo-SAM YOLO bbox,RingMo-SAM,no_overlap__low_mask_area,no_overlap,low_mask_area,1,5.245208740234375e-05,0.0,0.0,0.0,0.0,0.0,0.0
P2271_0016.jpg,yolo_ringmo_sam,RingMo-SAM YOLO bbox,RingMo-SAM,no_overlap__low_mask_area,no_overlap,low_mask_area,3,0.0001716613769531,0.0,0.0,0.0,0.0,0.0,0.0
P2477_0005.jpg,yolo_ringmo_sam,RingMo-SAM YOLO bbox,RingMo-SAM,no_overlap__low_mask_area,no_overlap,low_mask_area,14,0.0002861022949218,0.0,0.0,0.0,0.0,0.0,0.0
P2570_0001.jpg,yolo_ringmo_sam,RingMo-SAM YOLO bbox,RingMo-SAM,no_overlap__low_mask_area,no_overlap,low_mask_area,5,0.0011091232299804,0.0,0.029441624365482234,0.05719921104536489,1.0,0.029441624365482234,0.029441624365482234
P2571_0000.jpg,yolo_ringmo_sam,RingMo-SAM YOLO bbox,RingMo-SAM,no_overlap__low_mask_area,no_overlap,low_mask_area,1,0.0007095336914062,0.0,0.6407407407407407,0.781038374717833,0.8264331210191083,0.7403708987161198,0.8958630527817404
P2599_0001.jpg,yolo_ringmo_sam,RingMo-SAM YOLO bbox,RingMo-SAM,no_overlap__low_mask_area,no_overlap,low_mask_area,3,0.0012168884277343,0.0,0.08673026886383348,0.1596169193934557,1.0,0.08673026886383348,0.08673026886383348
P2766_0016.jpg,yolo_ringmo_sam,RingMo-SAM YOLO bbox,RingMo-SAM,no_overlap__low_mask_area,no_overlap,low_mask_area,15,0.0030765533447265,0.0,0.05480905233380481,0.1039222259470332,0.9281437125748503,0.05504261363636364,0.05930397727272727
P2778_0003.jpg,yolo_ringmo_sam,RingMo-SAM YOLO bbox,RingMo-SAM,no_overlap__low_mask_area,no_overlap,low_mask_area,4,0.0010662078857421,0.0,0.27945472249269715,0.4368340943683409,0.9288025889967637,0.2855721393034826,0.3074626865671642
P2791_0000.jpg,yolo_ringmo_sam,RingMo-SAM YOLO bbox,RingMo-SAM,no_overlap__low_mask_area,no_overlap,low_mask_area,1,0.000192642211914,0.0,0.0,0.0,0.0,0.0,0.0
P2794_0000.jpg,yolo_ringmo_sam,RingMo-SAM YOLO bbox,RingMo-SAM,no_overlap__low_mask_area,no_overlap,low_mask_area,1,0.0007314682006835,0.0,0.11173184357541899,0.20100502512562815,1.0,0.11173184357541899,0.11173184357541899
P2802_0012.jpg,yolo_ringmo_sam,RingMo-SAM YOLO bbox,RingMo-SAM,no_overlap__low_mask_area,no_overlap,low_mask_area,1,0.0002107620239257,0.0,0.0,0.0,0.0,0.0,0.0
P0007_0002.jpg,yolo_ringmo_sam,RingMo-SAM YOLO bbox,RingMo-SAM,overlap__high_mask_area,overlap,high_mask_area,70,0.2087612152099609,0.0865297034713085,0.7987916539179913,0.888142495189061,0.9394290931550257,0.8421658265085532,0.8964655583320092
P0161_0001.jpg,yolo_ringmo_sam,RingMo-SAM YOLO bbox,RingMo-SAM,overlap__high_mask_area,overlap,high_mask_area,393,0.0190505981445312,0.2898550724637681,0.1850400930403379,0.3122933884297521,0.6729741763134461,0.20332257196663978,0.3021253699219801
P0257_0000.jpg,yolo_ringmo_sam,RingMo-SAM YOLO bbox,RingMo-SAM,overlap__high_mask_area,overlap,high_mask_area,52,0.0091314315795898,0.2748091603053435,0.4279535624857728,0.5993942292364101,0.8872109485606419,0.4525758305247954,0.5101107366393838
P0259_0005.jpg,yolo_ringmo_sam,RingMo-SAM YOLO bbox,RingMo-SAM,overlap__high_mask_area,overlap,high_mask_area,78,0.019169807434082,0.1497005988023952,0.5486251194394309,0.7085318616528983,0.9072952330787464,0.5812057136430098,0.6405916094927455
P0331_0007.jpg,yolo_ringmo_sam,RingMo-SAM YOLO bbox,RingMo-SAM,overlap__high_mask_area,overlap,high_mask_area,7,0.0045595169067382,0.3187183811129848,0.21988485385296722,0.36050099836630967,0.9359095193213949,0.22324640287769784,0.2385341726618705
P1007_0014.jpg,yolo_ringmo_sam,RingMo-SAM YOLO bbox,RingMo-SAM,overlap__high_mask_area,overlap,high_mask_area,28,0.0049676895141601,0.208955223880597,0.2640552060077126,0.4177906229929351,0.7511547344110855,0.28936832740213525,0.38523131672597866
P1090_0005.jpg,yolo_ringmo_sam,RingMo-SAM YOLO bbox,RingMo-SAM,overlap__high_mask_area,overlap,high_mask_area,118,0.017913818359375,0.2304761904761904,0.4887751733245295,0.6566138152788558,0.8022216201571389,0.5557432432432432,0.6927552552552553
P1122_0003.jpg,yolo_ringmo_sam,RingMo-SAM YOLO bbox,RingMo-SAM,overlap__high_mask_area,overlap,high_mask_area,10,0.0090494155883789,0.0707444492816717,0.0012402751155710903,0.0024774774774774773,1.0,0.0012402751155710903,0.0012402751155710903
P1380_0023.jpg,yolo_ringmo_sam,RingMo-SAM YOLO bbox,RingMo-SAM,overlap__high_mask_area,overlap,high_mask_area,103,0.0130224227905273,0.2729007633587786,0.31854460093896714,0.48317607263663875,0.7810821181887951,0.34977231720938223,0.4478047942263081
P1410_0032.jpg,yolo_ringmo_sam,RingMo-SAM YOLO bbox,RingMo-SAM,overlap__high_mask_area,overlap,high_mask_area,29,0.0053348541259765,0.1013793103448275,0.5147316730971588,0.6796341322218363,0.7709482532177567,0.6076604554865425,0.7881987577639752
P1432_0011.jpg,yolo_ringmo_sam,RingMo-SAM YOLO bbox,RingMo-SAM,overlap__high_mask_area,overlap,high_mask_area,96,0.0145807266235351,0.2277039848197343,0.3548688513648802,0.5238423645320197,0.7280569628919622,0.40909440640147726,0.5618988997460953
P1432_0016.jpg,yolo_ringmo_sam,RingMo-SAM YOLO bbox,RingMo-SAM,overlap__high_mask_area,overlap,high_mask_area,85,0.0122556686401367,0.1988636363636363,0.3731881445157568,0.5435353429261632,0.6331824299522819,0.47612475848744135,0.7519551016652866
P1809_0002.jpg,yolo_ringmo_sam,RingMo-SAM YOLO bbox,RingMo-SAM,overlap__high_mask_area,overlap,high_mask_area,26,0.009709358215332,0.2398042414355628,0.02514840798704803,0.04906296062328911,0.9433198380566802,0.025186466327964546,0.026699816236082585
P1809_0025.jpg,yolo_ringmo_sam,RingMo-SAM YOLO bbox,RingMo-SAM,overlap__high_mask_area,overlap,high_mask_area,148,0.031768798828125,0.1659751037344398,0.6398570675414446,0.7803815103236408,0.813116462574906,0.7501802822705265,0.9225988118539885
P1829_0000.jpg,yolo_ringmo_sam,RingMo-SAM YOLO bbox,RingMo-SAM,overlap__high_mask_area,overlap,high_mask_area,58,0.0628290176391601,0.1666666666666666,0.6425359380759307,0.7823706296844846,0.8820255419053209,0.7029485773275695,0.7969707723078908
P1854_0048.jpg,yolo_ringmo_sam,RingMo-SAM YOLO bbox,RingMo-SAM,overlap__high_mask_area,overlap,high_mask_area,51,0.0251674652099609,0.3842165898617511,0.28397225821202654,0.44233394669674125,0.7760074976569822,0.3093271346145864,0.3986135901373957
P1854_0069.jpg,yolo_ringmo_sam,RingMo-SAM YOLO bbox,RingMo-SAM,overlap__high_mask_area,overlap,high_mask_area,65,0.0276927947998046,0.2989365892083497,0.3961241701058676,0.5674626635477984,0.8871564057225526,0.41714220928914253,0.4702014285174408
P1960_0002.jpg,yolo_ringmo_sam,RingMo-SAM YOLO bbox,RingMo-SAM,overlap__high_mask_area,overlap,high_mask_area,52,0.0601720809936523,0.4818043146655044,0.731433316620707,0.8448876541757536,0.9197533296556072,0.7812923633077271,0.8494585864671721
P1973_0001.jpg,yolo_ringmo_sam,RingMo-SAM YOLO bbox,RingMo-SAM,overlap__high_mask_area,overlap,high_mask_area,15,0.022261619567871,0.4707508060801474,0.04364937388193202,0.08364758313335618,1.0,0.04364937388193202,0.04364937388193202
P1973_0002.jpg,yolo_ringmo_sam,RingMo-SAM YOLO bbox,RingMo-SAM,overlap__high_mask_area,overlap,high_mask_area,57,0.1081457138061523,0.4323593636269107,0.8514362135131992,0.9197575453032254,0.8969835394187603,0.9437181210525346,1.0521019389765591
P2027_0005.jpg,yolo_ringmo_sam,RingMo-SAM YOLO bbox,RingMo-SAM,overlap__high_mask_area,overlap,high_mask_area,92,0.1340551376342773,0.2566524476944952,0.7963868034192425,0.8866540345357692,0.8398897332737297,0.9389329739225247,1.1179240997062119
P2197_0003.jpg,yolo_ringmo_sam,RingMo-SAM YOLO bbox,RingMo-SAM,overlap__high_mask_area,overlap,high_mask_area,185,0.0270919799804687,0.0526315789473684,0.47423359689277295,0.643362894309708,0.7355314113597247,0.5717212258037543,0.7772900204858063
P2242_0004.jpg,yolo_ringmo_sam,RingMo-SAM YOLO bbox,RingMo-SAM,overlap__high_mask_area,overlap,high_mask_area,136,0.0197610855102539,0.1692047377326565,0.12456609571501735,0.22153628175285903,0.9509122502172024,0.12537227949599083,0.13184421534937
P2455_0004.jpg,yolo_ringmo_sam,RingMo-SAM YOLO bbox,RingMo-SAM,overlap__high_mask_area,overlap,high_mask_area,74,0.0046644210815429,0.3559322033898305,0.08459135866736076,0.15598752099832014,0.7488479262672811,0.08706134476292526,0.11626038039110635
P2592_0000.jpg,yolo_ringmo_sam,RingMo-SAM YOLO bbox,RingMo-SAM,overlap__high_mask_area,overlap,high_mask_area,51,0.0099868774414062,0.171875,0.3967813008908899,0.5681366161442973,0.7613970588235294,0.453123290668417,0.5951208839295482
P2593_0000.jpg,yolo_ringmo_sam,RingMo-SAM YOLO bbox,RingMo-SAM,overlap__high_mask_area,overlap,high_mask_area,58,0.0110769271850585,0.2676056338028169,0.284109740379304,0.4425007169486665,0.8148930551888038,0.30371026473772267,0.37269953744710166
P2625_0009.jpg,yolo_ringmo_sam,RingMo-SAM YOLO bbox,RingMo-SAM,overlap__high_mask_area,overlap,high_mask_area,43,0.0850152969360351,0.4138590895911858,0.3508933141022659,0.5194981875166826,0.9803074123419881,0.35338425134128343,0.36048309631469205
P2630_0001.jpg,yolo_ringmo_sam,RingMo-SAM YOLO bbox,RingMo-SAM,overlap__high_mask_area,overlap,high_mask_area,54,0.0554580688476562,0.06875753920386,0.6585060029466161,0.794095410901943,0.821805805492528,0.768192788707672,0.9347619395889709
P2678_0009.jpg,yolo_ringmo_sam,RingMo-SAM YOLO bbox,RingMo-SAM,overlap__high_mask_area,overlap,high_mask_area,86,0.0145559310913085,0.3089887640449438,0.18956411520315472,0.318711892499852,0.7203639282847204,0.20462146549103072,0.284052903618121
P2771_0005.jpg,yolo_ringmo_sam,RingMo-SAM YOLO bbox,RingMo-SAM,overlap__high_mask_area,overlap,high_mask_area,43,0.0064725875854492,0.3074534161490683,0.054523970290344365,0.10340963662558028,0.7897310513447433,0.05532716683795821,0.07005823912298732
P2781_0005.jpg,yolo_ringmo_sam,RingMo-SAM YOLO bbox,RingMo-SAM,overlap__high_mask_area,overlap,high_mask_area,66,0.1247196197509765,0.4931031764798613,0.4728176618378147,0.6420586527293844,0.9130120624059929,0.4951219512195122,0.5422950819672131
P2791_0013.jpg,yolo_ringmo_sam,RingMo-SAM YOLO bbox,RingMo-SAM,overlap__high_mask_area,overlap,high_mask_area,31,0.0086574554443359,0.2568093385214007,0.034748562339410254,0.06716329667730873,0.9861111111111112,0.034765577182029626,0.03525523319867793
P0027_0002.jpg,yolo_ringmo_sam,RingMo-SAM YOLO bbox,RingMo-SAM,overlap__low_mask_area,overlap,low_mask_area,13,0.0022802352905273,0.1021671826625387,0.28319006685768866,0.4413844436174172,0.9353312302839116,0.2888455918168534,0.3088163662932294
P0117_0000.jpg,yolo_ringmo_sam,RingMo-SAM YOLO bbox,RingMo-SAM,overlap__low_mask_area,overlap,low_mask_area,21,0.0014848709106445,0.1877934272300469,0.3057199211045365,0.46827794561933533,0.6233243967828418,0.375,0.6016129032258064
P0795_0002.jpg,yolo_ringmo_sam,RingMo-SAM YOLO bbox,RingMo-SAM,overlap__low_mask_area,overlap,low_mask_area,5,0.0023584365844726,0.0705421293272371,0.0,0.0,0.0,0.0,0.0
P0953_0004.jpg,yolo_ringmo_sam,RingMo-SAM YOLO bbox,RingMo-SAM,overlap__low_mask_area,overlap,low_mask_area,5,0.0005550384521484,0.1366120218579235,0.0,0.0,0.0,0.0,0.0
P1030_0003.jpg,yolo_ringmo_sam,RingMo-SAM YOLO bbox,RingMo-SAM,overlap__low_mask_area,overlap,low_mask_area,27,0.0043010711669921,0.161344537815126,0.2643037974683544,0.4181017220664798,0.9190140845070423,0.27060653188180406,0.2944530844997408
P1030_0004.jpg,yolo_ringmo_sam,RingMo-SAM YOLO bbox,RingMo-SAM,overlap__low_mask_area,overlap,low_mask_area,21,0.0035085678100585,0.0682226211849192,0.05311704834605598,0.10087586831772878,1.0,0.05311704834605598,0.05311704834605598
P1184_0013.jpg,yolo_ringmo_sam,RingMo-SAM YOLO bbox,RingMo-SAM,overlap__low_mask_area,overlap,low_mask_area,39,0.0022544860839843,0.226950354609929,0.0,0.0,0.0,0.0,0.0
P1376_0004.jpg,yolo_ringmo_sam,RingMo-SAM YOLO bbox,RingMo-SAM,overlap__low_mask_area,overlap,low_mask_area,10,0.002324104309082,0.2711621233859397,0.13169845594913715,0.23274478330658105,0.8708708708708709,0.13432144511347846,0.15423807318202873
P1377_0010.jpg,yolo_ringmo_sam,RingMo-SAM YOLO bbox,RingMo-SAM,overlap__low_mask_area,overlap,low_mask_area,20,0.004012107849121,0.2214182344428364,0.2616822429906542,0.4148148148148148,0.7388888888888889,0.2883468834688347,0.3902439024390244
P1384_0028.jpg,yolo_ringmo_sam,RingMo-SAM YOLO bbox,RingMo-SAM,overlap__low_mask_area,overlap,low_mask_area,84,0.0044097900390625,0.1224489795918367,0.1693373754872239,0.2896296296296296,0.3953488372093023,0.22852133255406196,0.5780245470485097
P1429_0003.jpg,yolo_ringmo_sam,RingMo-SAM YOLO bbox,RingMo-SAM,overlap__low_mask_area,overlap,low_mask_area,3,0.0044965744018554,0.1645848640705363,0.0,0.0,0.0,0.0,0.9009129369850812
P1474_0017.jpg,yolo_ringmo_sam,RingMo-SAM YOLO bbox,RingMo-SAM,overlap__low_mask_area,overlap,low_mask_area,13,0.0007038116455078,0.1475409836065573,0.05114638447971781,0.09731543624161074,0.6904761904761905,0.052346570397111915,0.07581227436823104
P1474_0018.jpg,yolo_ringmo_sam,RingMo-SAM YOLO bbox,RingMo-SAM,overlap__low_mask_area,overlap,low_mask_area,17,0.0007667541503906,0.2191780821917808,0.13541666666666666,0.23853211009174313,0.56875,0.15091210613598674,0.26533996683250416
P1809_0036.jpg,yolo_ringmo_sam,RingMo-SAM YOLO bbox,RingMo-SAM,overlap__low_mask_area,overlap,low_mask_area,3,0.0006475448608398,0.09009009009009,0.011884550084889643,0.02348993288590604,1.0,0.011884550084889643,0.011884550084889643
P1854_0047.jpg,yolo_ringmo_sam,RingMo-SAM YOLO bbox,RingMo-SAM,overlap__low_mask_area,overlap,low_mask_area,9,0.0042552947998046,0.1981735159817351,0.3797893793412503,0.5505034101981162,0.8176555716353111,0.4149326805385557,0.5074663402692778
P2285_0007.jpg,yolo_ringmo_sam,RingMo-SAM YOLO bbox,RingMo-SAM,overlap__low_mask_area,overlap,low_mask_area,19,0.0025081634521484,0.2295081967213114,0.0,0.0,0.0,0.0,0.0
P2286_0004.jpg,yolo_ringmo_sam,RingMo-SAM YOLO bbox,RingMo-SAM,overlap__low_mask_area,overlap,low_mask_area,91,0.0023612976074218,0.2222222222222222,0.007614213197969543,0.015113350125944584,0.7058823529411765,0.0076384468491406746,0.010821133036282623
P2331_0001.jpg,yolo_ringmo_sam,RingMo-SAM YOLO bbox,RingMo-SAM,overlap__low_mask_area,overlap,low_mask_area,53,0.0028228759765625,0.2057142857142857,0.06863818912011684,0.1284591732148958,0.10259208731241473,0.1717679305619004,1.6742804933759707
P2337_0001.jpg,yolo_ringmo_sam,RingMo-SAM YOLO bbox,RingMo-SAM,overlap__low_mask_area,overlap,low_mask_area,11,0.0004472732543945,0.0862068965517241,0.0,0.0,0.0,0.0,0.0
P2363_0003.jpg,yolo_ringmo_sam,RingMo-SAM YOLO bbox,RingMo-SAM,overlap__low_mask_area,overlap,low_mask_area,27,0.0012645721435546,0.2397260273972602,0.22971741112123975,0.37361008154188285,0.6866485013623979,0.25661914460285135,0.37372708757637474
P2404_0002.jpg,yolo_ringmo_sam,RingMo-SAM YOLO bbox,RingMo-SAM,overlap__low_mask_area,overlap,low_mask_area,30,0.0014076232910156,0.2347826086956521,0.003587443946188341,0.0071492403932082215,0.18181818181818182,0.0036463081130355514,0.020054694621695533
P2404_0027.jpg,yolo_ringmo_sam,RingMo-SAM YOLO bbox,RingMo-SAM,overlap__low_mask_area,overlap,low_mask_area,15,0.0005922317504882,0.3555555555555555,0.11602209944751381,0.2079207920792079,0.38650306748466257,0.14221218961625282,0.36794582392776526
P2420_0001.jpg,yolo_ringmo_sam,RingMo-SAM YOLO bbox,RingMo-SAM,overlap__low_mask_area,overlap,low_mask_area,19,0.0006084442138671,0.3684210526315789,0.0,0.0,0.0,0.0,0.0
P2462_0000.jpg,yolo_ringmo_sam,RingMo-SAM YOLO bbox,RingMo-SAM,overlap__low_mask_area,overlap,low_mask_area,57,0.0019330978393554,0.0780487804878048,0.07510148849797023,0.13971050975456262,0.5068493150684932,0.08102189781021898,0.15985401459854015
P2547_0006.jpg,yolo_ringmo_sam,RingMo-SAM YOLO bbox,RingMo-SAM,overlap__low_mask_area,overlap,low_mask_area,72,0.0020599365234375,0.217391304347826,0.0,0.0,0.0,0.0,0.0
P2547_0011.jpg,yolo_ringmo_sam,RingMo-SAM YOLO bbox,RingMo-SAM,overlap__low_mask_area,overlap,low_mask_area,109,0.003453254699707,0.2903225806451613,0.0,0.0,0.0,0.0,0.0
P2645_0010.jpg,yolo_ringmo_sam,RingMo-SAM YOLO bbox,RingMo-SAM,overlap__low_mask_area,overlap,low_mask_area,32,0.0027751922607421,0.2254098360655737,0.32179226069246436,0.4869029275808937,0.5066422354557948,0.46864406779661016,0.925
P2689_0002.jpg,yolo_ringmo_sam,RingMo-SAM YOLO bbox,RingMo-SAM,overlap__low_mask_area,overlap,low_mask_area,80,0.0040006637573242,0.3333333333333333,0.02344772636730977,0.045821053216927095,0.027641730962764174,0.13385315139701104,4.842430149447694
P2689_0006.jpg,yolo_ringmo_sam,RingMo-SAM YOLO bbox,RingMo-SAM,overlap__low_mask_area,overlap,low_mask_area,19,0.001051902770996,0.08,0.36774827925270404,0.5377426312005751,0.6448275862068965,0.46115906288532676,0.7151664611590629
P2709_0000.jpg,yolo_ringmo_sam,RingMo-SAM YOLO bbox,RingMo-SAM,overlap__low_mask_area,overlap,low_mask_area,13,0.0021448135375976,0.1384615384615384,0.028066528066528068,0.054600606673407485,0.9642857142857143,0.02809573361082206,0.029136316337148804
P2709_0001.jpg,yolo_ringmo_sam,RingMo-SAM YOLO bbox,RingMo-SAM,overlap__low_mask_area,overlap,low_mask_area,15,0.0022134780883789,0.2,0.0,0.0,0.0,0.0,0.0
P2778_0007.jpg,yolo_ringmo_sam,RingMo-SAM YOLO bbox,RingMo-SAM,overlap__low_mask_area,overlap,low_mask_area,10,0.002511978149414,0.0525606469002695,0.3559048770656993,0.5249702734839476,0.8369668246445497,0.38241663057600694,0.45690775227371155
P0060_0009.jpg,gt_box_sam2,SAM2 GT bbox,SAM2,no_overlap__high_mask_area,no_overlap,high_mask_area,37,0.0057315826416015,0.0,0.6808571428571428,0.8101308856025837,0.7121936640765093,0.9392983839180133,1.318880567599527
P0199_0002.jpg,gt_box_sam2,SAM2 GT bbox,SAM2,no_overlap__high_mask_area,no_overlap,high_mask_area,50,0.0199432373046875,0.0,0.6984370694067162,0.822446803578879,0.729272002301969,0.9429178846664895,1.2929577464788733
P0331_0003.jpg,gt_box_sam2,SAM2 GT bbox,SAM2,no_overlap__high_mask_area,no_overlap,high_mask_area,9,0.0047893524169921,0.0,0.7580932052650302,0.8624038850667746,0.8104202319832667,0.9215135135135135,1.1370810810810812
P0725_0000.jpg,gt_box_sam2,SAM2 GT bbox,SAM2,no_overlap__high_mask_area,no_overlap,high_mask_area,17,0.0089015960693359,0.0,0.7634253845461905,0.8658437053662518,0.7745733321164552,0.9814964727651209,1.2671446744535677
P0725_0002.jpg,gt_box_sam2,SAM2 GT bbox,SAM2,no_overlap__high_mask_area,no_overlap,high_mask_area,20,0.0104885101318359,0.0,0.7575294297508026,0.8620389700765484,0.7735539770509718,0.9733817896080935,1.2583243296336313
P0761_0003.jpg,gt_box_sam2,SAM2 GT bbox,SAM2,no_overlap__high_mask_area,no_overlap,high_mask_area,15,0.007730484008789,0.0,0.7295149638802889,0.8436064204308132,0.7590464941479652,0.9493687886113349,1.2507386516250336
P0801_0002.jpg,gt_box_sam2,SAM2 GT bbox,SAM2,no_overlap__high_mask_area,no_overlap,high_mask_area,61,0.0379505157470703,0.0,0.768155938980399,0.86887804638244,0.7906638632906863,0.9642652554625057,1.2195640906735044
P0887_0004.jpg,gt_box_sam2,SAM2 GT bbox,SAM2,no_overlap__high_mask_area,no_overlap,high_mask_area,22,0.0117864608764648,0.0,0.7458012713282034,0.8543942355601548,0.7566356662819904,0.981161971830986,1.2967429577464789
P0887_0008.jpg,gt_box_sam2,SAM2 GT bbox,SAM2,no_overlap__high_mask_area,no_overlap,high_mask_area,13,0.0078229904174804,0.0,0.775082106155313,0.8732915547597732,0.7945264986967854,0.9693918113157546,1.2200874519676692
P1088_0000.jpg,gt_box_sam2,SAM2 GT bbox,SAM2,no_overlap__high_mask_area,no_overlap,high_mask_area,15,0.00994873046875,0.0,0.792820945945946,0.8844396287746737,0.8092939046469523,0.9749688408807644,1.2047154133776485
P1122_0017.jpg,gt_box_sam2,SAM2 GT bbox,SAM2,no_overlap__high_mask_area,no_overlap,high_mask_area,5,0.0090446472167968,0.0,0.773398144056562,0.8722216684939699,0.7966317705962677,0.9636603898249092,1.2096685387071908
P1143_0005.jpg,gt_box_sam2,SAM2 GT bbox,SAM2,no_overlap__high_mask_area,no_overlap,high_mask_area,3,0.0054092407226562,0.0,0.8115651503469545,0.8959822948586994,0.8363260765930399,0.9648029330889093,1.1536205316223649
P1147_0029.jpg,gt_box_sam2,SAM2 GT bbox,SAM2,no_overlap__high_mask_area,no_overlap,high_mask_area,3,0.0055389404296875,0.0,0.7766810610734115,0.8743055555555556,0.8458179375209943,0.9047790154509522,1.0697089471793029
P1471_0007.jpg,gt_box_sam2,SAM2 GT bbox,SAM2,no_overlap__high_mask_area,no_overlap,high_mask_area,44,0.0236873626708984,0.0,0.7222146923285443,0.83870460000787,0.7595324638300905,0.936302934457916,1.2327358987875594
P1471_0017.jpg,gt_box_sam2,SAM2 GT bbox,SAM2,no_overlap__high_mask_area,no_overlap,high_mask_area,47,0.0290870666503906,0.0,0.6985508813669298,0.8225257059179321,0.7466551076434041,0.915559335246802,1.2262145211013076
P1471_0023.jpg,gt_box_sam2,SAM2 GT bbox,SAM2,no_overlap__high_mask_area,no_overlap,high_mask_area,38,0.0237340927124023,0.0,0.7426982418371009,0.8523543824250036,0.8094716671229126,0.9000347856335333,1.1118792938516393
P1476_0003.jpg,gt_box_sam2,SAM2 GT bbox,SAM2,no_overlap__high_mask_area,no_overlap,high_mask_area,13,0.0171136856079101,0.0,0.8481713310227096,0.917849245668542,0.8751534560982119,0.964924670433145,1.1025776836158192
P1854_0015.jpg,gt_box_sam2,SAM2 GT bbox,SAM2,no_overlap__high_mask_area,no_overlap,high_mask_area,14,0.0058765411376953,0.0,0.6824230662600499,0.8112383620334515,0.7536742192284139,0.8783229259589652,1.1653880463871544
P1854_0017.jpg,gt_box_sam2,SAM2 GT bbox,SAM2,no_overlap__high_mask_area,no_overlap,high_mask_area,15,0.0063047409057617,0.0,0.7493124312431243,0.856693656159107,0.8127983293556086,0.9056007977397375,1.1141764999169022
P1854_0044.jpg,gt_box_sam2,SAM2 GT bbox,SAM2,no_overlap__high_mask_area,no_overlap,high_mask_area,15,0.0063352584838867,0.0,0.71840242669363,0.8361282730214769,0.7501649729444371,0.9443429141053331,1.2588469845489283
P1854_0058.jpg,gt_box_sam2,SAM2 GT bbox,SAM2,no_overlap__high_mask_area,no_overlap,high_mask_area,13,0.0055618286132812,0.0,0.7222794875570608,0.8387482900136799,0.764018691588785,0.9296815769522365,1.2168309325246398
P2027_0004.jpg,gt_box_sam2,SAM2 GT bbox,SAM2,no_overlap__high_mask_area,no_overlap,high_mask_area,88,0.1279077529907226,0.0,0.8611050324365915,0.9253696244206246,0.8866735477118102,0.967597366542397,1.0912667565638137
P2577_0000.jpg,gt_box_sam2,SAM2 GT bbox,SAM2,no_overlap__high_mask_area,no_overlap,high_mask_area,3,0.0065650939941406,0.0,0.751460564751704,0.8580958999305073,0.7922494546387784,0.9358799454297408,1.181294527815674
P2598_0006.jpg,gt_box_sam2,SAM2 GT bbox,SAM2,no_overlap__high_mask_area,no_overlap,high_mask_area,16,0.0115852355957031,0.0,0.7952484448774638,0.8859480671286633,0.8381516587677725,0.9395254117230388,1.1209491765539223
P2766_0010.jpg,gt_box_sam2,SAM2 GT bbox,SAM2,no_overlap__high_mask_area,no_overlap,high_mask_area,22,0.0049219131469726,0.0,0.6933797909407665,0.8189300411522634,0.7388613861386139,0.9184615384615384,1.243076923076923
P2766_0022.jpg,gt_box_sam2,SAM2 GT bbox,SAM2,no_overlap__high_mask_area,no_overlap,high_mask_area,25,0.0062389373779296,0.0,0.679088471849866,0.8088775347277662,0.7502962085308057,0.8773813647384828,1.1693799792171804
P2778_0005.jpg,gt_box_sam2,SAM2 GT bbox,SAM2,no_overlap__high_mask_area,no_overlap,high_mask_area,23,0.0055732727050781,0.0,0.6286546006834578,0.7719925396331986,0.6432271432271432,0.9652157015157404,1.5005829770695687
P2794_0003.jpg,gt_box_sam2,SAM2 GT bbox,SAM2,no_overlap__high_mask_area,no_overlap,high_mask_area,12,0.0083093643188476,0.0,0.757814035777472,0.8622232162827108,0.7832977750685767,0.958835965675911,1.2241014799154335
P2794_0004.jpg,gt_box_sam2,SAM2 GT bbox,SAM2,no_overlap__high_mask_area,no_overlap,high_mask_area,11,0.0078897476196289,0.0,0.7215639810426541,0.8382656572608397,0.7469337694194603,0.9550444328280188,1.2786199686356507
P2794_0015.jpg,gt_box_sam2,SAM2 GT bbox,SAM2,no_overlap__high_mask_area,no_overlap,high_mask_area,10,0.0064525604248046,0.0,0.776911900673623,0.8744517951386308,0.826471828017423,0.9283459595959596,1.1232638888888888
P2802_0010.jpg,gt_box_sam2,SAM2 GT bbox,SAM2,no_overlap__high_mask_area,no_overlap,high_mask_area,37,0.0080957412719726,0.0,0.6552985279327055,0.7917587273530712,0.673716864072194,0.9599517814090543,1.4248593624430752
P2802_0029.jpg,gt_box_sam2,SAM2 GT bbox,SAM2,no_overlap__high_mask_area,no_overlap,high_mask_area,20,0.007145881652832,0.0,0.7112521891418564,0.8312651912498401,0.7304406474820144,0.9643811219946572,1.3202730780647076
P0019_0015.jpg,gt_box_sam2,SAM2 GT bbox,SAM2,no_overlap__low_mask_area,no_overlap,low_mask_area,1,0.0008764266967773,0.0,0.8651804670912951,0.9277177006260672,0.9095982142857143,0.9465737514518002,1.0406504065040652
P0110_0002.jpg,gt_box_sam2,SAM2 GT bbox,SAM2,no_overlap__low_mask_area,no_overlap,low_mask_area,2,2.86102294921875e-05,0.0,0.28846153846153844,0.44776119402985076,0.29411764705882354,0.9375,3.1875
P0932_0001.jpg,gt_box_sam2,SAM2 GT bbox,SAM2,no_overlap__low_mask_area,no_overlap,low_mask_area,1,9.632110595703124e-05,0.0,0.5526315789473685,0.711864406779661,0.5526315789473685,1.0,1.8095238095238095
P0945_0001.jpg,gt_box_sam2,SAM2 GT bbox,SAM2,no_overlap__low_mask_area,no_overlap,low_mask_area,8,0.0013027191162109,0.0,0.5879895561357702,0.7405458730680697,0.6021390374331551,0.9615713065755764,1.596925704526046
P0961_0003.jpg,gt_box_sam2,SAM2 GT bbox,SAM2,no_overlap__low_mask_area,no_overlap,low_mask_area,7,0.001312255859375,0.0,0.7053998632946001,0.8272545090180361,0.7993803253292022,0.8571428571428571,1.0722591362126246
P0974_0003.jpg,gt_box_sam2,SAM2 GT bbox,SAM2,no_overlap__low_mask_area,no_overlap,low_mask_area,2,0.0004663467407226,0.0,0.6574074074074074,0.7932960893854749,0.6574074074074074,1.0,1.5211267605633803
P0998_0001.jpg,gt_box_sam2,SAM2 GT bbox,SAM2,no_overlap__low_mask_area,no_overlap,low_mask_area,4,0.0028486251831054,0.0,0.8288455586505726,0.9064139448299204,0.8564118963863128,0.9626168224299065,1.1240115025161754
P0998_0003.jpg,gt_box_sam2,SAM2 GT bbox,SAM2,no_overlap__low_mask_area,no_overlap,low_mask_area,7,0.0044116973876953,0.0,0.7517578125,0.8582896643995986,0.8270305113880533,0.8920046349942062,1.0785631517960603
P1005_0007.jpg,gt_box_sam2,SAM2 GT bbox,SAM2,no_overlap__low_mask_area,no_overlap,low_mask_area,1,0.0001716613769531,0.0,0.6026200873362445,0.7520435967302452,0.641860465116279,0.9078947368421053,1.4144736842105263
P1023_0003.jpg,gt_box_sam2,SAM2 GT bbox,SAM2,no_overlap__low_mask_area,no_overlap,low_mask_area,7,0.0010700225830078,0.0,0.6385459533607681,0.77940560904144,0.6524176594253679,0.9677754677754677,1.4833679833679834
P1134_0000.jpg,gt_box_sam2,SAM2 GT bbox,SAM2,no_overlap__low_mask_area,no_overlap,low_mask_area,1,0.0038614273071289,0.0,0.8500220555800617,0.9189318073438245,0.8524662685246627,0.9966382208430308,1.169123351435221
P1147_0022.jpg,gt_box_sam2,SAM2 GT bbox,SAM2,no_overlap__low_mask_area,no_overlap,low_mask_area,1,0.0005121231079101,0.0,0.6837016574585635,0.8121410992616899,0.6865464632454924,0.9939759036144579,1.4477911646586346
P1179_0045.jpg,gt_box_sam2,SAM2 GT bbox,SAM2,no_overlap__low_mask_area,no_overlap,low_mask_area,2,0.000594139099121,0.0,0.7313829787234043,0.8448540706605223,0.7362784471218207,0.990990990990991,1.345945945945946
P1376_0018.jpg,gt_box_sam2,SAM2 GT bbox,SAM2,no_overlap__low_mask_area,no_overlap,low_mask_area,1,0.0002927780151367,0.0,0.6229508196721312,0.7676767676767676,0.8755760368663594,0.6834532374100719,0.7805755395683454
P1377_0002.jpg,gt_box_sam2,SAM2 GT bbox,SAM2,no_overlap__low_mask_area,no_overlap,low_mask_area,2,0.0003080368041992,0.0,0.6434782608695652,0.783068783068783,0.7474747474747475,0.8222222222222222,1.1
P1384_0012.jpg,gt_box_sam2,SAM2 GT bbox,SAM2,no_overlap__low_mask_area,no_overlap,low_mask_area,9,0.0008420944213867,0.0,0.5190476190476191,0.6833855799373041,0.5351882160392799,0.9450867052023122,1.7658959537572254
P1390_0022.jpg,gt_box_sam2,SAM2 GT bbox,SAM2,no_overlap__low_mask_area,no_overlap,low_mask_area,2,0.0004186630249023,0.0,0.7395626242544732,0.8502857142857143,0.7591836734693878,0.9662337662337662,1.2727272727272727
P1397_0011.jpg,gt_box_sam2,SAM2 GT bbox,SAM2,no_overlap__low_mask_area,no_overlap,low_mask_area,2,0.0003995895385742,0.0,0.6984126984126984,0.822429906542056,0.7111111111111111,0.9750692520775623,1.371191135734072
P1397_0032.jpg,gt_box_sam2,SAM2 GT bbox,SAM2,no_overlap__low_mask_area,no_overlap,low_mask_area,2,0.0001659393310546,0.0,0.5238095238095238,0.6875,0.5344129554655871,0.9635036496350365,1.802919708029197
P1410_0005.jpg,gt_box_sam2,SAM2 GT bbox,SAM2,no_overlap__low_mask_area,no_overlap,low_mask_area,7,0.000925064086914,0.0,0.6781411359724613,0.8082051282051282,0.6870095902353966,0.9813200498132005,1.4283935242839352
P2168_0003.jpg,gt_box_sam2,SAM2 GT bbox,SAM2,no_overlap__low_mask_area,no_overlap,low_mask_area,19,0.0030202865600585,0.0,0.6168003775365739,0.7629889083479277,0.6264078600527199,0.9757372153788727,1.5576707726763719
P2271_0006.jpg,gt_box_sam2,SAM2 GT bbox,SAM2,no_overlap__low_mask_area,no_overlap,low_mask_area,1,5.245208740234375e-05,0.0,0.47674418604651164,0.6456692913385826,0.47674418604651164,1.0,2.097560975609756
P2271_0016.jpg,gt_box_sam2,SAM2 GT bbox,SAM2,no_overlap__low_mask_area,no_overlap,low_mask_area,3,0.0001716613769531,0.0,0.5416666666666666,0.7027027027027027,0.5652173913043478,0.9285714285714286,1.6428571428571428
P2477_0005.jpg,gt_box_sam2,SAM2 GT bbox,SAM2,no_overlap__low_mask_area,no_overlap,low_mask_area,14,0.0002861022949218,0.0,0.1814621409921671,0.30718232044198895,0.18758434547908232,0.8475609756097561,4.5182926829268295
P2570_0001.jpg,gt_box_sam2,SAM2 GT bbox,SAM2,no_overlap__low_mask_area,no_overlap,low_mask_area,5,0.0011091232299804,0.0,0.6845540246555475,0.8127421437795953,0.7055306427503737,0.9583756345177665,1.3583756345177664
P2571_0000.jpg,gt_box_sam2,SAM2 GT bbox,SAM2,no_overlap__low_mask_area,no_overlap,low_mask_area,1,0.0007095336914062,0.0,0.8203125,0.9012875536480687,0.9038737446197992,0.8987161198288159,0.9942938659058488
P2599_0001.jpg,gt_box_sam2,SAM2 GT bbox,SAM2,no_overlap__low_mask_area,no_overlap,low_mask_area,3,0.0012168884277343,0.0,0.7632107023411371,0.8657056145675266,0.7693863789615644,0.98959236773634,1.2862098872506504
P2766_0016.jpg,gt_box_sam2,SAM2 GT bbox,SAM2,no_overlap__low_mask_area,no_overlap,low_mask_area,15,0.0030765533447265,0.0,0.6989306279133535,0.8227888960619755,0.7541420118343195,0.9051846590909091,1.2002840909090908
P2778_0003.jpg,gt_box_sam2,SAM2 GT bbox,SAM2,no_overlap__low_mask_area,no_overlap,low_mask_area,4,0.0010662078857421,0.0,0.7004643962848297,0.8238507055075103,0.7592281879194631,0.900497512437811,1.1860696517412936
P2791_0000.jpg,gt_box_sam2,SAM2 GT bbox,SAM2,no_overlap__low_mask_area,no_overlap,low_mask_area,1,0.000192642211914,0.0,0.5803571428571429,0.7344632768361582,0.7142857142857143,0.7558139534883721,1.058139534883721
P2794_0000.jpg,gt_box_sam2,SAM2 GT bbox,SAM2,no_overlap__low_mask_area,no_overlap,low_mask_area,1,0.0007314682006835,0.0,0.8165605095541402,0.8990182328190743,0.9028169014084507,0.8952513966480447,0.9916201117318436
P2802_0012.jpg,gt_box_sam2,SAM2 GT bbox,SAM2,no_overlap__low_mask_area,no_overlap,low_mask_area,1,0.0002107620239257,0.0,0.7181818181818181,0.8359788359788359,0.8494623655913979,0.8229166666666666,0.96875
P0007_0002.jpg,gt_box_sam2,SAM2 GT bbox,SAM2,overlap__high_mask_area,overlap,high_mask_area,70,0.2087612152099609,0.0865297034713085,0.7996240498232092,0.8886567723983934,0.8121753964995635,0.9810398701967752,1.207916263438919
P0161_0001.jpg,gt_box_sam2,SAM2 GT bbox,SAM2,overlap__high_mask_area,overlap,high_mask_area,393,0.0190505981445312,0.2898550724637681,0.5700255102040817,0.7261353481192623,0.6077791377668978,0.9017352703793382,1.4836561743341405
P0257_0000.jpg,gt_box_sam2,SAM2 GT bbox,SAM2,overlap__high_mask_area,overlap,high_mask_area,52,0.0091314315795898,0.2748091603053435,0.6968787515006002,0.8213654050229926,0.7078651685393258,0.9782137698603756,1.381921039961483
P0259_0005.jpg,gt_box_sam2,SAM2 GT bbox,SAM2,overlap__high_mask_area,overlap,high_mask_area,78,0.019169807434082,0.1497005988023952,0.7778771054860262,0.8750628523037023,0.8264433891527119,0.9297604318974244,1.1250140591609492
P0331_0007.jpg,gt_box_sam2,SAM2 GT bbox,SAM2,overlap__high_mask_area,overlap,high_mask_area,7,0.0045595169067382,0.3187183811129848,0.7334717895465559,0.8462460063897763,0.7611350574712644,0.9527877697841727,1.2517985611510791
P1007_0014.jpg,gt_box_sam2,SAM2 GT bbox,SAM2,overlap__high_mask_area,overlap,high_mask_area,28,0.0049676895141601,0.208955223880597,0.692458055057827,0.8182868142444658,0.7212419409569053,0.9455071174377224,1.3109430604982206
P1090_0005.jpg,gt_box_sam2,SAM2 GT bbox,SAM2,overlap__high_mask_area,overlap,high_mask_area,118,0.017913818359375,0.2304761904761904,0.6424876950029198,0.7823348655306397,0.6584448339246783,0.9636511511511512,1.463526026026026
P1122_0003.jpg,gt_box_sam2,SAM2 GT bbox,SAM2,overlap__high_mask_area,overlap,high_mask_area,10,0.0090494155883789,0.0707444492816717,0.7116169953949083,0.8315142900654856,0.7562326869806094,0.9234411996842936,1.2211072274213552
P1380_0023.jpg,gt_box_sam2,SAM2 GT bbox,SAM2,overlap__high_mask_area,overlap,high_mask_area,103,0.0130224227905273,0.2729007633587786,0.6126854815245854,0.7598325755935629,0.6549922239502333,0.9046309820431309,1.381132399690695
P1410_0032.jpg,gt_box_sam2,SAM2 GT bbox,SAM2,overlap__high_mask_area,overlap,high_mask_area,29,0.0053348541259765,0.1013793103448275,0.6696999857813166,0.8021800221408498,0.6813250397801244,0.9751552795031055,1.431262939958592
P1432_0011.jpg,gt_box_sam2,SAM2 GT bbox,SAM2,overlap__high_mask_area,overlap,high_mask_area,96,0.0145807266235351,0.2277039848197343,0.6554626532887402,0.7918785144280952,0.704047419470722,0.9047472493652381,1.2850657844117874
P1432_0016.jpg,gt_box_sam2,SAM2 GT bbox,SAM2,overlap__high_mask_area,overlap,high_mask_area,85,0.0122556686401367,0.1988636363636363,0.6565080217493455,0.7926409206953844,0.7082850521436849,0.8998067899530776,1.2704020609071671
P1809_0002.jpg,gt_box_sam2,SAM2 GT bbox,SAM2,overlap__high_mask_area,overlap,high_mask_area,26,0.009709358215332,0.2398042414355628,0.7246667737273165,0.8403556962614647,0.738060189728492,0.9755702086260944,1.3218030483191006
P1809_0025.jpg,gt_box_sam2,SAM2 GT bbox,SAM2,overlap__high_mask_area,overlap,high_mask_area,148,0.031768798828125,0.1659751037344398,0.7426022226328433,0.8522911459516777,0.7625088090204369,0.9660382541808317,1.2669207788194086
P1829_0000.jpg,gt_box_sam2,SAM2 GT bbox,SAM2,overlap__high_mask_area,overlap,high_mask_area,58,0.0628290176391601,0.1666666666666666,0.789545460744337,0.8823977686668394,0.8363187241787767,0.9338505710045809,1.1166204271243305
P1854_0048.jpg,gt_box_sam2,SAM2 GT bbox,SAM2,overlap__high_mask_area,overlap,high_mask_area,51,0.0251674652099609,0.3842165898617511,0.7276808456444218,0.8423787848073273,0.7574903884396129,0.9486945332281765,1.2524179154040929
P1854_0069.jpg,gt_box_sam2,SAM2 GT bbox,SAM2,overlap__high_mask_area,overlap,high_mask_area,65,0.0276927947998046,0.2989365892083497,0.735448671931084,0.8475602693714116,0.7538262302801978,0.967915044782888,1.2840028721514682
P1960_0002.jpg,gt_box_sam2,SAM2 GT bbox,SAM2,overlap__high_mask_area,overlap,high_mask_area,52,0.0601720809936523,0.4818043146655044,0.814173361284241,0.8975695252276147,0.8363176530096105,0.9685026192030259,1.1580559321182908
P1973_0001.jpg,gt_box_sam2,SAM2 GT bbox,SAM2,overlap__high_mask_area,overlap,high_mask_area,15,0.022261619567871,0.4707508060801474,0.8249802013802466,0.9040977000805902,0.8403180578496524,0.9783542039355992,1.1642665474060823
P1973_0002.jpg,gt_box_sam2,SAM2 GT bbox,SAM2,overlap__high_mask_area,overlap,high_mask_area,57,0.1081457138061523,0.4323593636269107,0.8608149307179843,0.9252020891576187,0.8741042251906209,0.9826449628961276,1.124173679267866
P2027_0005.jpg,gt_box_sam2,SAM2 GT bbox,SAM2,overlap__high_mask_area,overlap,high_mask_area,92,0.1340551376342773,0.2566524476944952,0.8345291449779261,0.9098020026146464,0.8786589924809909,0.9432337886543296,1.0734924432867916
P2197_0003.jpg,gt_box_sam2,SAM2 GT bbox,SAM2,overlap__high_mask_area,overlap,high_mask_area,185,0.0270919799804687,0.0526315789473684,0.6556687646411334,0.7920289113906788,0.6686526782373428,0.9712362556963083,1.4525272795685438
P2242_0004.jpg,gt_box_sam2,SAM2 GT bbox,SAM2,overlap__high_mask_area,overlap,high_mask_area,136,0.0197610855102539,0.1692047377326565,0.6398314821907315,0.7803624813153961,0.6588578640164063,0.956815578465063,1.452233676975945
P2455_0004.jpg,gt_box_sam2,SAM2 GT bbox,SAM2,overlap__high_mask_area,overlap,high_mask_area,74,0.0046644210815429,0.3559322033898305,0.5146245059288538,0.6795407098121086,0.5566957414058491,0.8719528529332976,1.5663005625502278
P2592_0000.jpg,gt_box_sam2,SAM2 GT bbox,SAM2,overlap__high_mask_area,overlap,high_mask_area,51,0.0099868774414062,0.171875,0.6644919385076865,0.7984321499369256,0.6787437763309077,0.969368778033038,1.4281807242096052
P2593_0000.jpg,gt_box_sam2,SAM2 GT bbox,SAM2,overlap__high_mask_area,overlap,high_mask_area,58,0.0110769271850585,0.2676056338028169,0.6476295327874493,0.7861348924618918,0.6828206616366802,0.9262867827969689,1.3565593937604568
P2625_0009.jpg,gt_box_sam2,SAM2 GT bbox,SAM2,overlap__high_mask_area,overlap,high_mask_area,43,0.0850152969360351,0.4138590895911858,0.8455920391953988,0.9163368948687508,0.863146886454472,0.9765128974064616,1.1313403462736922
P2630_0001.jpg,gt_box_sam2,SAM2 GT bbox,SAM2,overlap__high_mask_area,overlap,high_mask_area,54,0.0554580688476562,0.06875753920386,0.8115723074526906,0.8959866565788569,0.845618305744888,0.9527353177795655,1.1266730051927156
P2678_0009.jpg,gt_box_sam2,SAM2 GT bbox,SAM2,overlap__high_mask_area,overlap,high_mask_area,86,0.0145559310913085,0.3089887640449438,0.6468477703741671,0.7855586679116091,0.7206395533278346,0.863332319854059,1.1980085132259046
P2771_0005.jpg,gt_box_sam2,SAM2 GT bbox,SAM2,overlap__high_mask_area,overlap,high_mask_area,43,0.0064725875854492,0.3074534161490683,0.6295635628493281,0.7726775158724367,0.6731087094723458,0.9068174032202809,1.3472079479273724
P2781_0005.jpg,gt_box_sam2,SAM2 GT bbox,SAM2,overlap__high_mask_area,overlap,high_mask_area,66,0.1247196197509765,0.4931031764798613,0.8304553145996616,0.9073756763969846,0.8786941246095183,0.9379928028788485,1.0674850059976009
P2791_0013.jpg,gt_box_sam2,SAM2 GT bbox,SAM2,overlap__high_mask_area,overlap,high_mask_area,31,0.0086574554443359,0.2568093385214007,0.6525370453524921,0.7897396880604315,0.7101250977326036,0.8894601542416453,1.252540090586363
P0027_0002.jpg,gt_box_sam2,SAM2 GT bbox,SAM2,overlap__low_mask_area,overlap,low_mask_area,13,0.0022802352905273,0.1021671826625387,0.6939371804236669,0.8193186718413109,0.7350096711798839,0.9254749147588894,1.259132976132489
P0117_0000.jpg,gt_box_sam2,SAM2 GT bbox,SAM2,overlap__low_mask_area,overlap,low_mask_area,21,0.0014848709106445,0.1877934272300469,0.5639293139293139,0.7211698238617481,0.6133408705483324,0.875,1.4266129032258064
P0795_0002.jpg,gt_box_sam2,SAM2 GT bbox,SAM2,overlap__low_mask_area,overlap,low_mask_area,5,0.0023584365844726,0.0705421293272371,0.6567519333729923,0.792818671454219,0.6682808716707022,0.9744042365401588,1.4580759046778464
P0953_0004.jpg,gt_box_sam2,SAM2 GT bbox,SAM2,overlap__low_mask_area,overlap,low_mask_area,5,0.0005550384521484,0.1366120218579235,0.6755162241887905,0.8063380281690141,0.7046153846153846,0.9423868312757202,1.337448559670782
P1030_0003.jpg,gt_box_sam2,SAM2 GT bbox,SAM2,overlap__low_mask_area,overlap,low_mask_area,27,0.0043010711669921,0.161344537815126,0.6468766133195664,0.7855799373040753,0.6580882352941176,0.9743390357698289,1.4805598755832037
P1030_0004.jpg,gt_box_sam2,SAM2 GT bbox,SAM2,overlap__low_mask_area,overlap,low_mask_area,21,0.0035085678100585,0.0682226211849192,0.6878732200275609,0.8150768812083277,0.7122473246135553,0.9526081424936387,1.3374681933842238
P1184_0013.jpg,gt_box_sam2,SAM2 GT bbox,SAM2,overlap__low_mask_area,overlap,low_mask_area,39,0.0022544860839843,0.226950354609929,0.5047021943573667,0.6708333333333333,0.5430016863406408,0.8773841961852861,1.6158038147138964
P1376_0004.jpg,gt_box_sam2,SAM2 GT bbox,SAM2,overlap__low_mask_area,overlap,low_mask_area,10,0.002324104309082,0.2711621233859397,0.5761957730812013,0.7311220889202541,0.5904816186947849,0.9597035664659564,1.6252894858730893
P1377_0010.jpg,gt_box_sam2,SAM2 GT bbox,SAM2,overlap__low_mask_area,overlap,low_mask_area,20,0.004012107849121,0.2214182344428364,0.5776681930257133,0.7323063183746372,0.6226271829916477,0.8888888888888888,1.4276422764227643
P1384_0028.jpg,gt_box_sam2,SAM2 GT bbox,SAM2,overlap__low_mask_area,overlap,low_mask_area,84,0.0044097900390625,0.1224489795918367,0.5091281351305238,0.6747314867156585,0.5502489397012723,0.8720046756282875,1.5847457627118644
P1429_0003.jpg,gt_box_sam2,SAM2 GT bbox,SAM2,overlap__low_mask_area,overlap,low_mask_area,3,0.0044965744018554,0.1645848640705363,0.7906892162211311,0.8831116075962222,0.8117998506348021,0.9681585393008239,1.192607437096415
P1474_0017.jpg,gt_box_sam2,SAM2 GT bbox,SAM2,overlap__low_mask_area,overlap,low_mask_area,13,0.0007038116455078,0.1475409836065573,0.4489990467111535,0.6197368421052631,0.48757763975155277,0.8501805054151624,1.743682310469314
P1474_0018.jpg,gt_box_sam2,SAM2 GT bbox,SAM2,overlap__low_mask_area,overlap,low_mask_area,17,0.0007667541503906,0.2191780821917808,0.43098842386464825,0.6023646546359677,0.4820717131474104,0.802653399668325,1.6650082918739635
P1809_0036.jpg,gt_box_sam2,SAM2 GT bbox,SAM2,overlap__low_mask_area,overlap,low_mask_area,3,0.0006475448608398,0.09009009009009,0.7018867924528301,0.8248337028824834,0.7303664921465969,0.9473684210526315,1.2971137521222411
P1854_0047.jpg,gt_box_sam2,SAM2 GT bbox,SAM2,overlap__low_mask_area,overlap,low_mask_area,9,0.0042552947998046,0.1981735159817351,0.7541845075905022,0.8598690779984467,0.786323051948052,0.9485924112607099,1.2063647490820073
P2285_0007.jpg,gt_box_sam2,SAM2 GT bbox,SAM2,overlap__low_mask_area,overlap,low_mask_area,19,0.0025081634521484,0.2295081967213114,0.6861579121242154,0.8138714733542319,0.7247034193998604,0.9280607685433423,1.2806076854334227
P2286_0004.jpg,gt_box_sam2,SAM2 GT bbox,SAM2,overlap__low_mask_area,overlap,low_mask_area,91,0.0023612976074218,0.2222222222222222,0.28475336322869954,0.4432809773123909,0.2952240067624683,0.8892425206874602,3.012094207511139
P2331_0001.jpg,gt_box_sam2,SAM2 GT bbox,SAM2,overlap__low_mask_area,overlap,low_mask_area,53,0.0028228759765625,0.2057142857142857,0.41575050482387255,0.5873217115689382,0.4496481436544528,0.8465052535404294,1.8825947921425308
P2337_0001.jpg,gt_box_sam2,SAM2 GT bbox,SAM2,overlap__low_mask_area,overlap,low_mask_area,11,0.0004472732543945,0.0862068965517241,0.2938209331651955,0.45419103313840153,0.3309659090909091,0.7236024844720497,2.186335403726708
P2363_0003.jpg,gt_box_sam2,SAM2 GT bbox,SAM2,overlap__low_mask_area,overlap,low_mask_area,27,0.0012645721435546,0.2397260273972602,0.41943359375,0.5909872721018232,0.44623376623376626,0.8747454175152749,1.960285132382892
P2404_0002.jpg,gt_box_sam2,SAM2 GT bbox,SAM2,overlap__low_mask_area,overlap,low_mask_area,30,0.0014076232910156,0.2347826086956521,0.42903356247472707,0.6004527447651387,0.4353713582273287,0.96718322698268,2.2215132178669097
P2404_0027.jpg,gt_box_sam2,SAM2 GT bbox,SAM2,overlap__low_mask_area,overlap,low_mask_area,15,0.0005922317504882,0.3555555555555555,0.41735537190082644,0.5889212827988338,0.43487621097954793,0.9119638826185101,2.0970654627539504
P2420_0001.jpg,gt_box_sam2,SAM2 GT bbox,SAM2,overlap__low_mask_area,overlap,low_mask_area,19,0.0006084442138671,0.3684210526315789,0.37822349570200575,0.5488565488565489,0.38334946757018395,0.9658536585365853,2.5195121951219512
P2462_0000.jpg,gt_box_sam2,SAM2 GT bbox,SAM2,overlap__low_mask_area,overlap,low_mask_area,57,0.0019330978393554,0.0780487804878048,0.30941358024691357,0.4725987035945787,0.3233001881214727,0.878102189781022,2.716058394160584
P2547_0006.jpg,gt_box_sam2,SAM2 GT bbox,SAM2,overlap__low_mask_area,overlap,low_mask_area,72,0.0020599365234375,0.217391304347826,0.34446564885496184,0.5124201561391057,0.38637174455940065,0.7605337078651685,1.9683988764044944
P2547_0011.jpg,gt_box_sam2,SAM2 GT bbox,SAM2,overlap__low_mask_area,overlap,low_mask_area,109,0.003453254699707,0.2903225806451613,0.36478517270429656,0.5345679012345679,0.3854370660494926,0.8719291180024165,2.262182843334676
P2645_0010.jpg,gt_box_sam2,SAM2 GT bbox,SAM2,overlap__low_mask_area,overlap,low_mask_area,32,0.0027751922607421,0.2254098360655737,0.5081310393589441,0.6738552898890452,0.5337954939341422,0.9135593220338983,1.7114406779661018
P2689_0002.jpg,gt_box_sam2,SAM2 GT bbox,SAM2,overlap__low_mask_area,overlap,low_mask_area,80,0.0040006637573242,0.3333333333333333,0.5007079646017699,0.6672956716593937,0.5237918903906684,0.919103313840156,1.7547108512020793
P2689_0006.jpg,gt_box_sam2,SAM2 GT bbox,SAM2,overlap__low_mask_area,overlap,low_mask_area,19,0.001051902770996,0.08,0.4495575221238938,0.6202686202686203,0.4629404617253949,0.9395807644882861,2.029593094944513
P2709_0000.jpg,gt_box_sam2,SAM2 GT bbox,SAM2,overlap__low_mask_area,overlap,low_mask_area,13,0.0021448135375976,0.1384615384615384,0.6408861251457443,0.7811463761250592,0.7169565217391304,0.8579604578563996,1.1966701352757545
P2709_0001.jpg,gt_box_sam2,SAM2 GT bbox,SAM2,overlap__low_mask_area,overlap,low_mask_area,15,0.0022134780883789,0.2,0.6048417132216015,0.7537711766071015,0.6937206322084579,0.8252032520325203,1.1895325203252032
P2778_0007.jpg,gt_box_sam2,SAM2 GT bbox,SAM2,overlap__low_mask_area,overlap,low_mask_area,10,0.002511978149414,0.0525606469002695,0.6401146131805158,0.7805730258560447,0.6541727672035139,0.967518406236466,1.4789952360329146
P0060_0009.jpg,yolo_sam2,SAM2 YOLO bbox,SAM2,no_overlap__high_mask_area,no_overlap,high_mask_area,37,0.0057315826416015,0.0,0.5806650246305419,0.7347097779509154,0.607524803504703,0.929247142294048,1.5295624753646038
P0199_0002.jpg,yolo_sam2,SAM2 YOLO bbox,SAM2,no_overlap__high_mask_area,no_overlap,high_mask_area,50,0.0199432373046875,0.0,0.5613576136440851,0.7190634723763518,0.6087613293051359,0.8781823013553016,1.4425724156258304
P0331_0003.jpg,yolo_sam2,SAM2 YOLO bbox,SAM2,no_overlap__high_mask_area,no_overlap,high_mask_area,9,0.0047893524169921,0.0,0.5055130168453292,0.6715491811616315,0.6340760660776028,0.7137297297297297,1.1256216216216217
P0725_0000.jpg,yolo_sam2,SAM2 YOLO bbox,SAM2,no_overlap__high_mask_area,no_overlap,high_mask_area,17,0.0089015960693359,0.0,0.7657048940832725,0.8673078911986761,0.7843980918529604,0.9698161211981033,1.2363825604255811
P0725_0002.jpg,yolo_sam2,SAM2 YOLO bbox,SAM2,no_overlap__high_mask_area,no_overlap,high_mask_area,20,0.0104885101318359,0.0,0.7466872110939907,0.8549752999294283,0.7759186614362341,0.9519693546802868,1.2268932324918966
P0761_0003.jpg,yolo_sam2,SAM2 YOLO bbox,SAM2,no_overlap__high_mask_area,no_overlap,high_mask_area,15,0.007730484008789,0.0,0.621583316460822,0.7666375327756274,0.7162855809612693,0.8246038141283911,1.151222132688692
P0801_0002.jpg,yolo_sam2,SAM2 YOLO bbox,SAM2,no_overlap__high_mask_area,no_overlap,high_mask_area,61,0.0379505157470703,0.0,0.7341723385129061,0.8467120853080569,0.7731770539839964,0.9357047382634551,1.2102075888594888
P0887_0004.jpg,yolo_sam2,SAM2 YOLO bbox,SAM2,no_overlap__high_mask_area,no_overlap,high_mask_area,22,0.0117864608764648,0.0,0.7395902620726353,0.850303980422896,0.7516392888528358,0.9787852112676056,1.302200704225352
P0887_0008.jpg,yolo_sam2,SAM2 YOLO bbox,SAM2,no_overlap__high_mask_area,no_overlap,high_mask_area,13,0.0078229904174804,0.0,0.7344687232219366,0.8469091582782684,0.7930835068239649,0.908572942891215,1.1456207764674706
P1088_0000.jpg,yolo_sam2,SAM2 YOLO bbox,SAM2,no_overlap__high_mask_area,no_overlap,high_mask_area,15,0.00994873046875,0.0,0.7564300411522634,0.8613266949773026,0.8125057555944378,0.9163896967179062,1.1278562525965932
P1122_0017.jpg,yolo_sam2,SAM2 YOLO bbox,SAM2,no_overlap__high_mask_area,no_overlap,high_mask_area,5,0.0090446472167968,0.0,0.4424669268106976,0.6134864080232251,0.7652674897119341,0.5119480233454465,0.6689791873141725
P1143_0005.jpg,yolo_sam2,SAM2 YOLO bbox,SAM2,no_overlap__high_mask_area,no_overlap,high_mask_area,3,0.0054092407226562,0.0,0.21762589928057555,0.35745937961595275,0.9201520912547528,0.22181484876260313,0.24106324472960586
P1147_0029.jpg,yolo_sam2,SAM2 YOLO bbox,SAM2,no_overlap__high_mask_area,no_overlap,high_mask_area,3,0.0055389404296875,0.0,0.29075500770416024,0.45051927897815447,0.6712913553895411,0.33902263744160976,0.5050305425799497
P1471_0007.jpg,yolo_sam2,SAM2 YOLO bbox,SAM2,no_overlap__high_mask_area,no_overlap,high_mask_area,44,0.0236873626708984,0.0,0.5255048117038438,0.688958576429405,0.5888916593940905,0.8299947285187138,1.4094183798980846
P1471_0017.jpg,yolo_sam2,SAM2 YOLO bbox,SAM2,no_overlap__high_mask_area,no_overlap,high_mask_area,47,0.0290870666503906,0.0,0.4553809115951758,0.6257893146283661,0.5677344877344878,0.6970695581304702,1.2278090783459126
P1471_0023.jpg,yolo_sam2,SAM2 YOLO bbox,SAM2,no_overlap__high_mask_area,no_overlap,high_mask_area,38,0.0237340927124023,0.0,0.5529072994726617,0.7120931167757646,0.7322979368653219,0.6929733020262632,0.9462996782328899
P1476_0003.jpg,yolo_sam2,SAM2 YOLO bbox,SAM2,no_overlap__high_mask_area,no_overlap,high_mask_area,13,0.0171136856079101,0.0,0.846233874323762,0.9167136256057703,0.8793513513513513,0.957391713747646,1.0887476459510357
P1854_0015.jpg,yolo_sam2,SAM2 YOLO bbox,SAM2,no_overlap__high_mask_area,no_overlap,high_mask_area,14,0.0058765411376953,0.0,0.4408112582781457,0.6118931341568514,0.6603968582058702,0.5700267618198037,0.8631578947368421
P1854_0017.jpg,yolo_sam2,SAM2 YOLO bbox,SAM2,no_overlap__high_mask_area,no_overlap,high_mask_area,15,0.0063047409057617,0.0,0.48624113475177305,0.6543233441496469,0.768437570051558,0.56971912913412,0.7413993684560413
P1854_0044.jpg,yolo_sam2,SAM2 YOLO bbox,SAM2,no_overlap__high_mask_area,no_overlap,high_mask_area,15,0.0063352584838867,0.0,0.42574257425742573,0.5972222222222222,0.5206968985543062,0.7001162983884366,1.3445755108822064
P1854_0058.jpg,yolo_sam2,SAM2 YOLO bbox,SAM2,no_overlap__high_mask_area,no_overlap,high_mask_area,13,0.0055618286132812,0.0,0.4579480405107882,0.6282090003020235,0.5220883534136547,0.7884761182714177,1.510235026535254
P2027_0004.jpg,yolo_sam2,SAM2 YOLO bbox,SAM2,no_overlap__high_mask_area,no_overlap,high_mask_area,88,0.1279077529907226,0.0,0.8159920239282153,0.8986735769501054,0.8343142185312546,0.9737923375902277,1.1671769651780757
P2577_0000.jpg,yolo_sam2,SAM2 YOLO bbox,SAM2,no_overlap__high_mask_area,no_overlap,high_mask_area,3,0.0065650939941406,0.0,0.5933566063683486,0.7447882087372195,0.6626107501476669,0.8502349552827042,1.2831590116719722
P2598_0006.jpg,yolo_sam2,SAM2 YOLO bbox,SAM2,no_overlap__high_mask_area,no_overlap,high_mask_area,16,0.0115852355957031,0.0,0.6994945949740278,0.823179546487134,0.7714639622203298,0.8823268992385337,1.143704621923145
P2766_0010.jpg,yolo_sam2,SAM2 YOLO bbox,SAM2,no_overlap__high_mask_area,no_overlap,high_mask_area,22,0.0049219131469726,0.0,0.12884978001257072,0.22828507795100222,0.733890214797136,0.13516483516483516,0.18417582417582418
P2766_0022.jpg,yolo_sam2,SAM2 YOLO bbox,SAM2,no_overlap__high_mask_area,no_overlap,high_mask_area,25,0.0062389373779296,0.0,0.2896017026451809,0.4491335612401273,0.7032115171650055,0.32992726013162454,0.46917215102182197
P2778_0005.jpg,yolo_sam2,SAM2 YOLO bbox,SAM2,no_overlap__high_mask_area,no_overlap,high_mask_area,23,0.0055732727050781,0.0,0.5072792840924268,0.6731058927780239,0.618667535429223,0.7380489700738437,1.1929654100272056
P2794_0003.jpg,yolo_sam2,SAM2 YOLO bbox,SAM2,no_overlap__high_mask_area,no_overlap,high_mask_area,12,0.0083093643188476,0.0,0.4080131465685891,0.5795587172789418,0.5239147909967846,0.6484268125854993,1.2376570078348463
P2794_0004.jpg,yolo_sam2,SAM2 YOLO bbox,SAM2,no_overlap__high_mask_area,no_overlap,high_mask_area,11,0.0078897476196289,0.0,0.4326720906847061,0.604007146503318,0.5901496259351621,0.6185311029796132,1.0480920020909565
P2794_0015.jpg,yolo_sam2,SAM2 YOLO bbox,SAM2,no_overlap__high_mask_area,no_overlap,high_mask_area,10,0.0064525604248046,0.0,0.3093604172385397,0.47253668763102724,0.7034956304619226,0.3557449494949495,0.5056818181818182
P2802_0010.jpg,yolo_sam2,SAM2 YOLO bbox,SAM2,no_overlap__high_mask_area,no_overlap,high_mask_area,37,0.0080957412719726,0.0,0.5257396182032027,0.6891603415559773,0.6183230474569057,0.7783284221805519,1.2587731047414947
P2802_0029.jpg,yolo_sam2,SAM2 YOLO bbox,SAM2,no_overlap__high_mask_area,no_overlap,high_mask_area,20,0.007145881652832,0.0,0.48554913294797686,0.6536964980544747,0.6592212496226985,0.6482635796972396,0.98337785693084
P0019_0015.jpg,yolo_sam2,SAM2 YOLO bbox,SAM2,no_overlap__low_mask_area,no_overlap,low_mask_area,1,0.0008764266967773,0.0,0.525369299935774,0.6888421052631579,0.5402906208718626,0.9500580720092915,1.7584204413472706
P0110_0002.jpg,yolo_sam2,SAM2 YOLO bbox,SAM2,no_overlap__low_mask_area,no_overlap,low_mask_area,2,2.86102294921875e-05,0.0,0.0,0.0,0.0,0.0,0.0
P0932_0001.jpg,yolo_sam2,SAM2 YOLO bbox,SAM2,no_overlap__low_mask_area,no_overlap,low_mask_area,1,9.632110595703124e-05,0.0,0.5185185185185185,0.6829268292682927,0.5185185185185185,1.0,1.9285714285714286
P0945_0001.jpg,yolo_sam2,SAM2 YOLO bbox,SAM2,no_overlap__low_mask_area,no_overlap,low_mask_area,8,0.0013027191162109,0.0,0.4596607364501448,0.6298185941043084,0.47136190072125583,0.9487617421007686,2.012809564474808
P0961_0003.jpg,yolo_sam2,SAM2 YOLO bbox,SAM2,no_overlap__low_mask_area,no_overlap,low_mask_area,7,0.001312255859375,0.0,0.463768115942029,0.6336633663366337,0.732824427480916,0.5581395348837209,0.7616279069767442
P0974_0003.jpg,yolo_sam2,SAM2 YOLO bbox,SAM2,no_overlap__low_mask_area,no_overlap,low_mask_area,2,0.0004663467407226,0.0,0.25733634311512416,0.40933572710951527,0.3313953488372093,0.5352112676056338,1.6150234741784038
P0998_0001.jpg,yolo_sam2,SAM2 YOLO bbox,SAM2,no_overlap__low_mask_area,no_overlap,low_mask_area,4,0.0028486251831054,0.0,0.8213333333333334,0.9019033674963397,0.918717375093214,0.8856937455068297,0.9640546369518332
P0998_0003.jpg,yolo_sam2,SAM2 YOLO bbox,SAM2,no_overlap__low_mask_area,no_overlap,low_mask_area,7,0.0044116973876953,0.0,0.48154761904761906,0.6500602651667337,0.7699873096446701,0.5624565469293163,0.7304750869061414
P1005_0007.jpg,yolo_sam2,SAM2 YOLO bbox,SAM2,no_overlap__low_mask_area,no_overlap,low_mask_area,1,0.0001716613769531,0.0,0.36989795918367346,0.5400372439478585,0.37662337662337664,0.9539473684210527,2.5328947368421053
P1023_0003.jpg,yolo_sam2,SAM2 YOLO bbox,SAM2,no_overlap__low_mask_area,no_overlap,low_mask_area,7,0.0010700225830078,0.0,0.42961418143899893,0.6010211524434719,0.46292134831460674,0.8565488565488566,1.8503118503118503
P1134_0000.jpg,yolo_sam2,SAM2 YOLO bbox,SAM2,no_overlap__low_mask_area,no_overlap,low_mask_area,1,0.0038614273071289,0.0,0.690055347259418,0.8166068032960068,0.6903018396142169,0.9994828032066201,1.447892423066977
P1147_0022.jpg,yolo_sam2,SAM2 YOLO bbox,SAM2,no_overlap__low_mask_area,no_overlap,low_mask_area,1,0.0005121231079101,0.0,0.0,0.0,0.0,0.0,3.714859437751004
P1179_0045.jpg,yolo_sam2,SAM2 YOLO bbox,SAM2,no_overlap__low_mask_area,no_overlap,low_mask_area,2,0.000594139099121,0.0,0.6199551569506726,0.7653979238754325,0.6213483146067416,0.9963963963963964,1.6036036036036037
P1376_0018.jpg,yolo_sam2,SAM2 YOLO bbox,SAM2,no_overlap__low_mask_area,no_overlap,low_mask_area,1,0.0002927780151367,0.0,0.1407942238267148,0.2468354430379747,0.15821501014198783,0.5611510791366906,3.5467625899280577
P1377_0002.jpg,yolo_sam2,SAM2 YOLO bbox,SAM2,no_overlap__low_mask_area,no_overlap,low_mask_area,2,0.0003080368041992,0.0,0.18478260869565216,0.3119266055045872,0.265625,0.37777777777777777,1.4222222222222223
P1384_0012.jpg,yolo_sam2,SAM2 YOLO bbox,SAM2,no_overlap__low_mask_area,no_overlap,low_mask_area,9,0.0008420944213867,0.0,0.018973910872550244,0.03724121033933603,0.01902377972465582,0.8786127167630058,46.1849710982659
P1390_0022.jpg,yolo_sam2,SAM2 YOLO bbox,SAM2,no_overlap__low_mask_area,no_overlap,low_mask_area,2,0.0004186630249023,0.0,0.7633744855967078,0.8658109684947491,0.7860169491525424,0.9636363636363636,1.225974025974026
P1397_0011.jpg,yolo_sam2,SAM2 YOLO bbox,SAM2,no_overlap__low_mask_area,no_overlap,low_mask_area,2,0.0003995895385742,0.0,0.448586118251928,0.6193433895297249,0.4556135770234987,0.9667590027700831,2.1218836565096955
P1397_0032.jpg,yolo_sam2,SAM2 YOLO bbox,SAM2,no_overlap__low_mask_area,no_overlap,low_mask_area,2,0.0001659393310546,0.0,0.24875621890547264,0.398406374501992,0.43859649122807015,0.36496350364963503,0.8321167883211679
P1410_0005.jpg,yolo_sam2,SAM2 YOLO bbox,SAM2,no_overlap__low_mask_area,no_overlap,low_mask_area,7,0.000925064086914,0.0,0.6126198083067093,0.7597820703318474,0.6307565789473685,0.9551681195516812,1.514321295143213
P2168_0003.jpg,yolo_sam2,SAM2 YOLO bbox,SAM2,no_overlap__low_mask_area,no_overlap,low_mask_area,19,0.0030202865600585,0.0,0.6073359981189749,0.7557050906963136,0.6213615588164542,0.9641657334826428,1.5516983949234788
P2271_0006.jpg,yolo_sam2,SAM2 YOLO bbox,SAM2,no_overlap__low_mask_area,no_overlap,low_mask_area,1,5.245208740234375e-05,0.0,0.0,0.0,0.0,0.0,0.0
P2271_0016.jpg,yolo_sam2,SAM2 YOLO bbox,SAM2,no_overlap__low_mask_area,no_overlap,low_mask_area,3,0.0001716613769531,0.0,0.3968253968253968,0.5681818181818182,0.4716981132075472,0.7142857142857143,1.5142857142857142
P2477_0005.jpg,yolo_sam2,SAM2 YOLO bbox,SAM2,no_overlap__low_mask_area,no_overlap,low_mask_area,14,0.0002861022949218,0.0,0.15938864628820962,0.2749529190207156,0.1989100817438692,0.4451219512195122,2.2378048780487805
P2570_0001.jpg,yolo_sam2,SAM2 YOLO bbox,SAM2,no_overlap__low_mask_area,no_overlap,low_mask_area,5,0.0011091232299804,0.0,0.21853658536585366,0.3586869495596477,0.8484848484848485,0.22741116751269036,0.26802030456852793
P2571_0000.jpg,yolo_sam2,SAM2 YOLO bbox,SAM2,no_overlap__low_mask_area,no_overlap,low_mask_area,1,0.0007095336914062,0.0,0.06047197640117994,0.11404728789986092,0.060987703292344306,0.8773181169757489,14.385164051355208
P2599_0001.jpg,yolo_sam2,SAM2 YOLO bbox,SAM2,no_overlap__low_mask_area,no_overlap,low_mask_area,3,0.0012168884277343,0.0,0.7394411955815464,0.8502054538662682,0.7467191601049868,0.986990459670425,1.3217692974848223
P2766_0016.jpg,yolo_sam2,SAM2 YOLO bbox,SAM2,no_overlap__low_mask_area,no_overlap,low_mask_area,15,0.0030765533447265,0.0,0.1148841637575373,0.20609165955024195,0.5193687230989957,0.12855113636363635,0.24751420454545456
P2778_0003.jpg,yolo_sam2,SAM2 YOLO bbox,SAM2,no_overlap__low_mask_area,no_overlap,low_mask_area,4,0.0010662078857421,0.0,0.5661654135338345,0.7229956793086894,0.6985157699443414,0.7492537313432835,1.072636815920398
P2791_0000.jpg,yolo_sam2,SAM2 YOLO bbox,SAM2,no_overlap__low_mask_area,no_overlap,low_mask_area,1,0.000192642211914,0.0,0.0,0.0,0.0,0.0,0.0
P2794_0000.jpg,yolo_sam2,SAM2 YOLO bbox,SAM2,no_overlap__low_mask_area,no_overlap,low_mask_area,1,0.0007314682006835,0.0,0.7519280205655527,0.8584005869405723,0.9041731066460588,0.8170391061452514,0.9036312849162011
P2802_0012.jpg,yolo_sam2,SAM2 YOLO bbox,SAM2,no_overlap__low_mask_area,no_overlap,low_mask_area,1,0.0002107620239257,0.0,0.0,0.0,0.0,0.0,0.0
P0007_0002.jpg,yolo_sam2,SAM2 YOLO bbox,SAM2,overlap__high_mask_area,overlap,high_mask_area,70,0.2087612152099609,0.0865297034713085,0.8067341047473497,0.8930302501376227,0.8342677955471934,0.9606979330666012,1.151546227954877
P0161_0001.jpg,yolo_sam2,SAM2 YOLO bbox,SAM2,overlap__high_mask_area,overlap,high_mask_area,393,0.0190505981445312,0.2898550724637681,0.44141509822494956,0.6124746421326324,0.532412696835726,0.7208770513855259,1.353981705676621
P0257_0000.jpg,yolo_sam2,SAM2 YOLO bbox,SAM2,overlap__high_mask_area,overlap,high_mask_area,52,0.0091314315795898,0.2748091603053435,0.6343661081251976,0.7762839733049618,0.6488278092158448,0.9660568127106404,1.4889263360616274
P0259_0005.jpg,yolo_sam2,SAM2 YOLO bbox,SAM2,overlap__high_mask_area,overlap,high_mask_area,78,0.019169807434082,0.1497005988023952,0.7452843435525393,0.8540549238360867,0.8163129293550703,0.8954560791811945,1.0969519739061973
P0331_0007.jpg,yolo_sam2,SAM2 YOLO bbox,SAM2,overlap__high_mask_area,overlap,high_mask_area,7,0.0045595169067382,0.3187183811129848,0.4738775510204082,0.6430351703129327,0.8370583994232156,0.5220323741007195,0.6236510791366906
P1007_0014.jpg,yolo_sam2,SAM2 YOLO bbox,SAM2,overlap__high_mask_area,overlap,high_mask_area,28,0.0049676895141601,0.208955223880597,0.47853053435114506,0.6473055824459503,0.6267444282441158,0.6692615658362989,1.0678380782918149
P1090_0005.jpg,yolo_sam2,SAM2 YOLO bbox,SAM2,overlap__high_mask_area,overlap,high_mask_area,118,0.017913818359375,0.2304761904761904,0.6402832481354228,0.7806983932357524,0.6597159262617105,0.9560185185185185,1.4491366366366367
P1122_0003.jpg,yolo_sam2,SAM2 YOLO bbox,SAM2,overlap__high_mask_area,overlap,high_mask_area,10,0.0090494155883789,0.0707444492816717,0.2052428018908466,0.34058332739071523,0.46332945285215366,0.26925245236216033,0.5811252677866727
P1380_0023.jpg,yolo_sam2,SAM2 YOLO bbox,SAM2,overlap__high_mask_area,overlap,high_mask_area,103,0.0130224227905273,0.2729007633587786,0.5463839862247094,0.706660171201893,0.5938358968360723,0.8724117192198643,1.4691124667067617
P1410_0032.jpg,yolo_sam2,SAM2 YOLO bbox,SAM2,overlap__high_mask_area,overlap,high_mask_area,29,0.0053348541259765,0.1013793103448275,0.5212087607429997,0.6852560597776562,0.6119791666666666,0.7784679089026915,1.2720496894409938
P1432_0011.jpg,yolo_sam2,SAM2 YOLO bbox,SAM2,overlap__high_mask_area,overlap,high_mask_area,96,0.0145807266235351,0.2277039848197343,0.42925639983746444,0.6006709501336214,0.4763493709699238,0.812802954527968,1.7063168423482342
P1432_0016.jpg,yolo_sam2,SAM2 YOLO bbox,SAM2,overlap__high_mask_area,overlap,high_mask_area,85,0.0122556686401367,0.1988636363636363,0.38272826194480164,0.5535842037487481,0.4528588985778662,0.7119330205170669,1.57208574845892
P1809_0002.jpg,yolo_sam2,SAM2 YOLO bbox,SAM2,overlap__high_mask_area,overlap,high_mask_area,26,0.009709358215332,0.2398042414355628,0.4258037922506183,0.5972824515755999,0.6420934858279463,0.5583180196735488,0.8695276186358232
P1809_0025.jpg,yolo_sam2,SAM2 YOLO bbox,SAM2,overlap__high_mask_area,overlap,high_mask_area,148,0.031768798828125,0.1659751037344398,0.7184157038938811,0.8361372655824449,0.7645870097341606,0.9224614539335875,1.2064832938429313
P1829_0000.jpg,yolo_sam2,SAM2 YOLO bbox,SAM2,overlap__high_mask_area,overlap,high_mask_area,58,0.0628290176391601,0.1666666666666666,0.6910350624705478,0.8172924119751459,0.7665833086084856,0.8751854958384412,1.141670430350345
P1854_0048.jpg,yolo_sam2,SAM2 YOLO bbox,SAM2,overlap__high_mask_area,overlap,high_mask_area,51,0.0251674652099609,0.3842165898617511,0.48950176903891884,0.6572691341679484,0.6189585625229189,0.7006350919430493,1.1319579926113486
P1854_0069.jpg,yolo_sam2,SAM2 YOLO bbox,SAM2,overlap__high_mask_area,overlap,high_mask_area,65,0.0276927947998046,0.2989365892083497,0.582421549569564,0.7361142796974536,0.6871436996264989,0.7926004308227202,1.1534711462151845
P1960_0002.jpg,yolo_sam2,SAM2 YOLO bbox,SAM2,overlap__high_mask_area,overlap,high_mask_area,52,0.0601720809936523,0.4818043146655044,0.756463797414481,0.8613485783515693,0.7865281964764775,0.9519003866044083,1.2102558952988234
P1973_0001.jpg,yolo_sam2,SAM2 YOLO bbox,SAM2,overlap__high_mask_area,overlap,high_mask_area,15,0.022261619567871,0.4707508060801474,0.8068695390177765,0.8931132232783058,0.8363522798251093,0.958139534883721,1.1456171735241503
P1973_0002.jpg,yolo_sam2,SAM2 YOLO bbox,SAM2,overlap__high_mask_area,overlap,high_mask_area,57,0.1081457138061523,0.4323593636269107,0.8208861108702677,0.9016336672236315,0.8508578431372549,0.9588542913436574,1.1269265472222734
P2027_0005.jpg,yolo_sam2,SAM2 YOLO bbox,SAM2,overlap__high_mask_area,overlap,high_mask_area,92,0.1340551376342773,0.2566524476944952,0.8019252598403227,0.8900760511136684,0.8315064800142028,0.9575218826665052,1.1515507162976648
P2197_0003.jpg,yolo_sam2,SAM2 YOLO bbox,SAM2,overlap__high_mask_area,overlap,high_mask_area,185,0.0270919799804687,0.0526315789473684,0.5891937093685091,0.7415001782289138,0.6241641424244156,0.9131652661064426,1.4630210293072452
P2242_0004.jpg,yolo_sam2,SAM2 YOLO bbox,SAM2,overlap__high_mask_area,overlap,high_mask_area,136,0.0197610855102539,0.1692047377326565,0.5522741384663148,0.7115677891947298,0.6313944718044279,0.8150630011454754,1.290893470790378
P2455_0004.jpg,yolo_sam2,SAM2 YOLO bbox,SAM2,overlap__high_mask_area,overlap,high_mask_area,74,0.0046644210815429,0.3559322033898305,0.29683849867621864,0.4577879188183019,0.4148889856334349,0.5105813019019555,1.2306455933565497
P2592_0000.jpg,yolo_sam2,SAM2 YOLO bbox,SAM2,overlap__high_mask_area,overlap,high_mask_area,51,0.0099868774414062,0.171875,0.5327809798270894,0.6951821386603996,0.6094445360145047,0.8089924515917296,1.327425883382562
P2593_0000.jpg,yolo_sam2,SAM2 YOLO bbox,SAM2,overlap__high_mask_area,overlap,high_mask_area,58,0.0110769271850585,0.2676056338028169,0.5127485202610411,0.6779031853523952,0.6913239206056886,0.6649936029918315,0.9619131975199291
P2625_0009.jpg,yolo_sam2,SAM2 YOLO bbox,SAM2,overlap__high_mask_area,overlap,high_mask_area,43,0.0850152969360351,0.4138590895911858,0.8139573896997148,0.897438268750578,0.8377837590777513,0.9662394864465946,1.1533280228662466
P2630_0001.jpg,yolo_sam2,SAM2 YOLO bbox,SAM2,overlap__high_mask_area,overlap,high_mask_area,54,0.0554580688476562,0.06875753920386,0.6957581806516004,0.8205865536609155,0.7596046077210461,0.8922145834857017,1.174577634754626
P2678_0009.jpg,yolo_sam2,SAM2 YOLO bbox,SAM2,overlap__high_mask_area,overlap,high_mask_area,86,0.0145559310913085,0.3089887640449438,0.5229208097496303,0.6867340788856894,0.613704368641532,0.7794922468835512,1.2701429005776832
P2771_0005.jpg,yolo_sam2,SAM2 YOLO bbox,SAM2,overlap__high_mask_area,overlap,high_mask_area,43,0.0064725875854492,0.3074534161490683,0.2968502804544801,0.4578019296883664,0.6492607738282479,0.35354573484069884,0.5445357999314834
P2781_0005.jpg,yolo_sam2,SAM2 YOLO bbox,SAM2,overlap__high_mask_area,overlap,high_mask_area,66,0.1247196197509765,0.4931031764798613,0.6272549780018455,0.7709363148141299,0.7928650512597301,0.750187924830068,0.9461735305877649
P2791_0013.jpg,yolo_sam2,SAM2 YOLO bbox,SAM2,overlap__high_mask_area,overlap,high_mask_area,31,0.0086574554443359,0.2568093385214007,0.3676959619952494,0.5376866967697117,0.6215868936716993,0.47374219610723467,0.762149589913086
P0027_0002.jpg,yolo_sam2,SAM2 YOLO bbox,SAM2,overlap__low_mask_area,overlap,low_mask_area,13,0.0022802352905273,0.1021671826625387,0.4911977908180877,0.6587962962962963,0.6277018085575651,0.6931320019483682,1.104237700925475
P0117_0000.jpg,yolo_sam2,SAM2 YOLO bbox,SAM2,overlap__low_mask_area,overlap,low_mask_area,21,0.0014848709106445,0.1877934272300469,0.36181163149768397,0.5313681027966742,0.5,0.5669354838709677,1.1338709677419354
P0795_0002.jpg,yolo_sam2,SAM2 YOLO bbox,SAM2,overlap__low_mask_area,overlap,low_mask_area,5,0.0023584365844726,0.0705421293272371,0.651761918862896,0.7891717461455718,0.6645531400966184,0.9713150926743159,1.4616063548102383
P0953_0004.jpg,yolo_sam2,SAM2 YOLO bbox,SAM2,overlap__low_mask_area,overlap,low_mask_area,5,0.0005550384521484,0.1366120218579235,0.2900763358778626,0.44970414201183434,0.8,0.31275720164609055,0.39094650205761317
P1030_0003.jpg,yolo_sam2,SAM2 YOLO bbox,SAM2,overlap__low_mask_area,overlap,low_mask_area,27,0.0043010711669921,0.161344537815126,0.566694987255735,0.7234273318872018,0.6219694143976129,0.8644375324002074,1.3898392949714877
P1030_0004.jpg,yolo_sam2,SAM2 YOLO bbox,SAM2,overlap__low_mask_area,overlap,low_mask_area,21,0.0035085678100585,0.0682226211849192,0.6653079710144928,0.7990209409844983,0.6978622327790974,0.9344783715012722,1.339058524173028
P1184_0013.jpg,yolo_sam2,SAM2 YOLO bbox,SAM2,overlap__low_mask_area,overlap,low_mask_area,39,0.0022544860839843,0.226950354609929,0.0,0.0,0.0,0.0,0.0
P1376_0004.jpg,yolo_sam2,SAM2 YOLO bbox,SAM2,overlap__low_mask_area,overlap,low_mask_area,10,0.002324104309082,0.2711621233859397,0.4229850746268657,0.5945038808474932,0.5433282208588958,0.6563223714682723,1.20796665122742
P1377_0010.jpg,yolo_sam2,SAM2 YOLO bbox,SAM2,overlap__low_mask_area,overlap,low_mask_area,20,0.004012107849121,0.2214182344428364,0.42107130188009934,0.5926110833749376,0.5492827394724664,0.643360433604336,1.1712737127371273
P1384_0028.jpg,yolo_sam2,SAM2 YOLO bbox,SAM2,overlap__low_mask_area,overlap,low_mask_area,84,0.0044097900390625,0.1224489795918367,0.10676089339027248,0.1929249470736871,0.10922517785338695,0.8255406195207481,7.558153126826418
P1429_0003.jpg,yolo_sam2,SAM2 YOLO bbox,SAM2,overlap__low_mask_area,overlap,low_mask_area,3,0.0044965744018554,0.1645848640705363,0.0,0.0,0.0,0.0,4.059897572923625
P1474_0017.jpg,yolo_sam2,SAM2 YOLO bbox,SAM2,overlap__low_mask_area,overlap,low_mask_area,13,0.0007038116455078,0.1475409836065573,0.15384615384615385,0.26666666666666666,0.3564954682779456,0.21299638989169675,0.5974729241877257
P1474_0018.jpg,yolo_sam2,SAM2 YOLO bbox,SAM2,overlap__low_mask_area,overlap,low_mask_area,17,0.0007667541503906,0.2191780821917808,0.182175622542595,0.3082039911308204,0.46488294314381273,0.23051409618573798,0.49585406301824214
P1809_0036.jpg,yolo_sam2,SAM2 YOLO bbox,SAM2,overlap__low_mask_area,overlap,low_mask_area,3,0.0006475448608398,0.09009009009009,0.4355495251017639,0.6068052930056711,0.6844349680170576,0.5449915110356537,0.7962648556876061
P1854_0047.jpg,yolo_sam2,SAM2 YOLO bbox,SAM2,overlap__low_mask_area,overlap,low_mask_area,9,0.0042552947998046,0.1981735159817351,0.41347357876283497,0.5850460666194188,0.4584201027349715,0.8083231334149327,1.76328029375765
P2285_0007.jpg,yolo_sam2,SAM2 YOLO bbox,SAM2,overlap__low_mask_area,overlap,low_mask_area,19,0.0025081634521484,0.2295081967213114,0.4670458347273336,0.6367160775370582,0.6502095947834188,0.6237712243074174,0.9593386952636282
P2286_0004.jpg,yolo_sam2,SAM2 YOLO bbox,SAM2,overlap__low_mask_area,overlap,low_mask_area,91,0.0023612976074218,0.2222222222222222,0.08241469816272966,0.15227934044616878,0.319755600814664,0.09993634627625717,0.31253978357733925
P2331_0001.jpg,yolo_sam2,SAM2 YOLO bbox,SAM2,overlap__low_mask_area,overlap,low_mask_area,53,0.0028228759765625,0.2057142857142857,0.06910032742022186,0.1292681811948622,0.0718203982121089,0.6459570580173595,8.994061215166743
P2337_0001.jpg,yolo_sam2,SAM2 YOLO bbox,SAM2,overlap__low_mask_area,overlap,low_mask_area,11,0.0004472732543945,0.0862068965517241,0.0,0.0,0.0,0.0,0.0
P2363_0003.jpg,yolo_sam2,SAM2 YOLO bbox,SAM2,overlap__low_mask_area,overlap,low_mask_area,27,0.0012645721435546,0.2397260273972602,0.26935312831389185,0.4243943191311612,0.29206592564200845,0.7759674134419552,2.6568228105906315
P2404_0002.jpg,yolo_sam2,SAM2 YOLO bbox,SAM2,overlap__low_mask_area,overlap,low_mask_area,30,0.0014076232910156,0.2347826086956521,0.16298979255844584,0.28029445073612685,0.16591251885369532,0.902461257976299,5.439380127620784
P2404_0027.jpg,yolo_sam2,SAM2 YOLO bbox,SAM2,overlap__low_mask_area,overlap,low_mask_area,15,0.0005922317504882,0.3555555555555555,0.1941860465116279,0.3252190847127556,0.20732464307883303,0.7539503386004515,3.636568848758465
P2420_0001.jpg,yolo_sam2,SAM2 YOLO bbox,SAM2,overlap__low_mask_area,overlap,low_mask_area,19,0.0006084442138671,0.3684210526315789,0.0,0.0,0.0,0.0,0.0
P2462_0000.jpg,yolo_sam2,SAM2 YOLO bbox,SAM2,overlap__low_mask_area,overlap,low_mask_area,57,0.0019330978393554,0.0780487804878048,0.1255517410495341,0.22309368191721132,0.27675675675675676,0.18686131386861313,0.6751824817518248
P2547_0006.jpg,yolo_sam2,SAM2 YOLO bbox,SAM2,overlap__low_mask_area,overlap,low_mask_area,72,0.0020599365234375,0.217391304347826,0.0,0.0,0.0,0.0,0.10393258426966293
P2547_0011.jpg,yolo_sam2,SAM2 YOLO bbox,SAM2,overlap__low_mask_area,overlap,low_mask_area,109,0.003453254699707,0.2903225806451613,0.04909858074415036,0.09360146252285192,0.5079365079365079,0.05155054369714056,0.10149013290374546
P2645_0010.jpg,yolo_sam2,SAM2 YOLO bbox,SAM2,overlap__low_mask_area,overlap,low_mask_area,32,0.0027751922607421,0.2254098360655737,0.2263009698612994,0.36907900331660853,0.23087562506649645,0.9194915254237288,3.982627118644068
P2689_0002.jpg,yolo_sam2,SAM2 YOLO bbox,SAM2,overlap__low_mask_area,overlap,low_mask_area,80,0.0040006637573242,0.3333333333333333,0.025038944378264455,0.04885462062800313,0.026231790145678835,0.35510071474983756,13.537037037037036
P2689_0006.jpg,yolo_sam2,SAM2 YOLO bbox,SAM2,overlap__low_mask_area,overlap,low_mask_area,19,0.001051902770996,0.08,0.35152374202693126,0.5201887781856319,0.45255474452554745,0.6115906288532675,1.3514180024660913
P2709_0000.jpg,yolo_sam2,SAM2 YOLO bbox,SAM2,overlap__low_mask_area,overlap,low_mask_area,13,0.0021448135375976,0.1384615384615384,0.49219391947411667,0.6596916299559471,0.7005847953216374,0.6233090530697191,0.8896982310093653
P2709_0001.jpg,yolo_sam2,SAM2 YOLO bbox,SAM2,overlap__low_mask_area,overlap,low_mask_area,15,0.0022134780883789,0.2,0.4304932735426009,0.6018808777429467,0.572739788893988,0.6341463414634146,1.1072154471544715
P2778_0007.jpg,yolo_sam2,SAM2 YOLO bbox,SAM2,overlap__low_mask_area,overlap,low_mask_area,10,0.002511978149414,0.0525606469002695,0.43825100133511347,0.6094221397075887,0.6565,0.5686444348202685,0.8661758336942399
