image_id,file_name,source_file_name,source_scene_id,tile_x,tile_y,tile_size,num_objects,mask_area_pixels,mask_area_ratio,max_pair_bbox_iou,num_bbox_overlap_pairs,has_bbox_overlap,overlap_group,area_group,stratum,split,area_threshold,stratify_by,no_overlap_iou_max,overlap_iou_min,selected_eval,source_image_id
1,P0000_0002.png,P0000.png,P0000,2048,0,1024,1,4383,0.004179954528808594,0.0,0,False,no_overlap,low_mask_area,no_overlap__low_mask_area,train,0.0167140960693359,mask_area,0.0,0.001,False,3
2,P0000_0003.png,P0000.png,P0000,2851,0,1024,1,4383,0.004179954528808594,0.0,0,False,no_overlap,low_mask_area,no_overlap__low_mask_area,train,0.0167140960693359,mask_area,0.0,0.001,False,4
3,P0000_0005.png,P0000.png,P0000,1024,1024,1024,1,3214,0.0030651092529296875,0.0,0,False,no_overlap,low_mask_area,no_overlap__low_mask_area,train,0.0167140960693359,mask_area,0.0,0.001,False,6
4,P0000_0006.png,P0000.png,P0000,2048,1024,1024,3,9148,0.008724212646484375,0.0,0,False,no_overlap,low_mask_area,no_overlap__low_mask_area,train,0.0167140960693359,mask_area,0.0,0.001,False,7
5,P0000_0007.png,P0000.png,P0000,2851,1024,1024,3,10329,0.009850502014160156,0.0,0,False,no_overlap,low_mask_area,no_overlap__low_mask_area,train,0.0167140960693359,mask_area,0.0,0.001,False,8
6,P0000_0010.png,P0000.png,P0000,2048,2048,1024,2,8265,0.007882118225097656,0.0,0,False,no_overlap,low_mask_area,no_overlap__low_mask_area,train,0.0167140960693359,mask_area,0.0,0.001,False,11
7,P0000_0011.png,P0000.png,P0000,2851,2048,1024,3,8932,0.008518218994140625,0.0,0,False,no_overlap,low_mask_area,no_overlap__low_mask_area,train,0.0167140960693359,mask_area,0.0,0.001,False,12
8,P0000_0012.png,P0000.png,P0000,0,3072,1024,2,6265,0.005974769592285156,0.0,0,False,no_overlap,low_mask_area,no_overlap__low_mask_area,train,0.0167140960693359,mask_area,0.0,0.001,False,13
9,P0000_0013.png,P0000.png,P0000,1024,3072,1024,2,4864,0.004638671875,0.0,0,False,no_overlap,low_mask_area,no_overlap__low_mask_area,train,0.0167140960693359,mask_area,0.0,0.001,False,14
10,P0000_0014.png,P0000.png,P0000,2048,3072,1024,2,8990,0.008573532104492188,0.0,0,False,no_overlap,low_mask_area,no_overlap__low_mask_area,train,0.0167140960693359,mask_area,0.0,0.001,False,15
11,P0000_0015.png,P0000.png,P0000,2851,3072,1024,3,5963,0.005686759948730469,0.0,0,False,no_overlap,low_mask_area,no_overlap__low_mask_area,train,0.0167140960693359,mask_area,0.0,0.001,False,16
12,P0000_0016.png,P0000.png,P0000,0,4096,1024,2,7975,0.007605552673339844,0.0,0,False,no_overlap,low_mask_area,no_overlap__low_mask_area,train,0.0167140960693359,mask_area,0.0,0.001,False,17
13,P0000_0017.png,P0000.png,P0000,1024,4096,1024,2,3972,0.003787994384765625,0.0,0,False,no_overlap,low_mask_area,no_overlap__low_mask_area,train,0.0167140960693359,mask_area,0.0,0.001,False,18
14,P0000_0018.png,P0000.png,P0000,2048,4096,1024,1,3977,0.0037927627563476562,0.0,0,False,no_overlap,low_mask_area,no_overlap__low_mask_area,train,0.0167140960693359,mask_area,0.0,0.001,False,19
15,P0000_0019.png,P0000.png,P0000,2851,4096,1024,1,3977,0.0037927627563476562,0.0,0,False,no_overlap,low_mask_area,no_overlap__low_mask_area,train,0.0167140960693359,mask_area,0.0,0.001,False,20
16,P0000_0021.png,P0000.png,P0000,1024,4478,1024,1,3675,0.0035047531127929688,0.0,0,False,no_overlap,low_mask_area,no_overlap__low_mask_area,train,0.0167140960693359,mask_area,0.0,0.001,False,22
17,P0012_0000.png,P0012.png,P0012,0,0,1024,0,0,0.0,0.0,0,False,no_overlap,low_mask_area,negative,train,0.0167140960693359,mask_area,0.0,0.001,False,58
18,P0020_0010.png,P0020.png,P0020,0,2048,1024,0,0,0.0,0.0,0,False,no_overlap,low_mask_area,negative,train,0.0167140960693359,mask_area,0.0,0.001,False,78
19,P0021_0009.png,P0021.png,P0021,0,2210,1024,0,0,0.0,0.0,0,False,no_overlap,low_mask_area,negative,train,0.0167140960693359,mask_area,0.0,0.001,False,102
20,P0030_0003.png,P0030.png,P0030,0,1024,1024,0,0,0.0,0.0,0,False,no_overlap,low_mask_area,negative,train,0.0167140960693359,mask_area,0.0,0.001,False,145
21,P0032_0001.png,P0032.png,P0032,1024,0,1024,4,18751,0.017882347106933594,0.0,0,False,no_overlap,high_mask_area,no_overlap__high_mask_area,train,0.0167140960693359,mask_area,0.0,0.001,False,46
22,P0032_0002.png,P0032.png,P0032,1401,0,1024,5,21477,0.02048206329345703,0.0,0,False,no_overlap,high_mask_area,no_overlap__high_mask_area,train,0.0167140960693359,mask_area,0.0,0.001,False,47
23,P0032_0003.png,P0032.png,P0032,0,665,1024,5,25459,0.02427959442138672,0.0,0,False,no_overlap,high_mask_area,no_overlap__high_mask_area,train,0.0167140960693359,mask_area,0.0,0.001,False,48
24,P0032_0004.png,P0032.png,P0032,1024,665,1024,3,15038,0.014341354370117188,0.0,0,False,no_overlap,low_mask_area,no_overlap__low_mask_area,train,0.0167140960693359,mask_area,0.0,0.001,False,49
25,P0032_0005.png,P0032.png,P0032,1401,665,1024,2,7264,0.006927490234375,0.0,0,False,no_overlap,low_mask_area,no_overlap__low_mask_area,train,0.0167140960693359,mask_area,0.0,0.001,False,50
26,P0038_0000.png,P0038.png,P0038,0,0,1024,2,23136,0.022064208984375,0.0,0,False,no_overlap,high_mask_area,no_overlap__high_mask_area,train,0.0167140960693359,mask_area,0.0,0.001,False,51
27,P0038_0001.png,P0038.png,P0038,1024,0,1024,2,15808,0.01507568359375,0.0,0,False,no_overlap,low_mask_area,no_overlap__low_mask_area,train,0.0167140960693359,mask_area,0.0,0.001,False,52
28,P0038_0002.png,P0038.png,P0038,1531,0,1024,1,135,0.00012874603271484375,0.0,0,False,no_overlap,low_mask_area,no_overlap__low_mask_area,train,0.0167140960693359,mask_area,0.0,0.001,False,53
29,P0038_0004.png,P0038.png,P0038,1024,1024,1024,2,65638,0.06259727478027344,0.0,0,False,no_overlap,high_mask_area,no_overlap__high_mask_area,train,0.0167140960693359,mask_area,0.0,0.001,False,55
30,P0038_0005.png,P0038.png,P0038,1531,1024,1024,2,14428,0.013759613037109375,0.0,0,False,no_overlap,low_mask_area,no_overlap__low_mask_area,train,0.0167140960693359,mask_area,0.0,0.001,False,56
31,P0038_0006.png,P0038.png,P0038,0,2048,1024,1,7238,0.0069026947021484375,0.0,0,False,no_overlap,low_mask_area,no_overlap__low_mask_area,train,0.0167140960693359,mask_area,0.0,0.001,False,57
32,P0038_0007.png,P0038.png,P0038,1024,2048,1024,3,20435,0.01948833465576172,0.0,0,False,no_overlap,high_mask_area,no_overlap__high_mask_area,train,0.0167140960693359,mask_area,0.0,0.001,False,58
33,P0038_0008.png,P0038.png,P0038,1531,2048,1024,1,14767,0.014082908630371094,0.0,0,False,no_overlap,low_mask_area,no_overlap__low_mask_area,train,0.0167140960693359,mask_area,0.0,0.001,False,59
34,P0038_0009.png,P0038.png,P0038,0,3072,1024,2,46846,0.04467582702636719,0.0,0,False,no_overlap,high_mask_area,no_overlap__high_mask_area,train,0.0167140960693359,mask_area,0.0,0.001,False,60
35,P0038_0012.png,P0038.png,P0038,0,3288,1024,2,46846,0.04467582702636719,0.0,0,False,no_overlap,high_mask_area,no_overlap__high_mask_area,train,0.0167140960693359,mask_area,0.0,0.001,False,63
36,P0042_0000.png,P0042.png,P0042,0,0,1024,2,1324,0.001262664794921875,0.0,0,False,no_overlap,low_mask_area,no_overlap__low_mask_area,train,0.0167140960693359,mask_area,0.0,0.001,False,203
37,P0042_0001.png,P0042.png,P0042,876,0,1024,14,19411,0.01851177215576172,0.007888509071785432,5,True,overlap,high_mask_area,overlap__high_mask_area,train,0.0167140960693359,mask_area,0.0,0.001,False,204
38,P0042_0002.png,P0042.png,P0042,0,1024,1024,19,35004,0.033382415771484375,0.04327898414606657,6,True,overlap,high_mask_area,overlap__high_mask_area,train,0.0167140960693359,mask_area,0.0,0.001,False,205
39,P0042_0003.png,P0042.png,P0042,876,1024,1024,11,18314,0.017465591430664062,0.005067567567567568,1,True,overlap,high_mask_area,overlap__high_mask_area,train,0.0167140960693359,mask_area,0.0,0.001,False,206
40,P0042_0004.png,P0042.png,P0042,0,1201,1024,18,30834,0.029405593872070312,0.04327898414606657,6,True,overlap,high_mask_area,overlap__high_mask_area,train,0.0167140960693359,mask_area,0.0,0.001,False,207
41,P0042_0005.png,P0042.png,P0042,876,1201,1024,9,13836,0.013195037841796875,0.005067567567567568,1,True,overlap,low_mask_area,overlap__low_mask_area,train,0.0167140960693359,mask_area,0.0,0.001,False,208
42,P0049_0001.png,P0049.png,P0049,604,0,1024,0,0,0.0,0.0,0,False,no_overlap,low_mask_area,negative,train,0.0167140960693359,mask_area,0.0,0.001,False,210
43,P0070_0002.png,P0070.png,P0070,0,208,1024,0,0,0.0,0.0,0,False,no_overlap,low_mask_area,negative,train,0.0167140960693359,mask_area,0.0,0.001,False,287
44,P0082_0016.png,P0082.png,P0082,4096,2048,1024,0,0,0.0,0.0,0,False,no_overlap,low_mask_area,negative,train,0.0167140960693359,mask_area,0.0,0.001,False,99
45,P0083_0009.png,P0083.png,P0083,3072,1024,1024,0,0,0.0,0.0,0,False,no_overlap,low_mask_area,negative,train,0.0167140960693359,mask_area,0.0,0.001,False,122
46,P0085_0008.png,P0085.png,P0085,1591,1482,1024,0,0,0.0,0.0,0,False,no_overlap,low_mask_area,negative,train,0.0167140960693359,mask_area,0.0,0.001,False,297
47,P0099_0002.png,P0099.png,P0099,0,460,1024,0,0,0.0,0.0,0,False,no_overlap,low_mask_area,negative,train,0.0167140960693359,mask_area,0.0,0.001,False,334
48,P0113_0001.png,P0113.png,P0113,1024,0,1024,1,858,0.0008182525634765625,0.0,0,False,no_overlap,low_mask_area,no_overlap__low_mask_area,train,0.0167140960693359,mask_area,0.0,0.001,False,345
49,P0113_0003.png,P0113.png,P0113,2794,0,1024,4,3416,0.00325775146484375,0.0,0,False,no_overlap,low_mask_area,no_overlap__low_mask_area,train,0.0167140960693359,mask_area,0.0,0.001,False,347
50,P0113_0004.png,P0113.png,P0113,0,1024,1024,6,6245,0.005955696105957031,0.0,0,False,no_overlap,low_mask_area,no_overlap__low_mask_area,train,0.0167140960693359,mask_area,0.0,0.001,False,348
51,P0113_0005.png,P0113.png,P0113,1024,1024,1024,14,17065,0.016274452209472656,0.0,0,False,no_overlap,low_mask_area,no_overlap__low_mask_area,train,0.0167140960693359,mask_area,0.0,0.001,False,349
52,P0113_0006.png,P0113.png,P0113,2048,1024,1024,30,29493,0.02812671661376953,0.005758157389635317,1,True,overlap,high_mask_area,overlap__high_mask_area,train,0.0167140960693359,mask_area,0.0,0.001,False,350
53,P0113_0007.png,P0113.png,P0113,2794,1024,1024,22,15395,0.014681816101074219,0.005758157389635317,1,True,overlap,low_mask_area,overlap__low_mask_area,train,0.0167140960693359,mask_area,0.0,0.001,False,351
54,P0113_0008.png,P0113.png,P0113,0,2048,1024,3,1732,0.001651763916015625,0.0,0,False,no_overlap,low_mask_area,no_overlap__low_mask_area,train,0.0167140960693359,mask_area,0.0,0.001,False,352
55,P0113_0009.png,P0113.png,P0113,1024,2048,1024,5,1822,0.0017375946044921875,0.0,0,False,no_overlap,low_mask_area,no_overlap__low_mask_area,train,0.0167140960693359,mask_area,0.0,0.001,False,353
56,P0113_0010.png,P0113.png,P0113,2048,2048,1024,15,7908,0.007541656494140625,0.0013693940431359123,1,True,overlap,low_mask_area,overlap__low_mask_area,train,0.0167140960693359,mask_area,0.0,0.001,False,354
57,P0113_0011.png,P0113.png,P0113,2794,2048,1024,2,1731,0.0016508102416992188,0.0,0,False,no_overlap,low_mask_area,no_overlap__low_mask_area,train,0.0167140960693359,mask_area,0.0,0.001,False,355
58,P0113_0012.png,P0113.png,P0113,0,3072,1024,3,3155,0.0030088424682617188,0.0,0,False,no_overlap,low_mask_area,no_overlap__low_mask_area,train,0.0167140960693359,mask_area,0.0,0.001,False,356
59,P0113_0013.png,P0113.png,P0113,1024,3072,1024,3,1769,0.0016870498657226562,0.0,0,False,no_overlap,low_mask_area,no_overlap__low_mask_area,train,0.0167140960693359,mask_area,0.0,0.001,False,357
60,P0113_0014.png,P0113.png,P0113,2048,3072,1024,4,4683,0.004466056823730469,0.0,0,False,no_overlap,low_mask_area,no_overlap__low_mask_area,train,0.0167140960693359,mask_area,0.0,0.001,False,358
61,P0113_0016.png,P0113.png,P0113,0,3116,1024,3,3155,0.0030088424682617188,0.0,0,False,no_overlap,low_mask_area,no_overlap__low_mask_area,train,0.0167140960693359,mask_area,0.0,0.001,False,360
62,P0113_0017.png,P0113.png,P0113,1024,3116,1024,2,942,0.0008983612060546875,0.0,0,False,no_overlap,low_mask_area,no_overlap__low_mask_area,train,0.0167140960693359,mask_area,0.0,0.001,False,361
63,P0113_0018.png,P0113.png,P0113,2048,3116,1024,4,4371,0.004168510437011719,0.0,0,False,no_overlap,low_mask_area,no_overlap__low_mask_area,train,0.0167140960693359,mask_area,0.0,0.001,False,362
64,P0141_0003.png,P0141.png,P0141,3072,0,1024,0,0,0.0,0.0,0,False,no_overlap,low_mask_area,negative,train,0.0167140960693359,mask_area,0.0,0.001,False,163
65,P0141_0004.png,P0141.png,P0141,3303,0,1024,0,0,0.0,0.0,0,False,no_overlap,low_mask_area,negative,train,0.0167140960693359,mask_area,0.0,0.001,False,164
66,P0158_0006.png,P0158.png,P0158,2048,1024,1024,0,0,0.0,0.0,0,False,no_overlap,low_mask_area,negative,train,0.0167140960693359,mask_area,0.0,0.001,False,397
67,P0160_0000.png,P0160.png,P0160,0,0,1024,1,584,0.00055694580078125,0.0,0,False,no_overlap,low_mask_area,no_overlap__low_mask_area,train,0.0167140960693359,mask_area,0.0,0.001,False,403
68,P0160_0001.png,P0160.png,P0160,1024,0,1024,4,11927,0.011374473571777344,0.0,0,False,no_overlap,low_mask_area,no_overlap__low_mask_area,train,0.0167140960693359,mask_area,0.0,0.001,False,404
69,P0160_0002.png,P0160.png,P0160,2048,0,1024,3,5741,0.005475044250488281,0.0,0,False,no_overlap,low_mask_area,no_overlap__low_mask_area,train,0.0167140960693359,mask_area,0.0,0.001,False,405
70,P0160_0003.png,P0160.png,P0160,2360,0,1024,3,5741,0.005475044250488281,0.0,0,False,no_overlap,low_mask_area,no_overlap__low_mask_area,train,0.0167140960693359,mask_area,0.0,0.001,False,406
71,P0160_0005.png,P0160.png,P0160,1024,1024,1024,9,20836,0.019870758056640625,0.00043795620437956203,1,True,ambiguous_overlap,high_mask_area,negative,train,0.0167140960693359,mask_area,0.0,0.001,False,408
72,P0160_0006.png,P0160.png,P0160,2048,1024,1024,5,5800,0.00553131103515625,0.0,0,False,no_overlap,low_mask_area,no_overlap__low_mask_area,train,0.0167140960693359,mask_area,0.0,0.001,False,409
73,P0160_0007.png,P0160.png,P0160,2360,1024,1024,5,5800,0.00553131103515625,0.0,0,False,no_overlap,low_mask_area,no_overlap__low_mask_area,train,0.0167140960693359,mask_area,0.0,0.001,False,410
74,P0160_0008.png,P0160.png,P0160,0,1791,1024,0,0,0.0,0.0,0,False,no_overlap,low_mask_area,negative,train,0.0167140960693359,mask_area,0.0,0.001,False,411
75,P0160_0009.png,P0160.png,P0160,1024,1791,1024,1,1313,0.0012521743774414062,0.0,0,False,no_overlap,low_mask_area,no_overlap__low_mask_area,train,0.0167140960693359,mask_area,0.0,0.001,False,412
76,P0160_0010.png,P0160.png,P0160,2048,1791,1024,3,2065,0.0019693374633789062,0.0,0,False,no_overlap,low_mask_area,no_overlap__low_mask_area,train,0.0167140960693359,mask_area,0.0,0.001,False,413
77,P0160_0011.png,P0160.png,P0160,2360,1791,1024,1,514,0.0004901885986328125,0.0,0,False,no_overlap,low_mask_area,no_overlap__low_mask_area,train,0.0167140960693359,mask_area,0.0,0.001,False,414
78,P0161_0000.png,P0161.png,P0161,0,0,1024,1,1137,0.0010843276977539062,0.0,0,False,no_overlap,low_mask_area,no_overlap__low_mask_area,train,0.0167140960693359,mask_area,0.0,0.001,False,94
79,P0161_0001.png,P0161.png,P0161,1024,0,1024,7,6056,0.00577545166015625,0.0,0,False,no_overlap,low_mask_area,no_overlap__low_mask_area,train,0.0167140960693359,mask_area,0.0,0.001,False,95
80,P0161_0002.png,P0161.png,P0161,1580,0,1024,5,5564,0.005306243896484375,0.0,0,False,no_overlap,low_mask_area,no_overlap__low_mask_area,train,0.0167140960693359,mask_area,0.0,0.001,False,96
81,P0161_0004.png,P0161.png,P0161,1024,1024,1024,7,7043,0.006716728210449219,0.0,0,False,no_overlap,low_mask_area,no_overlap__low_mask_area,train,0.0167140960693359,mask_area,0.0,0.001,False,98
82,P0161_0005.png,P0161.png,P0161,1580,1024,1024,1,1976,0.00188446044921875,0.0,0,False,no_overlap,low_mask_area,no_overlap__low_mask_area,train,0.0167140960693359,mask_area,0.0,0.001,False,99
83,P0161_0007.png,P0161.png,P0161,1024,1690,1024,3,9072,0.0086517333984375,0.0,0,False,no_overlap,low_mask_area,no_overlap__low_mask_area,train,0.0167140960693359,mask_area,0.0,0.001,False,101
84,P0162_0000.png,P0162.png,P0162,0,0,1024,16,994,0.0009479522705078125,0.0,0,False,no_overlap,low_mask_area,no_overlap__low_mask_area,train,0.0167140960693359,mask_area,0.0,0.001,False,415
85,P0162_0001.png,P0162.png,P0162,140,0,1024,16,994,0.0009479522705078125,0.0,0,False,no_overlap,low_mask_area,no_overlap__low_mask_area,train,0.0167140960693359,mask_area,0.0,0.001,False,416
86,P0162_0002.png,P0162.png,P0162,0,439,1024,16,994,0.0009479522705078125,0.0,0,False,no_overlap,low_mask_area,no_overlap__low_mask_area,train,0.0167140960693359,mask_area,0.0,0.001,False,417
87,P0162_0003.png,P0162.png,P0162,140,439,1024,16,994,0.0009479522705078125,0.0,0,False,no_overlap,low_mask_area,no_overlap__low_mask_area,train,0.0167140960693359,mask_area,0.0,0.001,False,418
88,P0167_0000.png,P0167.png,P0167,0,0,1024,2,6145,0.005860328674316406,0.0,0,False,no_overlap,low_mask_area,no_overlap__low_mask_area,train,0.0167140960693359,mask_area,0.0,0.001,False,170
89,P0167_0001.png,P0167.png,P0167,1024,0,1024,5,12381,0.011807441711425781,0.0,0,False,no_overlap,low_mask_area,no_overlap__low_mask_area,train,0.0167140960693359,mask_area,0.0,0.001,False,171
90,P0167_0002.png,P0167.png,P0167,2048,0,1024,4,2463,0.0023488998413085938,0.0,0,False,no_overlap,low_mask_area,no_overlap__low_mask_area,train,0.0167140960693359,mask_area,0.0,0.001,False,172
91,P0167_0005.png,P0167.png,P0167,1024,1024,1024,5,8855,0.008444786071777344,0.0,0,False,no_overlap,low_mask_area,no_overlap__low_mask_area,train,0.0167140960693359,mask_area,0.0,0.001,False,175
92,P0167_0006.png,P0167.png,P0167,2048,1024,1024,9,5323,0.005076408386230469,0.0,0,False,no_overlap,low_mask_area,no_overlap__low_mask_area,train,0.0167140960693359,mask_area,0.0,0.001,False,176
93,P0167_0008.png,P0167.png,P0167,0,2048,1024,5,9024,0.00860595703125,0.0,0,False,no_overlap,low_mask_area,no_overlap__low_mask_area,train,0.0167140960693359,mask_area,0.0,0.001,False,178
94,P0167_0009.png,P0167.png,P0167,1024,2048,1024,13,16818,0.016038894653320312,0.0,0,False,no_overlap,low_mask_area,no_overlap__low_mask_area,train,0.0167140960693359,mask_area,0.0,0.001,False,179
95,P0167_0010.png,P0167.png,P0167,2048,2048,1024,6,5296,0.0050506591796875,0.0,0,False,no_overlap,low_mask_area,no_overlap__low_mask_area,train,0.0167140960693359,mask_area,0.0,0.001,False,180
96,P0167_0012.png,P0167.png,P0167,0,2560,1024,1,312,0.00029754638671875,0.0,0,False,no_overlap,low_mask_area,no_overlap__low_mask_area,train,0.0167140960693359,mask_area,0.0,0.001,False,182
97,P0167_0013.png,P0167.png,P0167,1024,2560,1024,9,8612,0.008213043212890625,0.0,0,False,no_overlap,low_mask_area,no_overlap__low_mask_area,train,0.0167140960693359,mask_area,0.0,0.001,False,183
98,P0167_0014.png,P0167.png,P0167,2048,2560,1024,7,5973,0.005696296691894531,0.0,0,False,no_overlap,low_mask_area,no_overlap__low_mask_area,train,0.0167140960693359,mask_area,0.0,0.001,False,184
99,P0167_0015.png,P0167.png,P0167,3072,2560,1024,3,1289,0.0012292861938476562,0.0,0,False,no_overlap,low_mask_area,no_overlap__low_mask_area,train,0.0167140960693359,mask_area,0.0,0.001,False,185
100,P0171_0000.png,P0171.png,P0171,0,0,1024,9,26327,0.025107383728027344,0.07551207581779272,2,True,overlap,high_mask_area,overlap__high_mask_area,train,0.0167140960693359,mask_area,0.0,0.001,False,423
101,P0171_0001.png,P0171.png,P0171,1024,0,1024,7,10785,0.010285377502441406,0.0,0,False,no_overlap,low_mask_area,no_overlap__low_mask_area,train,0.0167140960693359,mask_area,0.0,0.001,False,424
102,P0171_0002.png,P0171.png,P0171,1697,0,1024,3,2235,0.0021314620971679688,0.0,0,False,no_overlap,low_mask_area,no_overlap__low_mask_area,train,0.0167140960693359,mask_area,0.0,0.001,False,425
103,P0171_0003.png,P0171.png,P0171,0,326,1024,9,27723,0.02643871307373047,0.07551207581779272,2,True,overlap,high_mask_area,overlap__high_mask_area,train,0.0167140960693359,mask_area,0.0,0.001,False,426
104,P0171_0004.png,P0171.png,P0171,1024,326,1024,7,13005,0.012402534484863281,0.0,0,False,no_overlap,low_mask_area,no_overlap__low_mask_area,train,0.0167140960693359,mask_area,0.0,0.001,False,427
105,P0171_0005.png,P0171.png,P0171,1697,326,1024,3,14389,0.013722419738769531,0.0,0,False,no_overlap,low_mask_area,no_overlap__low_mask_area,train,0.0167140960693359,mask_area,0.0,0.001,False,428
106,P0174_0000.png,P0174.png,P0174,0,0,1024,15,28069,0.02676868438720703,0.08057966398598615,4,True,overlap,high_mask_area,overlap__high_mask_area,train,0.0167140960693359,mask_area,0.0,0.001,False,429
107,P0174_0001.png,P0174.png,P0174,924,0,1024,5,8326,0.007940292358398438,0.0,0,False,no_overlap,low_mask_area,no_overlap__low_mask_area,train,0.0167140960693359,mask_area,0.0,0.001,False,430
108,P0174_0002.png,P0174.png,P0174,0,324,1024,14,22152,0.02112579345703125,0.08057966398598615,4,True,overlap,high_mask_area,overlap__high_mask_area,train,0.0167140960693359,mask_area,0.0,0.001,False,431
109,P0174_0003.png,P0174.png,P0174,924,324,1024,5,8326,0.007940292358398438,0.0,0,False,no_overlap,low_mask_area,no_overlap__low_mask_area,train,0.0167140960693359,mask_area,0.0,0.001,False,432
110,P0178_0000.png,P0178.png,P0178,0,0,1024,4,30879,0.029448509216308594,0.01627040648624959,2,True,overlap,high_mask_area,overlap__high_mask_area,train,0.0167140960693359,mask_area,0.0,0.001,False,433
111,P0178_0001.png,P0178.png,P0178,881,0,1024,1,2683,0.0025587081909179688,0.0,0,False,no_overlap,low_mask_area,no_overlap__low_mask_area,train,0.0167140960693359,mask_area,0.0,0.001,False,434
112,P0178_0002.png,P0178.png,P0178,0,843,1024,2,6999,0.006674766540527344,0.0,0,False,no_overlap,low_mask_area,no_overlap__low_mask_area,train,0.0167140960693359,mask_area,0.0,0.001,False,435
113,P0178_0003.png,P0178.png,P0178,881,843,1024,5,25979,0.02477550506591797,0.007996873402880076,1,True,overlap,high_mask_area,overlap__high_mask_area,train,0.0167140960693359,mask_area,0.0,0.001,False,436
114,P0179_0000.png,P0179.png,P0179,0,0,1024,6,15079,0.014380455017089844,0.011243851018973999,2,True,overlap,low_mask_area,overlap__low_mask_area,train,0.0167140960693359,mask_area,0.0,0.001,False,113
115,P0179_0001.png,P0179.png,P0179,1024,0,1024,1,1518,0.0014476776123046875,0.0,0,False,no_overlap,low_mask_area,no_overlap__low_mask_area,train,0.0167140960693359,mask_area,0.0,0.001,False,114
116,P0179_0005.png,P0179.png,P0179,0,1024,1024,13,18986,0.018106460571289062,0.0,0,False,no_overlap,high_mask_area,no_overlap__high_mask_area,train,0.0167140960693359,mask_area,0.0,0.001,False,118
117,P0179_0006.png,P0179.png,P0179,1024,1024,1024,19,28648,0.02732086181640625,0.0,0,False,no_overlap,high_mask_area,no_overlap__high_mask_area,train,0.0167140960693359,mask_area,0.0,0.001,False,119
118,P0179_0007.png,P0179.png,P0179,2048,1024,1024,3,4611,0.004397392272949219,0.0,0,False,no_overlap,low_mask_area,no_overlap__low_mask_area,train,0.0167140960693359,mask_area,0.0,0.001,False,120
119,P0179_0011.png,P0179.png,P0179,1024,2048,1024,6,5908,0.005634307861328125,0.0,0,False,no_overlap,low_mask_area,no_overlap__low_mask_area,train,0.0167140960693359,mask_area,0.0,0.001,False,124
120,P0179_0012.png,P0179.png,P0179,2048,2048,1024,6,10518,0.010030746459960938,0.0,0,False,no_overlap,low_mask_area,no_overlap__low_mask_area,train,0.0167140960693359,mask_area,0.0,0.001,False,125
121,P0179_0013.png,P0179.png,P0179,3072,2048,1024,16,23152,0.0220794677734375,0.006220839813374806,1,True,overlap,high_mask_area,overlap__high_mask_area,train,0.0167140960693359,mask_area,0.0,0.001,False,126
122,P0179_0014.png,P0179.png,P0179,3750,2048,1024,3,4022,0.0038356781005859375,0.0,0,False,no_overlap,low_mask_area,no_overlap__low_mask_area,train,0.0167140960693359,mask_area,0.0,0.001,False,127
123,P0179_0018.png,P0179.png,P0179,3072,3072,1024,10,15949,0.015210151672363281,0.013984509466437178,2,True,overlap,low_mask_area,overlap__low_mask_area,train,0.0167140960693359,mask_area,0.0,0.001,False,131
124,P0179_0019.png,P0179.png,P0179,3750,3072,1024,13,28171,0.02686595916748047,0.013984509466437178,2,True,overlap,high_mask_area,overlap__high_mask_area,train,0.0167140960693359,mask_area,0.0,0.001,False,132
125,P0179_0023.png,P0179.png,P0179,3072,3518,1024,6,11003,0.010493278503417969,0.0,0,False,no_overlap,low_mask_area,no_overlap__low_mask_area,train,0.0167140960693359,mask_area,0.0,0.001,False,136
126,P0179_0024.png,P0179.png,P0179,3750,3518,1024,10,22319,0.021285057067871094,0.0,0,False,no_overlap,high_mask_area,no_overlap__high_mask_area,train,0.0167140960693359,mask_area,0.0,0.001,False,137
127,P0183_0000.png,P0183.png,P0183,0,0,1024,10,15654,0.014928817749023438,0.0,0,False,no_overlap,low_mask_area,no_overlap__low_mask_area,train,0.0167140960693359,mask_area,0.0,0.001,False,437
128,P0183_0001.png,P0183.png,P0183,1024,0,1024,37,48975,0.046706199645996094,0.0,0,False,no_overlap,high_mask_area,no_overlap__high_mask_area,train,0.0167140960693359,mask_area,0.0,0.001,False,438
129,P0183_0002.png,P0183.png,P0183,2048,0,1024,28,40312,0.03844451904296875,0.0,0,False,no_overlap,high_mask_area,no_overlap__high_mask_area,train,0.0167140960693359,mask_area,0.0,0.001,False,439
130,P0183_0003.png,P0183.png,P0183,3072,0,1024,21,28455,0.027136802673339844,0.009190120620333142,1,True,overlap,high_mask_area,overlap__high_mask_area,train,0.0167140960693359,mask_area,0.0,0.001,False,440
131,P0183_0004.png,P0183.png,P0183,4096,0,1024,8,12976,0.0123748779296875,0.0017671517671517672,1,True,overlap,low_mask_area,overlap__low_mask_area,train,0.0167140960693359,mask_area,0.0,0.001,False,441
132,P0183_0005.png,P0183.png,P0183,5120,0,1024,10,23289,0.022210121154785156,0.002937127122533272,1,True,overlap,high_mask_area,overlap__high_mask_area,train,0.0167140960693359,mask_area,0.0,0.001,False,442
133,P0183_0006.png,P0183.png,P0183,5287,0,1024,9,23425,0.022339820861816406,0.06077414687085494,1,True,overlap,high_mask_area,overlap__high_mask_area,train,0.0167140960693359,mask_area,0.0,0.001,False,443
134,P0183_0007.png,P0183.png,P0183,0,847,1024,17,24528,0.0233917236328125,0.0,0,False,no_overlap,high_mask_area,no_overlap__high_mask_area,train,0.0167140960693359,mask_area,0.0,0.001,False,444
135,P0183_0008.png,P0183.png,P0183,1024,847,1024,24,32811,0.03129100799560547,0.0,0,False,no_overlap,high_mask_area,no_overlap__high_mask_area,train,0.0167140960693359,mask_area,0.0,0.001,False,445
136,P0183_0009.png,P0183.png,P0183,2048,847,1024,10,16375,0.015616416931152344,0.0,0,False,no_overlap,low_mask_area,no_overlap__low_mask_area,train,0.0167140960693359,mask_area,0.0,0.001,False,446
137,P0183_0010.png,P0183.png,P0183,3072,847,1024,3,1705,0.0016260147094726562,0.0,0,False,no_overlap,low_mask_area,no_overlap__low_mask_area,train,0.0167140960693359,mask_area,0.0,0.001,False,447
138,P0183_0011.png,P0183.png,P0183,4096,847,1024,1,897,0.0008554458618164062,0.0,0,False,no_overlap,low_mask_area,no_overlap__low_mask_area,train,0.0167140960693359,mask_area,0.0,0.001,False,448
139,P0183_0012.png,P0183.png,P0183,5120,847,1024,3,7177,0.006844520568847656,0.0,0,False,no_overlap,low_mask_area,no_overlap__low_mask_area,train,0.0167140960693359,mask_area,0.0,0.001,False,449
140,P0183_0013.png,P0183.png,P0183,5287,847,1024,3,7177,0.006844520568847656,0.0,0,False,no_overlap,low_mask_area,no_overlap__low_mask_area,train,0.0167140960693359,mask_area,0.0,0.001,False,450
141,P0187_0000.png,P0187.png,P0187,0,0,1024,10,23868,0.022762298583984375,0.0,0,False,no_overlap,high_mask_area,no_overlap__high_mask_area,train,0.0167140960693359,mask_area,0.0,0.001,False,451
142,P0187_0001.png,P0187.png,P0187,1024,0,1024,11,37992,0.03623199462890625,0.0,0,False,no_overlap,high_mask_area,no_overlap__high_mask_area,train,0.0167140960693359,mask_area,0.0,0.001,False,452
143,P0187_0002.png,P0187.png,P0187,1456,0,1024,11,34770,0.03315925598144531,0.0,0,False,no_overlap,high_mask_area,no_overlap__high_mask_area,train,0.0167140960693359,mask_area,0.0,0.001,False,453
144,P0187_0003.png,P0187.png,P0187,0,315,1024,9,18466,0.017610549926757812,0.0,0,False,no_overlap,high_mask_area,no_overlap__high_mask_area,train,0.0167140960693359,mask_area,0.0,0.001,False,454
145,P0187_0004.png,P0187.png,P0187,1024,315,1024,10,37241,0.035515785217285156,0.0,0,False,no_overlap,high_mask_area,no_overlap__high_mask_area,train,0.0167140960693359,mask_area,0.0,0.001,False,455
146,P0187_0005.png,P0187.png,P0187,1456,315,1024,10,37942,0.03618431091308594,0.0,0,False,no_overlap,high_mask_area,no_overlap__high_mask_area,train,0.0167140960693359,mask_area,0.0,0.001,False,456
147,P0188_0000.png,P0188.png,P0188,0,0,1024,2,4596,0.004383087158203125,0.0,0,False,no_overlap,low_mask_area,no_overlap__low_mask_area,train,0.0167140960693359,mask_area,0.0,0.001,False,457
148,P0188_0001.png,P0188.png,P0188,881,0,1024,4,15643,0.014918327331542969,0.0,0,False,no_overlap,low_mask_area,no_overlap__low_mask_area,train,0.0167140960693359,mask_area,0.0,0.001,False,458
149,P0188_0003.png,P0188.png,P0188,881,1024,1024,3,11957,0.011403083801269531,0.0,0,False,no_overlap,low_mask_area,no_overlap__low_mask_area,train,0.0167140960693359,mask_area,0.0,0.001,False,460
150,P0188_0005.png,P0188.png,P0188,881,1088,1024,3,11898,0.011346817016601562,0.0,0,False,no_overlap,low_mask_area,no_overlap__low_mask_area,train,0.0167140960693359,mask_area,0.0,0.001,False,462
151,P0190_0000.png,P0190.png,P0190,0,0,1024,13,27822,0.026533126831054688,0.12836905194333453,5,True,overlap,high_mask_area,overlap__high_mask_area,train,0.0167140960693359,mask_area,0.0,0.001,False,463
152,P0190_0001.png,P0190.png,P0190,1024,0,1024,10,10137,0.009667396545410156,0.0,0,False,no_overlap,low_mask_area,no_overlap__low_mask_area,train,0.0167140960693359,mask_area,0.0,0.001,False,464
153,P0190_0002.png,P0190.png,P0190,1994,0,1024,5,9634,0.009187698364257812,0.0,0,False,no_overlap,low_mask_area,no_overlap__low_mask_area,train,0.0167140960693359,mask_area,0.0,0.001,False,465
154,P0190_0003.png,P0190.png,P0190,0,41,1024,13,27822,0.026533126831054688,0.12836905194333453,5,True,overlap,high_mask_area,overlap__high_mask_area,train,0.0167140960693359,mask_area,0.0,0.001,False,466
155,P0190_0004.png,P0190.png,P0190,1024,41,1024,10,10137,0.009667396545410156,0.0,0,False,no_overlap,low_mask_area,no_overlap__low_mask_area,train,0.0167140960693359,mask_area,0.0,0.001,False,467
156,P0190_0005.png,P0190.png,P0190,1994,41,1024,5,9634,0.009187698364257812,0.0,0,False,no_overlap,low_mask_area,no_overlap__low_mask_area,train,0.0167140960693359,mask_area,0.0,0.001,False,468
157,P0202_0001.png,P0202.png,P0202,145,0,1024,0,0,0.0,0.0,0,False,no_overlap,low_mask_area,negative,train,0.0167140960693359,mask_area,0.0,0.001,False,474
158,P0210_0000.png,P0210.png,P0210,0,0,1024,2,3866,0.0036869049072265625,0.0,0,False,no_overlap,low_mask_area,no_overlap__low_mask_area,train,0.0167140960693359,mask_area,0.0,0.001,False,485
159,P0210_0001.png,P0210.png,P0210,1024,0,1024,13,23279,0.022200584411621094,0.0,0,False,no_overlap,high_mask_area,no_overlap__high_mask_area,train,0.0167140960693359,mask_area,0.0,0.001,False,486
160,P0210_0002.png,P0210.png,P0210,1450,0,1024,10,15780,0.015048980712890625,0.0,0,False,no_overlap,low_mask_area,no_overlap__low_mask_area,train,0.0167140960693359,mask_area,0.0,0.001,False,487
161,P0210_0003.png,P0210.png,P0210,0,51,1024,2,3866,0.0036869049072265625,0.0,0,False,no_overlap,low_mask_area,no_overlap__low_mask_area,train,0.0167140960693359,mask_area,0.0,0.001,False,488
162,P0210_0004.png,P0210.png,P0210,1024,51,1024,13,23279,0.022200584411621094,0.0,0,False,no_overlap,high_mask_area,no_overlap__high_mask_area,train,0.0167140960693359,mask_area,0.0,0.001,False,489
163,P0210_0005.png,P0210.png,P0210,1450,51,1024,10,15780,0.015048980712890625,0.0,0,False,no_overlap,low_mask_area,no_overlap__low_mask_area,train,0.0167140960693359,mask_area,0.0,0.001,False,490
164,P0213_0000.png,P0213.png,P0213,0,0,1024,23,9955,0.009493827819824219,0.0,0,False,no_overlap,low_mask_area,no_overlap__low_mask_area,train,0.0167140960693359,mask_area,0.0,0.001,False,150
165,P0213_0001.png,P0213.png,P0213,858,0,1024,10,4368,0.0041656494140625,0.0,0,False,no_overlap,low_mask_area,no_overlap__low_mask_area,train,0.0167140960693359,mask_area,0.0,0.001,False,151
166,P0213_0002.png,P0213.png,P0213,0,588,1024,15,6400,0.006103515625,0.0,0,False,no_overlap,low_mask_area,no_overlap__low_mask_area,train,0.0167140960693359,mask_area,0.0,0.001,False,152
167,P0213_0003.png,P0213.png,P0213,858,588,1024,26,12657,0.012070655822753906,0.0,0,False,no_overlap,low_mask_area,no_overlap__low_mask_area,train,0.0167140960693359,mask_area,0.0,0.001,False,153
168,P0215_0000.png,P0215.png,P0215,0,0,1024,7,16977,0.016190528869628906,0.0,0,False,no_overlap,low_mask_area,no_overlap__low_mask_area,train,0.0167140960693359,mask_area,0.0,0.001,False,491
169,P0215_0001.png,P0215.png,P0215,1024,0,1024,7,21011,0.02003765106201172,0.003849538055433348,1,True,overlap,high_mask_area,overlap__high_mask_area,train,0.0167140960693359,mask_area,0.0,0.001,False,492
170,P0215_0002.png,P0215.png,P0215,2048,0,1024,7,48582,0.04633140563964844,0.0,0,False,no_overlap,high_mask_area,no_overlap__high_mask_area,train,0.0167140960693359,mask_area,0.0,0.001,False,493
171,P0215_0003.png,P0215.png,P0215,2179,0,1024,7,48582,0.04633140563964844,0.0,0,False,no_overlap,high_mask_area,no_overlap__high_mask_area,train,0.0167140960693359,mask_area,0.0,0.001,False,494
172,P0215_0004.png,P0215.png,P0215,0,346,1024,4,9402,0.008966445922851562,0.0,0,False,no_overlap,low_mask_area,no_overlap__low_mask_area,train,0.0167140960693359,mask_area,0.0,0.001,False,495
173,P0215_0005.png,P0215.png,P0215,1024,346,1024,7,23374,0.022291183471679688,0.0,0,False,no_overlap,high_mask_area,no_overlap__high_mask_area,train,0.0167140960693359,mask_area,0.0,0.001,False,496
174,P0215_0006.png,P0215.png,P0215,2048,346,1024,8,54021,0.05151844024658203,0.0,0,False,no_overlap,high_mask_area,no_overlap__high_mask_area,train,0.0167140960693359,mask_area,0.0,0.001,False,497
175,P0215_0007.png,P0215.png,P0215,2179,346,1024,8,54021,0.05151844024658203,0.0,0,False,no_overlap,high_mask_area,no_overlap__high_mask_area,train,0.0167140960693359,mask_area,0.0,0.001,False,498
176,P0217_0000.png,P0217.png,P0217,0,0,1024,23,80588,0.07685470581054688,0.09743123118919297,15,True,overlap,high_mask_area,overlap__high_mask_area,train,0.0167140960693359,mask_area,0.0,0.001,False,154
177,P0217_0001.png,P0217.png,P0217,541,0,1024,21,81407,0.0776357650756836,0.09365609348914858,15,True,overlap,high_mask_area,overlap__high_mask_area,train,0.0167140960693359,mask_area,0.0,0.001,False,155
178,P0217_0002.png,P0217.png,P0217,0,401,1024,20,58087,0.055396080017089844,0.11046025104602511,14,True,overlap,high_mask_area,overlap__high_mask_area,train,0.0167140960693359,mask_area,0.0,0.001,False,156
179,P0217_0003.png,P0217.png,P0217,541,401,1024,19,75893,0.07237720489501953,0.11046025104602511,15,True,overlap,high_mask_area,overlap__high_mask_area,train,0.0167140960693359,mask_area,0.0,0.001,False,157
180,P0219_0000.png,P0219.png,P0219,0,0,1024,11,27156,0.025897979736328125,0.0,0,False,no_overlap,high_mask_area,no_overlap__high_mask_area,train,0.0167140960693359,mask_area,0.0,0.001,False,511
181,P0219_0001.png,P0219.png,P0219,1024,0,1024,19,32012,0.030529022216796875,0.05011506008693429,4,True,overlap,high_mask_area,overlap__high_mask_area,train,0.0167140960693359,mask_area,0.0,0.001,False,512
182,P0219_0002.png,P0219.png,P0219,1633,0,1024,17,33353,0.031807899475097656,0.043157705448660315,6,True,overlap,high_mask_area,overlap__high_mask_area,train,0.0167140960693359,mask_area,0.0,0.001,False,513
183,P0219_0003.png,P0219.png,P0219,0,140,1024,11,27156,0.025897979736328125,0.0,0,False,no_overlap,high_mask_area,no_overlap__high_mask_area,train,0.0167140960693359,mask_area,0.0,0.001,False,514
184,P0219_0004.png,P0219.png,P0219,1024,140,1024,19,32012,0.030529022216796875,0.05011506008693429,4,True,overlap,high_mask_area,overlap__high_mask_area,train,0.0167140960693359,mask_area,0.0,0.001,False,515
185,P0219_0005.png,P0219.png,P0219,1633,140,1024,17,33353,0.031807899475097656,0.043157705448660315,6,True,overlap,high_mask_area,overlap__high_mask_area,train,0.0167140960693359,mask_area,0.0,0.001,False,516
186,P0221_0000.png,P0221.png,P0221,0,0,1024,36,13660,0.013027191162109375,0.09453781512605042,2,True,overlap,low_mask_area,overlap__low_mask_area,train,0.0167140960693359,mask_area,0.0,0.001,False,521
187,P0221_0001.png,P0221.png,P0221,380,0,1024,42,16539,0.01577281951904297,0.0,0,False,no_overlap,low_mask_area,no_overlap__low_mask_area,train,0.0167140960693359,mask_area,0.0,0.001,False,522
188,P0221_0002.png,P0221.png,P0221,0,1024,1024,47,19264,0.01837158203125,0.0,0,False,no_overlap,high_mask_area,no_overlap__high_mask_area,train,0.0167140960693359,mask_area,0.0,0.001,False,523
189,P0221_0003.png,P0221.png,P0221,380,1024,1024,59,23878,0.022771835327148438,0.0,0,False,no_overlap,high_mask_area,no_overlap__high_mask_area,train,0.0167140960693359,mask_area,0.0,0.001,False,524
190,P0221_0004.png,P0221.png,P0221,0,1172,1024,36,15653,0.014927864074707031,0.0,0,False,no_overlap,low_mask_area,no_overlap__low_mask_area,train,0.0167140960693359,mask_area,0.0,0.001,False,525
191,P0221_0005.png,P0221.png,P0221,380,1172,1024,46,19434,0.018533706665039062,0.0,0,False,no_overlap,high_mask_area,no_overlap__high_mask_area,train,0.0167140960693359,mask_area,0.0,0.001,False,526
192,P0223_0000.png,P0223.png,P0223,0,0,1024,19,14938,0.014245986938476562,0.0,0,False,no_overlap,low_mask_area,no_overlap__low_mask_area,train,0.0167140960693359,mask_area,0.0,0.001,False,224
193,P0223_0001.png,P0223.png,P0223,780,0,1024,5,2182,0.0020809173583984375,0.0,0,False,no_overlap,low_mask_area,no_overlap__low_mask_area,train,0.0167140960693359,mask_area,0.0,0.001,False,225
194,P0223_0002.png,P0223.png,P0223,0,441,1024,21,18799,0.017928123474121094,0.0,0,False,no_overlap,high_mask_area,no_overlap__high_mask_area,train,0.0167140960693359,mask_area,0.0,0.001,False,226
195,P0223_0003.png,P0223.png,P0223,780,441,1024,15,9037,0.008618354797363281,0.008902077151335312,1,True,overlap,low_mask_area,overlap__low_mask_area,train,0.0167140960693359,mask_area,0.0,0.001,False,227
196,P0229_0002.png,P0229.png,P0229,0,384,1024,0,0,0.0,0.0,0,False,no_overlap,low_mask_area,negative,train,0.0167140960693359,mask_area,0.0,0.001,False,539
197,P0250_0000.png,P0250.png,P0250,0,0,1024,14,23416,0.02233123779296875,0.01109159811442832,1,True,overlap,high_mask_area,overlap__high_mask_area,train,0.0167140960693359,mask_area,0.0,0.001,False,228
198,P0250_0001.png,P0250.png,P0250,110,0,1024,14,26783,0.025542259216308594,0.01109159811442832,1,True,overlap,high_mask_area,overlap__high_mask_area,train,0.0167140960693359,mask_area,0.0,0.001,False,229
199,P0250_0002.png,P0250.png,P0250,0,915,1024,4,6437,0.006138801574707031,0.0,0,False,no_overlap,low_mask_area,no_overlap__low_mask_area,train,0.0167140960693359,mask_area,0.0,0.001,False,230
200,P0250_0003.png,P0250.png,P0250,110,915,1024,4,6437,0.006138801574707031,0.0,0,False,no_overlap,low_mask_area,no_overlap__low_mask_area,train,0.0167140960693359,mask_area,0.0,0.001,False,231
201,P0255_0000.png,P0255.png,P0255,0,0,1024,46,20200,0.01926422119140625,0.2427071178529755,15,True,overlap,high_mask_area,overlap__high_mask_area,train,0.0167140960693359,mask_area,0.0,0.001,False,575
202,P0255_0001.png,P0255.png,P0255,277,0,1024,38,16697,0.015923500061035156,0.015989340439706862,4,True,overlap,low_mask_area,overlap__low_mask_area,train,0.0167140960693359,mask_area,0.0,0.001,False,576
203,P0255_0002.png,P0255.png,P0255,0,840,1024,70,31853,0.03037738800048828,0.2427071178529755,23,True,overlap,high_mask_area,overlap__high_mask_area,train,0.0167140960693359,mask_area,0.0,0.001,False,577
204,P0255_0003.png,P0255.png,P0255,277,840,1024,43,18974,0.018095016479492188,0.08306414397784956,10,True,overlap,high_mask_area,overlap__high_mask_area,train,0.0167140960693359,mask_area,0.0,0.001,False,578
205,P0257_0000.png,P0257.png,P0257,0,0,1024,22,23795,0.02269268035888672,0.08867667121418826,7,True,overlap,high_mask_area,overlap__high_mask_area,train,0.0167140960693359,mask_area,0.0,0.001,False,158
206,P0257_0001.png,P0257.png,P0257,56,0,1024,22,23795,0.02269268035888672,0.08867667121418826,7,True,overlap,high_mask_area,overlap__high_mask_area,train,0.0167140960693359,mask_area,0.0,0.001,False,159
207,P0257_0002.png,P0257.png,P0257,0,572,1024,26,26726,0.025487899780273438,0.09075194468452895,17,True,overlap,high_mask_area,overlap__high_mask_area,train,0.0167140960693359,mask_area,0.0,0.001,False,160
208,P0257_0003.png,P0257.png,P0257,56,572,1024,26,26199,0.024985313415527344,0.09075194468452895,17,True,overlap,high_mask_area,overlap__high_mask_area,train,0.0167140960693359,mask_area,0.0,0.001,False,161
209,P0261_0000.png,P0261.png,P0261,0,0,1024,1,1017,0.0009698867797851562,0.0,0,False,no_overlap,low_mask_area,no_overlap__low_mask_area,train,0.0167140960693359,mask_area,0.0,0.001,False,171
210,P0261_0001.png,P0261.png,P0261,390,0,1024,1,1017,0.0009698867797851562,0.0,0,False,no_overlap,low_mask_area,no_overlap__low_mask_area,train,0.0167140960693359,mask_area,0.0,0.001,False,172
211,P0261_0002.png,P0261.png,P0261,0,74,1024,1,1017,0.0009698867797851562,0.0,0,False,no_overlap,low_mask_area,no_overlap__low_mask_area,train,0.0167140960693359,mask_area,0.0,0.001,False,173
212,P0261_0003.png,P0261.png,P0261,390,74,1024,1,1017,0.0009698867797851562,0.0,0,False,no_overlap,low_mask_area,no_overlap__low_mask_area,train,0.0167140960693359,mask_area,0.0,0.001,False,174
213,P0294_0000.png,P0294.png,P0294,0,0,1024,6,29287,0.027930259704589844,0.0,0,False,no_overlap,high_mask_area,no_overlap__high_mask_area,train,0.0167140960693359,mask_area,0.0,0.001,False,601
214,P0294_0001.png,P0294.png,P0294,400,0,1024,7,23194,0.022119522094726562,0.0,0,False,no_overlap,high_mask_area,no_overlap__high_mask_area,train,0.0167140960693359,mask_area,0.0,0.001,False,602
215,P0294_0002.png,P0294.png,P0294,0,202,1024,5,26222,0.025007247924804688,0.0,0,False,no_overlap,high_mask_area,no_overlap__high_mask_area,train,0.0167140960693359,mask_area,0.0,0.001,False,603
216,P0294_0003.png,P0294.png,P0294,400,202,1024,6,21722,0.020715713500976562,0.0,0,False,no_overlap,high_mask_area,no_overlap__high_mask_area,train,0.0167140960693359,mask_area,0.0,0.001,False,604
217,P0321_0003.png,P0321.png,P0321,528,927,1024,0,0,0.0,0.0,0,False,no_overlap,low_mask_area,negative,train,0.0167140960693359,mask_area,0.0,0.001,False,616
218,P0340_0004.png,P0340.png,P0340,1024,381,1024,0,0,0.0,0.0,0,False,no_overlap,low_mask_area,negative,train,0.0167140960693359,mask_area,0.0,0.001,False,661
219,P0346_0001.png,P0346.png,P0346,1024,0,1024,0,0,0.0,0.0,0,False,no_overlap,low_mask_area,negative,train,0.0167140960693359,mask_area,0.0,0.001,False,273
220,P0346_0009.png,P0346.png,P0346,3426,1024,1024,0,0,0.0,0.0,0,False,no_overlap,low_mask_area,negative,train,0.0167140960693359,mask_area,0.0,0.001,False,281
221,P0349_0012.png,P0349.png,P0349,0,2545,1024,0,0,0.0,0.0,0,False,no_overlap,low_mask_area,negative,train,0.0167140960693359,mask_area,0.0,0.001,False,299
222,P0619_0002.png,P0619.png,P0619,0,115,1024,0,0,0.0,0.0,0,False,no_overlap,low_mask_area,negative,train,0.0167140960693359,mask_area,0.0,0.001,False,839
223,P0687_0001.png,P0687.png,P0687,578,0,1024,0,0,0.0,0.0,0,False,no_overlap,low_mask_area,negative,train,0.0167140960693359,mask_area,0.0,0.001,False,878
224,P0697_0000.png,P0697.png,P0697,0,0,1024,10,16630,0.015859603881835938,0.0,0,False,no_overlap,low_mask_area,no_overlap__low_mask_area,train,0.0167140960693359,mask_area,0.0,0.001,False,889
225,P0697_0001.png,P0697.png,P0697,356,0,1024,12,20067,0.01913738250732422,0.0,0,False,no_overlap,high_mask_area,no_overlap__high_mask_area,train,0.0167140960693359,mask_area,0.0,0.001,False,890
226,P0697_0002.png,P0697.png,P0697,0,81,1024,10,16630,0.015859603881835938,0.0,0,False,no_overlap,low_mask_area,no_overlap__low_mask_area,train,0.0167140960693359,mask_area,0.0,0.001,False,891
227,P0697_0003.png,P0697.png,P0697,356,81,1024,12,20951,0.019980430603027344,0.0,0,False,no_overlap,high_mask_area,no_overlap__high_mask_area,train,0.0167140960693359,mask_area,0.0,0.001,False,892
228,P0727_0002.png,P0727.png,P0727,0,74,1024,0,0,0.0,0.0,0,False,no_overlap,low_mask_area,negative,train,0.0167140960693359,mask_area,0.0,0.001,False,925
229,P0728_0001.png,P0728.png,P0728,1024,0,1024,0,0,0.0,0.0,0,False,no_overlap,low_mask_area,negative,train,0.0167140960693359,mask_area,0.0,0.001,False,928
230,P0759_0003.png,P0759.png,P0759,115,61,1024,0,0,0.0,0.0,0,False,no_overlap,low_mask_area,negative,train,0.0167140960693359,mask_area,0.0,0.001,False,338
231,P0783_0000.png,P0783.png,P0783,0,0,1024,15,92748,0.08845138549804688,0.2325421396628827,13,True,overlap,high_mask_area,overlap__high_mask_area,train,0.0167140960693359,mask_area,0.0,0.001,False,339
232,P0783_0001.png,P0783.png,P0783,1024,0,1024,10,55113,0.052559852600097656,0.09642851019323423,3,True,overlap,high_mask_area,overlap__high_mask_area,train,0.0167140960693359,mask_area,0.0,0.001,False,340
233,P0783_0002.png,P0783.png,P0783,1364,0,1024,9,52007,0.049597740173339844,0.18848532513495156,5,True,overlap,high_mask_area,overlap__high_mask_area,train,0.0167140960693359,mask_area,0.0,0.001,False,341
234,P0783_0003.png,P0783.png,P0783,0,340,1024,9,52973,0.05051898956298828,0.21578935693529425,7,True,overlap,high_mask_area,overlap__high_mask_area,train,0.0167140960693359,mask_area,0.0,0.001,False,342
235,P0783_0004.png,P0783.png,P0783,1024,340,1024,9,51646,0.04925346374511719,0.032058492688413945,3,True,overlap,high_mask_area,overlap__high_mask_area,train,0.0167140960693359,mask_area,0.0,0.001,False,343
236,P0783_0005.png,P0783.png,P0783,1364,340,1024,10,67515,0.06438732147216797,0.18848532513495156,6,True,overlap,high_mask_area,overlap__high_mask_area,train,0.0167140960693359,mask_area,0.0,0.001,False,344
237,P0785_0000.png,P0785.png,P0785,0,0,1024,3,19986,0.019060134887695312,0.0,0,False,no_overlap,high_mask_area,no_overlap__high_mask_area,train,0.0167140960693359,mask_area,0.0,0.001,False,985
238,P0785_0001.png,P0785.png,P0785,1024,0,1024,6,33018,0.03148841857910156,0.0,0,False,no_overlap,high_mask_area,no_overlap__high_mask_area,train,0.0167140960693359,mask_area,0.0,0.001,False,986
239,P0785_0002.png,P0785.png,P0785,1087,0,1024,8,35300,0.033664703369140625,0.0,0,False,no_overlap,high_mask_area,no_overlap__high_mask_area,train,0.0167140960693359,mask_area,0.0,0.001,False,987
240,P0785_0003.png,P0785.png,P0785,0,1024,1024,3,17484,0.016674041748046875,0.0,0,False,no_overlap,low_mask_area,no_overlap__low_mask_area,train,0.0167140960693359,mask_area,0.0,0.001,False,988
241,P0785_0004.png,P0785.png,P0785,1024,1024,1024,2,12897,0.012299537658691406,0.0,0,False,no_overlap,low_mask_area,no_overlap__low_mask_area,train,0.0167140960693359,mask_area,0.0,0.001,False,989
242,P0785_0005.png,P0785.png,P0785,1087,1024,1024,1,12871,0.012274742126464844,0.0,0,False,no_overlap,low_mask_area,no_overlap__low_mask_area,train,0.0167140960693359,mask_area,0.0,0.001,False,990
243,P0785_0006.png,P0785.png,P0785,0,2048,1024,2,21771,0.02076244354248047,0.0,0,False,no_overlap,high_mask_area,no_overlap__high_mask_area,train,0.0167140960693359,mask_area,0.0,0.001,False,991
244,P0785_0007.png,P0785.png,P0785,1024,2048,1024,5,60368,0.0575714111328125,0.0,0,False,no_overlap,high_mask_area,no_overlap__high_mask_area,train,0.0167140960693359,mask_area,0.0,0.001,False,992
245,P0785_0008.png,P0785.png,P0785,1087,2048,1024,5,57498,0.05483436584472656,0.0,0,False,no_overlap,high_mask_area,no_overlap__high_mask_area,train,0.0167140960693359,mask_area,0.0,0.001,False,993
246,P0785_0009.png,P0785.png,P0785,0,2409,1024,1,19999,0.019072532653808594,0.0,0,False,no_overlap,high_mask_area,no_overlap__high_mask_area,train,0.0167140960693359,mask_area,0.0,0.001,False,994
247,P0785_0010.png,P0785.png,P0785,1024,2409,1024,7,70967,0.06767940521240234,0.0,0,False,no_overlap,high_mask_area,no_overlap__high_mask_area,train,0.0167140960693359,mask_area,0.0,0.001,False,995
248,P0785_0011.png,P0785.png,P0785,1087,2409,1024,7,70567,0.06729793548583984,0.0,0,False,no_overlap,high_mask_area,no_overlap__high_mask_area,train,0.0167140960693359,mask_area,0.0,0.001,False,996
249,P0786_0000.png,P0786.png,P0786,0,0,1024,3,4909,0.004681587219238281,0.0,0,False,no_overlap,low_mask_area,no_overlap__low_mask_area,train,0.0167140960693359,mask_area,0.0,0.001,False,345
250,P0786_0002.png,P0786.png,P0786,2048,0,1024,6,19309,0.01841449737548828,0.0,0,False,no_overlap,high_mask_area,no_overlap__high_mask_area,train,0.0167140960693359,mask_area,0.0,0.001,False,347
251,P0786_0003.png,P0786.png,P0786,2320,0,1024,6,19024,0.0181427001953125,0.0,0,False,no_overlap,high_mask_area,no_overlap__high_mask_area,train,0.0167140960693359,mask_area,0.0,0.001,False,348
252,P0786_0004.png,P0786.png,P0786,0,887,1024,10,44404,0.042346954345703125,0.0,0,False,no_overlap,high_mask_area,no_overlap__high_mask_area,train,0.0167140960693359,mask_area,0.0,0.001,False,349
253,P0786_0005.png,P0786.png,P0786,1024,887,1024,5,14179,0.013522148132324219,0.0,0,False,no_overlap,low_mask_area,no_overlap__low_mask_area,train,0.0167140960693359,mask_area,0.0,0.001,False,350
254,P0786_0006.png,P0786.png,P0786,2048,887,1024,8,26649,0.025414466857910156,0.0,0,False,no_overlap,high_mask_area,no_overlap__high_mask_area,train,0.0167140960693359,mask_area,0.0,0.001,False,351
255,P0786_0007.png,P0786.png,P0786,2320,887,1024,8,31078,0.029638290405273438,0.0,0,False,no_overlap,high_mask_area,no_overlap__high_mask_area,train,0.0167140960693359,mask_area,0.0,0.001,False,352
256,P0792_0001.png,P0792.png,P0792,364,0,1024,0,0,0.0,0.0,0,False,no_overlap,low_mask_area,negative,train,0.0167140960693359,mask_area,0.0,0.001,False,1004
257,P0792_0002.png,P0792.png,P0792,0,64,1024,0,0,0.0,0.0,0,False,no_overlap,low_mask_area,negative,train,0.0167140960693359,mask_area,0.0,0.001,False,1005
258,P0792_0003.png,P0792.png,P0792,364,64,1024,0,0,0.0,0.0,0,False,no_overlap,low_mask_area,negative,train,0.0167140960693359,mask_area,0.0,0.001,False,1006
259,P0806_0002.png,P0806.png,P0806,0,93,1024,0,0,0.0,0.0,0,False,no_overlap,low_mask_area,negative,train,0.0167140960693359,mask_area,0.0,0.001,False,1021
260,P0823_0004.png,P0823.png,P0823,0,1449,1024,0,0,0.0,0.0,0,False,no_overlap,low_mask_area,negative,train,0.0167140960693359,mask_area,0.0,0.001,False,361
261,P0840_0001.png,P0840.png,P0840,1024,0,1024,4,18150,0.017309188842773438,0.0315767373504094,1,True,overlap,high_mask_area,overlap__high_mask_area,train,0.0167140960693359,mask_area,0.0,0.001,False,370
262,P0840_0002.png,P0840.png,P0840,2048,0,1024,8,21882,0.020868301391601562,0.0018444811183380254,1,True,overlap,high_mask_area,overlap__high_mask_area,train,0.0167140960693359,mask_area,0.0,0.001,False,371
263,P0840_0003.png,P0840.png,P0840,2312,0,1024,6,16336,0.0155792236328125,0.0009953897736797988,1,True,ambiguous_overlap,low_mask_area,negative,train,0.0167140960693359,mask_area,0.0,0.001,False,372
264,P0840_0004.png,P0840.png,P0840,0,1020,1024,2,32001,0.030518531799316406,0.0,0,False,no_overlap,high_mask_area,no_overlap__high_mask_area,train,0.0167140960693359,mask_area,0.0,0.001,False,373
265,P0840_0005.png,P0840.png,P0840,1024,1020,1024,5,66111,0.0630483627319336,0.013794579011970317,1,True,overlap,high_mask_area,overlap__high_mask_area,train,0.0167140960693359,mask_area,0.0,0.001,False,374
266,P0840_0006.png,P0840.png,P0840,2048,1020,1024,4,8774,0.008367538452148438,0.0,0,False,no_overlap,low_mask_area,no_overlap__low_mask_area,train,0.0167140960693359,mask_area,0.0,0.001,False,375
267,P0840_0007.png,P0840.png,P0840,2312,1020,1024,5,14865,0.014176368713378906,0.0,0,False,no_overlap,low_mask_area,no_overlap__low_mask_area,train,0.0167140960693359,mask_area,0.0,0.001,False,376
268,P0841_0000.png,P0841.png,P0841,0,0,1024,6,28748,0.027416229248046875,0.0,0,False,no_overlap,high_mask_area,no_overlap__high_mask_area,train,0.0167140960693359,mask_area,0.0,0.001,False,393
269,P0841_0001.png,P0841.png,P0841,1024,0,1024,1,5081,0.004845619201660156,0.0,0,False,no_overlap,low_mask_area,no_overlap__low_mask_area,train,0.0167140960693359,mask_area,0.0,0.001,False,394
270,P0841_0002.png,P0841.png,P0841,1374,0,1024,1,5081,0.004845619201660156,0.0,0,False,no_overlap,low_mask_area,no_overlap__low_mask_area,train,0.0167140960693359,mask_area,0.0,0.001,False,395
271,P0841_0003.png,P0841.png,P0841,0,1024,1024,5,10339,0.009860038757324219,0.0,0,False,no_overlap,low_mask_area,no_overlap__low_mask_area,train,0.0167140960693359,mask_area,0.0,0.001,False,396
272,P0841_0004.png,P0841.png,P0841,1024,1024,1024,9,35812,0.034152984619140625,0.002662843097091356,1,True,overlap,high_mask_area,overlap__high_mask_area,train,0.0167140960693359,mask_area,0.0,0.001,False,397
273,P0841_0005.png,P0841.png,P0841,1374,1024,1024,7,34506,0.03290748596191406,0.0,0,False,no_overlap,high_mask_area,no_overlap__high_mask_area,train,0.0167140960693359,mask_area,0.0,0.001,False,398
274,P0841_0006.png,P0841.png,P0841,0,2028,1024,3,12221,0.011654853820800781,0.0,0,False,no_overlap,low_mask_area,no_overlap__low_mask_area,train,0.0167140960693359,mask_area,0.0,0.001,False,399
275,P0841_0007.png,P0841.png,P0841,1024,2028,1024,3,8103,0.007727622985839844,0.0,0,False,no_overlap,low_mask_area,no_overlap__low_mask_area,train,0.0167140960693359,mask_area,0.0,0.001,False,400
276,P0841_0008.png,P0841.png,P0841,1374,2028,1024,1,1188,0.001132965087890625,0.0,0,False,no_overlap,low_mask_area,no_overlap__low_mask_area,train,0.0167140960693359,mask_area,0.0,0.001,False,401
277,P0861_0007.png,P0861.png,P0861,1024,1755,1024,0,0,0.0,0.0,0,False,no_overlap,low_mask_area,negative,train,0.0167140960693359,mask_area,0.0,0.001,False,1072
278,P0867_0000.png,P0867.png,P0867,0,0,1024,0,0,0.0,0.0,0,False,no_overlap,low_mask_area,negative,train,0.0167140960693359,mask_area,0.0,0.001,False,1074
279,P0867_0001.png,P0867.png,P0867,1024,0,1024,0,0,0.0,0.0,0,False,no_overlap,low_mask_area,negative,train,0.0167140960693359,mask_area,0.0,0.001,False,1075
280,P0867_0008.png,P0867.png,P0867,1794,1027,1024,0,0,0.0,0.0,0,False,no_overlap,low_mask_area,negative,train,0.0167140960693359,mask_area,0.0,0.001,False,1082
281,P0868_0007.png,P0868.png,P0868,2264,1024,1024,0,0,0.0,0.0,0,False,no_overlap,low_mask_area,negative,train,0.0167140960693359,mask_area,0.0,0.001,False,1090
282,P0875_0003.png,P0875.png,P0875,0,723,1024,0,0,0.0,0.0,0,False,no_overlap,low_mask_area,negative,train,0.0167140960693359,mask_area,0.0,0.001,False,1112
283,P0898_0006.png,P0898.png,P0898,0,2048,1024,0,0,0.0,0.0,0,False,no_overlap,low_mask_area,negative,train,0.0167140960693359,mask_area,0.0,0.001,False,1215
284,P0899_0005.png,P0899.png,P0899,1127,899,1024,0,0,0.0,0.0,0,False,no_overlap,low_mask_area,negative,train,0.0167140960693359,mask_area,0.0,0.001,False,401
285,P0900_0001.png,P0900.png,P0900,1024,0,1024,0,0,0.0,0.0,0,False,no_overlap,low_mask_area,negative,train,0.0167140960693359,mask_area,0.0,0.001,False,1222
286,P0906_0001.png,P0906.png,P0906,826,0,1024,0,0,0.0,0.0,0,False,no_overlap,low_mask_area,negative,train,0.0167140960693359,mask_area,0.0,0.001,False,1231
287,P0913_0009.png,P0913.png,P0913,1024,1258,1024,0,0,0.0,0.0,0,False,no_overlap,low_mask_area,negative,train,0.0167140960693359,mask_area,0.0,0.001,False,1269
288,P0914_0000.png,P0914.png,P0914,0,0,1024,0,0,0.0,0.0,0,False,no_overlap,low_mask_area,negative,train,0.0167140960693359,mask_area,0.0,0.001,False,1272
289,P0914_0001.png,P0914.png,P0914,544,0,1024,0,0,0.0,0.0,0,False,no_overlap,low_mask_area,negative,train,0.0167140960693359,mask_area,0.0,0.001,False,1273
290,P0921_0010.png,P0921.png,P0921,2048,1548,1024,0,0,0.0,0.0,0,False,no_overlap,low_mask_area,negative,train,0.0167140960693359,mask_area,0.0,0.001,False,1294
291,P0947_0004.png,P0947.png,P0947,4096,0,1024,0,0,0.0,0.0,0,False,no_overlap,low_mask_area,negative,train,0.0167140960693359,mask_area,0.0,0.001,False,1341
292,P0960_0002.png,P0960.png,P0960,0,896,1024,0,0,0.0,0.0,0,False,no_overlap,low_mask_area,negative,train,0.0167140960693359,mask_area,0.0,0.001,False,1379
293,P0966_0005.png,P0966.png,P0966,1024,417,1024,0,0,0.0,0.0,0,False,no_overlap,low_mask_area,negative,train,0.0167140960693359,mask_area,0.0,0.001,False,1386
294,P0975_0005.png,P0975.png,P0975,1356,684,1024,0,0,0.0,0.0,0,False,no_overlap,low_mask_area,negative,train,0.0167140960693359,mask_area,0.0,0.001,False,1408
295,P0991_0004.png,P0991.png,P0991,1024,929,1024,0,0,0.0,0.0,0,False,no_overlap,low_mask_area,negative,train,0.0167140960693359,mask_area,0.0,0.001,False,1431
296,P1019_0006.png,P1019.png,P1019,1024,1024,1024,0,0,0.0,0.0,0,False,no_overlap,low_mask_area,negative,train,0.0167140960693359,mask_area,0.0,0.001,False,438
297,P1019_0007.png,P1019.png,P1019,2048,1024,1024,0,0,0.0,0.0,0,False,no_overlap,low_mask_area,negative,train,0.0167140960693359,mask_area,0.0,0.001,False,439
298,P1019_0016.png,P1019.png,P1019,1024,2287,1024,0,0,0.0,0.0,0,False,no_overlap,low_mask_area,negative,train,0.0167140960693359,mask_area,0.0,0.001,False,448
299,P1049_0000.png,P1049.png,P1049,0,0,1024,6,39355,0.03753185272216797,0.0,0,False,no_overlap,high_mask_area,no_overlap__high_mask_area,train,0.0167140960693359,mask_area,0.0,0.001,False,1473
300,P1049_0001.png,P1049.png,P1049,629,0,1024,6,42318,0.04035758972167969,0.0,0,False,no_overlap,high_mask_area,no_overlap__high_mask_area,train,0.0167140960693359,mask_area,0.0,0.001,False,1474
301,P1049_0002.png,P1049.png,P1049,0,1024,1024,1,4899,0.004672050476074219,0.0,0,False,no_overlap,low_mask_area,no_overlap__low_mask_area,train,0.0167140960693359,mask_area,0.0,0.001,False,1475
302,P1049_0003.png,P1049.png,P1049,629,1024,1024,5,32727,0.031210899353027344,0.0,0,False,no_overlap,high_mask_area,no_overlap__high_mask_area,train,0.0167140960693359,mask_area,0.0,0.001,False,1476
303,P1049_0005.png,P1049.png,P1049,629,2048,1024,3,24365,0.02323627471923828,0.0,0,False,no_overlap,high_mask_area,no_overlap__high_mask_area,train,0.0167140960693359,mask_area,0.0,0.001,False,1478
304,P1049_0007.png,P1049.png,P1049,629,3072,1024,4,28630,0.027303695678710938,0.0,0,False,no_overlap,high_mask_area,no_overlap__high_mask_area,train,0.0167140960693359,mask_area,0.0,0.001,False,1480
305,P1049_0011.png,P1049.png,P1049,629,4416,1024,1,8991,0.008574485778808594,0.0,0,False,no_overlap,low_mask_area,no_overlap__low_mask_area,train,0.0167140960693359,mask_area,0.0,0.001,False,1484
306,P1053_0002.png,P1053.png,P1053,0,90,1024,0,0,0.0,0.0,0,False,no_overlap,low_mask_area,negative,train,0.0167140960693359,mask_area,0.0,0.001,False,1487
307,P1055_0019.png,P1055.png,P1055,3832,3072,1024,0,0,0.0,0.0,0,False,no_overlap,low_mask_area,negative,train,0.0167140960693359,mask_area,0.0,0.001,False,1508
308,P1055_0022.png,P1055.png,P1055,2048,3418,1024,0,0,0.0,0.0,0,False,no_overlap,low_mask_area,negative,train,0.0167140960693359,mask_area,0.0,0.001,False,1511
309,P1059_0008.png,P1059.png,P1059,0,1772,1024,0,0,0.0,0.0,0,False,no_overlap,low_mask_area,negative,train,0.0167140960693359,mask_area,0.0,0.001,False,1542
310,P1062_0004.png,P1062.png,P1062,0,949,1024,0,0,0.0,0.0,0,False,no_overlap,low_mask_area,negative,train,0.0167140960693359,mask_area,0.0,0.001,False,1560
311,P1063_0002.png,P1063.png,P1063,1309,0,1024,0,0,0.0,0.0,0,False,no_overlap,low_mask_area,negative,train,0.0167140960693359,mask_area,0.0,0.001,False,1566
312,P1069_0006.png,P1069.png,P1069,1024,1024,1024,0,0,0.0,0.0,0,False,no_overlap,low_mask_area,negative,train,0.0167140960693359,mask_area,0.0,0.001,False,458
313,P1069_0010.png,P1069.png,P1069,0,2048,1024,0,0,0.0,0.0,0,False,no_overlap,low_mask_area,negative,train,0.0167140960693359,mask_area,0.0,0.001,False,462
314,P1070_0004.png,P1070.png,P1070,3161,0,1024,0,0,0.0,0.0,0,False,no_overlap,low_mask_area,negative,train,0.0167140960693359,mask_area,0.0,0.001,False,476
315,P1070_0009.png,P1070.png,P1070,3161,1024,1024,0,0,0.0,0.0,0,False,no_overlap,low_mask_area,negative,train,0.0167140960693359,mask_area,0.0,0.001,False,481
316,P1070_0016.png,P1070.png,P1070,1024,2587,1024,0,0,0.0,0.0,0,False,no_overlap,low_mask_area,negative,train,0.0167140960693359,mask_area,0.0,0.001,False,488
317,P1076_0002.png,P1076.png,P1076,0,1024,1024,0,0,0.0,0.0,0,False,no_overlap,low_mask_area,negative,train,0.0167140960693359,mask_area,0.0,0.001,False,1588
318,P1078_0000.png,P1078.png,P1078,0,0,1024,7,10751,0.010252952575683594,0.0,0,False,no_overlap,low_mask_area,no_overlap__low_mask_area,train,0.0167140960693359,mask_area,0.0,0.001,False,1592
319,P1078_0001.png,P1078.png,P1078,1000,0,1024,2,12477,0.011898994445800781,0.0,0,False,no_overlap,low_mask_area,no_overlap__low_mask_area,train,0.0167140960693359,mask_area,0.0,0.001,False,1593
320,P1078_0002.png,P1078.png,P1078,0,1024,1024,15,31465,0.030007362365722656,0.0,0,False,no_overlap,high_mask_area,no_overlap__high_mask_area,train,0.0167140960693359,mask_area,0.0,0.001,False,1594
321,P1078_0003.png,P1078.png,P1078,1000,1024,1024,6,12877,0.012280464172363281,0.0,0,False,no_overlap,low_mask_area,no_overlap__low_mask_area,train,0.0167140960693359,mask_area,0.0,0.001,False,1595
322,P1078_0004.png,P1078.png,P1078,0,1138,1024,15,30624,0.029205322265625,0.0,0,False,no_overlap,high_mask_area,no_overlap__high_mask_area,train,0.0167140960693359,mask_area,0.0,0.001,False,1596
323,P1078_0005.png,P1078.png,P1078,1000,1138,1024,3,7771,0.007411003112792969,0.0,0,False,no_overlap,low_mask_area,no_overlap__low_mask_area,train,0.0167140960693359,mask_area,0.0,0.001,False,1597
324,P1094_0002.png,P1094.png,P1094,0,1024,1024,0,0,0.0,0.0,0,False,no_overlap,low_mask_area,negative,train,0.0167140960693359,mask_area,0.0,0.001,False,1627
325,P1103_0000.png,P1103.png,P1103,0,0,1024,21,43313,0.041306495666503906,0.0346470333477696,5,True,overlap,high_mask_area,overlap__high_mask_area,train,0.0167140960693359,mask_area,0.0,0.001,False,671
326,P1103_0001.png,P1103.png,P1103,101,0,1024,21,42823,0.040839195251464844,0.0346470333477696,5,True,overlap,high_mask_area,overlap__high_mask_area,train,0.0167140960693359,mask_area,0.0,0.001,False,672
327,P1103_0002.png,P1103.png,P1103,0,558,1024,12,32762,0.031244277954101562,0.01366742596810934,1,True,overlap,high_mask_area,overlap__high_mask_area,train,0.0167140960693359,mask_area,0.0,0.001,False,673
328,P1103_0003.png,P1103.png,P1103,101,558,1024,12,29863,0.028479576110839844,0.01366742596810934,1,True,overlap,high_mask_area,overlap__high_mask_area,train,0.0167140960693359,mask_area,0.0,0.001,False,674
329,P1109_0000.png,P1109.png,P1109,0,0,1024,11,19458,0.018556594848632812,0.008410500382295473,1,True,overlap,high_mask_area,overlap__high_mask_area,train,0.0167140960693359,mask_area,0.0,0.001,False,1666
330,P1109_0001.png,P1109.png,P1109,812,0,1024,3,2588,0.002468109130859375,0.0,0,False,no_overlap,low_mask_area,no_overlap__low_mask_area,train,0.0167140960693359,mask_area,0.0,0.001,False,1667
331,P1109_0002.png,P1109.png,P1109,0,1024,1024,7,7622,0.0072689056396484375,0.0,0,False,no_overlap,low_mask_area,no_overlap__low_mask_area,train,0.0167140960693359,mask_area,0.0,0.001,False,1668
332,P1109_0003.png,P1109.png,P1109,812,1024,1024,10,13777,0.013138771057128906,0.0,0,False,no_overlap,low_mask_area,no_overlap__low_mask_area,train,0.0167140960693359,mask_area,0.0,0.001,False,1669
333,P1109_0004.png,P1109.png,P1109,0,1356,1024,6,4151,0.003958702087402344,0.0,0,False,no_overlap,low_mask_area,no_overlap__low_mask_area,train,0.0167140960693359,mask_area,0.0,0.001,False,1670
334,P1109_0005.png,P1109.png,P1109,812,1356,1024,9,13545,0.012917518615722656,0.0,0,False,no_overlap,low_mask_area,no_overlap__low_mask_area,train,0.0167140960693359,mask_area,0.0,0.001,False,1671
335,P1113_0000.png,P1113.png,P1113,0,0,1024,1,23640,0.02254486083984375,0.0,0,False,no_overlap,high_mask_area,no_overlap__high_mask_area,train,0.0167140960693359,mask_area,0.0,0.001,False,1672
336,P1113_0001.png,P1113.png,P1113,1024,0,1024,1,26892,0.025646209716796875,0.0,0,False,no_overlap,high_mask_area,no_overlap__high_mask_area,train,0.0167140960693359,mask_area,0.0,0.001,False,1673
337,P1113_0002.png,P1113.png,P1113,2048,0,1024,1,27887,0.026595115661621094,0.0,0,False,no_overlap,high_mask_area,no_overlap__high_mask_area,train,0.0167140960693359,mask_area,0.0,0.001,False,1674
338,P1116_0001.png,P1116.png,P1116,1024,0,1024,1,18002,0.017168045043945312,0.0,0,False,no_overlap,high_mask_area,no_overlap__high_mask_area,train,0.0167140960693359,mask_area,0.0,0.001,False,1686
339,P1116_0002.png,P1116.png,P1116,2048,0,1024,1,43,4.100799560546875e-05,0.0,0,False,no_overlap,low_mask_area,no_overlap__low_mask_area,train,0.0167140960693359,mask_area,0.0,0.001,False,1687
340,P1116_0003.png,P1116.png,P1116,3072,0,1024,1,60961,0.058136940002441406,0.0,0,False,no_overlap,high_mask_area,no_overlap__high_mask_area,train,0.0167140960693359,mask_area,0.0,0.001,False,1688
341,P1116_0004.png,P1116.png,P1116,4096,0,1024,2,34481,0.032883644104003906,0.0,0,False,no_overlap,high_mask_area,no_overlap__high_mask_area,train,0.0167140960693359,mask_area,0.0,0.001,False,1689
342,P1116_0005.png,P1116.png,P1116,5120,0,1024,1,53388,0.050914764404296875,0.0,0,False,no_overlap,high_mask_area,no_overlap__high_mask_area,train,0.0167140960693359,mask_area,0.0,0.001,False,1690
343,P1116_0006.png,P1116.png,P1116,5632,0,1024,1,51715,0.04931926727294922,0.0,0,False,no_overlap,high_mask_area,no_overlap__high_mask_area,train,0.0167140960693359,mask_area,0.0,0.001,False,1691
344,P1116_0007.png,P1116.png,P1116,0,768,1024,1,65815,0.06276607513427734,0.0,0,False,no_overlap,high_mask_area,no_overlap__high_mask_area,train,0.0167140960693359,mask_area,0.0,0.001,False,1692
345,P1116_0008.png,P1116.png,P1116,1024,768,1024,2,70427,0.06716442108154297,0.0,0,False,no_overlap,high_mask_area,no_overlap__high_mask_area,train,0.0167140960693359,mask_area,0.0,0.001,False,1693
346,P1116_0009.png,P1116.png,P1116,2048,768,1024,1,271,0.00025844573974609375,0.0,0,False,no_overlap,low_mask_area,no_overlap__low_mask_area,train,0.0167140960693359,mask_area,0.0,0.001,False,1694
347,P1116_0010.png,P1116.png,P1116,3072,768,1024,1,41397,0.03947925567626953,0.0,0,False,no_overlap,high_mask_area,no_overlap__high_mask_area,train,0.0167140960693359,mask_area,0.0,0.001,False,1695
348,P1116_0011.png,P1116.png,P1116,4096,768,1024,2,5511,0.005255699157714844,0.0,0,False,no_overlap,low_mask_area,no_overlap__low_mask_area,train,0.0167140960693359,mask_area,0.0,0.001,False,1696
349,P1117_0000.png,P1117.png,P1117,0,0,1024,1,20402,0.019456863403320312,0.0,0,False,no_overlap,high_mask_area,no_overlap__high_mask_area,train,0.0167140960693359,mask_area,0.0,0.001,False,508
350,P1117_0001.png,P1117.png,P1117,768,0,1024,1,21351,0.020361900329589844,0.0,0,False,no_overlap,high_mask_area,no_overlap__high_mask_area,train,0.0167140960693359,mask_area,0.0,0.001,False,509
351,P1117_0002.png,P1117.png,P1117,0,256,1024,1,20402,0.019456863403320312,0.0,0,False,no_overlap,high_mask_area,no_overlap__high_mask_area,train,0.0167140960693359,mask_area,0.0,0.001,False,510
352,P1117_0003.png,P1117.png,P1117,768,256,1024,1,21351,0.020361900329589844,0.0,0,False,no_overlap,high_mask_area,no_overlap__high_mask_area,train,0.0167140960693359,mask_area,0.0,0.001,False,511
353,P1119_0000.png,P1119.png,P1119,0,0,1024,2,33307,0.03176403045654297,0.0,0,False,no_overlap,high_mask_area,no_overlap__high_mask_area,train,0.0167140960693359,mask_area,0.0,0.001,False,1699
354,P1119_0002.png,P1119.png,P1119,2048,0,1024,3,26516,0.025287628173828125,0.0,0,False,no_overlap,high_mask_area,no_overlap__high_mask_area,train,0.0167140960693359,mask_area,0.0,0.001,False,1701
355,P1119_0003.png,P1119.png,P1119,2560,0,1024,2,29816,0.02843475341796875,0.0,0,False,no_overlap,high_mask_area,no_overlap__high_mask_area,train,0.0167140960693359,mask_area,0.0,0.001,False,1702
356,P1121_0000.png,P1121.png,P1121,0,0,1024,3,44734,0.04266166687011719,0.04055519944775898,1,True,overlap,high_mask_area,overlap__high_mask_area,train,0.0167140960693359,mask_area,0.0,0.001,False,1703
357,P1121_0001.png,P1121.png,P1121,1024,0,1024,3,32750,0.031232833862304688,0.018617642577827435,1,True,overlap,high_mask_area,overlap__high_mask_area,train,0.0167140960693359,mask_area,0.0,0.001,False,1704
358,P1121_0002.png,P1121.png,P1121,1280,0,1024,2,22142,0.021116256713867188,0.0,0,False,no_overlap,high_mask_area,no_overlap__high_mask_area,train,0.0167140960693359,mask_area,0.0,0.001,False,1705
359,P1121_0003.png,P1121.png,P1121,0,256,1024,3,43924,0.041889190673828125,0.04055519944775898,1,True,overlap,high_mask_area,overlap__high_mask_area,train,0.0167140960693359,mask_area,0.0,0.001,False,1706
360,P1121_0004.png,P1121.png,P1121,1024,256,1024,3,40087,0.038229942321777344,0.020667257159728374,1,True,overlap,high_mask_area,overlap__high_mask_area,train,0.0167140960693359,mask_area,0.0,0.001,False,1707
361,P1121_0005.png,P1121.png,P1121,1280,256,1024,2,28325,0.02701282501220703,0.0,0,False,no_overlap,high_mask_area,no_overlap__high_mask_area,train,0.0167140960693359,mask_area,0.0,0.001,False,1708
362,P1122_0000.png,P1122.png,P1122,0,0,1024,1,15122,0.014421463012695312,0.0,0,False,no_overlap,low_mask_area,no_overlap__low_mask_area,train,0.0167140960693359,mask_area,0.0,0.001,False,675
363,P1122_0001.png,P1122.png,P1122,1024,0,1024,1,17657,0.016839027404785156,0.0,0,False,no_overlap,high_mask_area,no_overlap__high_mask_area,train,0.0167140960693359,mask_area,0.0,0.001,False,676
364,P1122_0002.png,P1122.png,P1122,2048,0,1024,2,41737,0.039803504943847656,0.0,0,False,no_overlap,high_mask_area,no_overlap__high_mask_area,train,0.0167140960693359,mask_area,0.0,0.001,False,677
365,P1122_0003.png,P1122.png,P1122,3072,0,1024,2,16579,0.01581096649169922,0.0,0,False,no_overlap,low_mask_area,no_overlap__low_mask_area,train,0.0167140960693359,mask_area,0.0,0.001,False,678
366,P1122_0004.png,P1122.png,P1122,4096,0,1024,2,29594,0.028223037719726562,0.0,0,False,no_overlap,high_mask_area,no_overlap__high_mask_area,train,0.0167140960693359,mask_area,0.0,0.001,False,679
367,P1122_0005.png,P1122.png,P1122,5120,0,1024,2,12301,0.011731147766113281,0.0,0,False,no_overlap,low_mask_area,no_overlap__low_mask_area,train,0.0167140960693359,mask_area,0.0,0.001,False,680
368,P1122_0006.png,P1122.png,P1122,5888,0,1024,1,9377,0.008942604064941406,0.0,0,False,no_overlap,low_mask_area,no_overlap__low_mask_area,train,0.0167140960693359,mask_area,0.0,0.001,False,681
369,P1122_0007.png,P1122.png,P1122,0,1024,1024,2,18833,0.017960548400878906,0.0,0,False,no_overlap,high_mask_area,no_overlap__high_mask_area,train,0.0167140960693359,mask_area,0.0,0.001,False,682
370,P1122_0008.png,P1122.png,P1122,1024,1024,1024,1,635,0.0006055831909179688,0.0,0,False,no_overlap,low_mask_area,no_overlap__low_mask_area,train,0.0167140960693359,mask_area,0.0,0.001,False,683
371,P1122_0009.png,P1122.png,P1122,2048,1024,1024,1,18154,0.017313003540039062,0.0,0,False,no_overlap,high_mask_area,no_overlap__high_mask_area,train,0.0167140960693359,mask_area,0.0,0.001,False,684
372,P1122_0010.png,P1122.png,P1122,3072,1024,1024,1,6273,0.005982398986816406,0.0,0,False,no_overlap,low_mask_area,no_overlap__low_mask_area,train,0.0167140960693359,mask_area,0.0,0.001,False,685
373,P1122_0011.png,P1122.png,P1122,4096,1024,1024,1,28015,0.026717185974121094,0.0,0,False,no_overlap,high_mask_area,no_overlap__high_mask_area,train,0.0167140960693359,mask_area,0.0,0.001,False,686
374,P1122_0012.png,P1122.png,P1122,5120,1024,1024,2,60190,0.05740165710449219,0.0,0,False,no_overlap,high_mask_area,no_overlap__high_mask_area,train,0.0167140960693359,mask_area,0.0,0.001,False,687
375,P1122_0013.png,P1122.png,P1122,5888,1024,1024,1,52262,0.04984092712402344,0.0,0,False,no_overlap,high_mask_area,no_overlap__high_mask_area,train,0.0167140960693359,mask_area,0.0,0.001,False,688
376,P1122_0017.png,P1122.png,P1122,3072,2048,1024,2,27992,0.02669525146484375,0.0,0,False,no_overlap,high_mask_area,no_overlap__high_mask_area,train,0.0167140960693359,mask_area,0.0,0.001,False,692
377,P1122_0018.png,P1122.png,P1122,4096,2048,1024,2,32712,0.03119659423828125,0.0,0,False,no_overlap,high_mask_area,no_overlap__high_mask_area,train,0.0167140960693359,mask_area,0.0,0.001,False,693
378,P1122_0019.png,P1122.png,P1122,5120,2048,1024,1,27048,0.02579498291015625,0.0,0,False,no_overlap,high_mask_area,no_overlap__high_mask_area,train,0.0167140960693359,mask_area,0.0,0.001,False,694
379,P1122_0020.png,P1122.png,P1122,5888,2048,1024,1,3002,0.0028629302978515625,0.0,0,False,no_overlap,low_mask_area,no_overlap__low_mask_area,train,0.0167140960693359,mask_area,0.0,0.001,False,695
380,P1128_0000.png,P1128.png,P1128,0,0,1024,2,103667,0.09886455535888672,0.0,0,False,no_overlap,high_mask_area,no_overlap__high_mask_area,train,0.0167140960693359,mask_area,0.0,0.001,False,696
381,P1128_0001.png,P1128.png,P1128,768,0,1024,2,77472,0.073883056640625,0.0,0,False,no_overlap,high_mask_area,no_overlap__high_mask_area,train,0.0167140960693359,mask_area,0.0,0.001,False,697
382,P1128_0002.png,P1128.png,P1128,0,256,1024,2,106469,0.10153675079345703,0.0,0,False,no_overlap,high_mask_area,no_overlap__high_mask_area,train,0.0167140960693359,mask_area,0.0,0.001,False,698
383,P1128_0003.png,P1128.png,P1128,768,256,1024,2,77472,0.073883056640625,0.0,0,False,no_overlap,high_mask_area,no_overlap__high_mask_area,train,0.0167140960693359,mask_area,0.0,0.001,False,699
384,P1130_0000.png,P1130.png,P1130,0,0,1024,2,60004,0.057224273681640625,0.008202933440328117,1,True,overlap,high_mask_area,overlap__high_mask_area,train,0.0167140960693359,mask_area,0.0,0.001,False,1709
385,P1130_0001.png,P1130.png,P1130,1024,0,1024,1,43688,0.04166412353515625,0.0,0,False,no_overlap,high_mask_area,no_overlap__high_mask_area,train,0.0167140960693359,mask_area,0.0,0.001,False,1710
386,P1130_0002.png,P1130.png,P1130,1077,0,1024,1,43688,0.04166412353515625,0.0,0,False,no_overlap,high_mask_area,no_overlap__high_mask_area,train,0.0167140960693359,mask_area,0.0,0.001,False,1711
387,P1130_0003.png,P1130.png,P1130,0,1024,1024,3,107507,0.10252666473388672,0.0,0,False,no_overlap,high_mask_area,no_overlap__high_mask_area,train,0.0167140960693359,mask_area,0.0,0.001,False,1712
388,P1130_0006.png,P1130.png,P1130,0,2003,1024,1,60937,0.058114051818847656,0.0,0,False,no_overlap,high_mask_area,no_overlap__high_mask_area,train,0.0167140960693359,mask_area,0.0,0.001,False,1715
389,P1131_0000.png,P1131.png,P1131,0,0,1024,2,36361,0.034676551818847656,0.0,0,False,no_overlap,high_mask_area,no_overlap__high_mask_area,train,0.0167140960693359,mask_area,0.0,0.001,False,1718
390,P1131_0001.png,P1131.png,P1131,1024,0,1024,1,11149,0.010632514953613281,0.0,0,False,no_overlap,low_mask_area,no_overlap__low_mask_area,train,0.0167140960693359,mask_area,0.0,0.001,False,1719
391,P1131_0003.png,P1131.png,P1131,3072,0,1024,1,518,0.0004940032958984375,0.0,0,False,no_overlap,low_mask_area,no_overlap__low_mask_area,train,0.0167140960693359,mask_area,0.0,0.001,False,1721
392,P1131_0005.png,P1131.png,P1131,0,1024,1024,1,21440,0.02044677734375,0.0,0,False,no_overlap,high_mask_area,no_overlap__high_mask_area,train,0.0167140960693359,mask_area,0.0,0.001,False,1723
393,P1131_0006.png,P1131.png,P1131,1024,1024,1024,4,64842,0.06183815002441406,0.005927748573985013,2,True,overlap,high_mask_area,overlap__high_mask_area,train,0.0167140960693359,mask_area,0.0,0.001,False,1724
394,P1131_0007.png,P1131.png,P1131,2048,1024,1024,1,662,0.0006313323974609375,0.0,0,False,no_overlap,low_mask_area,no_overlap__low_mask_area,train,0.0167140960693359,mask_area,0.0,0.001,False,1725
395,P1131_0008.png,P1131.png,P1131,3072,1024,1024,1,20522,0.019571304321289062,0.0,0,False,no_overlap,high_mask_area,no_overlap__high_mask_area,train,0.0167140960693359,mask_area,0.0,0.001,False,1726
396,P1131_0009.png,P1131.png,P1131,3177,1024,1024,1,11537,0.011002540588378906,0.0,0,False,no_overlap,low_mask_area,no_overlap__low_mask_area,train,0.0167140960693359,mask_area,0.0,0.001,False,1727
397,P1131_0011.png,P1131.png,P1131,1024,2048,1024,1,10675,0.010180473327636719,0.0,0,False,no_overlap,low_mask_area,no_overlap__low_mask_area,train,0.0167140960693359,mask_area,0.0,0.001,False,1729
398,P1131_0012.png,P1131.png,P1131,2048,2048,1024,1,25390,0.024213790893554688,0.0,0,False,no_overlap,high_mask_area,no_overlap__high_mask_area,train,0.0167140960693359,mask_area,0.0,0.001,False,1730
399,P1131_0013.png,P1131.png,P1131,3072,2048,1024,1,9728,0.00927734375,0.0,0,False,no_overlap,low_mask_area,no_overlap__low_mask_area,train,0.0167140960693359,mask_area,0.0,0.001,False,1731
400,P1131_0014.png,P1131.png,P1131,3177,2048,1024,1,9728,0.00927734375,0.0,0,False,no_overlap,low_mask_area,no_overlap__low_mask_area,train,0.0167140960693359,mask_area,0.0,0.001,False,1732
401,P1131_0017.png,P1131.png,P1131,2048,3072,1024,3,91761,0.0875101089477539,0.035098507142194826,2,True,overlap,high_mask_area,overlap__high_mask_area,train,0.0167140960693359,mask_area,0.0,0.001,False,1735
402,P1131_0018.png,P1131.png,P1131,3072,3072,1024,3,49074,0.04680061340332031,0.02236228630633742,2,True,overlap,high_mask_area,overlap__high_mask_area,train,0.0167140960693359,mask_area,0.0,0.001,False,1736
403,P1131_0019.png,P1131.png,P1131,3177,3072,1024,2,40010,0.03815650939941406,0.021841329167518322,1,True,overlap,high_mask_area,overlap__high_mask_area,train,0.0167140960693359,mask_area,0.0,0.001,False,1737
404,P1131_0023.png,P1131.png,P1131,3072,4096,1024,3,52526,0.05009269714355469,0.0051626653709388876,1,True,overlap,high_mask_area,overlap__high_mask_area,train,0.0167140960693359,mask_area,0.0,0.001,False,1741
405,P1131_0024.png,P1131.png,P1131,3177,4096,1024,3,52171,0.04975414276123047,0.005168230033220388,1,True,overlap,high_mask_area,overlap__high_mask_area,train,0.0167140960693359,mask_area,0.0,0.001,False,1742
406,P1131_0028.png,P1131.png,P1131,3072,5030,1024,1,62859,0.05994701385498047,0.0,0,False,no_overlap,high_mask_area,no_overlap__high_mask_area,train,0.0167140960693359,mask_area,0.0,0.001,False,1746
407,P1131_0029.png,P1131.png,P1131,3177,5030,1024,1,59685,0.05692005157470703,0.0,0,False,no_overlap,high_mask_area,no_overlap__high_mask_area,train,0.0167140960693359,mask_area,0.0,0.001,False,1747
408,P1132_0000.png,P1132.png,P1132,0,0,1024,2,59109,0.05637073516845703,0.0010924535440791682,1,True,overlap,high_mask_area,overlap__high_mask_area,train,0.0167140960693359,mask_area,0.0,0.001,False,1748
409,P1132_0001.png,P1132.png,P1132,1024,0,1024,1,501,0.00047779083251953125,0.0,0,False,no_overlap,low_mask_area,no_overlap__low_mask_area,train,0.0167140960693359,mask_area,0.0,0.001,False,1749
410,P1132_0004.png,P1132.png,P1132,4096,0,1024,0,0,0.0,0.0,0,False,no_overlap,low_mask_area,negative,train,0.0167140960693359,mask_area,0.0,0.001,False,1752
411,P1132_0007.png,P1132.png,P1132,1024,1024,1024,5,17009,0.016221046447753906,0.004651162790697674,1,True,overlap,low_mask_area,overlap__low_mask_area,train,0.0167140960693359,mask_area,0.0,0.001,False,1755
412,P1132_0008.png,P1132.png,P1132,2048,1024,1024,1,3167,0.0030202865600585938,0.0,0,False,no_overlap,low_mask_area,no_overlap__low_mask_area,train,0.0167140960693359,mask_area,0.0,0.001,False,1756
413,P1132_0014.png,P1132.png,P1132,2048,2048,1024,1,26383,0.025160789489746094,0.0,0,False,no_overlap,high_mask_area,no_overlap__high_mask_area,train,0.0167140960693359,mask_area,0.0,0.001,False,1762
414,P1132_0015.png,P1132.png,P1132,3072,2048,1024,1,809,0.0007715225219726562,0.0,0,False,no_overlap,low_mask_area,no_overlap__low_mask_area,train,0.0167140960693359,mask_area,0.0,0.001,False,1763
415,P1132_0021.png,P1132.png,P1132,3072,3072,1024,2,70183,0.06693172454833984,0.0,0,False,no_overlap,high_mask_area,no_overlap__high_mask_area,train,0.0167140960693359,mask_area,0.0,0.001,False,1769
416,P1132_0022.png,P1132.png,P1132,4096,3072,1024,3,89093,0.08496570587158203,0.005841950439868556,1,True,overlap,high_mask_area,overlap__high_mask_area,train,0.0167140960693359,mask_area,0.0,0.001,False,1770
417,P1132_0023.png,P1132.png,P1132,4169,3072,1024,3,76600,0.07305145263671875,0.005841950439868556,1,True,overlap,high_mask_area,overlap__high_mask_area,train,0.0167140960693359,mask_area,0.0,0.001,False,1771
418,P1132_0027.png,P1132.png,P1132,3072,3610,1024,1,6428,0.006130218505859375,0.0,0,False,no_overlap,low_mask_area,no_overlap__low_mask_area,train,0.0167140960693359,mask_area,0.0,0.001,False,1775
419,P1132_0028.png,P1132.png,P1132,4096,3610,1024,3,78036,0.07442092895507812,0.004178801452724845,1,True,overlap,high_mask_area,overlap__high_mask_area,train,0.0167140960693359,mask_area,0.0,0.001,False,1776
420,P1132_0029.png,P1132.png,P1132,4169,3610,1024,3,71301,0.06799793243408203,0.004178801452724845,1,True,overlap,high_mask_area,overlap__high_mask_area,train,0.0167140960693359,mask_area,0.0,0.001,False,1777
421,P1133_0000.png,P1133.png,P1133,0,0,1024,2,87129,0.08309268951416016,0.1495218214476431,1,True,overlap,high_mask_area,overlap__high_mask_area,train,0.0167140960693359,mask_area,0.0,0.001,False,700
422,P1133_0001.png,P1133.png,P1133,14,0,1024,2,87129,0.08309268951416016,0.1495218214476431,1,True,overlap,high_mask_area,overlap__high_mask_area,train,0.0167140960693359,mask_area,0.0,0.001,False,701
423,P1133_0002.png,P1133.png,P1133,0,73,1024,2,87129,0.08309268951416016,0.1495218214476431,1,True,overlap,high_mask_area,overlap__high_mask_area,train,0.0167140960693359,mask_area,0.0,0.001,False,702
424,P1133_0003.png,P1133.png,P1133,14,73,1024,2,87129,0.08309268951416016,0.1495218214476431,1,True,overlap,high_mask_area,overlap__high_mask_area,train,0.0167140960693359,mask_area,0.0,0.001,False,703
425,P1134_0000.png,P1134.png,P1134,0,0,1024,1,29344,0.027984619140625,0.0,0,False,no_overlap,high_mask_area,no_overlap__high_mask_area,train,0.0167140960693359,mask_area,0.0,0.001,False,704
426,P1134_0004.png,P1134.png,P1134,1024,1024,1024,1,28348,0.027034759521484375,0.0,0,False,no_overlap,high_mask_area,no_overlap__high_mask_area,train,0.0167140960693359,mask_area,0.0,0.001,False,708
427,P1134_0005.png,P1134.png,P1134,1053,1024,1024,1,28348,0.027034759521484375,0.0,0,False,no_overlap,high_mask_area,no_overlap__high_mask_area,train,0.0167140960693359,mask_area,0.0,0.001,False,709
428,P1134_0007.png,P1134.png,P1134,1024,1172,1024,1,28348,0.027034759521484375,0.0,0,False,no_overlap,high_mask_area,no_overlap__high_mask_area,train,0.0167140960693359,mask_area,0.0,0.001,False,711
429,P1134_0008.png,P1134.png,P1134,1053,1172,1024,1,28348,0.027034759521484375,0.0,0,False,no_overlap,high_mask_area,no_overlap__high_mask_area,train,0.0167140960693359,mask_area,0.0,0.001,False,712
430,P1138_0000.png,P1138.png,P1138,0,0,1024,1,11564,0.011028289794921875,0.0,0,False,no_overlap,low_mask_area,no_overlap__low_mask_area,train,0.0167140960693359,mask_area,0.0,0.001,False,713
431,P1138_0001.png,P1138.png,P1138,1024,0,1024,1,1850,0.0017642974853515625,0.0,0,False,no_overlap,low_mask_area,no_overlap__low_mask_area,train,0.0167140960693359,mask_area,0.0,0.001,False,714
432,P1138_0002.png,P1138.png,P1138,1354,0,1024,1,13978,0.013330459594726562,0.0,0,False,no_overlap,low_mask_area,no_overlap__low_mask_area,train,0.0167140960693359,mask_area,0.0,0.001,False,715
433,P1138_0003.png,P1138.png,P1138,0,256,1024,1,11564,0.011028289794921875,0.0,0,False,no_overlap,low_mask_area,no_overlap__low_mask_area,train,0.0167140960693359,mask_area,0.0,0.001,False,716
434,P1138_0004.png,P1138.png,P1138,1024,256,1024,1,1850,0.0017642974853515625,0.0,0,False,no_overlap,low_mask_area,no_overlap__low_mask_area,train,0.0167140960693359,mask_area,0.0,0.001,False,717
435,P1138_0005.png,P1138.png,P1138,1354,256,1024,1,17014,0.016225814819335938,0.0,0,False,no_overlap,low_mask_area,no_overlap__low_mask_area,train,0.0167140960693359,mask_area,0.0,0.001,False,718
436,P1139_0010.png,P1139.png,P1139,1024,1024,1024,0,0,0.0,0.0,0,False,no_overlap,low_mask_area,negative,train,0.0167140960693359,mask_area,0.0,0.001,False,1788
437,P1139_0013.png,P1139.png,P1139,4096,1024,1024,1,13426,0.012804031372070312,0.0,0,False,no_overlap,low_mask_area,no_overlap__low_mask_area,train,0.0167140960693359,mask_area,0.0,0.001,False,1791
438,P1139_0014.png,P1139.png,P1139,5120,1024,1024,0,0,0.0,0.0,0,False,no_overlap,low_mask_area,negative,train,0.0167140960693359,mask_area,0.0,0.001,False,1792
439,P1139_0015.png,P1139.png,P1139,6144,1024,1024,1,10848,0.010345458984375,0.0,0,False,no_overlap,low_mask_area,no_overlap__low_mask_area,train,0.0167140960693359,mask_area,0.0,0.001,False,1793
440,P1139_0016.png,P1139.png,P1139,7168,1024,1024,1,8595,0.008196830749511719,0.0,0,False,no_overlap,low_mask_area,no_overlap__low_mask_area,train,0.0167140960693359,mask_area,0.0,0.001,False,1794
441,P1139_0020.png,P1139.png,P1139,2048,2048,1024,1,13192,0.01258087158203125,0.0,0,False,no_overlap,low_mask_area,no_overlap__low_mask_area,train,0.0167140960693359,mask_area,0.0,0.001,False,1798
442,P1139_0024.png,P1139.png,P1139,6144,2048,1024,1,6859,0.006541252136230469,0.0,0,False,no_overlap,low_mask_area,no_overlap__low_mask_area,train,0.0167140960693359,mask_area,0.0,0.001,False,1802
443,P1139_0025.png,P1139.png,P1139,7168,2048,1024,1,9763,0.009310722351074219,0.0,0,False,no_overlap,low_mask_area,no_overlap__low_mask_area,train,0.0167140960693359,mask_area,0.0,0.001,False,1803
444,P1139_0028.png,P1139.png,P1139,1024,3072,1024,1,8746,0.008340835571289062,0.0,0,False,no_overlap,low_mask_area,no_overlap__low_mask_area,train,0.0167140960693359,mask_area,0.0,0.001,False,1806
445,P1139_0029.png,P1139.png,P1139,2048,3072,1024,2,121712,0.1160736083984375,0.0,0,False,no_overlap,high_mask_area,no_overlap__high_mask_area,train,0.0167140960693359,mask_area,0.0,0.001,False,1807
446,P1139_0030.png,P1139.png,P1139,3072,3072,1024,2,18965,0.01808643341064453,0.0,0,False,no_overlap,high_mask_area,no_overlap__high_mask_area,train,0.0167140960693359,mask_area,0.0,0.001,False,1808
447,P1139_0032.png,P1139.png,P1139,5120,3072,1024,0,0,0.0,0.0,0,False,no_overlap,low_mask_area,negative,train,0.0167140960693359,mask_area,0.0,0.001,False,1810
448,P1139_0033.png,P1139.png,P1139,6144,3072,1024,2,115120,0.1097869873046875,0.0005565231432888499,1,True,ambiguous_overlap,high_mask_area,negative,train,0.0167140960693359,mask_area,0.0,0.001,False,1811
449,P1139_0034.png,P1139.png,P1139,7168,3072,1024,2,50014,0.04769706726074219,0.0,0,False,no_overlap,high_mask_area,no_overlap__high_mask_area,train,0.0167140960693359,mask_area,0.0,0.001,False,1812
450,P1139_0037.png,P1139.png,P1139,1024,4096,1024,1,67063,0.06395626068115234,0.0,0,False,no_overlap,high_mask_area,no_overlap__high_mask_area,train,0.0167140960693359,mask_area,0.0,0.001,False,1815
451,P1139_0038.png,P1139.png,P1139,2048,4096,1024,2,5090,0.0048542022705078125,0.0,0,False,no_overlap,low_mask_area,no_overlap__low_mask_area,train,0.0167140960693359,mask_area,0.0,0.001,False,1816
452,P1139_0039.png,P1139.png,P1139,3072,4096,1024,1,8328,0.00794219970703125,0.0,0,False,no_overlap,low_mask_area,no_overlap__low_mask_area,train,0.0167140960693359,mask_area,0.0,0.001,False,1817
453,P1139_0040.png,P1139.png,P1139,4096,4096,1024,3,78983,0.07532405853271484,0.004105575114755559,1,True,overlap,high_mask_area,overlap__high_mask_area,train,0.0167140960693359,mask_area,0.0,0.001,False,1818
454,P1139_0041.png,P1139.png,P1139,5120,4096,1024,4,157926,0.15060997009277344,0.01671603142791267,2,True,overlap,high_mask_area,overlap__high_mask_area,train,0.0167140960693359,mask_area,0.0,0.001,False,1819
455,P1139_0042.png,P1139.png,P1139,6144,4096,1024,1,27144,0.02588653564453125,0.0,0,False,no_overlap,high_mask_area,no_overlap__high_mask_area,train,0.0167140960693359,mask_area,0.0,0.001,False,1820
456,P1139_0047.png,P1139.png,P1139,2048,5120,1024,0,0,0.0,0.0,0,False,no_overlap,low_mask_area,negative,train,0.0167140960693359,mask_area,0.0,0.001,False,1825
457,P1139_0048.png,P1139.png,P1139,3072,5120,1024,2,32829,0.03130817413330078,0.0,0,False,no_overlap,high_mask_area,no_overlap__high_mask_area,train,0.0167140960693359,mask_area,0.0,0.001,False,1826
458,P1139_0049.png,P1139.png,P1139,4096,5120,1024,1,6990,0.0066661834716796875,0.0,0,False,no_overlap,low_mask_area,no_overlap__low_mask_area,train,0.0167140960693359,mask_area,0.0,0.001,False,1827
459,P1139_0057.png,P1139.png,P1139,3072,5449,1024,1,8400,0.0080108642578125,0.0,0,False,no_overlap,low_mask_area,no_overlap__low_mask_area,train,0.0167140960693359,mask_area,0.0,0.001,False,1835
460,P1141_0000.png,P1141.png,P1141,0,0,1024,1,875,0.0008344650268554688,0.0,0,False,no_overlap,low_mask_area,no_overlap__low_mask_area,train,0.0167140960693359,mask_area,0.0,0.001,False,1871
461,P1141_0003.png,P1141.png,P1141,3072,0,1024,2,30049,0.028656959533691406,0.15821777676744714,1,True,overlap,high_mask_area,overlap__high_mask_area,train,0.0167140960693359,mask_area,0.0,0.001,False,1874
462,P1141_0004.png,P1141.png,P1141,4096,0,1024,3,18689,0.017823219299316406,0.6022579244463743,2,True,overlap,high_mask_area,overlap__high_mask_area,train,0.0167140960693359,mask_area,0.0,0.001,False,1875
463,P1141_0005.png,P1141.png,P1141,4550,0,1024,3,23540,0.022449493408203125,0.45843184247174273,2,True,overlap,high_mask_area,overlap__high_mask_area,train,0.0167140960693359,mask_area,0.0,0.001,False,1876
464,P1141_0006.png,P1141.png,P1141,0,1024,1024,5,51052,0.048686981201171875,0.0,0,False,no_overlap,high_mask_area,no_overlap__high_mask_area,train,0.0167140960693359,mask_area,0.0,0.001,False,1877
465,P1141_0007.png,P1141.png,P1141,1024,1024,1024,3,12225,0.011658668518066406,0.0,0,False,no_overlap,low_mask_area,no_overlap__low_mask_area,train,0.0167140960693359,mask_area,0.0,0.001,False,1878
466,P1141_0009.png,P1141.png,P1141,3072,1024,1024,3,26490,0.025262832641601562,0.0,0,False,no_overlap,high_mask_area,no_overlap__high_mask_area,train,0.0167140960693359,mask_area,0.0,0.001,False,1880
467,P1141_0010.png,P1141.png,P1141,4096,1024,1024,6,63665,0.060715675354003906,0.026953544575725026,1,True,overlap,high_mask_area,overlap__high_mask_area,train,0.0167140960693359,mask_area,0.0,0.001,False,1881
468,P1141_0011.png,P1141.png,P1141,4550,1024,1024,6,62182,0.05930137634277344,0.026891598463337232,3,True,overlap,high_mask_area,overlap__high_mask_area,train,0.0167140960693359,mask_area,0.0,0.001,False,1882
469,P1141_0013.png,P1141.png,P1141,1024,2048,1024,2,24282,0.023157119750976562,0.0,0,False,no_overlap,high_mask_area,no_overlap__high_mask_area,train,0.0167140960693359,mask_area,0.0,0.001,False,1884
470,P1141_0014.png,P1141.png,P1141,2048,2048,1024,1,9435,0.008997917175292969,0.0,0,False,no_overlap,low_mask_area,no_overlap__low_mask_area,train,0.0167140960693359,mask_area,0.0,0.001,False,1885
471,P1141_0021.png,P1141.png,P1141,3072,3072,1024,1,7022,0.0066967010498046875,0.0,0,False,no_overlap,low_mask_area,no_overlap__low_mask_area,train,0.0167140960693359,mask_area,0.0,0.001,False,1892
472,P1141_0022.png,P1141.png,P1141,4096,3072,1024,1,207,0.00019741058349609375,0.0,0,False,no_overlap,low_mask_area,no_overlap__low_mask_area,train,0.0167140960693359,mask_area,0.0,0.001,False,1893
473,P1141_0027.png,P1141.png,P1141,3072,3331,1024,1,7022,0.0066967010498046875,0.0,0,False,no_overlap,low_mask_area,no_overlap__low_mask_area,train,0.0167140960693359,mask_area,0.0,0.001,False,1898
474,P1141_0028.png,P1141.png,P1141,4096,3331,1024,1,207,0.00019741058349609375,0.0,0,False,no_overlap,low_mask_area,no_overlap__low_mask_area,train,0.0167140960693359,mask_area,0.0,0.001,False,1899
475,P1142_0000.png,P1142.png,P1142,0,0,1024,1,26491,0.02526378631591797,0.0,0,False,no_overlap,high_mask_area,no_overlap__high_mask_area,train,0.0167140960693359,mask_area,0.0,0.001,False,1901
476,P1142_0001.png,P1142.png,P1142,1024,0,1024,2,41622,0.03969383239746094,0.0,0,False,no_overlap,high_mask_area,no_overlap__high_mask_area,train,0.0167140960693359,mask_area,0.0,0.001,False,1902
477,P1142_0004.png,P1142.png,P1142,0,1024,1024,1,27196,0.025936126708984375,0.0,0,False,no_overlap,high_mask_area,no_overlap__high_mask_area,train,0.0167140960693359,mask_area,0.0,0.001,False,1905
478,P1142_0005.png,P1142.png,P1142,1024,1024,1024,1,12,1.1444091796875e-05,0.0,0,False,no_overlap,low_mask_area,no_overlap__low_mask_area,train,0.0167140960693359,mask_area,0.0,0.001,False,1906
479,P1142_0006.png,P1142.png,P1142,2048,1024,1024,0,0,0.0,0.0,0,False,no_overlap,low_mask_area,negative,train,0.0167140960693359,mask_area,0.0,0.001,False,1907
480,P1142_0009.png,P1142.png,P1142,1024,2048,1024,2,51050,0.04868507385253906,0.0,0,False,no_overlap,high_mask_area,no_overlap__high_mask_area,train,0.0167140960693359,mask_area,0.0,0.001,False,1910
481,P1142_0010.png,P1142.png,P1142,2048,2048,1024,1,32592,0.0310821533203125,0.0,0,False,no_overlap,high_mask_area,no_overlap__high_mask_area,train,0.0167140960693359,mask_area,0.0,0.001,False,1911
482,P1142_0011.png,P1142.png,P1142,2994,2048,1024,1,25429,0.02425098419189453,0.0,0,False,no_overlap,high_mask_area,no_overlap__high_mask_area,train,0.0167140960693359,mask_area,0.0,0.001,False,1912
483,P1142_0014.png,P1142.png,P1142,2048,3072,1024,1,204,0.000194549560546875,0.0,0,False,no_overlap,low_mask_area,no_overlap__low_mask_area,train,0.0167140960693359,mask_area,0.0,0.001,False,1915
484,P1142_0015.png,P1142.png,P1142,2994,3072,1024,2,94954,0.09055519104003906,0.0,0,False,no_overlap,high_mask_area,no_overlap__high_mask_area,train,0.0167140960693359,mask_area,0.0,0.001,False,1916
485,P1142_0018.png,P1142.png,P1142,2048,3887,1024,1,4724,0.004505157470703125,0.0,0,False,no_overlap,low_mask_area,no_overlap__low_mask_area,train,0.0167140960693359,mask_area,0.0,0.001,False,1919
486,P1142_0019.png,P1142.png,P1142,2994,3887,1024,1,72238,0.06889152526855469,0.0,0,False,no_overlap,high_mask_area,no_overlap__high_mask_area,train,0.0167140960693359,mask_area,0.0,0.001,False,1920
487,P1144_0000.png,P1144.png,P1144,0,0,1024,1,19677,0.01876544952392578,0.0,0,False,no_overlap,high_mask_area,no_overlap__high_mask_area,train,0.0167140960693359,mask_area,0.0,0.001,False,512
488,P1144_0001.png,P1144.png,P1144,496,0,1024,1,19677,0.01876544952392578,0.0,0,False,no_overlap,high_mask_area,no_overlap__high_mask_area,train,0.0167140960693359,mask_area,0.0,0.001,False,513
489,P1144_0002.png,P1144.png,P1144,0,1024,1024,1,21528,0.02053070068359375,0.0,0,False,no_overlap,high_mask_area,no_overlap__high_mask_area,train,0.0167140960693359,mask_area,0.0,0.001,False,514
490,P1144_0003.png,P1144.png,P1144,496,1024,1024,1,21528,0.02053070068359375,0.0,0,False,no_overlap,high_mask_area,no_overlap__high_mask_area,train,0.0167140960693359,mask_area,0.0,0.001,False,515
491,P1144_0004.png,P1144.png,P1144,0,1281,1024,1,21528,0.02053070068359375,0.0,0,False,no_overlap,high_mask_area,no_overlap__high_mask_area,train,0.0167140960693359,mask_area,0.0,0.001,False,516
492,P1144_0005.png,P1144.png,P1144,496,1281,1024,1,21528,0.02053070068359375,0.0,0,False,no_overlap,high_mask_area,no_overlap__high_mask_area,train,0.0167140960693359,mask_area,0.0,0.001,False,517
493,P1147_0000.png,P1147.png,P1147,0,0,1024,1,51390,0.04900932312011719,0.0,0,False,no_overlap,high_mask_area,no_overlap__high_mask_area,train,0.0167140960693359,mask_area,0.0,0.001,False,755
494,P1147_0001.png,P1147.png,P1147,1024,0,1024,1,12469,0.011891365051269531,0.0,0,False,no_overlap,low_mask_area,no_overlap__low_mask_area,train,0.0167140960693359,mask_area,0.0,0.001,False,756
495,P1147_0006.png,P1147.png,P1147,1024,1024,1024,1,25308,0.024135589599609375,0.0,0,False,no_overlap,high_mask_area,no_overlap__high_mask_area,train,0.0167140960693359,mask_area,0.0,0.001,False,761
496,P1147_0010.png,P1147.png,P1147,0,2048,1024,2,87896,0.08382415771484375,0.0006526568093860446,1,True,ambiguous_overlap,high_mask_area,negative,train,0.0167140960693359,mask_area,0.0,0.001,False,765
497,P1147_0015.png,P1147.png,P1147,0,3072,1024,1,24784,0.0236358642578125,0.0,0,False,no_overlap,high_mask_area,no_overlap__high_mask_area,train,0.0167140960693359,mask_area,0.0,0.001,False,770
498,P1147_0016.png,P1147.png,P1147,1024,3072,1024,1,25303,0.024130821228027344,0.0,0,False,no_overlap,high_mask_area,no_overlap__high_mask_area,train,0.0167140960693359,mask_area,0.0,0.001,False,771
499,P1147_0017.png,P1147.png,P1147,2048,3072,1024,3,30197,0.02879810333251953,0.07750106327678276,1,True,overlap,high_mask_area,overlap__high_mask_area,train,0.0167140960693359,mask_area,0.0,0.001,False,772
500,P1147_0022.png,P1147.png,P1147,2048,4096,1024,3,37249,0.035523414611816406,0.011689998556790301,1,True,overlap,high_mask_area,overlap__high_mask_area,train,0.0167140960693359,mask_area,0.0,0.001,False,777
501,P1147_0023.png,P1147.png,P1147,3072,4096,1024,1,4872,0.00464630126953125,0.0,0,False,no_overlap,low_mask_area,no_overlap__low_mask_area,train,0.0167140960693359,mask_area,0.0,0.001,False,778
502,P1147_0027.png,P1147.png,P1147,2048,5120,1024,1,9654,0.009206771850585938,0.0,0,False,no_overlap,low_mask_area,no_overlap__low_mask_area,train,0.0167140960693359,mask_area,0.0,0.001,False,782
503,P1147_0028.png,P1147.png,P1147,3072,5120,1024,1,7989,0.007618904113769531,0.0,0,False,no_overlap,low_mask_area,no_overlap__low_mask_area,train,0.0167140960693359,mask_area,0.0,0.001,False,783
504,P1147_0029.png,P1147.png,P1147,3648,5120,1024,1,22320,0.0212860107421875,0.0,0,False,no_overlap,high_mask_area,no_overlap__high_mask_area,train,0.0167140960693359,mask_area,0.0,0.001,False,784
505,P1147_0034.png,P1147.png,P1147,3648,5411,1024,1,14668,0.013988494873046875,0.0,0,False,no_overlap,low_mask_area,no_overlap__low_mask_area,train,0.0167140960693359,mask_area,0.0,0.001,False,789
506,P1150_0000.png,P1150.png,P1150,0,0,1024,1,5107,0.004870414733886719,0.0,0,False,no_overlap,low_mask_area,no_overlap__low_mask_area,train,0.0167140960693359,mask_area,0.0,0.001,False,518
507,P1152_0001.png,P1152.png,P1152,1024,0,1024,3,45704,0.04358673095703125,0.0,0,False,no_overlap,high_mask_area,no_overlap__high_mask_area,train,0.0167140960693359,mask_area,0.0,0.001,False,1952
508,P1152_0002.png,P1152.png,P1152,1379,0,1024,5,62964,0.060047149658203125,0.030745373023632134,2,True,overlap,high_mask_area,overlap__high_mask_area,train,0.0167140960693359,mask_area,0.0,0.001,False,1953
509,P1152_0003.png,P1152.png,P1152,0,1024,1024,2,82506,0.07868385314941406,0.0,0,False,no_overlap,high_mask_area,no_overlap__high_mask_area,train,0.0167140960693359,mask_area,0.0,0.001,False,1954
510,P1152_0004.png,P1152.png,P1152,1024,1024,1024,3,54057,0.051552772521972656,0.01944541671528021,1,True,overlap,high_mask_area,overlap__high_mask_area,train,0.0167140960693359,mask_area,0.0,0.001,False,1955
511,P1152_0005.png,P1152.png,P1152,1379,1024,1024,2,24771,0.02362346649169922,0.04453086731285903,1,True,overlap,high_mask_area,overlap__high_mask_area,train,0.0167140960693359,mask_area,0.0,0.001,False,1956
512,P1152_0006.png,P1152.png,P1152,0,2048,1024,2,62855,0.059943199157714844,0.0,0,False,no_overlap,high_mask_area,no_overlap__high_mask_area,train,0.0167140960693359,mask_area,0.0,0.001,False,1957
513,P1152_0009.png,P1152.png,P1152,0,2859,1024,2,53136,0.0506744384765625,0.0,0,False,no_overlap,high_mask_area,no_overlap__high_mask_area,train,0.0167140960693359,mask_area,0.0,0.001,False,1960
514,P1152_0010.png,P1152.png,P1152,1024,2859,1024,1,31311,0.029860496520996094,0.0,0,False,no_overlap,high_mask_area,no_overlap__high_mask_area,train,0.0167140960693359,mask_area,0.0,0.001,False,1961
515,P1154_0002.png,P1154.png,P1154,2048,0,1024,1,752,0.0007171630859375,0.0,0,False,no_overlap,low_mask_area,no_overlap__low_mask_area,train,0.0167140960693359,mask_area,0.0,0.001,False,812
516,P1154_0003.png,P1154.png,P1154,2772,0,1024,3,18685,0.01781940460205078,0.007825920977285742,1,True,overlap,high_mask_area,overlap__high_mask_area,train,0.0167140960693359,mask_area,0.0,0.001,False,813
517,P1154_0005.png,P1154.png,P1154,1024,1024,1024,2,11742,0.011198043823242188,0.03942181340341656,1,True,overlap,low_mask_area,overlap__low_mask_area,train,0.0167140960693359,mask_area,0.0,0.001,False,815
518,P1154_0006.png,P1154.png,P1154,2048,1024,1024,3,35881,0.034218788146972656,0.035642475879128034,1,True,overlap,high_mask_area,overlap__high_mask_area,train,0.0167140960693359,mask_area,0.0,0.001,False,816
519,P1154_0007.png,P1154.png,P1154,2772,1024,1024,3,7955,0.007586479187011719,0.0,0,False,no_overlap,low_mask_area,no_overlap__low_mask_area,train,0.0167140960693359,mask_area,0.0,0.001,False,817
520,P1154_0008.png,P1154.png,P1154,0,2048,1024,4,27041,0.025788307189941406,0.07979012122308667,3,True,overlap,high_mask_area,overlap__high_mask_area,train,0.0167140960693359,mask_area,0.0,0.001,False,818
521,P1154_0009.png,P1154.png,P1154,1024,2048,1024,10,66347,0.06327342987060547,0.09531568228105906,8,True,overlap,high_mask_area,overlap__high_mask_area,train,0.0167140960693359,mask_area,0.0,0.001,False,819
522,P1154_0012.png,P1154.png,P1154,0,2704,1024,5,41765,0.03983020782470703,0.07494157361724227,4,True,overlap,high_mask_area,overlap__high_mask_area,train,0.0167140960693359,mask_area,0.0,0.001,False,822
523,P1154_0013.png,P1154.png,P1154,1024,2704,1024,2,6567,0.006262779235839844,0.148902322621699,1,True,overlap,low_mask_area,overlap__low_mask_area,train,0.0167140960693359,mask_area,0.0,0.001,False,823
524,P1155_0002.png,P1155.png,P1155,2004,0,1024,4,50981,0.04861927032470703,0.07811487647539367,2,True,overlap,high_mask_area,overlap__high_mask_area,train,0.0167140960693359,mask_area,0.0,0.001,False,1965
525,P1155_0003.png,P1155.png,P1155,0,1024,1024,1,4315,0.004115104675292969,0.0,0,False,no_overlap,low_mask_area,no_overlap__low_mask_area,train,0.0167140960693359,mask_area,0.0,0.001,False,1966
526,P1155_0004.png,P1155.png,P1155,1024,1024,1024,7,74965,0.07149219512939453,0.008101717253944258,1,True,overlap,high_mask_area,overlap__high_mask_area,train,0.0167140960693359,mask_area,0.0,0.001,False,1967
527,P1155_0005.png,P1155.png,P1155,2004,1024,1024,2,11892,0.011341094970703125,0.0,0,False,no_overlap,low_mask_area,no_overlap__low_mask_area,train,0.0167140960693359,mask_area,0.0,0.001,False,1968
528,P1155_0006.png,P1155.png,P1155,0,1657,1024,3,26767,0.025527000427246094,0.006399936398147596,1,True,overlap,high_mask_area,overlap__high_mask_area,train,0.0167140960693359,mask_area,0.0,0.001,False,1969
529,P1155_0007.png,P1155.png,P1155,1024,1657,1024,3,28082,0.026781082153320312,0.009041747782825005,1,True,overlap,high_mask_area,overlap__high_mask_area,train,0.0167140960693359,mask_area,0.0,0.001,False,1970
530,P1159_0000.png,P1159.png,P1159,0,0,1024,5,16620,0.015850067138671875,0.1287343834872352,5,True,overlap,low_mask_area,overlap__low_mask_area,train,0.0167140960693359,mask_area,0.0,0.001,False,1972
531,P1159_0001.png,P1159.png,P1159,1024,0,1024,3,28027,0.02672863006591797,0.2261879201281649,3,True,overlap,high_mask_area,overlap__high_mask_area,train,0.0167140960693359,mask_area,0.0,0.001,False,1973
532,P1159_0004.png,P1159.png,P1159,0,1024,1024,11,44133,0.04208850860595703,0.20208728652751423,6,True,overlap,high_mask_area,overlap__high_mask_area,train,0.0167140960693359,mask_area,0.0,0.001,False,1976
533,P1159_0005.png,P1159.png,P1159,1024,1024,1024,2,7250,0.0069141387939453125,0.0,0,False,no_overlap,low_mask_area,no_overlap__low_mask_area,train,0.0167140960693359,mask_area,0.0,0.001,False,1977
534,P1159_0006.png,P1159.png,P1159,2048,1024,1024,3,10330,0.009851455688476562,0.0,0,False,no_overlap,low_mask_area,no_overlap__low_mask_area,train,0.0167140960693359,mask_area,0.0,0.001,False,1978
535,P1159_0007.png,P1159.png,P1159,2384,1024,1024,1,7295,0.006957054138183594,0.0,0,False,no_overlap,low_mask_area,no_overlap__low_mask_area,train,0.0167140960693359,mask_area,0.0,0.001,False,1979
536,P1159_0008.png,P1159.png,P1159,0,2048,1024,11,25433,0.024254798889160156,0.30430859463117527,12,True,overlap,high_mask_area,overlap__high_mask_area,train,0.0167140960693359,mask_area,0.0,0.001,False,1980
537,P1159_0009.png,P1159.png,P1159,1024,2048,1024,5,12452,0.011875152587890625,0.0,0,False,no_overlap,low_mask_area,no_overlap__low_mask_area,train,0.0167140960693359,mask_area,0.0,0.001,False,1981
538,P1159_0010.png,P1159.png,P1159,2048,2048,1024,6,34163,0.03258037567138672,0.0,0,False,no_overlap,high_mask_area,no_overlap__high_mask_area,train,0.0167140960693359,mask_area,0.0,0.001,False,1982
539,P1159_0011.png,P1159.png,P1159,2384,2048,1024,3,13896,0.01325225830078125,0.0,0,False,no_overlap,low_mask_area,no_overlap__low_mask_area,train,0.0167140960693359,mask_area,0.0,0.001,False,1983
540,P1159_0012.png,P1159.png,P1159,0,3072,1024,11,34283,0.03269481658935547,0.18996415770609318,5,True,overlap,high_mask_area,overlap__high_mask_area,train,0.0167140960693359,mask_area,0.0,0.001,False,1984
541,P1159_0013.png,P1159.png,P1159,1024,3072,1024,3,10238,0.009763717651367188,0.0,0,False,no_overlap,low_mask_area,no_overlap__low_mask_area,train,0.0167140960693359,mask_area,0.0,0.001,False,1985
542,P1159_0014.png,P1159.png,P1159,2048,3072,1024,5,52247,0.049826622009277344,0.02448236325622176,2,True,overlap,high_mask_area,overlap__high_mask_area,train,0.0167140960693359,mask_area,0.0,0.001,False,1986
543,P1159_0015.png,P1159.png,P1159,2384,3072,1024,4,35060,0.033435821533203125,0.02503966337863006,2,True,overlap,high_mask_area,overlap__high_mask_area,train,0.0167140960693359,mask_area,0.0,0.001,False,1987
544,P1159_0016.png,P1159.png,P1159,0,3191,1024,14,48007,0.045783042907714844,0.20678092399403875,8,True,overlap,high_mask_area,overlap__high_mask_area,train,0.0167140960693359,mask_area,0.0,0.001,False,1988
545,P1159_0017.png,P1159.png,P1159,1024,3191,1024,4,10314,0.009836196899414062,0.0,0,False,no_overlap,low_mask_area,no_overlap__low_mask_area,train,0.0167140960693359,mask_area,0.0,0.001,False,1989
546,P1159_0018.png,P1159.png,P1159,2048,3191,1024,4,50841,0.048485755920410156,0.02448236325622176,2,True,overlap,high_mask_area,overlap__high_mask_area,train,0.0167140960693359,mask_area,0.0,0.001,False,1990
547,P1159_0019.png,P1159.png,P1159,2384,3191,1024,3,33654,0.03209495544433594,0.02503966337863006,2,True,overlap,high_mask_area,overlap__high_mask_area,train,0.0167140960693359,mask_area,0.0,0.001,False,1991
548,P1164_0001.png,P1164.png,P1164,1024,0,1024,1,49,4.673004150390625e-05,0.0,0,False,no_overlap,low_mask_area,no_overlap__low_mask_area,train,0.0167140960693359,mask_area,0.0,0.001,False,2042
549,P1164_0004.png,P1164.png,P1164,1024,1024,1024,5,2197,0.0020952224731445312,0.0,0,False,no_overlap,low_mask_area,no_overlap__low_mask_area,train,0.0167140960693359,mask_area,0.0,0.001,False,2045
550,P1164_0005.png,P1164.png,P1164,2025,1024,1024,11,5544,0.00528717041015625,0.04024767801857585,2,True,overlap,low_mask_area,overlap__low_mask_area,train,0.0167140960693359,mask_area,0.0,0.001,False,2046
551,P1164_0006.png,P1164.png,P1164,0,2048,1024,3,606,0.0005779266357421875,0.0,0,False,no_overlap,low_mask_area,no_overlap__low_mask_area,train,0.0167140960693359,mask_area,0.0,0.001,False,2047
552,P1164_0007.png,P1164.png,P1164,1024,2048,1024,29,17999,0.017165184020996094,0.0,0,False,no_overlap,high_mask_area,no_overlap__high_mask_area,train,0.0167140960693359,mask_area,0.0,0.001,False,2048
553,P1164_0008.png,P1164.png,P1164,2025,2048,1024,10,4030,0.0038433074951171875,0.0,0,False,no_overlap,low_mask_area,no_overlap__low_mask_area,train,0.0167140960693359,mask_area,0.0,0.001,False,2049
554,P1164_0009.png,P1164.png,P1164,0,3072,1024,1,306,0.0002918243408203125,0.0,0,False,no_overlap,low_mask_area,no_overlap__low_mask_area,train,0.0167140960693359,mask_area,0.0,0.001,False,2050
555,P1164_0010.png,P1164.png,P1164,1024,3072,1024,1,718,0.0006847381591796875,0.0,0,False,no_overlap,low_mask_area,no_overlap__low_mask_area,train,0.0167140960693359,mask_area,0.0,0.001,False,2051
556,P1164_0011.png,P1164.png,P1164,2025,3072,1024,2,488,0.00046539306640625,0.0,0,False,no_overlap,low_mask_area,no_overlap__low_mask_area,train,0.0167140960693359,mask_area,0.0,0.001,False,2052
557,P1164_0012.png,P1164.png,P1164,0,3120,1024,1,306,0.0002918243408203125,0.0,0,False,no_overlap,low_mask_area,no_overlap__low_mask_area,train,0.0167140960693359,mask_area,0.0,0.001,False,2053
558,P1164_0013.png,P1164.png,P1164,1024,3120,1024,1,714,0.0006809234619140625,0.0,0,False,no_overlap,low_mask_area,no_overlap__low_mask_area,train,0.0167140960693359,mask_area,0.0,0.001,False,2054
559,P1164_0014.png,P1164.png,P1164,2025,3120,1024,2,488,0.00046539306640625,0.0,0,False,no_overlap,low_mask_area,no_overlap__low_mask_area,train,0.0167140960693359,mask_area,0.0,0.001,False,2055
560,P1170_0009.png,P1170.png,P1170,3159,1024,1024,1,2125,0.0020265579223632812,0.0,0,False,no_overlap,low_mask_area,no_overlap__low_mask_area,train,0.0167140960693359,mask_area,0.0,0.001,False,2124
561,P1170_0021.png,P1170.png,P1170,1024,4096,1024,8,10707,0.010210990905761719,0.0,0,False,no_overlap,low_mask_area,no_overlap__low_mask_area,train,0.0167140960693359,mask_area,0.0,0.001,False,2136
562,P1170_0022.png,P1170.png,P1170,2048,4096,1024,1,2391,0.0022802352905273438,0.0,0,False,no_overlap,low_mask_area,no_overlap__low_mask_area,train,0.0167140960693359,mask_area,0.0,0.001,False,2137
563,P1170_0026.png,P1170.png,P1170,1024,5120,1024,1,1840,0.0017547607421875,0.0,0,False,no_overlap,low_mask_area,no_overlap__low_mask_area,train,0.0167140960693359,mask_area,0.0,0.001,False,2141
564,P1170_0027.png,P1170.png,P1170,2048,5120,1024,1,2903,0.0027685165405273438,0.0,0,False,no_overlap,low_mask_area,no_overlap__low_mask_area,train,0.0167140960693359,mask_area,0.0,0.001,False,2142
565,P1170_0032.png,P1170.png,P1170,2048,6144,1024,0,0,0.0,0.0,0,False,no_overlap,low_mask_area,negative,train,0.0167140960693359,mask_area,0.0,0.001,False,2147
566,P1171_0005.png,P1171.png,P1171,5120,0,1024,2,2685,0.0025606155395507812,0.0,0,False,no_overlap,low_mask_area,no_overlap__low_mask_area,train,0.0167140960693359,mask_area,0.0,0.001,False,592
567,P1171_0010.png,P1171.png,P1171,3072,1024,1024,7,13469,0.012845039367675781,0.0,0,False,no_overlap,low_mask_area,no_overlap__low_mask_area,train,0.0167140960693359,mask_area,0.0,0.001,False,597
568,P1171_0011.png,P1171.png,P1171,4096,1024,1024,2,2358,0.0022487640380859375,0.0,0,False,no_overlap,low_mask_area,no_overlap__low_mask_area,train,0.0167140960693359,mask_area,0.0,0.001,False,598
569,P1171_0012.png,P1171.png,P1171,5120,1024,1024,1,885,0.0008440017700195312,0.0,0,False,no_overlap,low_mask_area,no_overlap__low_mask_area,train,0.0167140960693359,mask_area,0.0,0.001,False,599
570,P1171_0013.png,P1171.png,P1171,5856,1024,1024,3,2550,0.0024318695068359375,0.0,0,False,no_overlap,low_mask_area,no_overlap__low_mask_area,train,0.0167140960693359,mask_area,0.0,0.001,False,600
571,P1171_0015.png,P1171.png,P1171,1024,2048,1024,1,661,0.0006303787231445312,0.0,0,False,no_overlap,low_mask_area,no_overlap__low_mask_area,train,0.0167140960693359,mask_area,0.0,0.001,False,602
572,P1171_0016.png,P1171.png,P1171,2048,2048,1024,8,11156,0.010639190673828125,0.013528177674889676,2,True,overlap,low_mask_area,overlap__low_mask_area,train,0.0167140960693359,mask_area,0.0,0.001,False,603
573,P1171_0021.png,P1171.png,P1171,0,3072,1024,1,3008,0.00286865234375,0.0,0,False,no_overlap,low_mask_area,no_overlap__low_mask_area,train,0.0167140960693359,mask_area,0.0,0.001,False,608
574,P1171_0022.png,P1171.png,P1171,1024,3072,1024,12,7360,0.00701904296875,0.08544303797468354,4,True,overlap,low_mask_area,overlap__low_mask_area,train,0.0167140960693359,mask_area,0.0,0.001,False,609
575,P1171_0023.png,P1171.png,P1171,2048,3072,1024,1,1058,0.0010089874267578125,0.0,0,False,no_overlap,low_mask_area,no_overlap__low_mask_area,train,0.0167140960693359,mask_area,0.0,0.001,False,610
576,P1171_0028.png,P1171.png,P1171,0,4096,1024,1,1308,0.001247406005859375,0.0,0,False,no_overlap,low_mask_area,no_overlap__low_mask_area,train,0.0167140960693359,mask_area,0.0,0.001,False,615
577,P1171_0035.png,P1171.png,P1171,0,4291,1024,1,1308,0.001247406005859375,0.0,0,False,no_overlap,low_mask_area,no_overlap__low_mask_area,train,0.0167140960693359,mask_area,0.0,0.001,False,622
578,P1173_0000.png,P1173.png,P1173,0,0,1024,2,7606,0.0072536468505859375,0.0,0,False,no_overlap,low_mask_area,no_overlap__low_mask_area,train,0.0167140960693359,mask_area,0.0,0.001,False,629
579,P1173_0001.png,P1173.png,P1173,1024,0,1024,5,7817,0.007454872131347656,0.0,0,False,no_overlap,low_mask_area,no_overlap__low_mask_area,train,0.0167140960693359,mask_area,0.0,0.001,False,630
580,P1173_0005.png,P1173.png,P1173,1024,1024,1024,16,49224,0.04694366455078125,0.01254180602006689,3,True,overlap,high_mask_area,overlap__high_mask_area,train,0.0167140960693359,mask_area,0.0,0.001,False,634
581,P1173_0006.png,P1173.png,P1173,2048,1024,1024,13,54875,0.05233287811279297,0.06908398371858546,7,True,overlap,high_mask_area,overlap__high_mask_area,train,0.0167140960693359,mask_area,0.0,0.001,False,635
582,P1173_0007.png,P1173.png,P1173,2457,1024,1024,7,20120,0.01918792724609375,0.07985151933701658,3,True,overlap,high_mask_area,overlap__high_mask_area,train,0.0167140960693359,mask_area,0.0,0.001,False,636
583,P1173_0009.png,P1173.png,P1173,1024,2048,1024,9,24820,0.023670196533203125,0.00646070715376483,4,True,overlap,high_mask_area,overlap__high_mask_area,train,0.0167140960693359,mask_area,0.0,0.001,False,638
584,P1173_0010.png,P1173.png,P1173,2048,2048,1024,19,42045,0.04009723663330078,0.05694275274056029,13,True,overlap,high_mask_area,overlap__high_mask_area,train,0.0167140960693359,mask_area,0.0,0.001,False,639
585,P1173_0011.png,P1173.png,P1173,2457,2048,1024,8,16478,0.015714645385742188,0.03926282051282051,5,True,overlap,low_mask_area,overlap__low_mask_area,train,0.0167140960693359,mask_area,0.0,0.001,False,640
586,P1173_0014.png,P1173.png,P1173,2048,2784,1024,9,20935,0.019965171813964844,0.058533275766360325,4,True,overlap,high_mask_area,overlap__high_mask_area,train,0.0167140960693359,mask_area,0.0,0.001,False,643
587,P1173_0015.png,P1173.png,P1173,2457,2784,1024,11,29310,0.027952194213867188,0.06355856658940988,5,True,overlap,high_mask_area,overlap__high_mask_area,train,0.0167140960693359,mask_area,0.0,0.001,False,644
588,P1178_0006.png,P1178.png,P1178,1024,1024,1024,2,15651,0.014925956726074219,0.0,0,False,no_overlap,low_mask_area,no_overlap__low_mask_area,train,0.0167140960693359,mask_area,0.0,0.001,False,844
589,P1178_0010.png,P1178.png,P1178,0,2048,1024,1,1921,0.0018320083618164062,0.0,0,False,no_overlap,low_mask_area,no_overlap__low_mask_area,train,0.0167140960693359,mask_area,0.0,0.001,False,848
590,P1178_0011.png,P1178.png,P1178,1024,2048,1024,4,8536,0.00814056396484375,0.0,0,False,no_overlap,low_mask_area,no_overlap__low_mask_area,train,0.0167140960693359,mask_area,0.0,0.001,False,849
591,P1178_0015.png,P1178.png,P1178,0,3072,1024,1,565,0.0005388259887695312,0.0,0,False,no_overlap,low_mask_area,no_overlap__low_mask_area,train,0.0167140960693359,mask_area,0.0,0.001,False,853
592,P1178_0016.png,P1178.png,P1178,1024,3072,1024,4,14493,0.013821601867675781,0.0,0,False,no_overlap,low_mask_area,no_overlap__low_mask_area,train,0.0167140960693359,mask_area,0.0,0.001,False,854
593,P1178_0017.png,P1178.png,P1178,2048,3072,1024,1,3892,0.003711700439453125,0.0,0,False,no_overlap,low_mask_area,no_overlap__low_mask_area,train,0.0167140960693359,mask_area,0.0,0.001,False,855
594,P1178_0020.png,P1178.png,P1178,0,3514,1024,1,565,0.0005388259887695312,0.0,0,False,no_overlap,low_mask_area,no_overlap__low_mask_area,train,0.0167140960693359,mask_area,0.0,0.001,False,858
595,P1178_0021.png,P1178.png,P1178,1024,3514,1024,3,13214,0.012601852416992188,0.0,0,False,no_overlap,low_mask_area,no_overlap__low_mask_area,train,0.0167140960693359,mask_area,0.0,0.001,False,859
596,P1178_0022.png,P1178.png,P1178,2048,3514,1024,1,3892,0.003711700439453125,0.0,0,False,no_overlap,low_mask_area,no_overlap__low_mask_area,train,0.0167140960693359,mask_area,0.0,0.001,False,860
597,P1182_0007.png,P1182.png,P1182,1024,2048,1024,0,0,0.0,0.0,0,False,no_overlap,low_mask_area,negative,train,0.0167140960693359,mask_area,0.0,0.001,False,2182
598,P1207_0000.png,P1207.png,P1207,0,0,1024,0,0,0.0,0.0,0,False,no_overlap,low_mask_area,negative,train,0.0167140960693359,mask_area,0.0,0.001,False,2227
599,P1207_0001.png,P1207.png,P1207,1024,0,1024,0,0,0.0,0.0,0,False,no_overlap,low_mask_area,negative,train,0.0167140960693359,mask_area,0.0,0.001,False,2228
600,P1207_0007.png,P1207.png,P1207,1024,1024,1024,0,0,0.0,0.0,0,False,no_overlap,low_mask_area,negative,train,0.0167140960693359,mask_area,0.0,0.001,False,2234
601,P1208_0009.png,P1208.png,P1208,1024,2048,1024,0,0,0.0,0.0,0,False,no_overlap,low_mask_area,negative,train,0.0167140960693359,mask_area,0.0,0.001,False,2260
602,P1208_0013.png,P1208.png,P1208,1024,2976,1024,0,0,0.0,0.0,0,False,no_overlap,low_mask_area,negative,train,0.0167140960693359,mask_area,0.0,0.001,False,2264
603,P1209_0004.png,P1209.png,P1209,0,1024,1024,0,0,0.0,0.0,0,False,no_overlap,low_mask_area,negative,train,0.0167140960693359,mask_area,0.0,0.001,False,705
604,P1211_0010.png,P1211.png,P1211,2048,2048,1024,0,0,0.0,0.0,0,False,no_overlap,low_mask_area,negative,train,0.0167140960693359,mask_area,0.0,0.001,False,727
605,P1216_0004.png,P1216.png,P1216,0,1024,1024,0,0,0.0,0.0,0,False,no_overlap,low_mask_area,negative,train,0.0167140960693359,mask_area,0.0,0.001,False,2287
606,P1223_0014.png,P1223.png,P1223,2048,2048,1024,0,0,0.0,0.0,0,False,no_overlap,low_mask_area,negative,train,0.0167140960693359,mask_area,0.0,0.001,False,2345
607,P1223_0018.png,P1223.png,P1223,0,2596,1024,0,0,0.0,0.0,0,False,no_overlap,low_mask_area,negative,train,0.0167140960693359,mask_area,0.0,0.001,False,2349
608,P1230_0022.png,P1230.png,P1230,4096,2976,1024,1,632,0.00060272216796875,0.0,0,False,no_overlap,low_mask_area,no_overlap__low_mask_area,train,0.0167140960693359,mask_area,0.0,0.001,False,1043
609,P1230_0023.png,P1230.png,P1230,4176,2976,1024,1,632,0.00060272216796875,0.0,0,False,no_overlap,low_mask_area,no_overlap__low_mask_area,train,0.0167140960693359,mask_area,0.0,0.001,False,1044
610,P1231_0011.png,P1231.png,P1231,2976,2048,1024,0,0,0.0,0.0,0,False,no_overlap,low_mask_area,negative,train,0.0167140960693359,mask_area,0.0,0.001,False,2398
611,P1238_0000.png,P1238.png,P1238,0,0,1024,0,0,0.0,0.0,0,False,no_overlap,low_mask_area,negative,train,0.0167140960693359,mask_area,0.0,0.001,False,2403
612,P1239_0010.png,P1239.png,P1239,2048,2048,1024,1,469,0.00044727325439453125,0.0,0,False,no_overlap,low_mask_area,no_overlap__low_mask_area,train,0.0167140960693359,mask_area,0.0,0.001,False,2429
613,P1239_0014.png,P1239.png,P1239,2048,2976,1024,1,618,0.0005893707275390625,0.0,0,False,no_overlap,low_mask_area,no_overlap__low_mask_area,train,0.0167140960693359,mask_area,0.0,0.001,False,2433
614,P1247_0006.png,P1247.png,P1247,2048,1024,1024,0,0,0.0,0.0,0,False,no_overlap,low_mask_area,negative,train,0.0167140960693359,mask_area,0.0,0.001,False,2457
615,P1251_0009.png,P1251.png,P1251,3072,1024,1024,0,0,0.0,0.0,0,False,no_overlap,low_mask_area,negative,train,0.0167140960693359,mask_area,0.0,0.001,False,2508
616,P1251_0020.png,P1251.png,P1251,2048,2976,1024,0,0,0.0,0.0,0,False,no_overlap,low_mask_area,negative,train,0.0167140960693359,mask_area,0.0,0.001,False,2519
617,P1255_0003.png,P1255.png,P1255,2976,0,1024,0,0,0.0,0.0,0,False,no_overlap,low_mask_area,negative,train,0.0167140960693359,mask_area,0.0,0.001,False,2526
618,P1256_0006.png,P1256.png,P1256,2048,1024,1024,0,0,0.0,0.0,0,False,no_overlap,low_mask_area,negative,train,0.0167140960693359,mask_area,0.0,0.001,False,2545
619,P1256_0012.png,P1256.png,P1256,0,2976,1024,0,0,0.0,0.0,0,False,no_overlap,low_mask_area,negative,train,0.0167140960693359,mask_area,0.0,0.001,False,2551
620,P1258_0009.png,P1258.png,P1258,3072,1024,1024,0,0,0.0,0.0,0,False,no_overlap,low_mask_area,negative,train,0.0167140960693359,mask_area,0.0,0.001,False,2564
621,P1265_0005.png,P1265.png,P1265,4176,0,1024,0,0,0.0,0.0,0,False,no_overlap,low_mask_area,negative,train,0.0167140960693359,mask_area,0.0,0.001,False,2600
622,P1265_0018.png,P1265.png,P1265,0,2976,1024,0,0,0.0,0.0,0,False,no_overlap,low_mask_area,negative,train,0.0167140960693359,mask_area,0.0,0.001,False,2613
623,P1273_0009.png,P1273.png,P1273,3072,1024,1024,1,399,0.00038051605224609375,0.0,0,False,no_overlap,low_mask_area,no_overlap__low_mask_area,train,0.0167140960693359,mask_area,0.0,0.001,False,1182
624,P1273_0010.png,P1273.png,P1273,4096,1024,1024,1,304,0.0002899169921875,0.0,0,False,no_overlap,low_mask_area,no_overlap__low_mask_area,train,0.0167140960693359,mask_area,0.0,0.001,False,1183
625,P1274_0007.png,P1274.png,P1274,2976,1024,1024,0,0,0.0,0.0,0,False,no_overlap,low_mask_area,negative,train,0.0167140960693359,mask_area,0.0,0.001,False,2650
626,P1274_0009.png,P1274.png,P1274,1024,2048,1024,4,2487,0.0023717880249023438,0.0,0,False,no_overlap,low_mask_area,no_overlap__low_mask_area,train,0.0167140960693359,mask_area,0.0,0.001,False,2652
627,P1274_0010.png,P1274.png,P1274,2048,2048,1024,4,4329,0.004128456115722656,0.0,0,False,no_overlap,low_mask_area,no_overlap__low_mask_area,train,0.0167140960693359,mask_area,0.0,0.001,False,2653
628,P1274_0012.png,P1274.png,P1274,0,2976,1024,5,6752,0.006439208984375,0.0,0,False,no_overlap,low_mask_area,no_overlap__low_mask_area,train,0.0167140960693359,mask_area,0.0,0.001,False,2655
629,P1274_0013.png,P1274.png,P1274,1024,2976,1024,34,37531,0.03579235076904297,0.0,0,False,no_overlap,high_mask_area,no_overlap__high_mask_area,train,0.0167140960693359,mask_area,0.0,0.001,False,2656
630,P1274_0014.png,P1274.png,P1274,2048,2976,1024,15,18736,0.0178680419921875,0.0,0,False,no_overlap,high_mask_area,no_overlap__high_mask_area,train,0.0167140960693359,mask_area,0.0,0.001,False,2657
631,P1279_0013.png,P1279.png,P1279,1024,2976,1024,0,0,0.0,0.0,0,False,no_overlap,low_mask_area,negative,train,0.0167140960693359,mask_area,0.0,0.001,False,2704
632,P1281_0000.png,P1281.png,P1281,0,0,1024,14,14506,0.013833999633789062,0.0,0,False,no_overlap,low_mask_area,no_overlap__low_mask_area,train,0.0167140960693359,mask_area,0.0,0.001,False,2707
633,P1281_0001.png,P1281.png,P1281,1024,0,1024,4,4154,0.0039615631103515625,0.0,0,False,no_overlap,low_mask_area,no_overlap__low_mask_area,train,0.0167140960693359,mask_area,0.0,0.001,False,2708
634,P1281_0002.png,P1281.png,P1281,2048,0,1024,2,1079,0.0010290145874023438,0.0,0,False,no_overlap,low_mask_area,no_overlap__low_mask_area,train,0.0167140960693359,mask_area,0.0,0.001,False,2709
635,P1281_0004.png,P1281.png,P1281,0,1024,1024,12,5935,0.005660057067871094,0.11475409836065574,2,True,overlap,low_mask_area,overlap__low_mask_area,train,0.0167140960693359,mask_area,0.0,0.001,False,2711
636,P1281_0005.png,P1281.png,P1281,1024,1024,1024,16,25650,0.024461746215820312,0.0,0,False,no_overlap,high_mask_area,no_overlap__high_mask_area,train,0.0167140960693359,mask_area,0.0,0.001,False,2712
637,P1281_0006.png,P1281.png,P1281,2048,1024,1024,4,5499,0.005244255065917969,0.0,0,False,no_overlap,low_mask_area,no_overlap__low_mask_area,train,0.0167140960693359,mask_area,0.0,0.001,False,2713
638,P1281_0008.png,P1281.png,P1281,0,2048,1024,15,4810,0.0045871734619140625,0.1336317135549872,6,True,overlap,low_mask_area,overlap__low_mask_area,train,0.0167140960693359,mask_area,0.0,0.001,False,2715
639,P1281_0010.png,P1281.png,P1281,2048,2048,1024,0,0,0.0,0.0,0,False,no_overlap,low_mask_area,negative,train,0.0167140960693359,mask_area,0.0,0.001,False,2717
640,P1281_0011.png,P1281.png,P1281,2976,2048,1024,0,0,0.0,0.0,0,False,no_overlap,low_mask_area,negative,train,0.0167140960693359,mask_area,0.0,0.001,False,2718
641,P1287_0007.png,P1287.png,P1287,1024,1024,1024,0,0,0.0,0.0,0,False,no_overlap,low_mask_area,negative,train,0.0167140960693359,mask_area,0.0,0.001,False,2730
642,P1288_0012.png,P1288.png,P1288,0,2976,1024,0,0,0.0,0.0,0,False,no_overlap,low_mask_area,negative,train,0.0167140960693359,mask_area,0.0,0.001,False,2759
643,P1292_0003.png,P1292.png,P1292,2976,0,1024,0,0,0.0,0.0,0,False,no_overlap,low_mask_area,negative,train,0.0167140960693359,mask_area,0.0,0.001,False,832
644,P1295_0011.png,P1295.png,P1295,4176,1024,1024,0,0,0.0,0.0,0,False,no_overlap,low_mask_area,negative,train,0.0167140960693359,mask_area,0.0,0.001,False,2790
645,P1295_0016.png,P1295.png,P1295,4096,2048,1024,0,0,0.0,0.0,0,False,no_overlap,low_mask_area,negative,train,0.0167140960693359,mask_area,0.0,0.001,False,2795
646,P1295_0017.png,P1295.png,P1295,4176,2048,1024,0,0,0.0,0.0,0,False,no_overlap,low_mask_area,negative,train,0.0167140960693359,mask_area,0.0,0.001,False,2796
647,P1298_0012.png,P1298.png,P1298,0,2596,1024,0,0,0.0,0.0,0,False,no_overlap,low_mask_area,negative,train,0.0167140960693359,mask_area,0.0,0.001,False,2815
648,P1298_0013.png,P1298.png,P1298,1024,2596,1024,0,0,0.0,0.0,0,False,no_overlap,low_mask_area,negative,train,0.0167140960693359,mask_area,0.0,0.001,False,2816
649,P1299_0011.png,P1299.png,P1299,2976,2048,1024,0,0,0.0,0.0,0,False,no_overlap,low_mask_area,negative,train,0.0167140960693359,mask_area,0.0,0.001,False,872
650,P1306_0002.png,P1306.png,P1306,2048,0,1024,0,0,0.0,0.0,0,False,no_overlap,low_mask_area,negative,train,0.0167140960693359,mask_area,0.0,0.001,False,2845
651,P1309_0013.png,P1309.png,P1309,1024,2596,1024,0,0,0.0,0.0,0,False,no_overlap,low_mask_area,negative,train,0.0167140960693359,mask_area,0.0,0.001,False,2912
652,P1317_0000.png,P1317.png,P1317,0,0,1024,0,0,0.0,0.0,0,False,no_overlap,low_mask_area,negative,train,0.0167140960693359,mask_area,0.0,0.001,False,2931
653,P1328_0006.png,P1328.png,P1328,2048,1024,1024,0,0,0.0,0.0,0,False,no_overlap,low_mask_area,negative,train,0.0167140960693359,mask_area,0.0,0.001,False,3017
654,P1333_0004.png,P1333.png,P1333,0,1024,1024,0,0,0.0,0.0,0,False,no_overlap,low_mask_area,negative,train,0.0167140960693359,mask_area,0.0,0.001,False,3047
655,P1336_0011.png,P1336.png,P1336,4176,1024,1024,0,0,0.0,0.0,0,False,no_overlap,low_mask_area,negative,train,0.0167140960693359,mask_area,0.0,0.001,False,928
656,P1338_0002.png,P1338.png,P1338,2048,0,1024,0,0,0.0,0.0,0,False,no_overlap,low_mask_area,negative,train,0.0167140960693359,mask_area,0.0,0.001,False,3085
657,P1344_0005.png,P1344.png,P1344,4176,0,1024,0,0,0.0,0.0,0,False,no_overlap,low_mask_area,negative,train,0.0167140960693359,mask_area,0.0,0.001,False,3168
658,P1350_0007.png,P1350.png,P1350,2976,1024,1024,0,0,0.0,0.0,0,False,no_overlap,low_mask_area,negative,train,0.0167140960693359,mask_area,0.0,0.001,False,948
659,P1352_0010.png,P1352.png,P1352,2048,2048,1024,0,0,0.0,0.0,0,False,no_overlap,low_mask_area,negative,train,0.0167140960693359,mask_area,0.0,0.001,False,3197
660,P1354_0006.png,P1354.png,P1354,2048,1024,1024,0,0,0.0,0.0,0,False,no_overlap,low_mask_area,negative,train,0.0167140960693359,mask_area,0.0,0.001,False,3225
661,P1354_0009.png,P1354.png,P1354,1024,2048,1024,0,0,0.0,0.0,0,False,no_overlap,low_mask_area,negative,train,0.0167140960693359,mask_area,0.0,0.001,False,3228
662,P1360_0006.png,P1360.png,P1360,2048,1024,1024,0,0,0.0,0.0,0,False,no_overlap,low_mask_area,negative,train,0.0167140960693359,mask_area,0.0,0.001,False,3273
663,P1366_0019.png,P1366.png,P1366,1024,2976,1024,0,0,0.0,0.0,0,False,no_overlap,low_mask_area,negative,train,0.0167140960693359,mask_area,0.0,0.001,False,3350
664,P1373_0004.png,P1373.png,P1373,0,1024,1024,15,7974,0.0076045989990234375,0.0,0,False,no_overlap,low_mask_area,no_overlap__low_mask_area,train,0.0167140960693359,mask_area,0.0,0.001,False,1385
665,P1373_0008.png,P1373.png,P1373,0,2048,1024,11,7577,0.007225990295410156,0.0,0,False,no_overlap,low_mask_area,no_overlap__low_mask_area,train,0.0167140960693359,mask_area,0.0,0.001,False,1389
666,P1373_0009.png,P1373.png,P1373,1024,2048,1024,4,2794,0.0026645660400390625,0.0,0,False,no_overlap,low_mask_area,no_overlap__low_mask_area,train,0.0167140960693359,mask_area,0.0,0.001,False,1390
667,P1373_0012.png,P1373.png,P1373,0,2976,1024,4,3067,0.0029249191284179688,0.0,0,False,no_overlap,low_mask_area,no_overlap__low_mask_area,train,0.0167140960693359,mask_area,0.0,0.001,False,1393
668,P1373_0013.png,P1373.png,P1373,1024,2976,1024,7,6196,0.005908966064453125,0.0,0,False,no_overlap,low_mask_area,no_overlap__low_mask_area,train,0.0167140960693359,mask_area,0.0,0.001,False,1394
669,P1374_0010.png,P1374.png,P1374,3072,1024,1024,3,27083,0.02582836151123047,0.0,0,False,no_overlap,high_mask_area,no_overlap__high_mask_area,train,0.0167140960693359,mask_area,0.0,0.001,False,1023
670,P1374_0011.png,P1374.png,P1374,4096,1024,1024,2,1769,0.0016870498657226562,0.0,0,False,no_overlap,low_mask_area,no_overlap__low_mask_area,train,0.0167140960693359,mask_area,0.0,0.001,False,1024
671,P1374_0017.png,P1374.png,P1374,3072,2048,1024,2,16614,0.015844345092773438,0.0,0,False,no_overlap,low_mask_area,no_overlap__low_mask_area,train,0.0167140960693359,mask_area,0.0,0.001,False,1030
672,P1374_0024.png,P1374.png,P1374,3072,3072,1024,6,43827,0.04179668426513672,0.0,0,False,no_overlap,high_mask_area,no_overlap__high_mask_area,train,0.0167140960693359,mask_area,0.0,0.001,False,1037
673,P1374_0025.png,P1374.png,P1374,4096,3072,1024,5,23222,0.022146224975585938,0.0,0,False,no_overlap,high_mask_area,no_overlap__high_mask_area,train,0.0167140960693359,mask_area,0.0,0.001,False,1038
674,P1374_0029.png,P1374.png,P1374,1024,4096,1024,1,17018,0.016229629516601562,0.0,0,False,no_overlap,low_mask_area,no_overlap__low_mask_area,train,0.0167140960693359,mask_area,0.0,0.001,False,1042
675,P1374_0030.png,P1374.png,P1374,2048,4096,1024,1,13879,0.013236045837402344,0.0,0,False,no_overlap,low_mask_area,no_overlap__low_mask_area,train,0.0167140960693359,mask_area,0.0,0.001,False,1043
676,P1374_0031.png,P1374.png,P1374,3072,4096,1024,2,13261,0.012646675109863281,0.0,0,False,no_overlap,low_mask_area,no_overlap__low_mask_area,train,0.0167140960693359,mask_area,0.0,0.001,False,1044
677,P1374_0032.png,P1374.png,P1374,4096,4096,1024,3,16699,0.01592540740966797,0.0,0,False,no_overlap,low_mask_area,no_overlap__low_mask_area,train,0.0167140960693359,mask_area,0.0,0.001,False,1045
678,P1374_0039.png,P1374.png,P1374,4096,5120,1024,1,10360,0.00988006591796875,0.0,0,False,no_overlap,low_mask_area,no_overlap__low_mask_area,train,0.0167140960693359,mask_area,0.0,0.001,False,1052
679,P1388_0023.png,P1388.png,P1388,3072,4096,1024,0,0,0.0,0.0,0,False,no_overlap,low_mask_area,negative,train,0.0167140960693359,mask_area,0.0,0.001,False,3493
680,P1389_0011.png,P1389.png,P1389,4984,1024,1024,0,0,0.0,0.0,0,False,no_overlap,low_mask_area,negative,train,0.0167140960693359,mask_area,0.0,0.001,False,1073
681,P1392_0005.png,P1392.png,P1392,0,1024,1024,42,39124,0.037311553955078125,0.125,29,True,overlap,high_mask_area,overlap__high_mask_area,train,0.0167140960693359,mask_area,0.0,0.001,False,3533
682,P1392_0006.png,P1392.png,P1392,1024,1024,1024,88,86265,0.08226871490478516,0.12379642365887207,71,True,overlap,high_mask_area,overlap__high_mask_area,train,0.0167140960693359,mask_area,0.0,0.001,False,3534
683,P1392_0007.png,P1392.png,P1392,2048,1024,1024,80,103776,0.098968505859375,0.0558282208588957,53,True,overlap,high_mask_area,overlap__high_mask_area,train,0.0167140960693359,mask_area,0.0,0.001,False,3535
684,P1392_0008.png,P1392.png,P1392,3072,1024,1024,45,56097,0.053498268127441406,0.059574468085106386,16,True,overlap,high_mask_area,overlap__high_mask_area,train,0.0167140960693359,mask_area,0.0,0.001,False,3536
685,P1392_0009.png,P1392.png,P1392,3129,1024,1024,41,51384,0.04900360107421875,0.059574468085106386,14,True,overlap,high_mask_area,overlap__high_mask_area,train,0.0167140960693359,mask_area,0.0,0.001,False,3537
686,P1392_0010.png,P1392.png,P1392,0,2048,1024,20,17540,0.016727447509765625,0.12607758620689655,6,True,overlap,high_mask_area,overlap__high_mask_area,train,0.0167140960693359,mask_area,0.0,0.001,False,3538
687,P1392_0011.png,P1392.png,P1392,1024,2048,1024,62,68251,0.06508922576904297,0.18446601941747573,8,True,overlap,high_mask_area,overlap__high_mask_area,train,0.0167140960693359,mask_area,0.0,0.001,False,3539
688,P1392_0012.png,P1392.png,P1392,2048,2048,1024,94,61398,0.05855369567871094,0.23511248345831495,58,True,overlap,high_mask_area,overlap__high_mask_area,train,0.0167140960693359,mask_area,0.0,0.001,False,3540
689,P1392_0013.png,P1392.png,P1392,3072,2048,1024,120,69398,0.06618309020996094,0.11153358681875793,104,True,overlap,high_mask_area,overlap__high_mask_area,train,0.0167140960693359,mask_area,0.0,0.001,False,3541
690,P1392_0014.png,P1392.png,P1392,3129,2048,1024,111,64166,0.06119346618652344,0.08273484630853203,96,True,overlap,high_mask_area,overlap__high_mask_area,train,0.0167140960693359,mask_area,0.0,0.001,False,3542
691,P1392_0016.png,P1392.png,P1392,1024,3004,1024,102,88381,0.08428668975830078,0.25149700598802394,57,True,overlap,high_mask_area,overlap__high_mask_area,train,0.0167140960693359,mask_area,0.0,0.001,False,3544
692,P1392_0017.png,P1392.png,P1392,2048,3004,1024,93,73687,0.07027339935302734,0.21560574948665298,49,True,overlap,high_mask_area,overlap__high_mask_area,train,0.0167140960693359,mask_area,0.0,0.001,False,3545
693,P1392_0018.png,P1392.png,P1392,3072,3004,1024,45,43040,0.041046142578125,0.09807425054595989,13,True,overlap,high_mask_area,overlap__high_mask_area,train,0.0167140960693359,mask_area,0.0,0.001,False,3546
694,P1392_0019.png,P1392.png,P1392,3129,3004,1024,42,39979,0.03812694549560547,0.09807425054595989,13,True,overlap,high_mask_area,overlap__high_mask_area,train,0.0167140960693359,mask_area,0.0,0.001,False,3547
695,P1393_0001.png,P1393.png,P1393,1024,0,1024,23,36718,0.03501701354980469,0.006829128028179139,6,True,overlap,high_mask_area,overlap__high_mask_area,train,0.0167140960693359,mask_area,0.0,0.001,False,3549
696,P1393_0002.png,P1393.png,P1393,2048,0,1024,41,82851,0.07901287078857422,0.006273525721455458,10,True,overlap,high_mask_area,overlap__high_mask_area,train,0.0167140960693359,mask_area,0.0,0.001,False,3550
697,P1393_0003.png,P1393.png,P1393,3072,0,1024,21,51814,0.04941368103027344,0.15288035450516987,6,True,overlap,high_mask_area,overlap__high_mask_area,train,0.0167140960693359,mask_area,0.0,0.001,False,3551
698,P1393_0004.png,P1393.png,P1393,4096,0,1024,38,93992,0.08963775634765625,0.14552804446690248,13,True,overlap,high_mask_area,overlap__high_mask_area,train,0.0167140960693359,mask_area,0.0,0.001,False,3552
699,P1393_0005.png,P1393.png,P1393,5048,0,1024,9,19830,0.018911361694335938,0.0,0,False,no_overlap,high_mask_area,no_overlap__high_mask_area,train,0.0167140960693359,mask_area,0.0,0.001,False,3553
700,P1393_0007.png,P1393.png,P1393,1024,1024,1024,4,12525,0.011944770812988281,0.0,0,False,no_overlap,low_mask_area,no_overlap__low_mask_area,train,0.0167140960693359,mask_area,0.0,0.001,False,3555
701,P1393_0008.png,P1393.png,P1393,2048,1024,1024,9,37450,0.03571510314941406,0.165589259075087,3,True,overlap,high_mask_area,overlap__high_mask_area,train,0.0167140960693359,mask_area,0.0,0.001,False,3556
702,P1393_0009.png,P1393.png,P1393,3072,1024,1024,9,18013,0.01717853546142578,0.017017828200972446,6,True,overlap,high_mask_area,overlap__high_mask_area,train,0.0167140960693359,mask_area,0.0,0.001,False,3557
703,P1393_0010.png,P1393.png,P1393,4096,1024,1024,22,54505,0.051980018615722656,0.030902348578491966,18,True,overlap,high_mask_area,overlap__high_mask_area,train,0.0167140960693359,mask_area,0.0,0.001,False,3558
704,P1393_0011.png,P1393.png,P1393,5048,1024,1024,6,16479,0.015715599060058594,0.035636164783084213,3,True,overlap,low_mask_area,overlap__low_mask_area,train,0.0167140960693359,mask_area,0.0,0.001,False,3559
705,P1393_0013.png,P1393.png,P1393,1024,2048,1024,5,17599,0.016783714294433594,0.0,0,False,no_overlap,high_mask_area,no_overlap__high_mask_area,train,0.0167140960693359,mask_area,0.0,0.001,False,3561
706,P1393_0014.png,P1393.png,P1393,2048,2048,1024,8,35406,0.03376579284667969,0.0,0,False,no_overlap,high_mask_area,no_overlap__high_mask_area,train,0.0167140960693359,mask_area,0.0,0.001,False,3562
707,P1393_0016.png,P1393.png,P1393,4096,2048,1024,0,0,0.0,0.0,0,False,no_overlap,low_mask_area,negative,train,0.0167140960693359,mask_area,0.0,0.001,False,3564
708,P1393_0039.png,P1393.png,P1393,3072,5516,1024,0,0,0.0,0.0,0,False,no_overlap,low_mask_area,negative,train,0.0167140960693359,mask_area,0.0,0.001,False,3587
709,P1395_0000.png,P1395.png,P1395,0,0,1024,3,29487,0.028120994567871094,0.06716057024585566,2,True,overlap,high_mask_area,overlap__high_mask_area,train,0.0167140960693359,mask_area,0.0,0.001,False,3618
710,P1395_0001.png,P1395.png,P1395,1024,0,1024,9,118891,0.11338329315185547,0.0822398817224173,8,True,overlap,high_mask_area,overlap__high_mask_area,train,0.0167140960693359,mask_area,0.0,0.001,False,3619
711,P1395_0002.png,P1395.png,P1395,2048,0,1024,7,82411,0.07859325408935547,0.0847451018617799,4,True,overlap,high_mask_area,overlap__high_mask_area,train,0.0167140960693359,mask_area,0.0,0.001,False,3620
712,P1395_0003.png,P1395.png,P1395,3072,0,1024,26,35221,0.03358936309814453,0.09090909090909091,18,True,overlap,high_mask_area,overlap__high_mask_area,train,0.0167140960693359,mask_area,0.0,0.001,False,3621
713,P1395_0005.png,P1395.png,P1395,0,1024,1024,1,1801,0.0017175674438476562,0.0,0,False,no_overlap,low_mask_area,no_overlap__low_mask_area,train,0.0167140960693359,mask_area,0.0,0.001,False,3623
714,P1395_0006.png,P1395.png,P1395,1024,1024,1024,7,46766,0.04459953308105469,0.06038776426326928,1,True,overlap,high_mask_area,overlap__high_mask_area,train,0.0167140960693359,mask_area,0.0,0.001,False,3624
715,P1395_0007.png,P1395.png,P1395,2048,1024,1024,11,95391,0.0909719467163086,0.05365720025568441,5,True,overlap,high_mask_area,overlap__high_mask_area,train,0.0167140960693359,mask_area,0.0,0.001,False,3625
716,P1395_0008.png,P1395.png,P1395,3072,1024,1024,37,49068,0.046794891357421875,0.06968303895475442,11,True,overlap,high_mask_area,overlap__high_mask_area,train,0.0167140960693359,mask_area,0.0,0.001,False,3626
717,P1395_0009.png,P1395.png,P1395,3945,1024,1024,23,25080,0.02391815185546875,0.052054794520547946,4,True,overlap,high_mask_area,overlap__high_mask_area,train,0.0167140960693359,mask_area,0.0,0.001,False,3627
718,P1395_0010.png,P1395.png,P1395,0,2048,1024,1,1903,0.0018148422241210938,0.0,0,False,no_overlap,low_mask_area,no_overlap__low_mask_area,train,0.0167140960693359,mask_area,0.0,0.001,False,3628
719,P1395_0013.png,P1395.png,P1395,3072,2048,1024,50,44495,0.042433738708496094,0.03281027104136947,8,True,overlap,high_mask_area,overlap__high_mask_area,train,0.0167140960693359,mask_area,0.0,0.001,False,3631
720,P1395_0015.png,P1395.png,P1395,0,2545,1024,1,1903,0.0018148422241210938,0.0,0,False,no_overlap,low_mask_area,no_overlap__low_mask_area,train,0.0167140960693359,mask_area,0.0,0.001,False,3633
721,P1395_0018.png,P1395.png,P1395,3072,2545,1024,15,15068,0.014369964599609375,0.0,0,False,no_overlap,low_mask_area,no_overlap__low_mask_area,train,0.0167140960693359,mask_area,0.0,0.001,False,3636
722,P1401_0001.png,P1401.png,P1401,1024,0,1024,26,82127,0.0783224105834961,0.06871696299855838,15,True,overlap,high_mask_area,overlap__high_mask_area,train,0.0167140960693359,mask_area,0.0,0.001,False,3681
723,P1401_0002.png,P1401.png,P1401,2048,0,1024,53,75413,0.07191944122314453,0.09292035398230089,9,True,overlap,high_mask_area,overlap__high_mask_area,train,0.0167140960693359,mask_area,0.0,0.001,False,3682
724,P1401_0003.png,P1401.png,P1401,3072,0,1024,17,9265,0.008835792541503906,0.0,0,False,no_overlap,low_mask_area,no_overlap__low_mask_area,train,0.0167140960693359,mask_area,0.0,0.001,False,3683
725,P1401_0004.png,P1401.png,P1401,3425,0,1024,3,3934,0.0037517547607421875,0.0,0,False,no_overlap,low_mask_area,no_overlap__low_mask_area,train,0.0167140960693359,mask_area,0.0,0.001,False,3684
726,P1401_0006.png,P1401.png,P1401,1024,1024,1024,14,33580,0.032024383544921875,0.04097597317936301,2,True,overlap,high_mask_area,overlap__high_mask_area,train,0.0167140960693359,mask_area,0.0,0.001,False,3686
727,P1401_0007.png,P1401.png,P1401,2048,1024,1024,57,97929,0.09339237213134766,0.09272616136919315,20,True,overlap,high_mask_area,overlap__high_mask_area,train,0.0167140960693359,mask_area,0.0,0.001,False,3687
728,P1401_0008.png,P1401.png,P1401,3072,1024,1024,10,16157,0.015408515930175781,0.003367003367003367,1,True,overlap,low_mask_area,overlap__low_mask_area,train,0.0167140960693359,mask_area,0.0,0.001,False,3688
729,P1401_0009.png,P1401.png,P1401,3425,1024,1024,3,4855,0.004630088806152344,0.0,0,False,no_overlap,low_mask_area,no_overlap__low_mask_area,train,0.0167140960693359,mask_area,0.0,0.001,False,3689
730,P1401_0012.png,P1401.png,P1401,2048,2048,1024,12,32300,0.030803680419921875,0.12727272727272726,8,True,overlap,high_mask_area,overlap__high_mask_area,train,0.0167140960693359,mask_area,0.0,0.001,False,3692
731,P1401_0013.png,P1401.png,P1401,3072,2048,1024,4,1942,0.0018520355224609375,0.01723147616312464,1,True,overlap,low_mask_area,overlap__low_mask_area,train,0.0167140960693359,mask_area,0.0,0.001,False,3693
732,P1401_0019.png,P1401.png,P1401,3425,2507,1024,0,0,0.0,0.0,0,False,no_overlap,low_mask_area,negative,train,0.0167140960693359,mask_area,0.0,0.001,False,3699
733,P1408_0005.png,P1408.png,P1408,5120,0,1024,0,0,0.0,0.0,0,False,no_overlap,low_mask_area,negative,train,0.0167140960693359,mask_area,0.0,0.001,False,3725
734,P1408_0008.png,P1408.png,P1408,0,1024,1024,1,15571,0.014849662780761719,0.0,0,False,no_overlap,low_mask_area,no_overlap__low_mask_area,train,0.0167140960693359,mask_area,0.0,0.001,False,3728
735,P1408_0009.png,P1408.png,P1408,1024,1024,1024,1,45519,0.043410301208496094,0.0,0,False,no_overlap,high_mask_area,no_overlap__high_mask_area,train,0.0167140960693359,mask_area,0.0,0.001,False,3729
736,P1408_0010.png,P1408.png,P1408,2048,1024,1024,1,1937,0.0018472671508789062,0.0,0,False,no_overlap,low_mask_area,no_overlap__low_mask_area,train,0.0167140960693359,mask_area,0.0,0.001,False,3730
737,P1408_0018.png,P1408.png,P1408,2048,2048,1024,2,49358,0.04707145690917969,0.0,0,False,no_overlap,high_mask_area,no_overlap__high_mask_area,train,0.0167140960693359,mask_area,0.0,0.001,False,3738
738,P1408_0019.png,P1408.png,P1408,3072,2048,1024,1,30766,0.029340744018554688,0.0,0,False,no_overlap,high_mask_area,no_overlap__high_mask_area,train,0.0167140960693359,mask_area,0.0,0.001,False,3739
739,P1408_0024.png,P1408.png,P1408,0,3072,1024,1,14896,0.0142059326171875,0.0,0,False,no_overlap,low_mask_area,no_overlap__low_mask_area,train,0.0167140960693359,mask_area,0.0,0.001,False,3744
740,P1408_0026.png,P1408.png,P1408,2048,3072,1024,1,65052,0.062038421630859375,0.0,0,False,no_overlap,high_mask_area,no_overlap__high_mask_area,train,0.0167140960693359,mask_area,0.0,0.001,False,3746
741,P1408_0029.png,P1408.png,P1408,5120,3072,1024,1,15713,0.014985084533691406,0.0,0,False,no_overlap,low_mask_area,no_overlap__low_mask_area,train,0.0167140960693359,mask_area,0.0,0.001,False,3749
742,P1408_0037.png,P1408.png,P1408,5120,4096,1024,1,22158,0.021131515502929688,0.0,0,False,no_overlap,high_mask_area,no_overlap__high_mask_area,train,0.0167140960693359,mask_area,0.0,0.001,False,3757
743,P1408_0038.png,P1408.png,P1408,6144,4096,1024,1,15147,0.014445304870605469,0.0,0,False,no_overlap,low_mask_area,no_overlap__low_mask_area,train,0.0167140960693359,mask_area,0.0,0.001,False,3758
744,P1408_0039.png,P1408.png,P1408,6229,4096,1024,1,15147,0.014445304870605469,0.0,0,False,no_overlap,low_mask_area,no_overlap__low_mask_area,train,0.0167140960693359,mask_area,0.0,0.001,False,3759
745,P1408_0045.png,P1408.png,P1408,5120,4237,1024,1,5839,0.005568504333496094,0.0,0,False,no_overlap,low_mask_area,no_overlap__low_mask_area,train,0.0167140960693359,mask_area,0.0,0.001,False,3765
746,P1408_0046.png,P1408.png,P1408,6144,4237,1024,1,15147,0.014445304870605469,0.0,0,False,no_overlap,low_mask_area,no_overlap__low_mask_area,train,0.0167140960693359,mask_area,0.0,0.001,False,3766
747,P1408_0047.png,P1408.png,P1408,6229,4237,1024,1,15147,0.014445304870605469,0.0,0,False,no_overlap,low_mask_area,no_overlap__low_mask_area,train,0.0167140960693359,mask_area,0.0,0.001,False,3767
748,P1412_0003.png,P1412.png,P1412,3072,0,1024,4,5868,0.005596160888671875,0.0,0,False,no_overlap,low_mask_area,no_overlap__low_mask_area,train,0.0167140960693359,mask_area,0.0,0.001,False,3771
749,P1412_0006.png,P1412.png,P1412,5495,0,1024,0,0,0.0,0.0,0,False,no_overlap,low_mask_area,negative,train,0.0167140960693359,mask_area,0.0,0.001,False,3774
750,P1412_0007.png,P1412.png,P1412,0,1024,1024,1,8181,0.007802009582519531,0.0,0,False,no_overlap,low_mask_area,no_overlap__low_mask_area,train,0.0167140960693359,mask_area,0.0,0.001,False,3775
751,P1412_0008.png,P1412.png,P1412,1024,1024,1024,1,12431,0.011855125427246094,0.0,0,False,no_overlap,low_mask_area,no_overlap__low_mask_area,train,0.0167140960693359,mask_area,0.0,0.001,False,3776
752,P1412_0009.png,P1412.png,P1412,2048,1024,1024,2,22539,0.02149486541748047,0.0,0,False,no_overlap,high_mask_area,no_overlap__high_mask_area,train,0.0167140960693359,mask_area,0.0,0.001,False,3777
753,P1412_0010.png,P1412.png,P1412,3072,1024,1024,2,4621,0.004406929016113281,0.0,0,False,no_overlap,low_mask_area,no_overlap__low_mask_area,train,0.0167140960693359,mask_area,0.0,0.001,False,3778
754,P1412_0011.png,P1412.png,P1412,4096,1024,1024,2,9976,0.00951385498046875,0.0,0,False,no_overlap,low_mask_area,no_overlap__low_mask_area,train,0.0167140960693359,mask_area,0.0,0.001,False,3779
755,P1412_0012.png,P1412.png,P1412,5120,1024,1024,1,4238,0.0040416717529296875,0.0,0,False,no_overlap,low_mask_area,no_overlap__low_mask_area,train,0.0167140960693359,mask_area,0.0,0.001,False,3780
756,P1412_0014.png,P1412.png,P1412,0,1745,1024,0,0,0.0,0.0,0,False,no_overlap,low_mask_area,negative,train,0.0167140960693359,mask_area,0.0,0.001,False,3782
757,P1412_0015.png,P1412.png,P1412,1024,1745,1024,1,849,0.0008096694946289062,0.0,0,False,no_overlap,low_mask_area,no_overlap__low_mask_area,train,0.0167140960693359,mask_area,0.0,0.001,False,3783
758,P1412_0016.png,P1412.png,P1412,2048,1745,1024,1,198,0.0001888275146484375,0.0,0,False,no_overlap,low_mask_area,no_overlap__low_mask_area,train,0.0167140960693359,mask_area,0.0,0.001,False,3784
759,P1412_0018.png,P1412.png,P1412,4096,1745,1024,2,9367,0.008933067321777344,0.0,0,False,no_overlap,low_mask_area,no_overlap__low_mask_area,train,0.0167140960693359,mask_area,0.0,0.001,False,3786
760,P1412_0019.png,P1412.png,P1412,5120,1745,1024,1,15935,0.015196800231933594,0.0,0,False,no_overlap,low_mask_area,no_overlap__low_mask_area,train,0.0167140960693359,mask_area,0.0,0.001,False,3787
761,P1413_0000.png,P1413.png,P1413,0,0,1024,2,4904,0.00467681884765625,0.0,0,False,no_overlap,low_mask_area,no_overlap__low_mask_area,train,0.0167140960693359,mask_area,0.0,0.001,False,3789
762,P1413_0001.png,P1413.png,P1413,1024,0,1024,3,15376,0.0146636962890625,0.0,0,False,no_overlap,low_mask_area,no_overlap__low_mask_area,train,0.0167140960693359,mask_area,0.0,0.001,False,3790
763,P1413_0004.png,P1413.png,P1413,4096,0,1024,4,37482,0.03574562072753906,0.0,0,False,no_overlap,high_mask_area,no_overlap__high_mask_area,train,0.0167140960693359,mask_area,0.0,0.001,False,3793
764,P1413_0005.png,P1413.png,P1413,4545,0,1024,3,16340,0.015583038330078125,0.0,0,False,no_overlap,low_mask_area,no_overlap__low_mask_area,train,0.0167140960693359,mask_area,0.0,0.001,False,3794
765,P1413_0006.png,P1413.png,P1413,0,1024,1024,5,11325,0.010800361633300781,0.0,0,False,no_overlap,low_mask_area,no_overlap__low_mask_area,train,0.0167140960693359,mask_area,0.0,0.001,False,3795
766,P1413_0007.png,P1413.png,P1413,1024,1024,1024,8,62919,0.060004234313964844,0.0077181029435247775,1,True,overlap,high_mask_area,overlap__high_mask_area,train,0.0167140960693359,mask_area,0.0,0.001,False,3796
767,P1413_0008.png,P1413.png,P1413,2048,1024,1024,5,25942,0.024740219116210938,0.0,0,False,no_overlap,high_mask_area,no_overlap__high_mask_area,train,0.0167140960693359,mask_area,0.0,0.001,False,3797
768,P1413_0009.png,P1413.png,P1413,3072,1024,1024,5,22018,0.020998001098632812,0.0,0,False,no_overlap,high_mask_area,no_overlap__high_mask_area,train,0.0167140960693359,mask_area,0.0,0.001,False,3798
769,P1413_0010.png,P1413.png,P1413,4096,1024,1024,4,28682,0.027353286743164062,0.0,0,False,no_overlap,high_mask_area,no_overlap__high_mask_area,train,0.0167140960693359,mask_area,0.0,0.001,False,3799
770,P1413_0011.png,P1413.png,P1413,4545,1024,1024,4,28682,0.027353286743164062,0.0,0,False,no_overlap,high_mask_area,no_overlap__high_mask_area,train,0.0167140960693359,mask_area,0.0,0.001,False,3800
771,P1413_0014.png,P1413.png,P1413,2048,2048,1024,7,32713,0.031197547912597656,0.007403490216816499,1,True,overlap,high_mask_area,overlap__high_mask_area,train,0.0167140960693359,mask_area,0.0,0.001,False,3803
772,P1413_0015.png,P1413.png,P1413,3072,2048,1024,10,56350,0.05373954772949219,0.01595699652924744,4,True,overlap,high_mask_area,overlap__high_mask_area,train,0.0167140960693359,mask_area,0.0,0.001,False,3804
773,P1413_0020.png,P1413.png,P1413,2048,2865,1024,2,13902,0.013257980346679688,0.0,0,False,no_overlap,low_mask_area,no_overlap__low_mask_area,train,0.0167140960693359,mask_area,0.0,0.001,False,3809
774,P1413_0021.png,P1413.png,P1413,3072,2865,1024,5,19308,0.018413543701171875,0.007762690417092519,1,True,overlap,high_mask_area,overlap__high_mask_area,train,0.0167140960693359,mask_area,0.0,0.001,False,3810
775,P1414_0004.png,P1414.png,P1414,4096,0,1024,5,16023,0.015280723571777344,0.0,0,False,no_overlap,low_mask_area,no_overlap__low_mask_area,train,0.0167140960693359,mask_area,0.0,0.001,False,3817
776,P1414_0005.png,P1414.png,P1414,4912,0,1024,6,28935,0.027594566345214844,0.025572899368980405,2,True,overlap,high_mask_area,overlap__high_mask_area,train,0.0167140960693359,mask_area,0.0,0.001,False,3818
777,P1414_0010.png,P1414.png,P1414,4096,1024,1024,4,39782,0.03793907165527344,0.06308304351953331,1,True,overlap,high_mask_area,overlap__high_mask_area,train,0.0167140960693359,mask_area,0.0,0.001,False,3823
778,P1414_0011.png,P1414.png,P1414,4912,1024,1024,3,6229,0.005940437316894531,0.020948860135551448,1,True,overlap,low_mask_area,overlap__low_mask_area,train,0.0167140960693359,mask_area,0.0,0.001,False,3824
779,P1414_0012.png,P1414.png,P1414,0,2048,1024,3,9103,0.008681297302246094,0.0,0,False,no_overlap,low_mask_area,no_overlap__low_mask_area,train,0.0167140960693359,mask_area,0.0,0.001,False,3825
780,P1414_0013.png,P1414.png,P1414,1024,2048,1024,1,368,0.0003509521484375,0.0,0,False,no_overlap,low_mask_area,no_overlap__low_mask_area,train,0.0167140960693359,mask_area,0.0,0.001,False,3826
781,P1414_0014.png,P1414.png,P1414,2048,2048,1024,0,0,0.0,0.0,0,False,no_overlap,low_mask_area,negative,train,0.0167140960693359,mask_area,0.0,0.001,False,3827
782,P1414_0015.png,P1414.png,P1414,3072,2048,1024,1,4890,0.0046634674072265625,0.0,0,False,no_overlap,low_mask_area,no_overlap__low_mask_area,train,0.0167140960693359,mask_area,0.0,0.001,False,3828
783,P1414_0016.png,P1414.png,P1414,4096,2048,1024,1,4091,0.0039014816284179688,0.0,0,False,no_overlap,low_mask_area,no_overlap__low_mask_area,train,0.0167140960693359,mask_area,0.0,0.001,False,3829
784,P1414_0018.png,P1414.png,P1414,0,3072,1024,2,11776,0.01123046875,0.0,0,False,no_overlap,low_mask_area,no_overlap__low_mask_area,train,0.0167140960693359,mask_area,0.0,0.001,False,3831
785,P1414_0019.png,P1414.png,P1414,1024,3072,1024,11,30097,0.028702735900878906,0.0,0,False,no_overlap,high_mask_area,no_overlap__high_mask_area,train,0.0167140960693359,mask_area,0.0,0.001,False,3832
786,P1414_0020.png,P1414.png,P1414,2048,3072,1024,7,14447,0.013777732849121094,0.04815254908617665,1,True,overlap,low_mask_area,overlap__low_mask_area,train,0.0167140960693359,mask_area,0.0,0.001,False,3833
787,P1414_0021.png,P1414.png,P1414,3072,3072,1024,2,2482,0.0023670196533203125,0.0,0,False,no_overlap,low_mask_area,no_overlap__low_mask_area,train,0.0167140960693359,mask_area,0.0,0.001,False,3834
788,P1414_0024.png,P1414.png,P1414,0,4009,1024,1,5110,0.0048732757568359375,0.0,0,False,no_overlap,low_mask_area,no_overlap__low_mask_area,train,0.0167140960693359,mask_area,0.0,0.001,False,3837
789,P1414_0025.png,P1414.png,P1414,1024,4009,1024,5,10024,0.00955963134765625,0.0,0,False,no_overlap,low_mask_area,no_overlap__low_mask_area,train,0.0167140960693359,mask_area,0.0,0.001,False,3838
790,P1414_0026.png,P1414.png,P1414,2048,4009,1024,1,1927,0.0018377304077148438,0.0,0,False,no_overlap,low_mask_area,no_overlap__low_mask_area,train,0.0167140960693359,mask_area,0.0,0.001,False,3839
791,P1419_0004.png,P1419.png,P1419,0,1024,1024,0,0,0.0,0.0,0,False,no_overlap,low_mask_area,negative,train,0.0167140960693359,mask_area,0.0,0.001,False,3868
792,P1426_0003.png,P1426.png,P1426,3072,0,1024,0,0,0.0,0.0,0,False,no_overlap,low_mask_area,negative,train,0.0167140960693359,mask_area,0.0,0.001,False,3891
793,P1426_0009.png,P1426.png,P1426,1024,1024,1024,0,0,0.0,0.0,0,False,no_overlap,low_mask_area,negative,train,0.0167140960693359,mask_area,0.0,0.001,False,3897
794,P1426_0028.png,P1426.png,P1426,4096,3072,1024,0,0,0.0,0.0,0,False,no_overlap,low_mask_area,negative,train,0.0167140960693359,mask_area,0.0,0.001,False,3916
795,P1426_0029.png,P1426.png,P1426,5120,3072,1024,0,0,0.0,0.0,0,False,no_overlap,low_mask_area,negative,train,0.0167140960693359,mask_area,0.0,0.001,False,3917
796,P1431_0009.png,P1431.png,P1431,1024,1551,1024,0,0,0.0,0.0,0,False,no_overlap,low_mask_area,negative,train,0.0167140960693359,mask_area,0.0,0.001,False,3957
797,P1437_0003.png,P1437.png,P1437,0,1024,1024,3,3183,0.0030355453491210938,0.0,0,False,no_overlap,low_mask_area,no_overlap__low_mask_area,train,0.0167140960693359,mask_area,0.0,0.001,False,3963
798,P1437_0004.png,P1437.png,P1437,1024,1024,1024,4,4539,0.004328727722167969,0.0,0,False,no_overlap,low_mask_area,no_overlap__low_mask_area,train,0.0167140960693359,mask_area,0.0,0.001,False,3964
799,P1437_0006.png,P1437.png,P1437,0,2048,1024,4,4646,0.0044307708740234375,0.0,0,False,no_overlap,low_mask_area,no_overlap__low_mask_area,train,0.0167140960693359,mask_area,0.0,0.001,False,3966
800,P1437_0007.png,P1437.png,P1437,1024,2048,1024,2,2105,0.0020074844360351562,0.0,0,False,no_overlap,low_mask_area,no_overlap__low_mask_area,train,0.0167140960693359,mask_area,0.0,0.001,False,3967
801,P1437_0009.png,P1437.png,P1437,0,3072,1024,4,3437,0.0032777786254882812,0.0,0,False,no_overlap,low_mask_area,no_overlap__low_mask_area,train,0.0167140960693359,mask_area,0.0,0.001,False,3969
802,P1437_0012.png,P1437.png,P1437,0,4096,1024,1,1078,0.0010280609130859375,0.0,0,False,no_overlap,low_mask_area,no_overlap__low_mask_area,train,0.0167140960693359,mask_area,0.0,0.001,False,3972
803,P1437_0013.png,P1437.png,P1437,1024,4096,1024,1,1098,0.0010471343994140625,0.0,0,False,no_overlap,low_mask_area,no_overlap__low_mask_area,train,0.0167140960693359,mask_area,0.0,0.001,False,3973
804,P1437_0015.png,P1437.png,P1437,0,5120,1024,1,1123,0.0010709762573242188,0.0,0,False,no_overlap,low_mask_area,no_overlap__low_mask_area,train,0.0167140960693359,mask_area,0.0,0.001,False,3975
805,P1437_0018.png,P1437.png,P1437,0,6008,1024,2,1666,0.0015888214111328125,0.0,0,False,no_overlap,low_mask_area,no_overlap__low_mask_area,train,0.0167140960693359,mask_area,0.0,0.001,False,3978
806,P1437_0019.png,P1437.png,P1437,1024,6008,1024,1,65,6.198883056640625e-05,0.0,0,False,no_overlap,low_mask_area,no_overlap__low_mask_area,train,0.0167140960693359,mask_area,0.0,0.001,False,3979
807,P1439_0008.png,P1439.png,P1439,1398,2048,1024,0,0,0.0,0.0,0,False,no_overlap,low_mask_area,negative,train,0.0167140960693359,mask_area,0.0,0.001,False,3989
808,P1443_0004.png,P1443.png,P1443,4096,0,1024,2,695,0.0006628036499023438,0.0,0,False,no_overlap,low_mask_area,no_overlap__low_mask_area,train,0.0167140960693359,mask_area,0.0,0.001,False,4000
809,P1443_0005.png,P1443.png,P1443,4497,0,1024,1,285,0.00027179718017578125,0.0,0,False,no_overlap,low_mask_area,no_overlap__low_mask_area,train,0.0167140960693359,mask_area,0.0,0.001,False,4001
810,P1443_0007.png,P1443.png,P1443,1024,1024,1024,3,1305,0.0012445449829101562,0.0,0,False,no_overlap,low_mask_area,no_overlap__low_mask_area,train,0.0167140960693359,mask_area,0.0,0.001,False,4003
811,P1443_0008.png,P1443.png,P1443,2048,1024,1024,9,4015,0.0038290023803710938,0.0,0,False,no_overlap,low_mask_area,no_overlap__low_mask_area,train,0.0167140960693359,mask_area,0.0,0.001,False,4004
812,P1443_0009.png,P1443.png,P1443,3072,1024,1024,3,1132,0.001079559326171875,0.0,0,False,no_overlap,low_mask_area,no_overlap__low_mask_area,train,0.0167140960693359,mask_area,0.0,0.001,False,4005
813,P1443_0010.png,P1443.png,P1443,4096,1024,1024,4,1736,0.00165557861328125,0.0,0,False,no_overlap,low_mask_area,no_overlap__low_mask_area,train,0.0167140960693359,mask_area,0.0,0.001,False,4006
814,P1443_0011.png,P1443.png,P1443,4497,1024,1024,5,1948,0.001857757568359375,0.0,0,False,no_overlap,low_mask_area,no_overlap__low_mask_area,train,0.0167140960693359,mask_area,0.0,0.001,False,4007
815,P1443_0013.png,P1443.png,P1443,1024,2048,1024,6,2924,0.002788543701171875,0.0,0,False,no_overlap,low_mask_area,no_overlap__low_mask_area,train,0.0167140960693359,mask_area,0.0,0.001,False,4009
816,P1443_0018.png,P1443.png,P1443,0,2316,1024,0,0,0.0,0.0,0,False,no_overlap,low_mask_area,negative,train,0.0167140960693359,mask_area,0.0,0.001,False,4014
817,P1443_0019.png,P1443.png,P1443,1024,2316,1024,4,1714,0.0016345977783203125,0.0,0,False,no_overlap,low_mask_area,no_overlap__low_mask_area,train,0.0167140960693359,mask_area,0.0,0.001,False,4015
818,P1453_0002.png,P1453.png,P1453,1298,0,1024,0,0,0.0,0.0,0,False,no_overlap,low_mask_area,negative,train,0.0167140960693359,mask_area,0.0,0.001,False,1175
819,P1455_0005.png,P1455.png,P1455,4756,0,1024,0,0,0.0,0.0,0,False,no_overlap,low_mask_area,negative,train,0.0167140960693359,mask_area,0.0,0.001,False,1184
820,P1455_0012.png,P1455.png,P1455,0,2048,1024,0,0,0.0,0.0,0,False,no_overlap,low_mask_area,negative,train,0.0167140960693359,mask_area,0.0,0.001,False,1191
821,P1457_0000.png,P1457.png,P1457,0,0,1024,0,0,0.0,0.0,0,False,no_overlap,low_mask_area,negative,train,0.0167140960693359,mask_area,0.0,0.001,False,4088
822,P1458_0006.png,P1458.png,P1458,2048,1024,1024,0,0,0.0,0.0,0,False,no_overlap,low_mask_area,negative,train,0.0167140960693359,mask_area,0.0,0.001,False,4124
823,P1458_0013.png,P1458.png,P1458,1024,3072,1024,1,141,0.00013446807861328125,0.0,0,False,no_overlap,low_mask_area,no_overlap__low_mask_area,train,0.0167140960693359,mask_area,0.0,0.001,False,4131
824,P1458_0014.png,P1458.png,P1458,2048,3072,1024,0,0,0.0,0.0,0,False,no_overlap,low_mask_area,negative,train,0.0167140960693359,mask_area,0.0,0.001,False,4132
825,P1458_0017.png,P1458.png,P1458,1024,3829,1024,1,141,0.00013446807861328125,0.0,0,False,no_overlap,low_mask_area,no_overlap__low_mask_area,train,0.0167140960693359,mask_area,0.0,0.001,False,4135
826,P1466_0004.png,P1466.png,P1466,4096,0,1024,0,0,0.0,0.0,0,False,no_overlap,low_mask_area,negative,train,0.0167140960693359,mask_area,0.0,0.001,False,1249
827,P1466_0013.png,P1466.png,P1466,5303,1024,1024,0,0,0.0,0.0,0,False,no_overlap,low_mask_area,negative,train,0.0167140960693359,mask_area,0.0,0.001,False,1258
828,P1466_0033.png,P1466.png,P1466,5120,4096,1024,0,0,0.0,0.0,0,False,no_overlap,low_mask_area,negative,train,0.0167140960693359,mask_area,0.0,0.001,False,1278
829,P1469_0001.png,P1469.png,P1469,1024,0,1024,0,0,0.0,0.0,0,False,no_overlap,low_mask_area,negative,train,0.0167140960693359,mask_area,0.0,0.001,False,4202
830,P1470_0003.png,P1470.png,P1470,3072,0,1024,0,0,0.0,0.0,0,False,no_overlap,low_mask_area,negative,train,0.0167140960693359,mask_area,0.0,0.001,False,4210
831,P1470_0034.png,P1470.png,P1470,4096,4636,1024,0,0,0.0,0.0,0,False,no_overlap,low_mask_area,negative,train,0.0167140960693359,mask_area,0.0,0.001,False,4241
832,P1474_0004.png,P1474.png,P1474,1024,1024,1024,7,7511,0.007163047790527344,0.0,0,False,no_overlap,low_mask_area,no_overlap__low_mask_area,train,0.0167140960693359,mask_area,0.0,0.001,False,1745
833,P1474_0007.png,P1474.png,P1474,1024,2048,1024,4,4943,0.004714012145996094,0.0,0,False,no_overlap,low_mask_area,no_overlap__low_mask_area,train,0.0167140960693359,mask_area,0.0,0.001,False,1748
834,P1474_0010.png,P1474.png,P1474,1024,3072,1024,2,2590,0.0024700164794921875,0.0,0,False,no_overlap,low_mask_area,no_overlap__low_mask_area,train,0.0167140960693359,mask_area,0.0,0.001,False,1751
835,P1474_0013.png,P1474.png,P1474,1024,4096,1024,6,5029,0.004796028137207031,0.0,0,False,no_overlap,low_mask_area,no_overlap__low_mask_area,train,0.0167140960693359,mask_area,0.0,0.001,False,1754
836,P1474_0014.png,P1474.png,P1474,2048,4096,1024,4,2107,0.0020093917846679688,0.0,0,False,no_overlap,low_mask_area,no_overlap__low_mask_area,train,0.0167140960693359,mask_area,0.0,0.001,False,1755
837,P1474_0017.png,P1474.png,P1474,2048,5120,1024,3,2212,0.002109527587890625,0.03357142857142857,2,True,overlap,low_mask_area,overlap__low_mask_area,train,0.0167140960693359,mask_area,0.0,0.001,False,1758
838,P1479_0001.png,P1479.png,P1479,1024,0,1024,2,26699,0.02546215057373047,0.0,0,False,no_overlap,high_mask_area,no_overlap__high_mask_area,train,0.0167140960693359,mask_area,0.0,0.001,False,4244
839,P1479_0002.png,P1479.png,P1479,1380,0,1024,1,12234,0.011667251586914062,0.0,0,False,no_overlap,low_mask_area,no_overlap__low_mask_area,train,0.0167140960693359,mask_area,0.0,0.001,False,4245
840,P1479_0004.png,P1479.png,P1479,1024,1024,1024,1,20414,0.019468307495117188,0.0,0,False,no_overlap,high_mask_area,no_overlap__high_mask_area,train,0.0167140960693359,mask_area,0.0,0.001,False,4247
841,P1479_0005.png,P1479.png,P1479,1380,1024,1024,1,17866,0.017038345336914062,0.0,0,False,no_overlap,high_mask_area,no_overlap__high_mask_area,train,0.0167140960693359,mask_area,0.0,0.001,False,4248
842,P1479_0007.png,P1479.png,P1479,1024,1042,1024,1,20414,0.019468307495117188,0.0,0,False,no_overlap,high_mask_area,no_overlap__high_mask_area,train,0.0167140960693359,mask_area,0.0,0.001,False,4250
843,P1479_0008.png,P1479.png,P1479,1380,1042,1024,1,17866,0.017038345336914062,0.0,0,False,no_overlap,high_mask_area,no_overlap__high_mask_area,train,0.0167140960693359,mask_area,0.0,0.001,False,4251
844,P1480_0001.png,P1480.png,P1480,1024,0,1024,2,29648,0.0282745361328125,0.0,0,False,no_overlap,high_mask_area,no_overlap__high_mask_area,train,0.0167140960693359,mask_area,0.0,0.001,False,4253
845,P1480_0002.png,P1480.png,P1480,1175,0,1024,2,29648,0.0282745361328125,0.0,0,False,no_overlap,high_mask_area,no_overlap__high_mask_area,train,0.0167140960693359,mask_area,0.0,0.001,False,4254
846,P1480_0003.png,P1480.png,P1480,0,1024,1024,1,746,0.0007114410400390625,0.0,0,False,no_overlap,low_mask_area,no_overlap__low_mask_area,train,0.0167140960693359,mask_area,0.0,0.001,False,4255
847,P1480_0004.png,P1480.png,P1480,1024,1024,1024,0,0,0.0,0.0,0,False,no_overlap,low_mask_area,negative,train,0.0167140960693359,mask_area,0.0,0.001,False,4256
848,P1480_0006.png,P1480.png,P1480,0,1672,1024,1,24364,0.023235321044921875,0.0,0,False,no_overlap,high_mask_area,no_overlap__high_mask_area,train,0.0167140960693359,mask_area,0.0,0.001,False,4258
849,P1480_0007.png,P1480.png,P1480,1024,1672,1024,1,5133,0.004895210266113281,0.0,0,False,no_overlap,low_mask_area,no_overlap__low_mask_area,train,0.0167140960693359,mask_area,0.0,0.001,False,4259
850,P1481_0001.png,P1481.png,P1481,1024,0,1024,1,10948,0.010440826416015625,0.0,0,False,no_overlap,low_mask_area,no_overlap__low_mask_area,train,0.0167140960693359,mask_area,0.0,0.001,False,4262
851,P1481_0003.png,P1481.png,P1481,0,1024,1024,1,7389,0.007046699523925781,0.0,0,False,no_overlap,low_mask_area,no_overlap__low_mask_area,train,0.0167140960693359,mask_area,0.0,0.001,False,4264
852,P1481_0004.png,P1481.png,P1481,1024,1024,1024,2,67460,0.06433486938476562,0.0,0,False,no_overlap,high_mask_area,no_overlap__high_mask_area,train,0.0167140960693359,mask_area,0.0,0.001,False,4265
853,P1481_0005.png,P1481.png,P1481,1910,1024,1024,2,14097,0.013443946838378906,0.0,0,False,no_overlap,low_mask_area,no_overlap__low_mask_area,train,0.0167140960693359,mask_area,0.0,0.001,False,4266
854,P1481_0006.png,P1481.png,P1481,0,2048,1024,1,29172,0.027820587158203125,0.0,0,False,no_overlap,high_mask_area,no_overlap__high_mask_area,train,0.0167140960693359,mask_area,0.0,0.001,False,4267
855,P1481_0007.png,P1481.png,P1481,1024,2048,1024,2,51999,0.049590110778808594,0.0,0,False,no_overlap,high_mask_area,no_overlap__high_mask_area,train,0.0167140960693359,mask_area,0.0,0.001,False,4268
856,P1481_0008.png,P1481.png,P1481,1910,2048,1024,2,13728,0.013092041015625,0.0,0,False,no_overlap,low_mask_area,no_overlap__low_mask_area,train,0.0167140960693359,mask_area,0.0,0.001,False,4269
857,P1481_0009.png,P1481.png,P1481,0,2486,1024,1,29658,0.028284072875976562,0.0,0,False,no_overlap,high_mask_area,no_overlap__high_mask_area,train,0.0167140960693359,mask_area,0.0,0.001,False,4270
858,P1481_0010.png,P1481.png,P1481,1024,2486,1024,3,43741,0.04171466827392578,0.0,0,False,no_overlap,high_mask_area,no_overlap__high_mask_area,train,0.0167140960693359,mask_area,0.0,0.001,False,4271
859,P1481_0011.png,P1481.png,P1481,1910,2486,1024,3,12374,0.011800765991210938,0.0,0,False,no_overlap,low_mask_area,no_overlap__low_mask_area,train,0.0167140960693359,mask_area,0.0,0.001,False,4272
860,P1482_0000.png,P1482.png,P1482,0,0,1024,2,48998,0.04672813415527344,0.0,0,False,no_overlap,high_mask_area,no_overlap__high_mask_area,train,0.0167140960693359,mask_area,0.0,0.001,False,4273
861,P1482_0001.png,P1482.png,P1482,1024,0,1024,3,61622,0.05876731872558594,0.0,0,False,no_overlap,high_mask_area,no_overlap__high_mask_area,train,0.0167140960693359,mask_area,0.0,0.001,False,4274
862,P1482_0002.png,P1482.png,P1482,1439,0,1024,2,26516,0.025287628173828125,0.0,0,False,no_overlap,high_mask_area,no_overlap__high_mask_area,train,0.0167140960693359,mask_area,0.0,0.001,False,4275
863,P1482_0003.png,P1482.png,P1482,0,1024,1024,1,13416,0.01279449462890625,0.0,0,False,no_overlap,low_mask_area,no_overlap__low_mask_area,train,0.0167140960693359,mask_area,0.0,0.001,False,4276
864,P1482_0004.png,P1482.png,P1482,1024,1024,1024,3,34416,0.0328216552734375,0.0,0,False,no_overlap,high_mask_area,no_overlap__high_mask_area,train,0.0167140960693359,mask_area,0.0,0.001,False,4277
865,P1482_0005.png,P1482.png,P1482,1439,1024,1024,2,20768,0.019805908203125,0.0,0,False,no_overlap,high_mask_area,no_overlap__high_mask_area,train,0.0167140960693359,mask_area,0.0,0.001,False,4278
866,P1482_0006.png,P1482.png,P1482,0,1434,1024,1,8402,0.008012771606445312,0.0,0,False,no_overlap,low_mask_area,no_overlap__low_mask_area,train,0.0167140960693359,mask_area,0.0,0.001,False,4279
867,P1482_0007.png,P1482.png,P1482,1024,1434,1024,3,34416,0.0328216552734375,0.0,0,False,no_overlap,high_mask_area,no_overlap__high_mask_area,train,0.0167140960693359,mask_area,0.0,0.001,False,4280
868,P1482_0008.png,P1482.png,P1482,1439,1434,1024,2,20768,0.019805908203125,0.0,0,False,no_overlap,high_mask_area,no_overlap__high_mask_area,train,0.0167140960693359,mask_area,0.0,0.001,False,4281
869,P1483_0000.png,P1483.png,P1483,0,0,1024,3,36203,0.03452587127685547,0.0,0,False,no_overlap,high_mask_area,no_overlap__high_mask_area,train,0.0167140960693359,mask_area,0.0,0.001,False,1772
870,P1483_0001.png,P1483.png,P1483,693,0,1024,2,22128,0.0211029052734375,0.0,0,False,no_overlap,high_mask_area,no_overlap__high_mask_area,train,0.0167140960693359,mask_area,0.0,0.001,False,1773
871,P1483_0002.png,P1483.png,P1483,0,875,1024,1,11856,0.0113067626953125,0.0,0,False,no_overlap,low_mask_area,no_overlap__low_mask_area,train,0.0167140960693359,mask_area,0.0,0.001,False,1774
872,P1483_0003.png,P1483.png,P1483,693,875,1024,1,9219,0.008791923522949219,0.0,0,False,no_overlap,low_mask_area,no_overlap__low_mask_area,train,0.0167140960693359,mask_area,0.0,0.001,False,1775
873,P1484_0000.png,P1484.png,P1484,0,0,1024,1,5220,0.004978179931640625,0.0,0,False,no_overlap,low_mask_area,no_overlap__low_mask_area,train,0.0167140960693359,mask_area,0.0,0.001,False,4282
874,P1484_0001.png,P1484.png,P1484,938,0,1024,4,19926,0.019002914428710938,0.0,0,False,no_overlap,high_mask_area,no_overlap__high_mask_area,train,0.0167140960693359,mask_area,0.0,0.001,False,4283
875,P1484_0002.png,P1484.png,P1484,0,1024,1024,8,41819,0.03988170623779297,0.0,0,False,no_overlap,high_mask_area,no_overlap__high_mask_area,train,0.0167140960693359,mask_area,0.0,0.001,False,4284
876,P1484_0003.png,P1484.png,P1484,938,1024,1024,6,31043,0.02960491180419922,0.0,0,False,no_overlap,high_mask_area,no_overlap__high_mask_area,train,0.0167140960693359,mask_area,0.0,0.001,False,4285
877,P1484_0004.png,P1484.png,P1484,0,1147,1024,8,39038,0.03722953796386719,0.0,0,False,no_overlap,high_mask_area,no_overlap__high_mask_area,train,0.0167140960693359,mask_area,0.0,0.001,False,4286
878,P1484_0005.png,P1484.png,P1484,938,1147,1024,6,17857,0.017029762268066406,0.0,0,False,no_overlap,high_mask_area,no_overlap__high_mask_area,train,0.0167140960693359,mask_area,0.0,0.001,False,4287
879,P1487_0002.png,P1487.png,P1487,0,361,1024,0,0,0.0,0.0,0,False,no_overlap,low_mask_area,negative,train,0.0167140960693359,mask_area,0.0,0.001,False,4294
880,P1487_0003.png,P1487.png,P1487,717,361,1024,0,0,0.0,0.0,0,False,no_overlap,low_mask_area,negative,train,0.0167140960693359,mask_area,0.0,0.001,False,4295
881,P1489_0002.png,P1489.png,P1489,2048,0,1024,1,21150,0.020170211791992188,0.0,0,False,no_overlap,high_mask_area,no_overlap__high_mask_area,train,0.0167140960693359,mask_area,0.0,0.001,False,4298
882,P1489_0003.png,P1489.png,P1489,3072,0,1024,2,31019,0.02958202362060547,0.0,0,False,no_overlap,high_mask_area,no_overlap__high_mask_area,train,0.0167140960693359,mask_area,0.0,0.001,False,4299
883,P1489_0004.png,P1489.png,P1489,3908,0,1024,1,21658,0.020654678344726562,0.0,0,False,no_overlap,high_mask_area,no_overlap__high_mask_area,train,0.0167140960693359,mask_area,0.0,0.001,False,4300
884,P1489_0005.png,P1489.png,P1489,0,1024,1024,1,27112,0.02585601806640625,0.0,0,False,no_overlap,high_mask_area,no_overlap__high_mask_area,train,0.0167140960693359,mask_area,0.0,0.001,False,4301
885,P1489_0006.png,P1489.png,P1489,1024,1024,1024,2,51695,0.049300193786621094,0.0,0,False,no_overlap,high_mask_area,no_overlap__high_mask_area,train,0.0167140960693359,mask_area,0.0,0.001,False,4302
886,P1489_0007.png,P1489.png,P1489,2048,1024,1024,1,1637,0.0015611648559570312,0.0,0,False,no_overlap,low_mask_area,no_overlap__low_mask_area,train,0.0167140960693359,mask_area,0.0,0.001,False,4303
887,P1489_0008.png,P1489.png,P1489,3072,1024,1024,2,13656,0.01302337646484375,0.0,0,False,no_overlap,low_mask_area,no_overlap__low_mask_area,train,0.0167140960693359,mask_area,0.0,0.001,False,4304
888,P1489_0011.png,P1489.png,P1489,1024,2048,1024,3,26311,0.025092124938964844,0.0,0,False,no_overlap,high_mask_area,no_overlap__high_mask_area,train,0.0167140960693359,mask_area,0.0,0.001,False,4307
889,P1489_0012.png,P1489.png,P1489,2048,2048,1024,1,21560,0.02056121826171875,0.0,0,False,no_overlap,high_mask_area,no_overlap__high_mask_area,train,0.0167140960693359,mask_area,0.0,0.001,False,4308
890,P1489_0013.png,P1489.png,P1489,3072,2048,1024,1,1422,0.0013561248779296875,0.0,0,False,no_overlap,low_mask_area,no_overlap__low_mask_area,train,0.0167140960693359,mask_area,0.0,0.001,False,4309
891,P1489_0014.png,P1489.png,P1489,3908,2048,1024,2,43584,0.04156494140625,0.0,0,False,no_overlap,high_mask_area,no_overlap__high_mask_area,train,0.0167140960693359,mask_area,0.0,0.001,False,4310
892,P1489_0016.png,P1489.png,P1489,1024,3072,1024,1,16605,0.01583576202392578,0.0,0,False,no_overlap,low_mask_area,no_overlap__low_mask_area,train,0.0167140960693359,mask_area,0.0,0.001,False,4312
893,P1489_0017.png,P1489.png,P1489,2048,3072,1024,2,31609,0.030144691467285156,0.0,0,False,no_overlap,high_mask_area,no_overlap__high_mask_area,train,0.0167140960693359,mask_area,0.0,0.001,False,4313
894,P1489_0022.png,P1489.png,P1489,2048,3634,1024,2,44113,0.042069435119628906,0.0,0,False,no_overlap,high_mask_area,no_overlap__high_mask_area,train,0.0167140960693359,mask_area,0.0,0.001,False,4318
895,P1492_0000.png,P1492.png,P1492,0,0,1024,2,18966,0.018087387084960938,0.0,0,False,no_overlap,high_mask_area,no_overlap__high_mask_area,train,0.0167140960693359,mask_area,0.0,0.001,False,1776
896,P1492_0001.png,P1492.png,P1492,569,0,1024,2,20459,0.01951122283935547,0.0,0,False,no_overlap,high_mask_area,no_overlap__high_mask_area,train,0.0167140960693359,mask_area,0.0,0.001,False,1777
897,P1492_0002.png,P1492.png,P1492,0,1024,1024,2,13351,0.012732505798339844,0.0,0,False,no_overlap,low_mask_area,no_overlap__low_mask_area,train,0.0167140960693359,mask_area,0.0,0.001,False,1778
898,P1492_0003.png,P1492.png,P1492,569,1024,1024,2,3849,0.0036706924438476562,0.0,0,False,no_overlap,low_mask_area,no_overlap__low_mask_area,train,0.0167140960693359,mask_area,0.0,0.001,False,1779
899,P1492_0004.png,P1492.png,P1492,0,1710,1024,3,27632,0.0263519287109375,0.0,0,False,no_overlap,high_mask_area,no_overlap__high_mask_area,train,0.0167140960693359,mask_area,0.0,0.001,False,1780
900,P1492_0005.png,P1492.png,P1492,569,1710,1024,3,20381,0.01943683624267578,0.0,0,False,no_overlap,high_mask_area,no_overlap__high_mask_area,train,0.0167140960693359,mask_area,0.0,0.001,False,1781
901,P1495_0002.png,P1495.png,P1495,2048,0,1024,1,4427,0.004221916198730469,0.0,0,False,no_overlap,low_mask_area,no_overlap__low_mask_area,train,0.0167140960693359,mask_area,0.0,0.001,False,4348
902,P1495_0003.png,P1495.png,P1495,3072,0,1024,1,3103,0.0029592514038085938,0.0,0,False,no_overlap,low_mask_area,no_overlap__low_mask_area,train,0.0167140960693359,mask_area,0.0,0.001,False,4349
903,P1495_0007.png,P1495.png,P1495,2048,1024,1024,3,11694,0.011152267456054688,0.0,0,False,no_overlap,low_mask_area,no_overlap__low_mask_area,train,0.0167140960693359,mask_area,0.0,0.001,False,4353
904,P1495_0011.png,P1495.png,P1495,1024,2048,1024,1,13156,0.012546539306640625,0.0,0,False,no_overlap,low_mask_area,no_overlap__low_mask_area,train,0.0167140960693359,mask_area,0.0,0.001,False,4357
905,P1495_0012.png,P1495.png,P1495,2048,2048,1024,3,31029,0.02959156036376953,0.0,0,False,no_overlap,high_mask_area,no_overlap__high_mask_area,train,0.0167140960693359,mask_area,0.0,0.001,False,4358
906,P1495_0013.png,P1495.png,P1495,3072,2048,1024,0,0,0.0,0.0,0,False,no_overlap,low_mask_area,negative,train,0.0167140960693359,mask_area,0.0,0.001,False,4359
907,P1495_0017.png,P1495.png,P1495,2048,3072,1024,2,15739,0.015009880065917969,0.0,0,False,no_overlap,low_mask_area,no_overlap__low_mask_area,train,0.0167140960693359,mask_area,0.0,0.001,False,4363
908,P1495_0018.png,P1495.png,P1495,3072,3072,1024,3,33455,0.031905174255371094,0.0,0,False,no_overlap,high_mask_area,no_overlap__high_mask_area,train,0.0167140960693359,mask_area,0.0,0.001,False,4364
909,P1495_0021.png,P1495.png,P1495,1024,4096,1024,1,11288,0.01076507568359375,0.0,0,False,no_overlap,low_mask_area,no_overlap__low_mask_area,train,0.0167140960693359,mask_area,0.0,0.001,False,4367
910,P1495_0022.png,P1495.png,P1495,2048,4096,1024,1,12887,0.012290000915527344,0.0,0,False,no_overlap,low_mask_area,no_overlap__low_mask_area,train,0.0167140960693359,mask_area,0.0,0.001,False,4368
911,P1495_0023.png,P1495.png,P1495,3072,4096,1024,2,29121,0.027771949768066406,0.0,0,False,no_overlap,high_mask_area,no_overlap__high_mask_area,train,0.0167140960693359,mask_area,0.0,0.001,False,4369
912,P1495_0024.png,P1495.png,P1495,3862,4096,1024,2,16440,0.01567840576171875,0.0,0,False,no_overlap,low_mask_area,no_overlap__low_mask_area,train,0.0167140960693359,mask_area,0.0,0.001,False,4370
913,P1495_0026.png,P1495.png,P1495,1024,4392,1024,1,2619,0.0024976730346679688,0.0,0,False,no_overlap,low_mask_area,no_overlap__low_mask_area,train,0.0167140960693359,mask_area,0.0,0.001,False,4372
914,P1495_0028.png,P1495.png,P1495,3072,4392,1024,2,22899,0.02183818817138672,0.0,0,False,no_overlap,high_mask_area,no_overlap__high_mask_area,train,0.0167140960693359,mask_area,0.0,0.001,False,4374
915,P1495_0029.png,P1495.png,P1495,3862,4392,1024,2,8039,0.007666587829589844,0.0,0,False,no_overlap,low_mask_area,no_overlap__low_mask_area,train,0.0167140960693359,mask_area,0.0,0.001,False,4375
916,P1497_0000.png,P1497.png,P1497,0,0,1024,3,13783,0.013144493103027344,0.0,0,False,no_overlap,low_mask_area,no_overlap__low_mask_area,train,0.0167140960693359,mask_area,0.0,0.001,False,4376
917,P1497_0001.png,P1497.png,P1497,1024,0,1024,2,14057,0.013405799865722656,0.0,0,False,no_overlap,low_mask_area,no_overlap__low_mask_area,train,0.0167140960693359,mask_area,0.0,0.001,False,4377
918,P1497_0004.png,P1497.png,P1497,0,1024,1024,1,880,0.0008392333984375,0.0,0,False,no_overlap,low_mask_area,no_overlap__low_mask_area,train,0.0167140960693359,mask_area,0.0,0.001,False,4380
919,P1497_0005.png,P1497.png,P1497,1024,1024,1024,4,34951,0.033331871032714844,0.0,0,False,no_overlap,high_mask_area,no_overlap__high_mask_area,train,0.0167140960693359,mask_area,0.0,0.001,False,4381
920,P1497_0006.png,P1497.png,P1497,2048,1024,1024,1,4365,0.004162788391113281,0.0,0,False,no_overlap,low_mask_area,no_overlap__low_mask_area,train,0.0167140960693359,mask_area,0.0,0.001,False,4382
921,P1497_0009.png,P1497.png,P1497,1024,2048,1024,2,12821,0.012227058410644531,0.0,0,False,no_overlap,low_mask_area,no_overlap__low_mask_area,train,0.0167140960693359,mask_area,0.0,0.001,False,4385
922,P1497_0010.png,P1497.png,P1497,2048,2048,1024,4,17068,0.016277313232421875,0.0,0,False,no_overlap,low_mask_area,no_overlap__low_mask_area,train,0.0167140960693359,mask_area,0.0,0.001,False,4386
923,P1497_0011.png,P1497.png,P1497,2213,2048,1024,2,10061,0.009594917297363281,0.0,0,False,no_overlap,low_mask_area,no_overlap__low_mask_area,train,0.0167140960693359,mask_area,0.0,0.001,False,4387
924,P1497_0013.png,P1497.png,P1497,1024,3072,1024,1,1245,0.0011873245239257812,0.0,0,False,no_overlap,low_mask_area,no_overlap__low_mask_area,train,0.0167140960693359,mask_area,0.0,0.001,False,4389
925,P1497_0014.png,P1497.png,P1497,2048,3072,1024,6,25712,0.0245208740234375,0.0,0,False,no_overlap,high_mask_area,no_overlap__high_mask_area,train,0.0167140960693359,mask_area,0.0,0.001,False,4390
926,P1497_0015.png,P1497.png,P1497,2213,3072,1024,4,22148,0.021121978759765625,0.0,0,False,no_overlap,high_mask_area,no_overlap__high_mask_area,train,0.0167140960693359,mask_area,0.0,0.001,False,4391
927,P1497_0017.png,P1497.png,P1497,1024,3191,1024,1,1245,0.0011873245239257812,0.0,0,False,no_overlap,low_mask_area,no_overlap__low_mask_area,train,0.0167140960693359,mask_area,0.0,0.001,False,4393
928,P1497_0018.png,P1497.png,P1497,2048,3191,1024,5,24945,0.023789405822753906,0.0,0,False,no_overlap,high_mask_area,no_overlap__high_mask_area,train,0.0167140960693359,mask_area,0.0,0.001,False,4394
929,P1497_0019.png,P1497.png,P1497,2213,3191,1024,4,21854,0.020841598510742188,0.0,0,False,no_overlap,high_mask_area,no_overlap__high_mask_area,train,0.0167140960693359,mask_area,0.0,0.001,False,4395
930,P1501_0000.png,P1501.png,P1501,0,0,1024,1,17110,0.016317367553710938,0.0,0,False,no_overlap,low_mask_area,no_overlap__low_mask_area,train,0.0167140960693359,mask_area,0.0,0.001,False,4405
931,P1501_0001.png,P1501.png,P1501,546,0,1024,1,3762,0.0035877227783203125,0.0,0,False,no_overlap,low_mask_area,no_overlap__low_mask_area,train,0.0167140960693359,mask_area,0.0,0.001,False,4406
932,P1501_0002.png,P1501.png,P1501,0,1024,1024,2,16526,0.015760421752929688,0.0,0,False,no_overlap,low_mask_area,no_overlap__low_mask_area,train,0.0167140960693359,mask_area,0.0,0.001,False,4407
933,P1501_0003.png,P1501.png,P1501,546,1024,1024,1,1505,0.0014352798461914062,0.0,0,False,no_overlap,low_mask_area,no_overlap__low_mask_area,train,0.0167140960693359,mask_area,0.0,0.001,False,4408
934,P1501_0004.png,P1501.png,P1501,0,2048,1024,1,12850,0.012254714965820312,0.0,0,False,no_overlap,low_mask_area,no_overlap__low_mask_area,train,0.0167140960693359,mask_area,0.0,0.001,False,4409
935,P1501_0005.png,P1501.png,P1501,546,2048,1024,1,2140,0.002040863037109375,0.0,0,False,no_overlap,low_mask_area,no_overlap__low_mask_area,train,0.0167140960693359,mask_area,0.0,0.001,False,4410
936,P1501_0006.png,P1501.png,P1501,0,2957,1024,1,15802,0.015069961547851562,0.0,0,False,no_overlap,low_mask_area,no_overlap__low_mask_area,train,0.0167140960693359,mask_area,0.0,0.001,False,4411
937,P1501_0007.png,P1501.png,P1501,546,2957,1024,1,13981,0.013333320617675781,0.0,0,False,no_overlap,low_mask_area,no_overlap__low_mask_area,train,0.0167140960693359,mask_area,0.0,0.001,False,4412
938,P1502_0001.png,P1502.png,P1502,1024,0,1024,2,8822,0.008413314819335938,0.0,0,False,no_overlap,low_mask_area,no_overlap__low_mask_area,train,0.0167140960693359,mask_area,0.0,0.001,False,4414
939,P1502_0002.png,P1502.png,P1502,2048,0,1024,1,11417,0.010888099670410156,0.0,0,False,no_overlap,low_mask_area,no_overlap__low_mask_area,train,0.0167140960693359,mask_area,0.0,0.001,False,4415
940,P1502_0005.png,P1502.png,P1502,0,1024,1024,1,11193,0.010674476623535156,0.0,0,False,no_overlap,low_mask_area,no_overlap__low_mask_area,train,0.0167140960693359,mask_area,0.0,0.001,False,4418
941,P1502_0006.png,P1502.png,P1502,1024,1024,1024,1,5085,0.004849433898925781,0.0,0,False,no_overlap,low_mask_area,no_overlap__low_mask_area,train,0.0167140960693359,mask_area,0.0,0.001,False,4419
942,P1502_0007.png,P1502.png,P1502,2048,1024,1024,2,11026,0.010515213012695312,0.0,0,False,no_overlap,low_mask_area,no_overlap__low_mask_area,train,0.0167140960693359,mask_area,0.0,0.001,False,4420
943,P1502_0012.png,P1502.png,P1502,2048,2048,1024,1,4735,0.004515647888183594,0.0,0,False,no_overlap,low_mask_area,no_overlap__low_mask_area,train,0.0167140960693359,mask_area,0.0,0.001,False,4425
944,P1502_0018.png,P1502.png,P1502,3072,3072,1024,1,10773,0.010273933410644531,0.0,0,False,no_overlap,low_mask_area,no_overlap__low_mask_area,train,0.0167140960693359,mask_area,0.0,0.001,False,4431
945,P1502_0019.png,P1502.png,P1502,3229,3072,1024,1,10773,0.010273933410644531,0.0,0,False,no_overlap,low_mask_area,no_overlap__low_mask_area,train,0.0167140960693359,mask_area,0.0,0.001,False,4432
946,P1502_0023.png,P1502.png,P1502,3072,3310,1024,1,10773,0.010273933410644531,0.0,0,False,no_overlap,low_mask_area,no_overlap__low_mask_area,train,0.0167140960693359,mask_area,0.0,0.001,False,4436
947,P1502_0024.png,P1502.png,P1502,3229,3310,1024,1,10773,0.010273933410644531,0.0,0,False,no_overlap,low_mask_area,no_overlap__low_mask_area,train,0.0167140960693359,mask_area,0.0,0.001,False,4437
948,P1508_0000.png,P1508.png,P1508,0,0,1024,1,13260,0.012645721435546875,0.0,0,False,no_overlap,low_mask_area,no_overlap__low_mask_area,train,0.0167140960693359,mask_area,0.0,0.001,False,1794
949,P1508_0001.png,P1508.png,P1508,548,0,1024,1,3541,0.0033769607543945312,0.0,0,False,no_overlap,low_mask_area,no_overlap__low_mask_area,train,0.0167140960693359,mask_area,0.0,0.001,False,1795
950,P1508_0004.png,P1508.png,P1508,0,2048,1024,1,15470,0.014753341674804688,0.0,0,False,no_overlap,low_mask_area,no_overlap__low_mask_area,train,0.0167140960693359,mask_area,0.0,0.001,False,1798
951,P1508_0005.png,P1508.png,P1508,548,2048,1024,1,3119,0.0029745101928710938,0.0,0,False,no_overlap,low_mask_area,no_overlap__low_mask_area,train,0.0167140960693359,mask_area,0.0,0.001,False,1799
952,P1509_0001.png,P1509.png,P1509,1024,0,1024,2,17068,0.016277313232421875,0.0,0,False,no_overlap,low_mask_area,no_overlap__low_mask_area,train,0.0167140960693359,mask_area,0.0,0.001,False,4452
953,P1509_0002.png,P1509.png,P1509,2048,0,1024,2,28857,0.027520179748535156,0.0,0,False,no_overlap,high_mask_area,no_overlap__high_mask_area,train,0.0167140960693359,mask_area,0.0,0.001,False,4453
954,P1509_0005.png,P1509.png,P1509,0,1024,1024,1,16580,0.015811920166015625,0.0,0,False,no_overlap,low_mask_area,no_overlap__low_mask_area,train,0.0167140960693359,mask_area,0.0,0.001,False,4456
955,P1509_0006.png,P1509.png,P1509,1024,1024,1024,2,30379,0.02897167205810547,0.0,0,False,no_overlap,high_mask_area,no_overlap__high_mask_area,train,0.0167140960693359,mask_area,0.0,0.001,False,4457
956,P1509_0007.png,P1509.png,P1509,2048,1024,1024,2,30569,0.029152870178222656,0.0,0,False,no_overlap,high_mask_area,no_overlap__high_mask_area,train,0.0167140960693359,mask_area,0.0,0.001,False,4458
957,P1509_0008.png,P1509.png,P1509,3072,1024,1024,3,47831,0.045615196228027344,0.0,0,False,no_overlap,high_mask_area,no_overlap__high_mask_area,train,0.0167140960693359,mask_area,0.0,0.001,False,4459
958,P1509_0009.png,P1509.png,P1509,3743,1024,1024,2,20028,0.019100189208984375,0.0,0,False,no_overlap,high_mask_area,no_overlap__high_mask_area,train,0.0167140960693359,mask_area,0.0,0.001,False,4460
959,P1509_0011.png,P1509.png,P1509,1024,2048,1024,1,14964,0.014270782470703125,0.0,0,False,no_overlap,low_mask_area,no_overlap__low_mask_area,train,0.0167140960693359,mask_area,0.0,0.001,False,4462
960,P1509_0013.png,P1509.png,P1509,3072,2048,1024,1,13015,0.012412071228027344,0.0,0,False,no_overlap,low_mask_area,no_overlap__low_mask_area,train,0.0167140960693359,mask_area,0.0,0.001,False,4464
961,P1509_0014.png,P1509.png,P1509,3743,2048,1024,2,26049,0.024842262268066406,0.0,0,False,no_overlap,high_mask_area,no_overlap__high_mask_area,train,0.0167140960693359,mask_area,0.0,0.001,False,4465
962,P1509_0016.png,P1509.png,P1509,1024,2052,1024,1,14964,0.014270782470703125,0.0,0,False,no_overlap,low_mask_area,no_overlap__low_mask_area,train,0.0167140960693359,mask_area,0.0,0.001,False,4467
963,P1509_0018.png,P1509.png,P1509,3072,2052,1024,1,13015,0.012412071228027344,0.0,0,False,no_overlap,low_mask_area,no_overlap__low_mask_area,train,0.0167140960693359,mask_area,0.0,0.001,False,4469
964,P1509_0019.png,P1509.png,P1509,3743,2052,1024,2,25604,0.024417877197265625,0.0,0,False,no_overlap,high_mask_area,no_overlap__high_mask_area,train,0.0167140960693359,mask_area,0.0,0.001,False,4470
965,P1512_0000.png,P1512.png,P1512,0,0,1024,6,24358,0.023229598999023438,0.01610836536701446,2,True,overlap,high_mask_area,overlap__high_mask_area,train,0.0167140960693359,mask_area,0.0,0.001,False,1802
966,P1512_0001.png,P1512.png,P1512,692,0,1024,7,35618,0.03396797180175781,0.01464277293091252,3,True,overlap,high_mask_area,overlap__high_mask_area,train,0.0167140960693359,mask_area,0.0,0.001,False,1803
967,P1512_0002.png,P1512.png,P1512,0,717,1024,3,12624,0.0120391845703125,0.0,0,False,no_overlap,low_mask_area,no_overlap__low_mask_area,train,0.0167140960693359,mask_area,0.0,0.001,False,1804
968,P1512_0003.png,P1512.png,P1512,692,717,1024,1,1715,0.0016355514526367188,0.0,0,False,no_overlap,low_mask_area,no_overlap__low_mask_area,train,0.0167140960693359,mask_area,0.0,0.001,False,1805
969,P1513_0000.png,P1513.png,P1513,0,0,1024,4,44576,0.042510986328125,0.12238050755098863,3,True,overlap,high_mask_area,overlap__high_mask_area,train,0.0167140960693359,mask_area,0.0,0.001,False,1806
970,P1513_0004.png,P1513.png,P1513,1024,1024,1024,1,3244,0.003093719482421875,0.0,0,False,no_overlap,low_mask_area,no_overlap__low_mask_area,train,0.0167140960693359,mask_area,0.0,0.001,False,1810
971,P1513_0005.png,P1513.png,P1513,1628,1024,1024,1,2161,0.0020608901977539062,0.0,0,False,no_overlap,low_mask_area,no_overlap__low_mask_area,train,0.0167140960693359,mask_area,0.0,0.001,False,1811
972,P1513_0006.png,P1513.png,P1513,0,2048,1024,5,25512,0.02433013916015625,0.0031117397454031117,1,True,overlap,high_mask_area,overlap__high_mask_area,train,0.0167140960693359,mask_area,0.0,0.001,False,1812
973,P1513_0007.png,P1513.png,P1513,1024,2048,1024,5,12111,0.011549949645996094,0.0,0,False,no_overlap,low_mask_area,no_overlap__low_mask_area,train,0.0167140960693359,mask_area,0.0,0.001,False,1813
974,P1513_0008.png,P1513.png,P1513,1628,2048,1024,2,1475,0.0014066696166992188,0.0,0,False,no_overlap,low_mask_area,no_overlap__low_mask_area,train,0.0167140960693359,mask_area,0.0,0.001,False,1814
975,P1513_0009.png,P1513.png,P1513,0,3072,1024,2,3908,0.003726959228515625,0.0,0,False,no_overlap,low_mask_area,no_overlap__low_mask_area,train,0.0167140960693359,mask_area,0.0,0.001,False,1815
976,P1513_0010.png,P1513.png,P1513,1024,3072,1024,2,4579,0.004366874694824219,0.0,0,False,no_overlap,low_mask_area,no_overlap__low_mask_area,train,0.0167140960693359,mask_area,0.0,0.001,False,1816
977,P1513_0011.png,P1513.png,P1513,1628,3072,1024,1,3643,0.0034742355346679688,0.0,0,False,no_overlap,low_mask_area,no_overlap__low_mask_area,train,0.0167140960693359,mask_area,0.0,0.001,False,1817
978,P1513_0012.png,P1513.png,P1513,0,3114,1024,2,3908,0.003726959228515625,0.0,0,False,no_overlap,low_mask_area,no_overlap__low_mask_area,train,0.0167140960693359,mask_area,0.0,0.001,False,1818
979,P1513_0013.png,P1513.png,P1513,1024,3114,1024,1,3643,0.0034742355346679688,0.0,0,False,no_overlap,low_mask_area,no_overlap__low_mask_area,train,0.0167140960693359,mask_area,0.0,0.001,False,1819
980,P1513_0014.png,P1513.png,P1513,1628,3114,1024,1,3643,0.0034742355346679688,0.0,0,False,no_overlap,low_mask_area,no_overlap__low_mask_area,train,0.0167140960693359,mask_area,0.0,0.001,False,1820
981,P1515_0005.png,P1515.png,P1515,1024,1024,1024,1,420,0.000400543212890625,0.0,0,False,no_overlap,low_mask_area,no_overlap__low_mask_area,train,0.0167140960693359,mask_area,0.0,0.001,False,4492
982,P1515_0009.png,P1515.png,P1515,1024,2048,1024,7,2805,0.0026750564575195312,0.0,0,False,no_overlap,low_mask_area,no_overlap__low_mask_area,train,0.0167140960693359,mask_area,0.0,0.001,False,4496
983,P1515_0010.png,P1515.png,P1515,2048,2048,1024,3,419,0.00039958953857421875,0.0,0,False,no_overlap,low_mask_area,no_overlap__low_mask_area,train,0.0167140960693359,mask_area,0.0,0.001,False,4497
984,P1515_0013.png,P1515.png,P1515,1024,2976,1024,3,1422,0.0013561248779296875,0.0,0,False,no_overlap,low_mask_area,no_overlap__low_mask_area,train,0.0167140960693359,mask_area,0.0,0.001,False,4500
985,P1515_0014.png,P1515.png,P1515,2048,2976,1024,4,585,0.0005578994750976562,0.0,0,False,no_overlap,low_mask_area,no_overlap__low_mask_area,train,0.0167140960693359,mask_area,0.0,0.001,False,4501
986,P1517_0001.png,P1517.png,P1517,1024,0,1024,0,0,0.0,0.0,0,False,no_overlap,low_mask_area,negative,train,0.0167140960693359,mask_area,0.0,0.001,False,4504
987,P1517_0010.png,P1517.png,P1517,0,2048,1024,0,0,0.0,0.0,0,False,no_overlap,low_mask_area,negative,train,0.0167140960693359,mask_area,0.0,0.001,False,4513
988,P1517_0018.png,P1517.png,P1517,3072,2976,1024,0,0,0.0,0.0,0,False,no_overlap,low_mask_area,negative,train,0.0167140960693359,mask_area,0.0,0.001,False,4521
989,P1526_0008.png,P1526.png,P1526,0,2048,1024,2,1389,0.0013246536254882812,0.0,0,False,no_overlap,low_mask_area,no_overlap__low_mask_area,train,0.0167140960693359,mask_area,0.0,0.001,False,4591
990,P1531_0013.png,P1531.png,P1531,3072,2048,1024,0,0,0.0,0.0,0,False,no_overlap,low_mask_area,negative,train,0.0167140960693359,mask_area,0.0,0.001,False,4612
991,P1534_0019.png,P1534.png,P1534,3269,2976,1024,0,0,0.0,0.0,0,False,no_overlap,low_mask_area,negative,train,0.0167140960693359,mask_area,0.0,0.001,False,4654
992,P1537_0010.png,P1537.png,P1537,2048,2048,1024,0,0,0.0,0.0,0,False,no_overlap,low_mask_area,negative,train,0.0167140960693359,mask_area,0.0,0.001,False,1325
993,P1540_0003.png,P1540.png,P1540,2976,0,1024,1,202,0.0001926422119140625,0.0,0,False,no_overlap,low_mask_area,no_overlap__low_mask_area,train,0.0167140960693359,mask_area,0.0,0.001,False,4694
994,P1540_0009.png,P1540.png,P1540,1024,2048,1024,1,63,6.008148193359375e-05,0.0,0,False,no_overlap,low_mask_area,no_overlap__low_mask_area,train,0.0167140960693359,mask_area,0.0,0.001,False,4700
995,P1540_0010.png,P1540.png,P1540,2048,2048,1024,1,419,0.00039958953857421875,0.0,0,False,no_overlap,low_mask_area,no_overlap__low_mask_area,train,0.0167140960693359,mask_area,0.0,0.001,False,4701
996,P1541_0004.png,P1541.png,P1541,0,1024,1024,1,401,0.00038242340087890625,0.0,0,False,no_overlap,low_mask_area,no_overlap__low_mask_area,train,0.0167140960693359,mask_area,0.0,0.001,False,1857
997,P1541_0008.png,P1541.png,P1541,0,2048,1024,1,584,0.00055694580078125,0.0,0,False,no_overlap,low_mask_area,no_overlap__low_mask_area,train,0.0167140960693359,mask_area,0.0,0.001,False,1861
998,P1545_0002.png,P1545.png,P1545,2048,0,1024,7,4498,0.0042896270751953125,0.0,0,False,no_overlap,low_mask_area,no_overlap__low_mask_area,train,0.0167140960693359,mask_area,0.0,0.001,False,4709
999,P1545_0003.png,P1545.png,P1545,2976,0,1024,3,1825,0.0017404556274414062,0.0,0,False,no_overlap,low_mask_area,no_overlap__low_mask_area,train,0.0167140960693359,mask_area,0.0,0.001,False,4710
1000,P1545_0006.png,P1545.png,P1545,2048,1024,1024,6,3348,0.003192901611328125,0.0,0,False,no_overlap,low_mask_area,no_overlap__low_mask_area,train,0.0167140960693359,mask_area,0.0,0.001,False,4713
1001,P1550_0005.png,P1550.png,P1550,1024,1024,1024,0,0,0.0,0.0,0,False,no_overlap,low_mask_area,negative,train,0.0167140960693359,mask_area,0.0,0.001,False,4728
1002,P1550_0010.png,P1550.png,P1550,2048,2048,1024,0,0,0.0,0.0,0,False,no_overlap,low_mask_area,negative,train,0.0167140960693359,mask_area,0.0,0.001,False,4733
1003,P1550_0013.png,P1550.png,P1550,1024,2976,1024,0,0,0.0,0.0,0,False,no_overlap,low_mask_area,negative,train,0.0167140960693359,mask_area,0.0,0.001,False,4736
1004,P1555_0001.png,P1555.png,P1555,1024,0,1024,2,408,0.00038909912109375,0.0,0,False,no_overlap,low_mask_area,no_overlap__low_mask_area,train,0.0167140960693359,mask_area,0.0,0.001,False,4788
1005,P1555_0002.png,P1555.png,P1555,2048,0,1024,7,784,0.0007476806640625,0.010752688172043012,2,True,overlap,low_mask_area,overlap__low_mask_area,train,0.0167140960693359,mask_area,0.0,0.001,False,4789
1006,P1562_0002.png,P1562.png,P1562,2048,0,1024,0,0,0.0,0.0,0,False,no_overlap,low_mask_area,negative,train,0.0167140960693359,mask_area,0.0,0.001,False,4841
1007,P1562_0003.png,P1562.png,P1562,2976,0,1024,2,479,0.00045680999755859375,0.0,0,False,no_overlap,low_mask_area,no_overlap__low_mask_area,train,0.0167140960693359,mask_area,0.0,0.001,False,4842
1008,P1562_0006.png,P1562.png,P1562,2048,1024,1024,14,2946,0.0028095245361328125,0.07692307692307693,1,True,overlap,low_mask_area,overlap__low_mask_area,train,0.0167140960693359,mask_area,0.0,0.001,False,4845
1009,P1562_0007.png,P1562.png,P1562,2976,1024,1024,10,6377,0.006081581115722656,0.0,0,False,no_overlap,low_mask_area,no_overlap__low_mask_area,train,0.0167140960693359,mask_area,0.0,0.001,False,4846
1010,P1562_0010.png,P1562.png,P1562,2048,2048,1024,1,1637,0.0015611648559570312,0.0,0,False,no_overlap,low_mask_area,no_overlap__low_mask_area,train,0.0167140960693359,mask_area,0.0,0.001,False,4849
1011,P1562_0011.png,P1562.png,P1562,2976,2048,1024,1,416,0.000396728515625,0.0,0,False,no_overlap,low_mask_area,no_overlap__low_mask_area,train,0.0167140960693359,mask_area,0.0,0.001,False,4850
1012,P1562_0014.png,P1562.png,P1562,2048,2976,1024,2,2368,0.00225830078125,0.0,0,False,no_overlap,low_mask_area,no_overlap__low_mask_area,train,0.0167140960693359,mask_area,0.0,0.001,False,4853
1013,P1562_0015.png,P1562.png,P1562,2976,2976,1024,1,1449,0.0013818740844726562,0.0,0,False,no_overlap,low_mask_area,no_overlap__low_mask_area,train,0.0167140960693359,mask_area,0.0,0.001,False,4854
1014,P1565_0017.png,P1565.png,P1565,2048,2976,1024,0,0,0.0,0.0,0,False,no_overlap,low_mask_area,negative,train,0.0167140960693359,mask_area,0.0,0.001,False,4872
1015,P1571_0001.png,P1571.png,P1571,1024,0,1024,0,0,0.0,0.0,0,False,no_overlap,low_mask_area,negative,train,0.0167140960693359,mask_area,0.0,0.001,False,4876
1016,P1580_0001.png,P1580.png,P1580,1024,0,1024,0,0,0.0,0.0,0,False,no_overlap,low_mask_area,negative,train,0.0167140960693359,mask_area,0.0,0.001,False,4896
1017,P1587_0006.png,P1587.png,P1587,2048,1024,1024,0,0,0.0,0.0,0,False,no_overlap,low_mask_area,negative,train,0.0167140960693359,mask_area,0.0,0.001,False,1373
1018,P1589_0013.png,P1589.png,P1589,1024,2976,1024,0,0,0.0,0.0,0,False,no_overlap,low_mask_area,negative,train,0.0167140960693359,mask_area,0.0,0.001,False,4960
1019,P1594_0013.png,P1594.png,P1594,1024,2976,1024,6,2188,0.002086639404296875,0.0,0,False,no_overlap,low_mask_area,no_overlap__low_mask_area,train,0.0167140960693359,mask_area,0.0,0.001,False,4996
1020,P1597_0004.png,P1597.png,P1597,0,1024,1024,0,0,0.0,0.0,0,False,no_overlap,low_mask_area,negative,train,0.0167140960693359,mask_area,0.0,0.001,False,5003
1021,P1598_0000.png,P1598.png,P1598,0,0,1024,4,2364,0.002254486083984375,0.1020780167699599,2,True,overlap,low_mask_area,overlap__low_mask_area,train,0.0167140960693359,mask_area,0.0,0.001,False,2175
1022,P1598_0001.png,P1598.png,P1598,1024,0,1024,5,2475,0.0023603439331054688,0.0,0,False,no_overlap,low_mask_area,no_overlap__low_mask_area,train,0.0167140960693359,mask_area,0.0,0.001,False,2176
1023,P1598_0002.png,P1598.png,P1598,2048,0,1024,1,170,0.0001621246337890625,0.0,0,False,no_overlap,low_mask_area,no_overlap__low_mask_area,train,0.0167140960693359,mask_area,0.0,0.001,False,2177
1024,P1598_0003.png,P1598.png,P1598,2976,0,1024,2,674,0.0006427764892578125,0.0,0,False,no_overlap,low_mask_area,no_overlap__low_mask_area,train,0.0167140960693359,mask_area,0.0,0.001,False,2178
1025,P1598_0007.png,P1598.png,P1598,2976,1024,1024,1,305,0.00029087066650390625,0.0,0,False,no_overlap,low_mask_area,no_overlap__low_mask_area,train,0.0167140960693359,mask_area,0.0,0.001,False,2182
1026,P1598_0011.png,P1598.png,P1598,2976,2048,1024,7,1150,0.0010967254638671875,0.0,0,False,no_overlap,low_mask_area,no_overlap__low_mask_area,train,0.0167140960693359,mask_area,0.0,0.001,False,2186
1027,P1599_0005.png,P1599.png,P1599,0,1024,1024,1,771,0.0007352828979492188,0.0,0,False,no_overlap,low_mask_area,no_overlap__low_mask_area,train,0.0167140960693359,mask_area,0.0,0.001,False,5024
1028,P1600_0002.png,P1600.png,P1600,2048,0,1024,0,0,0.0,0.0,0,False,no_overlap,low_mask_area,negative,train,0.0167140960693359,mask_area,0.0,0.001,False,5046
1029,P1600_0010.png,P1600.png,P1600,2048,2048,1024,0,0,0.0,0.0,0,False,no_overlap,low_mask_area,negative,train,0.0167140960693359,mask_area,0.0,0.001,False,5054
1030,P1600_0015.png,P1600.png,P1600,2976,2976,1024,2,213,0.00020313262939453125,0.0,0,False,no_overlap,low_mask_area,no_overlap__low_mask_area,train,0.0167140960693359,mask_area,0.0,0.001,False,5059
1031,P1601_0004.png,P1601.png,P1601,0,1024,1024,3,215,0.00020503997802734375,0.0,0,False,no_overlap,low_mask_area,no_overlap__low_mask_area,train,0.0167140960693359,mask_area,0.0,0.001,False,2199
1032,P1601_0008.png,P1601.png,P1601,0,2048,1024,12,844,0.000804901123046875,0.0,0,False,no_overlap,low_mask_area,no_overlap__low_mask_area,train,0.0167140960693359,mask_area,0.0,0.001,False,2203
1033,P1601_0012.png,P1601.png,P1601,0,2976,1024,6,522,0.0004978179931640625,0.0,0,False,no_overlap,low_mask_area,no_overlap__low_mask_area,train,0.0167140960693359,mask_area,0.0,0.001,False,2207
1034,P1604_0007.png,P1604.png,P1604,2976,1024,1024,5,4275,0.004076957702636719,0.0,0,False,no_overlap,low_mask_area,no_overlap__low_mask_area,train,0.0167140960693359,mask_area,0.0,0.001,False,2218
1035,P1604_0011.png,P1604.png,P1604,2976,2048,1024,5,3231,0.0030813217163085938,0.0,0,False,no_overlap,low_mask_area,no_overlap__low_mask_area,train,0.0167140960693359,mask_area,0.0,0.001,False,2222
1036,P1609_0000.png,P1609.png,P1609,0,0,1024,11,1637,0.0015611648559570312,0.0,0,False,no_overlap,low_mask_area,no_overlap__low_mask_area,train,0.0167140960693359,mask_area,0.0,0.001,False,1419
1037,P1609_0001.png,P1609.png,P1609,1024,0,1024,2,300,0.000286102294921875,0.0,0,False,no_overlap,low_mask_area,no_overlap__low_mask_area,train,0.0167140960693359,mask_area,0.0,0.001,False,1420
1038,P1609_0007.png,P1609.png,P1609,2048,1024,1024,0,0,0.0,0.0,0,False,no_overlap,low_mask_area,negative,train,0.0167140960693359,mask_area,0.0,0.001,False,1426
1039,P1609_0018.png,P1609.png,P1609,3072,2976,1024,0,0,0.0,0.0,0,False,no_overlap,low_mask_area,negative,train,0.0167140960693359,mask_area,0.0,0.001,False,1437
1040,P1610_0015.png,P1610.png,P1610,2976,2976,1024,30,1549,0.0014772415161132812,0.0,0,False,no_overlap,low_mask_area,no_overlap__low_mask_area,train,0.0167140960693359,mask_area,0.0,0.001,False,2242
1041,P1614_0003.png,P1614.png,P1614,2976,0,1024,0,0,0.0,0.0,0,False,no_overlap,low_mask_area,negative,train,0.0167140960693359,mask_area,0.0,0.001,False,5099
1042,P1615_0008.png,P1615.png,P1615,0,2048,1024,0,0,0.0,0.0,0,False,no_overlap,low_mask_area,negative,train,0.0167140960693359,mask_area,0.0,0.001,False,5120
1043,P1615_0011.png,P1615.png,P1615,2976,2048,1024,0,0,0.0,0.0,0,False,no_overlap,low_mask_area,negative,train,0.0167140960693359,mask_area,0.0,0.001,False,5123
1044,P1616_0005.png,P1616.png,P1616,1024,1024,1024,1,353,0.00033664703369140625,0.0,0,False,no_overlap,low_mask_area,no_overlap__low_mask_area,train,0.0167140960693359,mask_area,0.0,0.001,False,1444
1045,P1616_0011.png,P1616.png,P1616,2976,2048,1024,0,0,0.0,0.0,0,False,no_overlap,low_mask_area,negative,train,0.0167140960693359,mask_area,0.0,0.001,False,1450
1046,P1617_0001.png,P1617.png,P1617,1024,0,1024,0,0,0.0,0.0,0,False,no_overlap,low_mask_area,negative,train,0.0167140960693359,mask_area,0.0,0.001,False,1456
1047,P1617_0004.png,P1617.png,P1617,0,1024,1024,1,300,0.000286102294921875,0.0,0,False,no_overlap,low_mask_area,no_overlap__low_mask_area,train,0.0167140960693359,mask_area,0.0,0.001,False,1459
1048,P1617_0006.png,P1617.png,P1617,2048,1024,1024,1,927,0.0008840560913085938,0.0,0,False,no_overlap,low_mask_area,no_overlap__low_mask_area,train,0.0167140960693359,mask_area,0.0,0.001,False,1461
1049,P1617_0008.png,P1617.png,P1617,0,2048,1024,6,3449,0.0032892227172851562,0.0,0,False,no_overlap,low_mask_area,no_overlap__low_mask_area,train,0.0167140960693359,mask_area,0.0,0.001,False,1463
1050,P1617_0009.png,P1617.png,P1617,1024,2048,1024,11,5406,0.0051555633544921875,0.0,0,False,no_overlap,low_mask_area,no_overlap__low_mask_area,train,0.0167140960693359,mask_area,0.0,0.001,False,1464
1051,P1617_0010.png,P1617.png,P1617,2048,2048,1024,3,981,0.0009355545043945312,0.0,0,False,no_overlap,low_mask_area,no_overlap__low_mask_area,train,0.0167140960693359,mask_area,0.0,0.001,False,1465
1052,P1617_0011.png,P1617.png,P1617,2976,2048,1024,1,335,0.00031948089599609375,0.0,0,False,no_overlap,low_mask_area,no_overlap__low_mask_area,train,0.0167140960693359,mask_area,0.0,0.001,False,1466
1053,P1618_0010.png,P1618.png,P1618,0,2048,1024,1,458,0.0004367828369140625,0.0,0,False,no_overlap,low_mask_area,no_overlap__low_mask_area,train,0.0167140960693359,mask_area,0.0,0.001,False,5138
1054,P1636_0009.png,P1636.png,P1636,1024,2048,1024,0,0,0.0,0.0,0,False,no_overlap,low_mask_area,negative,train,0.0167140960693359,mask_area,0.0,0.001,False,5221
1055,P1638_0003.png,P1638.png,P1638,3072,0,1024,0,0,0.0,0.0,0,False,no_overlap,low_mask_area,negative,train,0.0167140960693359,mask_area,0.0,0.001,False,5231
1056,P1641_0000.png,P1641.png,P1641,0,0,1024,9,6476,0.006175994873046875,0.0,0,False,no_overlap,low_mask_area,no_overlap__low_mask_area,train,0.0167140960693359,mask_area,0.0,0.001,False,5288
1057,P1641_0004.png,P1641.png,P1641,0,1024,1024,1,204,0.000194549560546875,0.0,0,False,no_overlap,low_mask_area,no_overlap__low_mask_area,train,0.0167140960693359,mask_area,0.0,0.001,False,5292
1058,P1652_0002.png,P1652.png,P1652,2048,0,1024,0,0,0.0,0.0,0,False,no_overlap,low_mask_area,negative,train,0.0167140960693359,mask_area,0.0,0.001,False,5362
1059,P1656_0005.png,P1656.png,P1656,1024,1024,1024,1,79,7.534027099609375e-05,0.0,0,False,no_overlap,low_mask_area,no_overlap__low_mask_area,train,0.0167140960693359,mask_area,0.0,0.001,False,5397
1060,P1656_0008.png,P1656.png,P1656,0,2048,1024,12,1424,0.0013580322265625,0.03896103896103896,3,True,overlap,low_mask_area,overlap__low_mask_area,train,0.0167140960693359,mask_area,0.0,0.001,False,5400
1061,P1659_0008.png,P1659.png,P1659,0,2048,1024,1,175,0.00016689300537109375,0.0,0,False,no_overlap,low_mask_area,no_overlap__low_mask_area,train,0.0167140960693359,mask_area,0.0,0.001,False,5445
1062,P1660_0008.png,P1660.png,P1660,0,2048,1024,0,0,0.0,0.0,0,False,no_overlap,low_mask_area,negative,train,0.0167140960693359,mask_area,0.0,0.001,False,5461
1063,P1660_0014.png,P1660.png,P1660,2048,2976,1024,1,131,0.00012493133544921875,0.0,0,False,no_overlap,low_mask_area,no_overlap__low_mask_area,train,0.0167140960693359,mask_area,0.0,0.001,False,5467
1064,P1660_0015.png,P1660.png,P1660,2976,2976,1024,7,2947,0.0028104782104492188,0.0,0,False,no_overlap,low_mask_area,no_overlap__low_mask_area,train,0.0167140960693359,mask_area,0.0,0.001,False,5468
1065,P1661_0004.png,P1661.png,P1661,0,1024,1024,0,0,0.0,0.0,0,False,no_overlap,low_mask_area,negative,train,0.0167140960693359,mask_area,0.0,0.001,False,1495
1066,P1661_0012.png,P1661.png,P1661,0,2976,1024,2,1904,0.0018157958984375,0.0,0,False,no_overlap,low_mask_area,no_overlap__low_mask_area,train,0.0167140960693359,mask_area,0.0,0.001,False,1503
1067,P1672_0002.png,P1672.png,P1672,2048,0,1024,18,4260,0.004062652587890625,0.0,0,False,no_overlap,low_mask_area,no_overlap__low_mask_area,train,0.0167140960693359,mask_area,0.0,0.001,False,2365
1068,P1672_0003.png,P1672.png,P1672,2976,0,1024,1,675,0.0006437301635742188,0.0,0,False,no_overlap,low_mask_area,no_overlap__low_mask_area,train,0.0167140960693359,mask_area,0.0,0.001,False,2366
1069,P1673_0004.png,P1673.png,P1673,0,1024,1024,0,0,0.0,0.0,0,False,no_overlap,low_mask_area,negative,train,0.0167140960693359,mask_area,0.0,0.001,False,5525
1070,P1680_0001.png,P1680.png,P1680,1024,0,1024,0,0,0.0,0.0,0,False,no_overlap,low_mask_area,negative,train,0.0167140960693359,mask_area,0.0,0.001,False,5594
1071,P1683_0000.png,P1683.png,P1683,0,0,1024,0,0,0.0,0.0,0,False,no_overlap,low_mask_area,negative,train,0.0167140960693359,mask_area,0.0,0.001,False,5629
1072,P1683_0006.png,P1683.png,P1683,2048,1024,1024,0,0,0.0,0.0,0,False,no_overlap,low_mask_area,negative,train,0.0167140960693359,mask_area,0.0,0.001,False,5635
1073,P1685_0000.png,P1685.png,P1685,0,0,1024,0,0,0.0,0.0,0,False,no_overlap,low_mask_area,negative,train,0.0167140960693359,mask_area,0.0,0.001,False,5645
1074,P1688_0003.png,P1688.png,P1688,2976,0,1024,0,0,0.0,0.0,0,False,no_overlap,low_mask_area,negative,train,0.0167140960693359,mask_area,0.0,0.001,False,5683
1075,P1689_0017.png,P1689.png,P1689,1024,3950,1024,0,0,0.0,0.0,0,False,no_overlap,low_mask_area,negative,train,0.0167140960693359,mask_area,0.0,0.001,False,5713
1076,P1689_0019.png,P1689.png,P1689,2976,3950,1024,0,0,0.0,0.0,0,False,no_overlap,low_mask_area,negative,train,0.0167140960693359,mask_area,0.0,0.001,False,5715
1077,P1697_0000.png,P1697.png,P1697,0,0,1024,0,0,0.0,0.0,0,False,no_overlap,low_mask_area,negative,train,0.0167140960693359,mask_area,0.0,0.001,False,5732
1078,P1697_0004.png,P1697.png,P1697,0,1024,1024,1,469,0.00044727325439453125,0.0,0,False,no_overlap,low_mask_area,no_overlap__low_mask_area,train,0.0167140960693359,mask_area,0.0,0.001,False,5736
1079,P1697_0008.png,P1697.png,P1697,0,2048,1024,4,2620,0.002498626708984375,0.1529175050301811,2,True,overlap,low_mask_area,overlap__low_mask_area,train,0.0167140960693359,mask_area,0.0,0.001,False,5740
1080,P1697_0012.png,P1697.png,P1697,0,2976,1024,0,0,0.0,0.0,0,False,no_overlap,low_mask_area,negative,train,0.0167140960693359,mask_area,0.0,0.001,False,5744
1081,P1698_0002.png,P1698.png,P1698,2048,0,1024,8,4688,0.0044708251953125,0.0,0,False,no_overlap,low_mask_area,no_overlap__low_mask_area,train,0.0167140960693359,mask_area,0.0,0.001,False,5750
1082,P1698_0005.png,P1698.png,P1698,1024,1024,1024,6,2108,0.002010345458984375,0.0,0,False,no_overlap,low_mask_area,no_overlap__low_mask_area,train,0.0167140960693359,mask_area,0.0,0.001,False,5753
1083,P1698_0006.png,P1698.png,P1698,2048,1024,1024,2,2352,0.0022430419921875,0.0,0,False,no_overlap,low_mask_area,no_overlap__low_mask_area,train,0.0167140960693359,mask_area,0.0,0.001,False,5754
1084,P1704_0012.png,P1704.png,P1704,2048,2048,1024,0,0,0.0,0.0,0,False,no_overlap,low_mask_area,negative,train,0.0167140960693359,mask_area,0.0,0.001,False,5792
1085,P1705_0002.png,P1705.png,P1705,2048,0,1024,0,0,0.0,0.0,0,False,no_overlap,low_mask_area,negative,train,0.0167140960693359,mask_area,0.0,0.001,False,5802
1086,P1705_0015.png,P1705.png,P1705,2976,2976,1024,0,0,0.0,0.0,0,False,no_overlap,low_mask_area,negative,train,0.0167140960693359,mask_area,0.0,0.001,False,5815
1087,P1707_0012.png,P1707.png,P1707,0,2976,1024,1,2784,0.002655029296875,0.0,0,False,no_overlap,low_mask_area,no_overlap__low_mask_area,train,0.0167140960693359,mask_area,0.0,0.001,False,5828
1088,P1708_0003.png,P1708.png,P1708,2976,0,1024,0,0,0.0,0.0,0,False,no_overlap,low_mask_area,negative,train,0.0167140960693359,mask_area,0.0,0.001,False,5835
1089,P1708_0004.png,P1708.png,P1708,0,1024,1024,0,0,0.0,0.0,0,False,no_overlap,low_mask_area,negative,train,0.0167140960693359,mask_area,0.0,0.001,False,5836
1090,P1714_0000.png,P1714.png,P1714,0,0,1024,0,0,0.0,0.0,0,False,no_overlap,low_mask_area,negative,train,0.0167140960693359,mask_area,0.0,0.001,False,5848
1091,P1714_0016.png,P1714.png,P1714,1024,2976,1024,0,0,0.0,0.0,0,False,no_overlap,low_mask_area,negative,train,0.0167140960693359,mask_area,0.0,0.001,False,5864
1092,P1719_0003.png,P1719.png,P1719,3072,0,1024,0,0,0.0,0.0,0,False,no_overlap,low_mask_area,negative,train,0.0167140960693359,mask_area,0.0,0.001,False,1562
1093,P1719_0010.png,P1719.png,P1719,0,2048,1024,0,0,0.0,0.0,0,False,no_overlap,low_mask_area,negative,train,0.0167140960693359,mask_area,0.0,0.001,False,1569
1094,P1724_0005.png,P1724.png,P1724,1024,1024,1024,4,1389,0.0013246536254882812,0.0,0,False,no_overlap,low_mask_area,no_overlap__low_mask_area,train,0.0167140960693359,mask_area,0.0,0.001,False,5889
1095,P1724_0006.png,P1724.png,P1724,2048,1024,1024,0,0,0.0,0.0,0,False,no_overlap,low_mask_area,negative,train,0.0167140960693359,mask_area,0.0,0.001,False,5890
1096,P1724_0008.png,P1724.png,P1724,0,2048,1024,5,1088,0.00103759765625,0.0,0,False,no_overlap,low_mask_area,no_overlap__low_mask_area,train,0.0167140960693359,mask_area,0.0,0.001,False,5892
1097,P1724_0009.png,P1724.png,P1724,1024,2048,1024,1,451,0.00043010711669921875,0.0,0,False,no_overlap,low_mask_area,no_overlap__low_mask_area,train,0.0167140960693359,mask_area,0.0,0.001,False,5893
1098,P1724_0013.png,P1724.png,P1724,1024,3072,1024,1,595,0.0005674362182617188,0.0,0,False,no_overlap,low_mask_area,no_overlap__low_mask_area,train,0.0167140960693359,mask_area,0.0,0.001,False,5897
1099,P1730_0000.png,P1730.png,P1730,0,0,1024,0,0,0.0,0.0,0,False,no_overlap,low_mask_area,negative,train,0.0167140960693359,mask_area,0.0,0.001,False,5936
1100,P1730_0011.png,P1730.png,P1730,2976,2048,1024,0,0,0.0,0.0,0,False,no_overlap,low_mask_area,negative,train,0.0167140960693359,mask_area,0.0,0.001,False,5947
1101,P1736_0008.png,P1736.png,P1736,3072,1024,1024,0,0,0.0,0.0,0,False,no_overlap,low_mask_area,negative,train,0.0167140960693359,mask_area,0.0,0.001,False,5960
1102,P1736_0012.png,P1736.png,P1736,2048,2048,1024,0,0,0.0,0.0,0,False,no_overlap,low_mask_area,negative,train,0.0167140960693359,mask_area,0.0,0.001,False,5964
1103,P1738_0007.png,P1738.png,P1738,2976,1024,1024,50,3821,0.0036439895629882812,0.06896551724137931,2,True,overlap,low_mask_area,overlap__low_mask_area,train,0.0167140960693359,mask_area,0.0,0.001,False,2523
1104,P1738_0010.png,P1738.png,P1738,2048,2048,1024,2,321,0.00030612945556640625,0.0,0,False,no_overlap,low_mask_area,no_overlap__low_mask_area,train,0.0167140960693359,mask_area,0.0,0.001,False,2526
1105,P1738_0011.png,P1738.png,P1738,2976,2048,1024,27,19323,0.01842784881591797,0.01152073732718894,12,True,overlap,high_mask_area,overlap__high_mask_area,train,0.0167140960693359,mask_area,0.0,0.001,False,2527
1106,P1739_0005.png,P1739.png,P1739,1024,1024,1024,0,0,0.0,0.0,0,False,no_overlap,low_mask_area,negative,train,0.0167140960693359,mask_area,0.0,0.001,False,5982
1107,P1739_0008.png,P1739.png,P1739,0,2048,1024,0,0,0.0,0.0,0,False,no_overlap,low_mask_area,negative,train,0.0167140960693359,mask_area,0.0,0.001,False,5985
1108,P1740_0000.png,P1740.png,P1740,0,0,1024,0,0,0.0,0.0,0,False,no_overlap,low_mask_area,negative,train,0.0167140960693359,mask_area,0.0,0.001,False,5993
1109,P1742_0017.png,P1742.png,P1742,2048,2976,1024,2,2704,0.0025787353515625,0.0,0,False,no_overlap,low_mask_area,no_overlap__low_mask_area,train,0.0167140960693359,mask_area,0.0,0.001,False,2549
1110,P1742_0018.png,P1742.png,P1742,3072,2976,1024,4,1750,0.0016689300537109375,0.0,0,False,no_overlap,low_mask_area,no_overlap__low_mask_area,train,0.0167140960693359,mask_area,0.0,0.001,False,2550
1111,P1742_0019.png,P1742.png,P1742,3262,2976,1024,3,374,0.0003566741943359375,0.0,0,False,no_overlap,low_mask_area,no_overlap__low_mask_area,train,0.0167140960693359,mask_area,0.0,0.001,False,2551
1112,P1743_0001.png,P1743.png,P1743,1024,0,1024,0,0,0.0,0.0,0,False,no_overlap,low_mask_area,negative,train,0.0167140960693359,mask_area,0.0,0.001,False,6030
1113,P1743_0003.png,P1743.png,P1743,3072,0,1024,3,1916,0.001827239990234375,0.0,0,False,no_overlap,low_mask_area,no_overlap__low_mask_area,train,0.0167140960693359,mask_area,0.0,0.001,False,6032
1114,P1743_0006.png,P1743.png,P1743,1024,1024,1024,0,0,0.0,0.0,0,False,no_overlap,low_mask_area,negative,train,0.0167140960693359,mask_area,0.0,0.001,False,6035
1115,P1743_0007.png,P1743.png,P1743,2048,1024,1024,3,924,0.000881195068359375,0.0,0,False,no_overlap,low_mask_area,no_overlap__low_mask_area,train,0.0167140960693359,mask_area,0.0,0.001,False,6036
1116,P1743_0008.png,P1743.png,P1743,3072,1024,1024,21,10015,0.009551048278808594,0.008733624454148471,1,True,overlap,low_mask_area,overlap__low_mask_area,train,0.0167140960693359,mask_area,0.0,0.001,False,6037
1117,P1743_0009.png,P1743.png,P1743,3262,1024,1024,21,10015,0.009551048278808594,0.008733624454148471,1,True,overlap,low_mask_area,overlap__low_mask_area,train,0.0167140960693359,mask_area,0.0,0.001,False,6038
1118,P1743_0012.png,P1743.png,P1743,2048,2048,1024,2,467,0.00044536590576171875,0.0,0,False,no_overlap,low_mask_area,no_overlap__low_mask_area,train,0.0167140960693359,mask_area,0.0,0.001,False,6041
1119,P1743_0013.png,P1743.png,P1743,3072,2048,1024,30,20528,0.0195770263671875,0.06193444600844561,4,True,overlap,high_mask_area,overlap__high_mask_area,train,0.0167140960693359,mask_area,0.0,0.001,False,6042
1120,P1743_0014.png,P1743.png,P1743,3262,2048,1024,31,22426,0.021387100219726562,0.06193444600844561,4,True,overlap,high_mask_area,overlap__high_mask_area,train,0.0167140960693359,mask_area,0.0,0.001,False,6043
1121,P1743_0018.png,P1743.png,P1743,3072,3072,1024,8,4421,0.004216194152832031,0.0,0,False,no_overlap,low_mask_area,no_overlap__low_mask_area,train,0.0167140960693359,mask_area,0.0,0.001,False,6047
1122,P1743_0019.png,P1743.png,P1743,3262,3072,1024,8,4421,0.004216194152832031,0.0,0,False,no_overlap,low_mask_area,no_overlap__low_mask_area,train,0.0167140960693359,mask_area,0.0,0.001,False,6048
1123,P1744_0000.png,P1744.png,P1744,0,0,1024,0,0,0.0,0.0,0,False,no_overlap,low_mask_area,negative,train,0.0167140960693359,mask_area,0.0,0.001,False,6054
1124,P1744_0008.png,P1744.png,P1744,0,2048,1024,1,232,0.00022125244140625,0.0,0,False,no_overlap,low_mask_area,no_overlap__low_mask_area,train,0.0167140960693359,mask_area,0.0,0.001,False,6062
1125,P1744_0010.png,P1744.png,P1744,2048,2048,1024,6,491,0.00046825408935546875,0.0,0,False,no_overlap,low_mask_area,no_overlap__low_mask_area,train,0.0167140960693359,mask_area,0.0,0.001,False,6064
1126,P1744_0014.png,P1744.png,P1744,2048,2976,1024,26,2543,0.0024251937866210938,0.0,0,False,no_overlap,low_mask_area,no_overlap__low_mask_area,train,0.0167140960693359,mask_area,0.0,0.001,False,6068
1127,P1745_0007.png,P1745.png,P1745,2976,1024,1024,0,0,0.0,0.0,0,False,no_overlap,low_mask_area,negative,train,0.0167140960693359,mask_area,0.0,0.001,False,6077
1128,P1745_0014.png,P1745.png,P1745,2048,2976,1024,0,0,0.0,0.0,0,False,no_overlap,low_mask_area,negative,train,0.0167140960693359,mask_area,0.0,0.001,False,6084
1129,P1746_0005.png,P1746.png,P1746,1024,1024,1024,0,0,0.0,0.0,0,False,no_overlap,low_mask_area,negative,train,0.0167140960693359,mask_area,0.0,0.001,False,6091
1130,P1747_0002.png,P1747.png,P1747,2048,0,1024,1,342,0.0003261566162109375,0.0,0,False,no_overlap,low_mask_area,no_overlap__low_mask_area,train,0.0167140960693359,mask_area,0.0,0.001,False,6104
1131,P1753_0003.png,P1753.png,P1753,2976,0,1024,0,0,0.0,0.0,0,False,no_overlap,low_mask_area,negative,train,0.0167140960693359,mask_area,0.0,0.001,False,1598
1132,P1756_0007.png,P1756.png,P1756,2976,1024,1024,0,0,0.0,0.0,0,False,no_overlap,low_mask_area,negative,train,0.0167140960693359,mask_area,0.0,0.001,False,6141
1133,P1758_0015.png,P1758.png,P1758,0,2976,1024,2,333,0.00031757354736328125,0.0,0,False,no_overlap,low_mask_area,no_overlap__low_mask_area,train,0.0167140960693359,mask_area,0.0,0.001,False,6181
1134,P1765_0002.png,P1765.png,P1765,2048,0,1024,0,0,0.0,0.0,0,False,no_overlap,low_mask_area,negative,train,0.0167140960693359,mask_area,0.0,0.001,False,6188
1135,P1770_0004.png,P1770.png,P1770,0,1024,1024,6,2079,0.0019826889038085938,0.0,0,False,no_overlap,low_mask_area,no_overlap__low_mask_area,train,0.0167140960693359,mask_area,0.0,0.001,False,2676
1136,P1775_0001.png,P1775.png,P1775,115,0,1024,0,0,0.0,0.0,0,False,no_overlap,low_mask_area,negative,train,0.0167140960693359,mask_area,0.0,0.001,False,6223
1137,P1783_0011.png,P1783.png,P1783,2123,2048,1024,0,0,0.0,0.0,0,False,no_overlap,low_mask_area,negative,train,0.0167140960693359,mask_area,0.0,0.001,False,6269
1138,P1783_0013.png,P1783.png,P1783,1024,2333,1024,0,0,0.0,0.0,0,False,no_overlap,low_mask_area,negative,train,0.0167140960693359,mask_area,0.0,0.001,False,6271
1139,P1791_0020.png,P1791.png,P1791,0,3774,1024,0,0,0.0,0.0,0,False,no_overlap,low_mask_area,negative,train,0.0167140960693359,mask_area,0.0,0.001,False,6314
1140,P1793_0008.png,P1793.png,P1793,0,2048,1024,0,0,0.0,0.0,0,False,no_overlap,low_mask_area,negative,train,0.0167140960693359,mask_area,0.0,0.001,False,6327
1141,P1809_0001.png,P1809.png,P1809,1024,0,1024,1,540,0.000514984130859375,0.0,0,False,no_overlap,low_mask_area,no_overlap__low_mask_area,train,0.0167140960693359,mask_area,0.0,0.001,False,2709
1142,P1809_0002.png,P1809.png,P1809,2048,0,1024,1,10269,0.009793281555175781,0.0,0,False,no_overlap,low_mask_area,no_overlap__low_mask_area,train,0.0167140960693359,mask_area,0.0,0.001,False,2710
1143,P1809_0003.png,P1809.png,P1809,3072,0,1024,1,692,0.000659942626953125,0.0,0,False,no_overlap,low_mask_area,no_overlap__low_mask_area,train,0.0167140960693359,mask_area,0.0,0.001,False,2711
1144,P1809_0004.png,P1809.png,P1809,4096,0,1024,1,758,0.0007228851318359375,0.0,0,False,no_overlap,low_mask_area,no_overlap__low_mask_area,train,0.0167140960693359,mask_area,0.0,0.001,False,2712
1145,P1809_0008.png,P1809.png,P1809,0,1024,1024,1,2243,0.0021390914916992188,0.0,0,False,no_overlap,low_mask_area,no_overlap__low_mask_area,train,0.0167140960693359,mask_area,0.0,0.001,False,2716
1146,P1809_0009.png,P1809.png,P1809,1024,1024,1024,4,27222,0.025960922241210938,0.0,0,False,no_overlap,high_mask_area,no_overlap__high_mask_area,train,0.0167140960693359,mask_area,0.0,0.001,False,2717
1147,P1809_0011.png,P1809.png,P1809,3072,1024,1024,2,7077,0.006749153137207031,0.0,0,False,no_overlap,low_mask_area,no_overlap__low_mask_area,train,0.0167140960693359,mask_area,0.0,0.001,False,2719
1148,P1809_0012.png,P1809.png,P1809,4096,1024,1024,3,18591,0.017729759216308594,0.0,0,False,no_overlap,high_mask_area,no_overlap__high_mask_area,train,0.0167140960693359,mask_area,0.0,0.001,False,2720
1149,P1809_0016.png,P1809.png,P1809,0,2048,1024,3,5970,0.0056934356689453125,0.0,0,False,no_overlap,low_mask_area,no_overlap__low_mask_area,train,0.0167140960693359,mask_area,0.0,0.001,False,2724
1150,P1809_0017.png,P1809.png,P1809,1024,2048,1024,3,17479,0.016669273376464844,0.0,0,False,no_overlap,low_mask_area,no_overlap__low_mask_area,train,0.0167140960693359,mask_area,0.0,0.001,False,2725
1151,P1809_0022.png,P1809.png,P1809,6144,2048,1024,1,2048,0.001953125,0.0,0,False,no_overlap,low_mask_area,no_overlap__low_mask_area,train,0.0167140960693359,mask_area,0.0,0.001,False,2730
1152,P1809_0023.png,P1809.png,P1809,6281,2048,1024,1,2048,0.001953125,0.0,0,False,no_overlap,low_mask_area,no_overlap__low_mask_area,train,0.0167140960693359,mask_area,0.0,0.001,False,2731
1153,P1809_0029.png,P1809.png,P1809,5120,3072,1024,4,6964,0.006641387939453125,0.0,0,False,no_overlap,low_mask_area,no_overlap__low_mask_area,train,0.0167140960693359,mask_area,0.0,0.001,False,2737
1154,P1809_0030.png,P1809.png,P1809,6144,3072,1024,10,20773,0.01981067657470703,0.07755862266583886,1,True,overlap,high_mask_area,overlap__high_mask_area,train,0.0167140960693359,mask_area,0.0,0.001,False,2738
1155,P1809_0031.png,P1809.png,P1809,6281,3072,1024,8,15662,0.014936447143554688,0.07755862266583886,1,True,overlap,low_mask_area,overlap__low_mask_area,train,0.0167140960693359,mask_area,0.0,0.001,False,2739
1156,P1850_0001.png,P1850.png,P1850,415,0,1024,0,0,0.0,0.0,0,False,no_overlap,low_mask_area,negative,train,0.0167140960693359,mask_area,0.0,0.001,False,6435
1157,P1863_0011.png,P1863.png,P1863,1851,2275,1024,0,0,0.0,0.0,0,False,no_overlap,low_mask_area,negative,train,0.0167140960693359,mask_area,0.0,0.001,False,6476
1158,P1867_0000.png,P1867.png,P1867,0,0,1024,18,22066,0.021043777465820312,0.0,0,False,no_overlap,high_mask_area,no_overlap__high_mask_area,train,0.0167140960693359,mask_area,0.0,0.001,False,6481
1159,P1867_0001.png,P1867.png,P1867,1024,0,1024,13,12778,0.012186050415039062,0.0,0,False,no_overlap,low_mask_area,no_overlap__low_mask_area,train,0.0167140960693359,mask_area,0.0,0.001,False,6482
1160,P1867_0002.png,P1867.png,P1867,2048,0,1024,20,14424,0.01375579833984375,0.0,0,False,no_overlap,low_mask_area,no_overlap__low_mask_area,train,0.0167140960693359,mask_area,0.0,0.001,False,6483
1161,P1867_0003.png,P1867.png,P1867,3072,0,1024,10,9648,0.0092010498046875,0.0,0,False,no_overlap,low_mask_area,no_overlap__low_mask_area,train,0.0167140960693359,mask_area,0.0,0.001,False,6484
1162,P1867_0004.png,P1867.png,P1867,4096,0,1024,2,691,0.0006589889526367188,0.0,0,False,no_overlap,low_mask_area,no_overlap__low_mask_area,train,0.0167140960693359,mask_area,0.0,0.001,False,6485
1163,P1867_0005.png,P1867.png,P1867,5120,0,1024,7,9111,0.008688926696777344,0.0,0,False,no_overlap,low_mask_area,no_overlap__low_mask_area,train,0.0167140960693359,mask_area,0.0,0.001,False,6486
1164,P1867_0006.png,P1867.png,P1867,6121,0,1024,6,10624,0.0101318359375,0.0,0,False,no_overlap,low_mask_area,no_overlap__low_mask_area,train,0.0167140960693359,mask_area,0.0,0.001,False,6487
1165,P1867_0007.png,P1867.png,P1867,0,1024,1024,16,19920,0.0189971923828125,0.0,0,False,no_overlap,high_mask_area,no_overlap__high_mask_area,train,0.0167140960693359,mask_area,0.0,0.001,False,6488
1166,P1867_0008.png,P1867.png,P1867,1024,1024,1024,21,23703,0.022604942321777344,0.0,0,False,no_overlap,high_mask_area,no_overlap__high_mask_area,train,0.0167140960693359,mask_area,0.0,0.001,False,6489
1167,P1867_0009.png,P1867.png,P1867,2048,1024,1024,20,19272,0.01837921142578125,0.0,0,False,no_overlap,high_mask_area,no_overlap__high_mask_area,train,0.0167140960693359,mask_area,0.0,0.001,False,6490
1168,P1867_0010.png,P1867.png,P1867,3072,1024,1024,7,9317,0.008885383605957031,0.0,0,False,no_overlap,low_mask_area,no_overlap__low_mask_area,train,0.0167140960693359,mask_area,0.0,0.001,False,6491
1169,P1867_0011.png,P1867.png,P1867,4096,1024,1024,6,12566,0.011983871459960938,0.0,0,False,no_overlap,low_mask_area,no_overlap__low_mask_area,train,0.0167140960693359,mask_area,0.0,0.001,False,6492
1170,P1867_0014.png,P1867.png,P1867,0,1325,1024,10,13348,0.012729644775390625,0.0,0,False,no_overlap,low_mask_area,no_overlap__low_mask_area,train,0.0167140960693359,mask_area,0.0,0.001,False,6495
1171,P1867_0015.png,P1867.png,P1867,1024,1325,1024,13,16231,0.015479087829589844,0.0,0,False,no_overlap,low_mask_area,no_overlap__low_mask_area,train,0.0167140960693359,mask_area,0.0,0.001,False,6496
1172,P1867_0016.png,P1867.png,P1867,2048,1325,1024,16,16581,0.01581287384033203,0.0,0,False,no_overlap,low_mask_area,no_overlap__low_mask_area,train,0.0167140960693359,mask_area,0.0,0.001,False,6497
1173,P1867_0017.png,P1867.png,P1867,3072,1325,1024,7,8978,0.008562088012695312,0.0,0,False,no_overlap,low_mask_area,no_overlap__low_mask_area,train,0.0167140960693359,mask_area,0.0,0.001,False,6498
1174,P1867_0018.png,P1867.png,P1867,4096,1325,1024,7,14371,0.013705253601074219,0.0,0,False,no_overlap,low_mask_area,no_overlap__low_mask_area,train,0.0167140960693359,mask_area,0.0,0.001,False,6499
1175,P1872_0000.png,P1872.png,P1872,0,0,1024,12,23645,0.02254962921142578,0.0,0,False,no_overlap,high_mask_area,no_overlap__high_mask_area,train,0.0167140960693359,mask_area,0.0,0.001,False,6646
1176,P1872_0001.png,P1872.png,P1872,1024,0,1024,0,0,0.0,0.0,0,False,no_overlap,low_mask_area,negative,train,0.0167140960693359,mask_area,0.0,0.001,False,6647
1177,P1872_0004.png,P1872.png,P1872,0,1024,1024,16,25874,0.024675369262695312,0.0,0,False,no_overlap,high_mask_area,no_overlap__high_mask_area,train,0.0167140960693359,mask_area,0.0,0.001,False,6650
1178,P1872_0007.png,P1872.png,P1872,3009,1024,1024,0,0,0.0,0.0,0,False,no_overlap,low_mask_area,negative,train,0.0167140960693359,mask_area,0.0,0.001,False,6653
1179,P1872_0008.png,P1872.png,P1872,0,2048,1024,15,21749,0.02074146270751953,0.0,0,False,no_overlap,high_mask_area,no_overlap__high_mask_area,train,0.0167140960693359,mask_area,0.0,0.001,False,6654
1180,P1872_0009.png,P1872.png,P1872,1024,2048,1024,7,13710,0.013074874877929688,0.007693491306354824,1,True,overlap,low_mask_area,overlap__low_mask_area,train,0.0167140960693359,mask_area,0.0,0.001,False,6655
1181,P1872_0010.png,P1872.png,P1872,2048,2048,1024,2,5345,0.005097389221191406,0.0,0,False,no_overlap,low_mask_area,no_overlap__low_mask_area,train,0.0167140960693359,mask_area,0.0,0.001,False,6656
1182,P1872_0011.png,P1872.png,P1872,3009,2048,1024,0,0,0.0,0.0,0,False,no_overlap,low_mask_area,negative,train,0.0167140960693359,mask_area,0.0,0.001,False,6657
1183,P1872_0012.png,P1872.png,P1872,0,3072,1024,7,11722,0.011178970336914062,0.0,0,False,no_overlap,low_mask_area,no_overlap__low_mask_area,train,0.0167140960693359,mask_area,0.0,0.001,False,6658
1184,P1872_0013.png,P1872.png,P1872,1024,3072,1024,6,12455,0.011878013610839844,0.0,0,False,no_overlap,low_mask_area,no_overlap__low_mask_area,train,0.0167140960693359,mask_area,0.0,0.001,False,6659
1185,P1872_0014.png,P1872.png,P1872,2048,3072,1024,2,2529,0.0024118423461914062,0.0,0,False,no_overlap,low_mask_area,no_overlap__low_mask_area,train,0.0167140960693359,mask_area,0.0,0.001,False,6660
1186,P1872_0015.png,P1872.png,P1872,3009,3072,1024,4,7653,0.007298469543457031,0.0,0,False,no_overlap,low_mask_area,no_overlap__low_mask_area,train,0.0167140960693359,mask_area,0.0,0.001,False,6661
1187,P1872_0016.png,P1872.png,P1872,0,3972,1024,2,3723,0.0035505294799804688,0.0,0,False,no_overlap,low_mask_area,no_overlap__low_mask_area,train,0.0167140960693359,mask_area,0.0,0.001,False,6662
1188,P1872_0017.png,P1872.png,P1872,1024,3972,1024,7,6021,0.005742073059082031,0.2505567928730512,11,True,overlap,low_mask_area,overlap__low_mask_area,train,0.0167140960693359,mask_area,0.0,0.001,False,6663
1189,P1872_0018.png,P1872.png,P1872,2048,3972,1024,12,27911,0.026618003845214844,0.1583011583011583,4,True,overlap,high_mask_area,overlap__high_mask_area,train,0.0167140960693359,mask_area,0.0,0.001,False,6664
1190,P1872_0019.png,P1872.png,P1872,3009,3972,1024,1,498,0.0004749298095703125,0.0,0,False,no_overlap,low_mask_area,no_overlap__low_mask_area,train,0.0167140960693359,mask_area,0.0,0.001,False,6665
1191,P1874_0001.png,P1874.png,P1874,1024,0,1024,4,4512,0.004302978515625,0.0,0,False,no_overlap,low_mask_area,no_overlap__low_mask_area,train,0.0167140960693359,mask_area,0.0,0.001,False,6667
1192,P1874_0002.png,P1874.png,P1874,2048,0,1024,5,5510,0.0052547454833984375,0.0,0,False,no_overlap,low_mask_area,no_overlap__low_mask_area,train,0.0167140960693359,mask_area,0.0,0.001,False,6668
1193,P1874_0003.png,P1874.png,P1874,2522,0,1024,7,5832,0.00556182861328125,0.0,0,False,no_overlap,low_mask_area,no_overlap__low_mask_area,train,0.0167140960693359,mask_area,0.0,0.001,False,6669
1194,P1874_0004.png,P1874.png,P1874,0,1024,1024,1,1758,0.0016765594482421875,0.0,0,False,no_overlap,low_mask_area,no_overlap__low_mask_area,train,0.0167140960693359,mask_area,0.0,0.001,False,6670
1195,P1874_0005.png,P1874.png,P1874,1024,1024,1024,1,3557,0.0033922195434570312,0.0,0,False,no_overlap,low_mask_area,no_overlap__low_mask_area,train,0.0167140960693359,mask_area,0.0,0.001,False,6671
1196,P1874_0006.png,P1874.png,P1874,2048,1024,1024,5,2548,0.002429962158203125,0.0,0,False,no_overlap,low_mask_area,no_overlap__low_mask_area,train,0.0167140960693359,mask_area,0.0,0.001,False,6672
1197,P1874_0007.png,P1874.png,P1874,2522,1024,1024,13,7255,0.006918907165527344,0.0,0,False,no_overlap,low_mask_area,no_overlap__low_mask_area,train,0.0167140960693359,mask_area,0.0,0.001,False,6673
1198,P1874_0009.png,P1874.png,P1874,1024,2048,1024,5,4698,0.0044803619384765625,0.0,0,False,no_overlap,low_mask_area,no_overlap__low_mask_area,train,0.0167140960693359,mask_area,0.0,0.001,False,6675
1199,P1874_0010.png,P1874.png,P1874,2048,2048,1024,21,11101,0.010586738586425781,0.0,0,False,no_overlap,low_mask_area,no_overlap__low_mask_area,train,0.0167140960693359,mask_area,0.0,0.001,False,6676
1200,P1874_0011.png,P1874.png,P1874,2522,2048,1024,20,10129,0.009659767150878906,0.0,0,False,no_overlap,low_mask_area,no_overlap__low_mask_area,train,0.0167140960693359,mask_area,0.0,0.001,False,6677
1201,P1874_0013.png,P1874.png,P1874,1024,2360,1024,5,4698,0.0044803619384765625,0.0,0,False,no_overlap,low_mask_area,no_overlap__low_mask_area,train,0.0167140960693359,mask_area,0.0,0.001,False,6679
1202,P1874_0014.png,P1874.png,P1874,2048,2360,1024,16,7392,0.007049560546875,0.0,0,False,no_overlap,low_mask_area,no_overlap__low_mask_area,train,0.0167140960693359,mask_area,0.0,0.001,False,6680
1203,P1874_0015.png,P1874.png,P1874,2522,2360,1024,16,7516,0.007167816162109375,0.0,0,False,no_overlap,low_mask_area,no_overlap__low_mask_area,train,0.0167140960693359,mask_area,0.0,0.001,False,6681
1204,P1875_0004.png,P1875.png,P1875,4096,0,1024,5,7876,0.007511138916015625,0.0,0,False,no_overlap,low_mask_area,no_overlap__low_mask_area,train,0.0167140960693359,mask_area,0.0,0.001,False,6686
1205,P1875_0005.png,P1875.png,P1875,5078,0,1024,9,10663,0.010169029235839844,0.0,0,False,no_overlap,low_mask_area,no_overlap__low_mask_area,train,0.0167140960693359,mask_area,0.0,0.001,False,6687
1206,P1875_0007.png,P1875.png,P1875,1024,1024,1024,3,3105,0.0029611587524414062,0.0,0,False,no_overlap,low_mask_area,no_overlap__low_mask_area,train,0.0167140960693359,mask_area,0.0,0.001,False,6689
1207,P1875_0008.png,P1875.png,P1875,2048,1024,1024,5,5585,0.005326271057128906,0.0,0,False,no_overlap,low_mask_area,no_overlap__low_mask_area,train,0.0167140960693359,mask_area,0.0,0.001,False,6690
1208,P1875_0009.png,P1875.png,P1875,3072,1024,1024,3,5551,0.005293846130371094,0.0,0,False,no_overlap,low_mask_area,no_overlap__low_mask_area,train,0.0167140960693359,mask_area,0.0,0.001,False,6691
1209,P1875_0010.png,P1875.png,P1875,4096,1024,1024,12,22301,0.02126789093017578,0.02563853549577547,1,True,overlap,high_mask_area,overlap__high_mask_area,train,0.0167140960693359,mask_area,0.0,0.001,False,6692
1210,P1875_0011.png,P1875.png,P1875,5078,1024,1024,5,9910,0.009450912475585938,0.0,0,False,no_overlap,low_mask_area,no_overlap__low_mask_area,train,0.0167140960693359,mask_area,0.0,0.001,False,6693
1211,P1875_0014.png,P1875.png,P1875,2048,1941,1024,18,8469,0.008076667785644531,0.18470906630581868,5,True,overlap,low_mask_area,overlap__low_mask_area,train,0.0167140960693359,mask_area,0.0,0.001,False,6696
1212,P1875_0015.png,P1875.png,P1875,3072,1941,1024,13,22882,0.021821975708007812,0.07630522088353414,3,True,overlap,high_mask_area,overlap__high_mask_area,train,0.0167140960693359,mask_area,0.0,0.001,False,6697
1213,P1875_0016.png,P1875.png,P1875,4096,1941,1024,1,503,0.00047969818115234375,0.0,0,False,no_overlap,low_mask_area,no_overlap__low_mask_area,train,0.0167140960693359,mask_area,0.0,0.001,False,6698
1214,P1875_0017.png,P1875.png,P1875,5078,1941,1024,1,177,0.00016880035400390625,0.0,0,False,no_overlap,low_mask_area,no_overlap__low_mask_area,train,0.0167140960693359,mask_area,0.0,0.001,False,6699
1215,P1930_0003.png,P1930.png,P1930,276,1024,1024,0,0,0.0,0.0,0,False,no_overlap,low_mask_area,negative,train,0.0167140960693359,mask_area,0.0,0.001,False,6731
1216,P2005_0006.png,P2005.png,P2005,1024,1024,1024,0,0,0.0,0.0,0,False,no_overlap,low_mask_area,negative,train,0.0167140960693359,mask_area,0.0,0.001,False,6813
1217,P2005_0008.png,P2005.png,P2005,3072,1024,1024,0,0,0.0,0.0,0,False,no_overlap,low_mask_area,negative,train,0.0167140960693359,mask_area,0.0,0.001,False,6815
1218,P2007_0004.png,P2007.png,P2007,1024,1024,1024,0,0,0.0,0.0,0,False,no_overlap,low_mask_area,negative,train,0.0167140960693359,mask_area,0.0,0.001,False,1663
1219,P2007_0012.png,P2007.png,P2007,0,3382,1024,0,0,0.0,0.0,0,False,no_overlap,low_mask_area,negative,train,0.0167140960693359,mask_area,0.0,0.001,False,1671
1220,P2014_0001.png,P2014.png,P2014,1024,0,1024,0,0,0.0,0.0,0,False,no_overlap,low_mask_area,negative,train,0.0167140960693359,mask_area,0.0,0.001,False,1675
1221,P2030_0000.png,P2030.png,P2030,0,0,1024,3,10836,0.010334014892578125,0.0,0,False,no_overlap,low_mask_area,no_overlap__low_mask_area,train,0.0167140960693359,mask_area,0.0,0.001,False,1683
1222,P2030_0001.png,P2030.png,P2030,1024,0,1024,5,21349,0.02035999298095703,0.0152097096328161,1,True,overlap,high_mask_area,overlap__high_mask_area,train,0.0167140960693359,mask_area,0.0,0.001,False,1684
1223,P2030_0002.png,P2030.png,P2030,2048,0,1024,4,13494,0.012868881225585938,0.0,0,False,no_overlap,low_mask_area,no_overlap__low_mask_area,train,0.0167140960693359,mask_area,0.0,0.001,False,1685
1224,P2030_0003.png,P2030.png,P2030,3072,0,1024,1,2633,0.0025110244750976562,0.0,0,False,no_overlap,low_mask_area,no_overlap__low_mask_area,train,0.0167140960693359,mask_area,0.0,0.001,False,1686
1225,P2030_0008.png,P2030.png,P2030,0,1024,1024,7,38208,0.03643798828125,0.0,0,False,no_overlap,high_mask_area,no_overlap__high_mask_area,train,0.0167140960693359,mask_area,0.0,0.001,False,1691
1226,P2030_0009.png,P2030.png,P2030,1024,1024,1024,8,20600,0.01964569091796875,0.0,0,False,no_overlap,high_mask_area,no_overlap__high_mask_area,train,0.0167140960693359,mask_area,0.0,0.001,False,1692
1227,P2030_0016.png,P2030.png,P2030,0,2048,1024,7,43352,0.04134368896484375,0.0,0,False,no_overlap,high_mask_area,no_overlap__high_mask_area,train,0.0167140960693359,mask_area,0.0,0.001,False,1699
1228,P2030_0017.png,P2030.png,P2030,1024,2048,1024,6,23281,0.022202491760253906,0.0,0,False,no_overlap,high_mask_area,no_overlap__high_mask_area,train,0.0167140960693359,mask_area,0.0,0.001,False,1700
1229,P2030_0020.png,P2030.png,P2030,4096,2048,1024,3,3055,0.0029134750366210938,0.0,0,False,no_overlap,low_mask_area,no_overlap__low_mask_area,train,0.0167140960693359,mask_area,0.0,0.001,False,1703
1230,P2030_0021.png,P2030.png,P2030,5120,2048,1024,1,205,0.00019550323486328125,0.0,0,False,no_overlap,low_mask_area,no_overlap__low_mask_area,train,0.0167140960693359,mask_area,0.0,0.001,False,1704
1231,P2030_0024.png,P2030.png,P2030,0,3072,1024,4,12916,0.012317657470703125,0.0,0,False,no_overlap,low_mask_area,no_overlap__low_mask_area,train,0.0167140960693359,mask_area,0.0,0.001,False,1707
1232,P2030_0025.png,P2030.png,P2030,1024,3072,1024,8,20582,0.019628524780273438,0.0,0,False,no_overlap,high_mask_area,no_overlap__high_mask_area,train,0.0167140960693359,mask_area,0.0,0.001,False,1708
1233,P2030_0026.png,P2030.png,P2030,2048,3072,1024,4,7091,0.006762504577636719,0.0,0,False,no_overlap,low_mask_area,no_overlap__low_mask_area,train,0.0167140960693359,mask_area,0.0,0.001,False,1709
1234,P2030_0027.png,P2030.png,P2030,3072,3072,1024,9,24241,0.023118019104003906,0.0,0,False,no_overlap,high_mask_area,no_overlap__high_mask_area,train,0.0167140960693359,mask_area,0.0,0.001,False,1710
1235,P2030_0028.png,P2030.png,P2030,4096,3072,1024,8,40530,0.03865242004394531,0.0,0,False,no_overlap,high_mask_area,no_overlap__high_mask_area,train,0.0167140960693359,mask_area,0.0,0.001,False,1711
1236,P2030_0029.png,P2030.png,P2030,5120,3072,1024,6,23507,0.02241802215576172,0.0,0,False,no_overlap,high_mask_area,no_overlap__high_mask_area,train,0.0167140960693359,mask_area,0.0,0.001,False,1712
1237,P2030_0030.png,P2030.png,P2030,6144,3072,1024,1,16338,0.015581130981445312,0.0,0,False,no_overlap,low_mask_area,no_overlap__low_mask_area,train,0.0167140960693359,mask_area,0.0,0.001,False,1713
1238,P2030_0031.png,P2030.png,P2030,6279,3072,1024,1,16338,0.015581130981445312,0.0,0,False,no_overlap,low_mask_area,no_overlap__low_mask_area,train,0.0167140960693359,mask_area,0.0,0.001,False,1714
1239,P2030_0033.png,P2030.png,P2030,1024,4005,1024,7,14596,0.013919830322265625,0.0,0,False,no_overlap,low_mask_area,no_overlap__low_mask_area,train,0.0167140960693359,mask_area,0.0,0.001,False,1716
1240,P2030_0034.png,P2030.png,P2030,2048,4005,1024,11,26912,0.025665283203125,0.0,0,False,no_overlap,high_mask_area,no_overlap__high_mask_area,train,0.0167140960693359,mask_area,0.0,0.001,False,1717
1241,P2030_0035.png,P2030.png,P2030,3072,4005,1024,10,25726,0.024534225463867188,0.0005014147057770137,1,True,ambiguous_overlap,high_mask_area,negative,train,0.0167140960693359,mask_area,0.0,0.001,False,1718
1242,P2030_0036.png,P2030.png,P2030,4096,4005,1024,8,40482,0.03860664367675781,0.0,0,False,no_overlap,high_mask_area,no_overlap__high_mask_area,train,0.0167140960693359,mask_area,0.0,0.001,False,1719
1243,P2030_0037.png,P2030.png,P2030,5120,4005,1024,2,15938,0.015199661254882812,0.0,0,False,no_overlap,low_mask_area,no_overlap__low_mask_area,train,0.0167140960693359,mask_area,0.0,0.001,False,1720
1244,P2030_0038.png,P2030.png,P2030,6144,4005,1024,1,13904,0.0132598876953125,0.0,0,False,no_overlap,low_mask_area,no_overlap__low_mask_area,train,0.0167140960693359,mask_area,0.0,0.001,False,1721
1245,P2030_0039.png,P2030.png,P2030,6279,4005,1024,2,18973,0.01809406280517578,0.0,0,False,no_overlap,high_mask_area,no_overlap__high_mask_area,train,0.0167140960693359,mask_area,0.0,0.001,False,1722
1246,P2074_0001.png,P2074.png,P2074,216,0,1024,0,0,0.0,0.0,0,False,no_overlap,low_mask_area,negative,train,0.0167140960693359,mask_area,0.0,0.001,False,6875
1247,P2074_0003.png,P2074.png,P2074,216,919,1024,0,0,0.0,0.0,0,False,no_overlap,low_mask_area,negative,train,0.0167140960693359,mask_area,0.0,0.001,False,6877
1248,P2086_0003.png,P2086.png,P2086,58,378,1024,0,0,0.0,0.0,0,False,no_overlap,low_mask_area,negative,train,0.0167140960693359,mask_area,0.0,0.001,False,6885
1249,P2131_0000.png,P2131.png,P2131,0,0,1024,0,0,0.0,0.0,0,False,no_overlap,low_mask_area,negative,train,0.0167140960693359,mask_area,0.0,0.001,False,6902
1250,P2158_0003.png,P2158.png,P2158,468,741,1024,0,0,0.0,0.0,0,False,no_overlap,low_mask_area,negative,train,0.0167140960693359,mask_area,0.0,0.001,False,6930
1251,P2159_0000.png,P2159.png,P2159,0,0,1024,0,0,0.0,0.0,0,False,no_overlap,low_mask_area,negative,train,0.0167140960693359,mask_area,0.0,0.001,False,1735
1252,P2181_0003.png,P2181.png,P2181,0,1024,1024,3,489,0.00046634674072265625,0.0,0,False,no_overlap,low_mask_area,no_overlap__low_mask_area,train,0.0167140960693359,mask_area,0.0,0.001,False,2909
1253,P2181_0006.png,P2181.png,P2181,0,1410,1024,3,489,0.00046634674072265625,0.0,0,False,no_overlap,low_mask_area,no_overlap__low_mask_area,train,0.0167140960693359,mask_area,0.0,0.001,False,2912
1254,P2205_0001.png,P2205.png,P2205,493,0,1024,0,0,0.0,0.0,0,False,no_overlap,low_mask_area,negative,train,0.0167140960693359,mask_area,0.0,0.001,False,6995
1255,P2207_0001.png,P2207.png,P2207,1024,0,1024,1,1327,0.0012655258178710938,0.0,0,False,no_overlap,low_mask_area,no_overlap__low_mask_area,train,0.0167140960693359,mask_area,0.0,0.001,False,1752
1256,P2207_0002.png,P2207.png,P2207,2048,0,1024,28,26245,0.02502918243408203,0.15587529976019185,9,True,overlap,high_mask_area,overlap__high_mask_area,train,0.0167140960693359,mask_area,0.0,0.001,False,1753
1257,P2207_0003.png,P2207.png,P2207,2183,0,1024,27,24766,0.023618698120117188,0.15587529976019185,9,True,overlap,high_mask_area,overlap__high_mask_area,train,0.0167140960693359,mask_area,0.0,0.001,False,1754
1258,P2207_0004.png,P2207.png,P2207,0,1024,1024,8,2713,0.0025873184204101562,0.06445115810674723,5,True,overlap,low_mask_area,overlap__low_mask_area,train,0.0167140960693359,mask_area,0.0,0.001,False,1755
1259,P2207_0005.png,P2207.png,P2207,1024,1024,1024,21,18613,0.01775074005126953,0.014052838673412029,6,True,overlap,high_mask_area,overlap__high_mask_area,train,0.0167140960693359,mask_area,0.0,0.001,False,1756
1260,P2207_0006.png,P2207.png,P2207,2048,1024,1024,2,1352,0.00128936767578125,0.0,0,False,no_overlap,low_mask_area,no_overlap__low_mask_area,train,0.0167140960693359,mask_area,0.0,0.001,False,1757
1261,P2207_0008.png,P2207.png,P2207,0,2048,1024,15,8463,0.008070945739746094,0.0,0,False,no_overlap,low_mask_area,no_overlap__low_mask_area,train,0.0167140960693359,mask_area,0.0,0.001,False,1759
1262,P2207_0012.png,P2207.png,P2207,0,2524,1024,13,9511,0.009070396423339844,0.0,0,False,no_overlap,low_mask_area,no_overlap__low_mask_area,train,0.0167140960693359,mask_area,0.0,0.001,False,1763
1263,P2226_0000.png,P2226.png,P2226,0,0,1024,20,7350,0.0070095062255859375,0.046632124352331605,2,True,overlap,low_mask_area,overlap__low_mask_area,train,0.0167140960693359,mask_area,0.0,0.001,False,7033
1264,P2226_0001.png,P2226.png,P2226,1024,0,1024,49,25161,0.023995399475097656,0.01483679525222552,2,True,overlap,high_mask_area,overlap__high_mask_area,train,0.0167140960693359,mask_area,0.0,0.001,False,7034
1265,P2226_0002.png,P2226.png,P2226,2048,0,1024,31,22090,0.021066665649414062,0.14334746618211186,3,True,overlap,high_mask_area,overlap__high_mask_area,train,0.0167140960693359,mask_area,0.0,0.001,False,7035
1266,P2226_0003.png,P2226.png,P2226,3072,0,1024,60,30326,0.028921127319335938,0.23444283646888567,1,True,overlap,high_mask_area,overlap__high_mask_area,train,0.0167140960693359,mask_area,0.0,0.001,False,7036
1267,P2226_0004.png,P2226.png,P2226,3323,0,1024,54,28205,0.02689838409423828,0.22661870503597123,2,True,overlap,high_mask_area,overlap__high_mask_area,train,0.0167140960693359,mask_area,0.0,0.001,False,7037
1268,P2226_0005.png,P2226.png,P2226,0,178,1024,20,10120,0.00965118408203125,0.046632124352331605,2,True,overlap,low_mask_area,overlap__low_mask_area,train,0.0167140960693359,mask_area,0.0,0.001,False,7038
1269,P2226_0006.png,P2226.png,P2226,1024,178,1024,49,25678,0.024488449096679688,0.01483679525222552,2,True,overlap,high_mask_area,overlap__high_mask_area,train,0.0167140960693359,mask_area,0.0,0.001,False,7039
1270,P2226_0007.png,P2226.png,P2226,2048,178,1024,31,22090,0.021066665649414062,0.14334746618211186,3,True,overlap,high_mask_area,overlap__high_mask_area,train,0.0167140960693359,mask_area,0.0,0.001,False,7040
1271,P2226_0008.png,P2226.png,P2226,3072,178,1024,60,30274,0.028871536254882812,0.23444283646888567,1,True,overlap,high_mask_area,overlap__high_mask_area,train,0.0167140960693359,mask_area,0.0,0.001,False,7041
1272,P2226_0009.png,P2226.png,P2226,3323,178,1024,54,28153,0.026848793029785156,0.22661870503597123,2,True,overlap,high_mask_area,overlap__high_mask_area,train,0.0167140960693359,mask_area,0.0,0.001,False,7042
1273,P2228_0002.png,P2228.png,P2228,0,1024,1024,0,0,0.0,0.0,0,False,no_overlap,low_mask_area,negative,train,0.0167140960693359,mask_area,0.0,0.001,False,7045
1274,P2242_0000.png,P2242.png,P2242,0,0,1024,40,18596,0.017734527587890625,0.22808671065032987,13,True,overlap,high_mask_area,overlap__high_mask_area,train,0.0167140960693359,mask_area,0.0,0.001,False,2939
1275,P2242_0001.png,P2242.png,P2242,1024,0,1024,106,44919,0.042838096618652344,0.20219670494258613,21,True,overlap,high_mask_area,overlap__high_mask_area,train,0.0167140960693359,mask_area,0.0,0.001,False,2940
1276,P2242_0002.png,P2242.png,P2242,1775,0,1024,63,26249,0.025032997131347656,0.05121293800539083,7,True,overlap,high_mask_area,overlap__high_mask_area,train,0.0167140960693359,mask_area,0.0,0.001,False,2941
1277,P2242_0003.png,P2242.png,P2242,0,142,1024,41,19341,0.01844501495361328,0.22808671065032987,13,True,overlap,high_mask_area,overlap__high_mask_area,train,0.0167140960693359,mask_area,0.0,0.001,False,2942
1278,P2242_0004.png,P2242.png,P2242,1024,142,1024,107,45676,0.043560028076171875,0.20219670494258613,21,True,overlap,high_mask_area,overlap__high_mask_area,train,0.0167140960693359,mask_area,0.0,0.001,False,2943
1279,P2242_0005.png,P2242.png,P2242,1775,142,1024,64,26884,0.025638580322265625,0.05121293800539083,7,True,overlap,high_mask_area,overlap__high_mask_area,train,0.0167140960693359,mask_area,0.0,0.001,False,2944
1280,P2251_0002.png,P2251.png,P2251,0,56,1024,0,0,0.0,0.0,0,False,no_overlap,low_mask_area,negative,train,0.0167140960693359,mask_area,0.0,0.001,False,7092
1281,P2253_0000.png,P2253.png,P2253,0,0,1024,0,0,0.0,0.0,0,False,no_overlap,low_mask_area,negative,train,0.0167140960693359,mask_area,0.0,0.001,False,7094
1282,P2269_0000.png,P2269.png,P2269,0,0,1024,2,9135,0.008711814880371094,0.0,0,False,no_overlap,low_mask_area,no_overlap__low_mask_area,train,0.0167140960693359,mask_area,0.0,0.001,False,7102
1283,P2269_0001.png,P2269.png,P2269,205,0,1024,2,9201,0.008774757385253906,0.0,0,False,no_overlap,low_mask_area,no_overlap__low_mask_area,train,0.0167140960693359,mask_area,0.0,0.001,False,7103
1284,P2269_0002.png,P2269.png,P2269,0,357,1024,3,12975,0.012373924255371094,0.0,0,False,no_overlap,low_mask_area,no_overlap__low_mask_area,train,0.0167140960693359,mask_area,0.0,0.001,False,7104
1285,P2269_0003.png,P2269.png,P2269,205,357,1024,3,13629,0.012997627258300781,0.0,0,False,no_overlap,low_mask_area,no_overlap__low_mask_area,train,0.0167140960693359,mask_area,0.0,0.001,False,7105
1286,P2275_0010.png,P2275.png,P2275,2048,1303,1024,0,0,0.0,0.0,0,False,no_overlap,low_mask_area,negative,train,0.0167140960693359,mask_area,0.0,0.001,False,7116
1287,P2278_0003.png,P2278.png,P2278,515,11,1024,0,0,0.0,0.0,0,False,no_overlap,low_mask_area,negative,train,0.0167140960693359,mask_area,0.0,0.001,False,7121
1288,P2281_0006.png,P2281.png,P2281,2048,1024,1024,0,0,0.0,0.0,0,False,no_overlap,low_mask_area,negative,train,0.0167140960693359,mask_area,0.0,0.001,False,7170
1289,P2343_0003.png,P2343.png,P2343,0,846,1024,0,0,0.0,0.0,0,False,no_overlap,low_mask_area,negative,train,0.0167140960693359,mask_area,0.0,0.001,False,7241
1290,P2344_0003.png,P2344.png,P2344,0,854,1024,0,0,0.0,0.0,0,False,no_overlap,low_mask_area,negative,train,0.0167140960693359,mask_area,0.0,0.001,False,7247
1291,P2346_0000.png,P2346.png,P2346,0,0,1024,0,0,0.0,0.0,0,False,no_overlap,low_mask_area,negative,train,0.0167140960693359,mask_area,0.0,0.001,False,7250
1292,P2352_0005.png,P2352.png,P2352,1522,1024,1024,0,0,0.0,0.0,0,False,no_overlap,low_mask_area,negative,train,0.0167140960693359,mask_area,0.0,0.001,False,7267
1293,P2370_0000.png,P2370.png,P2370,0,0,1024,0,0,0.0,0.0,0,False,no_overlap,low_mask_area,negative,train,0.0167140960693359,mask_area,0.0,0.001,False,7302
1294,P2381_0006.png,P2381.png,P2381,0,1150,1024,0,0,0.0,0.0,0,False,no_overlap,low_mask_area,negative,train,0.0167140960693359,mask_area,0.0,0.001,False,7342
1295,P2395_0005.png,P2395.png,P2395,1964,1024,1024,0,0,0.0,0.0,0,False,no_overlap,low_mask_area,negative,train,0.0167140960693359,mask_area,0.0,0.001,False,7376
1296,P2411_0001.png,P2411.png,P2411,965,0,1024,0,0,0.0,0.0,0,False,no_overlap,low_mask_area,negative,train,0.0167140960693359,mask_area,0.0,0.001,False,1851
1297,P2418_0004.png,P2418.png,P2418,0,1368,1024,0,0,0.0,0.0,0,False,no_overlap,low_mask_area,negative,train,0.0167140960693359,mask_area,0.0,0.001,False,7414
1298,P2422_0003.png,P2422.png,P2422,0,1024,1024,0,0,0.0,0.0,0,False,no_overlap,low_mask_area,negative,train,0.0167140960693359,mask_area,0.0,0.001,False,7434
1299,P2430_0002.png,P2430.png,P2430,0,1024,1024,0,0,0.0,0.0,0,False,no_overlap,low_mask_area,negative,train,0.0167140960693359,mask_area,0.0,0.001,False,7470
1300,P2456_0002.png,P2456.png,P2456,0,1024,1024,0,0,0.0,0.0,0,False,no_overlap,low_mask_area,negative,train,0.0167140960693359,mask_area,0.0,0.001,False,7522
1301,P2458_0005.png,P2458.png,P2458,798,1435,1024,0,0,0.0,0.0,0,False,no_overlap,low_mask_area,negative,train,0.0167140960693359,mask_area,0.0,0.001,False,7531
1302,P2469_0003.png,P2469.png,P2469,677,854,1024,0,0,0.0,0.0,0,False,no_overlap,low_mask_area,negative,train,0.0167140960693359,mask_area,0.0,0.001,False,7565
1303,P2476_0005.png,P2476.png,P2476,856,1166,1024,0,0,0.0,0.0,0,False,no_overlap,low_mask_area,negative,train,0.0167140960693359,mask_area,0.0,0.001,False,1879
1304,P2490_0004.png,P2490.png,P2490,1024,1024,1024,0,0,0.0,0.0,0,False,no_overlap,low_mask_area,negative,train,0.0167140960693359,mask_area,0.0,0.001,False,1884
1305,P2491_0005.png,P2491.png,P2491,1554,1024,1024,0,0,0.0,0.0,0,False,no_overlap,low_mask_area,negative,train,0.0167140960693359,mask_area,0.0,0.001,False,7618
1306,P2497_0001.png,P2497.png,P2497,1024,0,1024,0,0,0.0,0.0,0,False,no_overlap,low_mask_area,negative,train,0.0167140960693359,mask_area,0.0,0.001,False,7645
1307,P2503_0001.png,P2503.png,P2503,1018,0,1024,0,0,0.0,0.0,0,False,no_overlap,low_mask_area,negative,train,0.0167140960693359,mask_area,0.0,0.001,False,7660
1308,P2507_0001.png,P2507.png,P2507,1024,0,1024,0,0,0.0,0.0,0,False,no_overlap,low_mask_area,negative,train,0.0167140960693359,mask_area,0.0,0.001,False,7675
1309,P2507_0008.png,P2507.png,P2507,1358,1251,1024,0,0,0.0,0.0,0,False,no_overlap,low_mask_area,negative,train,0.0167140960693359,mask_area,0.0,0.001,False,7682
1310,P2509_0006.png,P2509.png,P2509,0,1211,1024,0,0,0.0,0.0,0,False,no_overlap,low_mask_area,negative,train,0.0167140960693359,mask_area,0.0,0.001,False,7689
1311,P2523_0001.png,P2523.png,P2523,767,0,1024,3,676,0.000644683837890625,0.0,0,False,no_overlap,low_mask_area,no_overlap__low_mask_area,train,0.0167140960693359,mask_area,0.0,0.001,False,7741
1312,P2523_0003.png,P2523.png,P2523,767,1024,1024,2,546,0.0005207061767578125,0.0,0,False,no_overlap,low_mask_area,no_overlap__low_mask_area,train,0.0167140960693359,mask_area,0.0,0.001,False,7743
1313,P2523_0005.png,P2523.png,P2523,767,1687,1024,0,0,0.0,0.0,0,False,no_overlap,low_mask_area,negative,train,0.0167140960693359,mask_area,0.0,0.001,False,7745
1314,P2528_0002.png,P2528.png,P2528,1469,0,1024,0,0,0.0,0.0,0,False,no_overlap,low_mask_area,negative,train,0.0167140960693359,mask_area,0.0,0.001,False,7757
1315,P2529_0003.png,P2529.png,P2529,924,924,1024,0,0,0.0,0.0,0,False,no_overlap,low_mask_area,negative,train,0.0167140960693359,mask_area,0.0,0.001,False,7764
1316,P2536_0008.png,P2536.png,P2536,1381,1287,1024,0,0,0.0,0.0,0,False,no_overlap,low_mask_area,negative,train,0.0167140960693359,mask_area,0.0,0.001,False,7800
1317,P2538_0004.png,P2538.png,P2538,0,1196,1024,0,0,0.0,0.0,0,False,no_overlap,low_mask_area,negative,train,0.0167140960693359,mask_area,0.0,0.001,False,7805
1318,P2550_0000.png,P2550.png,P2550,0,0,1024,1,4223,0.004027366638183594,0.0,0,False,no_overlap,low_mask_area,no_overlap__low_mask_area,train,0.0167140960693359,mask_area,0.0,0.001,False,7834
1319,P2550_0001.png,P2550.png,P2550,1024,0,1024,5,29721,0.028344154357910156,0.0,0,False,no_overlap,high_mask_area,no_overlap__high_mask_area,train,0.0167140960693359,mask_area,0.0,0.001,False,7835
1320,P2550_0002.png,P2550.png,P2550,2048,0,1024,3,10060,0.009593963623046875,0.0,0,False,no_overlap,low_mask_area,no_overlap__low_mask_area,train,0.0167140960693359,mask_area,0.0,0.001,False,7836
1321,P2550_0006.png,P2550.png,P2550,1024,1024,1024,2,7911,0.007544517517089844,0.0,0,False,no_overlap,low_mask_area,no_overlap__low_mask_area,train,0.0167140960693359,mask_area,0.0,0.001,False,7840
1322,P2550_0007.png,P2550.png,P2550,2048,1024,1024,5,18970,0.018091201782226562,0.0,0,False,no_overlap,high_mask_area,no_overlap__high_mask_area,train,0.0167140960693359,mask_area,0.0,0.001,False,7841
1323,P2550_0008.png,P2550.png,P2550,3072,1024,1024,2,13658,0.013025283813476562,0.0,0,False,no_overlap,low_mask_area,no_overlap__low_mask_area,train,0.0167140960693359,mask_area,0.0,0.001,False,7842
1324,P2550_0009.png,P2550.png,P2550,3593,1024,1024,1,3350,0.0031948089599609375,0.0,0,False,no_overlap,low_mask_area,no_overlap__low_mask_area,train,0.0167140960693359,mask_area,0.0,0.001,False,7843
1325,P2550_0010.png,P2550.png,P2550,0,2048,1024,1,4889,0.004662513732910156,0.0,0,False,no_overlap,low_mask_area,no_overlap__low_mask_area,train,0.0167140960693359,mask_area,0.0,0.001,False,7844
1326,P2550_0011.png,P2550.png,P2550,1024,2048,1024,2,2854,0.0027217864990234375,0.0,0,False,no_overlap,low_mask_area,no_overlap__low_mask_area,train,0.0167140960693359,mask_area,0.0,0.001,False,7845
1327,P2550_0012.png,P2550.png,P2550,2048,2048,1024,2,2293,0.0021867752075195312,0.0,0,False,no_overlap,low_mask_area,no_overlap__low_mask_area,train,0.0167140960693359,mask_area,0.0,0.001,False,7846
1328,P2550_0013.png,P2550.png,P2550,3072,2048,1024,4,10165,0.009694099426269531,0.0,0,False,no_overlap,low_mask_area,no_overlap__low_mask_area,train,0.0167140960693359,mask_area,0.0,0.001,False,7847
1329,P2550_0014.png,P2550.png,P2550,3593,2048,1024,1,1598,0.0015239715576171875,0.0,0,False,no_overlap,low_mask_area,no_overlap__low_mask_area,train,0.0167140960693359,mask_area,0.0,0.001,False,7848
1330,P2550_0015.png,P2550.png,P2550,0,3072,1024,1,4512,0.004302978515625,0.0,0,False,no_overlap,low_mask_area,no_overlap__low_mask_area,train,0.0167140960693359,mask_area,0.0,0.001,False,7849
1331,P2550_0016.png,P2550.png,P2550,1024,3072,1024,3,13329,0.012711524963378906,0.0,0,False,no_overlap,low_mask_area,no_overlap__low_mask_area,train,0.0167140960693359,mask_area,0.0,0.001,False,7850
1332,P2550_0017.png,P2550.png,P2550,2048,3072,1024,2,4904,0.00467681884765625,0.0,0,False,no_overlap,low_mask_area,no_overlap__low_mask_area,train,0.0167140960693359,mask_area,0.0,0.001,False,7851
1333,P2550_0018.png,P2550.png,P2550,3072,3072,1024,5,12422,0.011846542358398438,0.0,0,False,no_overlap,low_mask_area,no_overlap__low_mask_area,train,0.0167140960693359,mask_area,0.0,0.001,False,7852
1334,P2550_0019.png,P2550.png,P2550,3593,3072,1024,2,7308,0.006969451904296875,0.0,0,False,no_overlap,low_mask_area,no_overlap__low_mask_area,train,0.0167140960693359,mask_area,0.0,0.001,False,7853
1335,P2550_0020.png,P2550.png,P2550,0,3195,1024,1,4512,0.004302978515625,0.0,0,False,no_overlap,low_mask_area,no_overlap__low_mask_area,train,0.0167140960693359,mask_area,0.0,0.001,False,7854
1336,P2550_0021.png,P2550.png,P2550,1024,3195,1024,3,13329,0.012711524963378906,0.0,0,False,no_overlap,low_mask_area,no_overlap__low_mask_area,train,0.0167140960693359,mask_area,0.0,0.001,False,7855
1337,P2550_0022.png,P2550.png,P2550,2048,3195,1024,1,2581,0.0024614334106445312,0.0,0,False,no_overlap,low_mask_area,no_overlap__low_mask_area,train,0.0167140960693359,mask_area,0.0,0.001,False,7856
1338,P2550_0023.png,P2550.png,P2550,3072,3195,1024,4,12245,0.011677742004394531,0.0,0,False,no_overlap,low_mask_area,no_overlap__low_mask_area,train,0.0167140960693359,mask_area,0.0,0.001,False,7857
1339,P2550_0024.png,P2550.png,P2550,3593,3195,1024,2,7308,0.006969451904296875,0.0,0,False,no_overlap,low_mask_area,no_overlap__low_mask_area,train,0.0167140960693359,mask_area,0.0,0.001,False,7858
1340,P2551_0000.png,P2551.png,P2551,0,0,1024,4,4740,0.004520416259765625,0.0,0,False,no_overlap,low_mask_area,no_overlap__low_mask_area,train,0.0167140960693359,mask_area,0.0,0.001,False,7859
1341,P2551_0002.png,P2551.png,P2551,2048,0,1024,3,3769,0.0035943984985351562,0.0,0,False,no_overlap,low_mask_area,no_overlap__low_mask_area,train,0.0167140960693359,mask_area,0.0,0.001,False,7861
1342,P2551_0003.png,P2551.png,P2551,3072,0,1024,2,1253,0.0011949539184570312,0.0,0,False,no_overlap,low_mask_area,no_overlap__low_mask_area,train,0.0167140960693359,mask_area,0.0,0.001,False,7862
1343,P2551_0005.png,P2551.png,P2551,0,1024,1024,6,8240,0.0078582763671875,0.0,0,False,no_overlap,low_mask_area,no_overlap__low_mask_area,train,0.0167140960693359,mask_area,0.0,0.001,False,7864
1344,P2551_0006.png,P2551.png,P2551,1024,1024,1024,9,10560,0.01007080078125,0.0,0,False,no_overlap,low_mask_area,no_overlap__low_mask_area,train,0.0167140960693359,mask_area,0.0,0.001,False,7865
1345,P2551_0007.png,P2551.png,P2551,2048,1024,1024,6,7597,0.007245063781738281,0.0,0,False,no_overlap,low_mask_area,no_overlap__low_mask_area,train,0.0167140960693359,mask_area,0.0,0.001,False,7866
1346,P2551_0008.png,P2551.png,P2551,3072,1024,1024,7,20134,0.019201278686523438,0.0,0,False,no_overlap,high_mask_area,no_overlap__high_mask_area,train,0.0167140960693359,mask_area,0.0,0.001,False,7867
1347,P2551_0009.png,P2551.png,P2551,3329,1024,1024,5,12715,0.012125968933105469,0.0,0,False,no_overlap,low_mask_area,no_overlap__low_mask_area,train,0.0167140960693359,mask_area,0.0,0.001,False,7868
1348,P2551_0010.png,P2551.png,P2551,0,2048,1024,2,1472,0.00140380859375,0.0,0,False,no_overlap,low_mask_area,no_overlap__low_mask_area,train,0.0167140960693359,mask_area,0.0,0.001,False,7869
1349,P2551_0011.png,P2551.png,P2551,1024,2048,1024,9,22101,0.02107715606689453,0.0,0,False,no_overlap,high_mask_area,no_overlap__high_mask_area,train,0.0167140960693359,mask_area,0.0,0.001,False,7870
1350,P2551_0013.png,P2551.png,P2551,3072,2048,1024,14,28042,0.026742935180664062,0.0,0,False,no_overlap,high_mask_area,no_overlap__high_mask_area,train,0.0167140960693359,mask_area,0.0,0.001,False,7872
1351,P2551_0014.png,P2551.png,P2551,3329,2048,1024,14,28065,0.026764869689941406,0.0,0,False,no_overlap,high_mask_area,no_overlap__high_mask_area,train,0.0167140960693359,mask_area,0.0,0.001,False,7873
1352,P2551_0016.png,P2551.png,P2551,1024,3072,1024,7,21745,0.020737648010253906,0.0,0,False,no_overlap,high_mask_area,no_overlap__high_mask_area,train,0.0167140960693359,mask_area,0.0,0.001,False,7875
1353,P2551_0017.png,P2551.png,P2551,2048,3072,1024,2,2585,0.0024652481079101562,0.0,0,False,no_overlap,low_mask_area,no_overlap__low_mask_area,train,0.0167140960693359,mask_area,0.0,0.001,False,7876
1354,P2551_0018.png,P2551.png,P2551,3072,3072,1024,6,6400,0.006103515625,0.0,0,False,no_overlap,low_mask_area,no_overlap__low_mask_area,train,0.0167140960693359,mask_area,0.0,0.001,False,7877
1355,P2551_0019.png,P2551.png,P2551,3329,3072,1024,6,6400,0.006103515625,0.0,0,False,no_overlap,low_mask_area,no_overlap__low_mask_area,train,0.0167140960693359,mask_area,0.0,0.001,False,7878
1356,P2551_0021.png,P2551.png,P2551,1024,3197,1024,6,17590,0.016775131225585938,0.0,0,False,no_overlap,high_mask_area,no_overlap__high_mask_area,train,0.0167140960693359,mask_area,0.0,0.001,False,7880
1357,P2551_0022.png,P2551.png,P2551,2048,3197,1024,2,2585,0.0024652481079101562,0.0,0,False,no_overlap,low_mask_area,no_overlap__low_mask_area,train,0.0167140960693359,mask_area,0.0,0.001,False,7881
1358,P2551_0023.png,P2551.png,P2551,3072,3197,1024,3,3623,0.0034551620483398438,0.0,0,False,no_overlap,low_mask_area,no_overlap__low_mask_area,train,0.0167140960693359,mask_area,0.0,0.001,False,7882
1359,P2551_0024.png,P2551.png,P2551,3329,3197,1024,3,3623,0.0034551620483398438,0.0,0,False,no_overlap,low_mask_area,no_overlap__low_mask_area,train,0.0167140960693359,mask_area,0.0,0.001,False,7883
1360,P2552_0000.png,P2552.png,P2552,0,0,1024,11,15406,0.014692306518554688,0.0,0,False,no_overlap,low_mask_area,no_overlap__low_mask_area,train,0.0167140960693359,mask_area,0.0,0.001,False,7884
1361,P2552_0001.png,P2552.png,P2552,1024,0,1024,0,0,0.0,0.0,0,False,no_overlap,low_mask_area,negative,train,0.0167140960693359,mask_area,0.0,0.001,False,7885
1362,P2552_0002.png,P2552.png,P2552,1923,0,1024,4,5889,0.005616188049316406,0.0,0,False,no_overlap,low_mask_area,no_overlap__low_mask_area,train,0.0167140960693359,mask_area,0.0,0.001,False,7886
1363,P2552_0003.png,P2552.png,P2552,0,1024,1024,6,5615,0.005354881286621094,0.0,0,False,no_overlap,low_mask_area,no_overlap__low_mask_area,train,0.0167140960693359,mask_area,0.0,0.001,False,7887
1364,P2552_0005.png,P2552.png,P2552,1923,1024,1024,9,10792,0.01029205322265625,0.0,0,False,no_overlap,low_mask_area,no_overlap__low_mask_area,train,0.0167140960693359,mask_area,0.0,0.001,False,7889
1365,P2552_0006.png,P2552.png,P2552,0,2048,1024,12,20112,0.0191802978515625,0.0,0,False,no_overlap,high_mask_area,no_overlap__high_mask_area,train,0.0167140960693359,mask_area,0.0,0.001,False,7890
1366,P2552_0007.png,P2552.png,P2552,1024,2048,1024,8,15666,0.014940261840820312,0.0,0,False,no_overlap,low_mask_area,no_overlap__low_mask_area,train,0.0167140960693359,mask_area,0.0,0.001,False,7891
1367,P2552_0008.png,P2552.png,P2552,1923,2048,1024,7,14882,0.014192581176757812,0.0,0,False,no_overlap,low_mask_area,no_overlap__low_mask_area,train,0.0167140960693359,mask_area,0.0,0.001,False,7892
1368,P2552_0009.png,P2552.png,P2552,0,2692,1024,7,8120,0.00774383544921875,0.0,0,False,no_overlap,low_mask_area,no_overlap__low_mask_area,train,0.0167140960693359,mask_area,0.0,0.001,False,7893
1369,P2552_0010.png,P2552.png,P2552,1024,2692,1024,7,12949,0.012349128723144531,0.0,0,False,no_overlap,low_mask_area,no_overlap__low_mask_area,train,0.0167140960693359,mask_area,0.0,0.001,False,7894
1370,P2552_0011.png,P2552.png,P2552,1923,2692,1024,4,12146,0.011583328247070312,0.0,0,False,no_overlap,low_mask_area,no_overlap__low_mask_area,train,0.0167140960693359,mask_area,0.0,0.001,False,7895
1371,P2553_0000.png,P2553.png,P2553,0,0,1024,4,3639,0.0034704208374023438,0.0,0,False,no_overlap,low_mask_area,no_overlap__low_mask_area,train,0.0167140960693359,mask_area,0.0,0.001,False,7896
1372,P2553_0001.png,P2553.png,P2553,1024,0,1024,9,10281,0.009804725646972656,0.0,0,False,no_overlap,low_mask_area,no_overlap__low_mask_area,train,0.0167140960693359,mask_area,0.0,0.001,False,7897
1373,P2553_0002.png,P2553.png,P2553,2048,0,1024,3,2662,0.0025386810302734375,0.0,0,False,no_overlap,low_mask_area,no_overlap__low_mask_area,train,0.0167140960693359,mask_area,0.0,0.001,False,7898
1374,P2553_0003.png,P2553.png,P2553,2192,0,1024,4,3723,0.0035505294799804688,0.0,0,False,no_overlap,low_mask_area,no_overlap__low_mask_area,train,0.0167140960693359,mask_area,0.0,0.001,False,7899
1375,P2553_0004.png,P2553.png,P2553,0,1024,1024,6,6789,0.006474494934082031,0.0,0,False,no_overlap,low_mask_area,no_overlap__low_mask_area,train,0.0167140960693359,mask_area,0.0,0.001,False,7900
1376,P2553_0005.png,P2553.png,P2553,1024,1024,1024,8,11632,0.0110931396484375,0.0,0,False,no_overlap,low_mask_area,no_overlap__low_mask_area,train,0.0167140960693359,mask_area,0.0,0.001,False,7901
1377,P2553_0006.png,P2553.png,P2553,2048,1024,1024,4,6119,0.005835533142089844,0.0,0,False,no_overlap,low_mask_area,no_overlap__low_mask_area,train,0.0167140960693359,mask_area,0.0,0.001,False,7902
1378,P2553_0007.png,P2553.png,P2553,2192,1024,1024,4,5589,0.005330085754394531,0.0,0,False,no_overlap,low_mask_area,no_overlap__low_mask_area,train,0.0167140960693359,mask_area,0.0,0.001,False,7903
1379,P2553_0008.png,P2553.png,P2553,0,2048,1024,1,31,2.956390380859375e-05,0.0,0,False,no_overlap,low_mask_area,no_overlap__low_mask_area,train,0.0167140960693359,mask_area,0.0,0.001,False,7904
1380,P2553_0009.png,P2553.png,P2553,1024,2048,1024,1,2338,0.0022296905517578125,0.0,0,False,no_overlap,low_mask_area,no_overlap__low_mask_area,train,0.0167140960693359,mask_area,0.0,0.001,False,7905
1381,P2553_0010.png,P2553.png,P2553,2048,2048,1024,1,1034,0.0009860992431640625,0.0,0,False,no_overlap,low_mask_area,no_overlap__low_mask_area,train,0.0167140960693359,mask_area,0.0,0.001,False,7906
1382,P2553_0011.png,P2553.png,P2553,2192,2048,1024,1,1034,0.0009860992431640625,0.0,0,False,no_overlap,low_mask_area,no_overlap__low_mask_area,train,0.0167140960693359,mask_area,0.0,0.001,False,7907
1383,P2553_0014.png,P2553.png,P2553,2048,2174,1024,1,1034,0.0009860992431640625,0.0,0,False,no_overlap,low_mask_area,no_overlap__low_mask_area,train,0.0167140960693359,mask_area,0.0,0.001,False,7910
1384,P2553_0015.png,P2553.png,P2553,2192,2174,1024,1,1034,0.0009860992431640625,0.0,0,False,no_overlap,low_mask_area,no_overlap__low_mask_area,train,0.0167140960693359,mask_area,0.0,0.001,False,7911
1385,P2554_0000.png,P2554.png,P2554,0,0,1024,1,967,0.0009222030639648438,0.0,0,False,no_overlap,low_mask_area,no_overlap__low_mask_area,train,0.0167140960693359,mask_area,0.0,0.001,False,7912
1386,P2554_0001.png,P2554.png,P2554,1024,0,1024,13,12757,0.012166023254394531,0.0,0,False,no_overlap,low_mask_area,no_overlap__low_mask_area,train,0.0167140960693359,mask_area,0.0,0.001,False,7913
1387,P2554_0002.png,P2554.png,P2554,1944,0,1024,2,2302,0.0021953582763671875,0.0,0,False,no_overlap,low_mask_area,no_overlap__low_mask_area,train,0.0167140960693359,mask_area,0.0,0.001,False,7914
1388,P2554_0003.png,P2554.png,P2554,0,1024,1024,6,7995,0.007624626159667969,0.0,0,False,no_overlap,low_mask_area,no_overlap__low_mask_area,train,0.0167140960693359,mask_area,0.0,0.001,False,7915
1389,P2554_0004.png,P2554.png,P2554,1024,1024,1024,18,21677,0.02067279815673828,0.0,0,False,no_overlap,high_mask_area,no_overlap__high_mask_area,train,0.0167140960693359,mask_area,0.0,0.001,False,7916
1390,P2554_0005.png,P2554.png,P2554,1944,1024,1024,10,11358,0.010831832885742188,0.0,0,False,no_overlap,low_mask_area,no_overlap__low_mask_area,train,0.0167140960693359,mask_area,0.0,0.001,False,7917
1391,P2554_0006.png,P2554.png,P2554,0,1696,1024,2,1743,0.0016622543334960938,0.0,0,False,no_overlap,low_mask_area,no_overlap__low_mask_area,train,0.0167140960693359,mask_area,0.0,0.001,False,7918
1392,P2554_0007.png,P2554.png,P2554,1024,1696,1024,9,8638,0.008237838745117188,0.0,0,False,no_overlap,low_mask_area,no_overlap__low_mask_area,train,0.0167140960693359,mask_area,0.0,0.001,False,7919
1393,P2554_0008.png,P2554.png,P2554,1944,1696,1024,4,3758,0.0035839080810546875,0.0,0,False,no_overlap,low_mask_area,no_overlap__low_mask_area,train,0.0167140960693359,mask_area,0.0,0.001,False,7920
1394,P2558_0003.png,P2558.png,P2558,3072,0,1024,1,1144,0.00109100341796875,0.0,0,False,no_overlap,low_mask_area,no_overlap__low_mask_area,train,0.0167140960693359,mask_area,0.0,0.001,False,7944
1395,P2558_0004.png,P2558.png,P2558,4096,0,1024,20,12392,0.01181793212890625,0.0,0,False,no_overlap,low_mask_area,no_overlap__low_mask_area,train,0.0167140960693359,mask_area,0.0,0.001,False,7945
1396,P2558_0005.png,P2558.png,P2558,4244,0,1024,20,12392,0.01181793212890625,0.0,0,False,no_overlap,low_mask_area,no_overlap__low_mask_area,train,0.0167140960693359,mask_area,0.0,0.001,False,7946
1397,P2558_0008.png,P2558.png,P2558,2048,1024,1024,1,1257,0.0011987686157226562,0.0,0,False,no_overlap,low_mask_area,no_overlap__low_mask_area,train,0.0167140960693359,mask_area,0.0,0.001,False,7949
1398,P2558_0009.png,P2558.png,P2558,3072,1024,1024,6,5976,0.00569915771484375,0.0,0,False,no_overlap,low_mask_area,no_overlap__low_mask_area,train,0.0167140960693359,mask_area,0.0,0.001,False,7950
1399,P2558_0013.png,P2558.png,P2558,1024,2048,1024,4,3446,0.0032863616943359375,0.001697792869269949,1,True,overlap,low_mask_area,overlap__low_mask_area,train,0.0167140960693359,mask_area,0.0,0.001,False,7954
1400,P2558_0014.png,P2558.png,P2558,2048,2048,1024,3,2795,0.0026655197143554688,0.0,0,False,no_overlap,low_mask_area,no_overlap__low_mask_area,train,0.0167140960693359,mask_area,0.0,0.001,False,7955
1401,P2558_0018.png,P2558.png,P2558,0,3072,1024,3,3722,0.0035495758056640625,0.0,0,False,no_overlap,low_mask_area,no_overlap__low_mask_area,train,0.0167140960693359,mask_area,0.0,0.001,False,7959
1402,P2558_0019.png,P2558.png,P2558,1024,3072,1024,9,12913,0.012314796447753906,0.0,0,False,no_overlap,low_mask_area,no_overlap__low_mask_area,train,0.0167140960693359,mask_area,0.0,0.001,False,7960
1403,P2558_0020.png,P2558.png,P2558,2048,3072,1024,1,1069,0.0010194778442382812,0.0,0,False,no_overlap,low_mask_area,no_overlap__low_mask_area,train,0.0167140960693359,mask_area,0.0,0.001,False,7961
1404,P2558_0024.png,P2558.png,P2558,0,3610,1024,4,5348,0.005100250244140625,0.0,0,False,no_overlap,low_mask_area,no_overlap__low_mask_area,train,0.0167140960693359,mask_area,0.0,0.001,False,7965
1405,P2558_0025.png,P2558.png,P2558,1024,3610,1024,4,5843,0.005572319030761719,0.0,0,False,no_overlap,low_mask_area,no_overlap__low_mask_area,train,0.0167140960693359,mask_area,0.0,0.001,False,7966
1406,P2560_0000.png,P2560.png,P2560,0,0,1024,4,5479,0.005225181579589844,0.0,0,False,no_overlap,low_mask_area,no_overlap__low_mask_area,train,0.0167140960693359,mask_area,0.0,0.001,False,1914
1407,P2560_0001.png,P2560.png,P2560,1024,0,1024,0,0,0.0,0.0,0,False,no_overlap,low_mask_area,negative,train,0.0167140960693359,mask_area,0.0,0.001,False,1915
1408,P2560_0004.png,P2560.png,P2560,0,1024,1024,7,5554,0.0052967071533203125,0.0,0,False,no_overlap,low_mask_area,no_overlap__low_mask_area,train,0.0167140960693359,mask_area,0.0,0.001,False,1918
1409,P2560_0005.png,P2560.png,P2560,1024,1024,1024,4,3255,0.0031042098999023438,0.0,0,False,no_overlap,low_mask_area,no_overlap__low_mask_area,train,0.0167140960693359,mask_area,0.0,0.001,False,1919
1410,P2560_0006.png,P2560.png,P2560,2048,1024,1024,8,9250,0.008821487426757812,0.0,0,False,no_overlap,low_mask_area,no_overlap__low_mask_area,train,0.0167140960693359,mask_area,0.0,0.001,False,1920
1411,P2560_0007.png,P2560.png,P2560,2678,1024,1024,1,697,0.0006647109985351562,0.0,0,False,no_overlap,low_mask_area,no_overlap__low_mask_area,train,0.0167140960693359,mask_area,0.0,0.001,False,1921
1412,P2560_0009.png,P2560.png,P2560,1024,2048,1024,8,13168,0.0125579833984375,0.0,0,False,no_overlap,low_mask_area,no_overlap__low_mask_area,train,0.0167140960693359,mask_area,0.0,0.001,False,1923
1413,P2560_0010.png,P2560.png,P2560,2048,2048,1024,22,33005,0.03147602081298828,0.0,0,False,no_overlap,high_mask_area,no_overlap__high_mask_area,train,0.0167140960693359,mask_area,0.0,0.001,False,1924
1414,P2560_0011.png,P2560.png,P2560,2678,2048,1024,12,16932,0.016147613525390625,0.0,0,False,no_overlap,low_mask_area,no_overlap__low_mask_area,train,0.0167140960693359,mask_area,0.0,0.001,False,1925
1415,P2560_0012.png,P2560.png,P2560,0,2542,1024,4,3499,0.0033369064331054688,0.0,0,False,no_overlap,low_mask_area,no_overlap__low_mask_area,train,0.0167140960693359,mask_area,0.0,0.001,False,1926
1416,P2560_0013.png,P2560.png,P2560,1024,2542,1024,3,4078,0.0038890838623046875,0.0,0,False,no_overlap,low_mask_area,no_overlap__low_mask_area,train,0.0167140960693359,mask_area,0.0,0.001,False,1927
1417,P2560_0014.png,P2560.png,P2560,2048,2542,1024,12,16869,0.01608753204345703,0.0,0,False,no_overlap,low_mask_area,no_overlap__low_mask_area,train,0.0167140960693359,mask_area,0.0,0.001,False,1928
1418,P2560_0015.png,P2560.png,P2560,2678,2542,1024,8,9590,0.009145736694335938,0.0,0,False,no_overlap,low_mask_area,no_overlap__low_mask_area,train,0.0167140960693359,mask_area,0.0,0.001,False,1929
1419,P2579_0003.png,P2579.png,P2579,590,989,1024,0,0,0.0,0.0,0,False,no_overlap,low_mask_area,negative,train,0.0167140960693359,mask_area,0.0,0.001,False,7994
1420,P2600_0001.png,P2600.png,P2600,949,0,1024,4,4295,0.004096031188964844,0.0,0,False,no_overlap,low_mask_area,no_overlap__low_mask_area,train,0.0167140960693359,mask_area,0.0,0.001,False,1935
1421,P2600_0002.png,P2600.png,P2600,0,1024,1024,4,3064,0.00292205810546875,0.0,0,False,no_overlap,low_mask_area,no_overlap__low_mask_area,train,0.0167140960693359,mask_area,0.0,0.001,False,1936
1422,P2600_0003.png,P2600.png,P2600,949,1024,1024,5,4254,0.0040569305419921875,0.0,0,False,no_overlap,low_mask_area,no_overlap__low_mask_area,train,0.0167140960693359,mask_area,0.0,0.001,False,1937
1423,P2600_0004.png,P2600.png,P2600,0,1356,1024,4,3064,0.00292205810546875,0.0,0,False,no_overlap,low_mask_area,no_overlap__low_mask_area,train,0.0167140960693359,mask_area,0.0,0.001,False,1938
1424,P2600_0005.png,P2600.png,P2600,949,1356,1024,2,1223,0.0011663436889648438,0.0,0,False,no_overlap,low_mask_area,no_overlap__low_mask_area,train,0.0167140960693359,mask_area,0.0,0.001,False,1939
1425,P2601_0000.png,P2601.png,P2601,0,0,1024,0,0,0.0,0.0,0,False,no_overlap,low_mask_area,negative,train,0.0167140960693359,mask_area,0.0,0.001,False,8026
1426,P2601_0005.png,P2601.png,P2601,1916,1024,1024,0,0,0.0,0.0,0,False,no_overlap,low_mask_area,negative,train,0.0167140960693359,mask_area,0.0,0.001,False,8031
1427,P2601_0006.png,P2601.png,P2601,0,2048,1024,0,0,0.0,0.0,0,False,no_overlap,low_mask_area,negative,train,0.0167140960693359,mask_area,0.0,0.001,False,8032
1428,P2609_0009.png,P2609.png,P2609,1024,2048,1024,0,0,0.0,0.0,0,False,no_overlap,low_mask_area,negative,train,0.0167140960693359,mask_area,0.0,0.001,False,1949
1429,P2609_0019.png,P2609.png,P2609,2899,3836,1024,0,0,0.0,0.0,0,False,no_overlap,low_mask_area,negative,train,0.0167140960693359,mask_area,0.0,0.001,False,1959
1430,P2611_0007.png,P2611.png,P2611,2243,984,1024,0,0,0.0,0.0,0,False,no_overlap,low_mask_area,negative,train,0.0167140960693359,mask_area,0.0,0.001,False,1967
1431,P2629_0003.png,P2629.png,P2629,223,552,1024,0,0,0.0,0.0,0,False,no_overlap,low_mask_area,negative,train,0.0167140960693359,mask_area,0.0,0.001,False,8113
1432,P2662_0006.png,P2662.png,P2662,0,1909,1024,0,0,0.0,0.0,0,False,no_overlap,low_mask_area,negative,train,0.0167140960693359,mask_area,0.0,0.001,False,8290
1433,P2670_0005.png,P2670.png,P2670,1534,1024,1024,0,0,0.0,0.0,0,False,no_overlap,low_mask_area,negative,train,0.0167140960693359,mask_area,0.0,0.001,False,2003
1434,P2671_0001.png,P2671.png,P2671,1024,0,1024,0,0,0.0,0.0,0,False,no_overlap,low_mask_area,negative,train,0.0167140960693359,mask_area,0.0,0.001,False,8322
1435,P2672_0005.png,P2672.png,P2672,1024,1024,1024,0,0,0.0,0.0,0,False,no_overlap,low_mask_area,negative,train,0.0167140960693359,mask_area,0.0,0.001,False,8335
1436,P2680_0003.png,P2680.png,P2680,822,1009,1024,0,0,0.0,0.0,0,False,no_overlap,low_mask_area,negative,train,0.0167140960693359,mask_area,0.0,0.001,False,8375
1437,P2681_0001.png,P2681.png,P2681,400,0,1024,0,0,0.0,0.0,0,False,no_overlap,low_mask_area,negative,train,0.0167140960693359,mask_area,0.0,0.001,False,8377
1438,P2682_0001.png,P2682.png,P2682,1024,0,1024,4,8448,0.008056640625,0.0,0,False,no_overlap,low_mask_area,no_overlap__low_mask_area,train,0.0167140960693359,mask_area,0.0,0.001,False,8381
1439,P2682_0002.png,P2682.png,P2682,1554,0,1024,2,3766,0.0035915374755859375,0.0,0,False,no_overlap,low_mask_area,no_overlap__low_mask_area,train,0.0167140960693359,mask_area,0.0,0.001,False,8382
1440,P2682_0004.png,P2682.png,P2682,1024,1024,1024,6,15186,0.014482498168945312,0.0,0,False,no_overlap,low_mask_area,no_overlap__low_mask_area,train,0.0167140960693359,mask_area,0.0,0.001,False,8384
1441,P2682_0005.png,P2682.png,P2682,1554,1024,1024,5,14665,0.013985633850097656,0.0,0,False,no_overlap,low_mask_area,no_overlap__low_mask_area,train,0.0167140960693359,mask_area,0.0,0.001,False,8385
1442,P2682_0007.png,P2682.png,P2682,1024,2048,1024,2,3835,0.0036573410034179688,0.0,0,False,no_overlap,low_mask_area,no_overlap__low_mask_area,train,0.0167140960693359,mask_area,0.0,0.001,False,8387
1443,P2682_0008.png,P2682.png,P2682,1554,2048,1024,2,6559,0.006255149841308594,0.0,0,False,no_overlap,low_mask_area,no_overlap__low_mask_area,train,0.0167140960693359,mask_area,0.0,0.001,False,8388
1444,P2685_0005.png,P2685.png,P2685,495,1261,1024,0,0,0.0,0.0,0,False,no_overlap,low_mask_area,negative,train,0.0167140960693359,mask_area,0.0,0.001,False,2012
1445,P2686_0014.png,P2686.png,P2686,0,2048,1024,0,0,0.0,0.0,0,False,no_overlap,low_mask_area,negative,train,0.0167140960693359,mask_area,0.0,0.001,False,8409
1446,P2686_0026.png,P2686.png,P2686,5120,2569,1024,0,0,0.0,0.0,0,False,no_overlap,low_mask_area,negative,train,0.0167140960693359,mask_area,0.0,0.001,False,8421
1447,P2687_0014.png,P2687.png,P2687,1714,4096,1024,0,0,0.0,0.0,0,False,no_overlap,low_mask_area,negative,train,0.0167140960693359,mask_area,0.0,0.001,False,8437
1448,P2687_0016.png,P2687.png,P2687,1024,4484,1024,0,0,0.0,0.0,0,False,no_overlap,low_mask_area,negative,train,0.0167140960693359,mask_area,0.0,0.001,False,8439
1449,P2691_0004.png,P2691.png,P2691,4096,0,1024,0,0,0.0,0.0,0,False,no_overlap,low_mask_area,negative,train,0.0167140960693359,mask_area,0.0,0.001,False,8454
1450,P2691_0007.png,P2691.png,P2691,1024,1024,1024,1,123,0.00011730194091796875,0.0,0,False,no_overlap,low_mask_area,no_overlap__low_mask_area,train,0.0167140960693359,mask_area,0.0,0.001,False,8457
1451,P2691_0008.png,P2691.png,P2691,2048,1024,1024,3,393,0.00037479400634765625,0.0,0,False,no_overlap,low_mask_area,no_overlap__low_mask_area,train,0.0167140960693359,mask_area,0.0,0.001,False,8458
1452,P2691_0010.png,P2691.png,P2691,4096,1024,1024,1,1928,0.00183868408203125,0.0,0,False,no_overlap,low_mask_area,no_overlap__low_mask_area,train,0.0167140960693359,mask_area,0.0,0.001,False,8460
1453,P2691_0013.png,P2691.png,P2691,1024,2048,1024,25,4016,0.0038299560546875,0.0,0,False,no_overlap,low_mask_area,no_overlap__low_mask_area,train,0.0167140960693359,mask_area,0.0,0.001,False,8463
1454,P2691_0015.png,P2691.png,P2691,3072,2048,1024,3,2121,0.0020227432250976562,0.0,0,False,no_overlap,low_mask_area,no_overlap__low_mask_area,train,0.0167140960693359,mask_area,0.0,0.001,False,8465
1455,P2691_0018.png,P2691.png,P2691,0,3072,1024,3,1652,0.001575469970703125,0.0,0,False,no_overlap,low_mask_area,no_overlap__low_mask_area,train,0.0167140960693359,mask_area,0.0,0.001,False,8468
1456,P2691_0020.png,P2691.png,P2691,2048,3072,1024,5,4591,0.004378318786621094,0.0,0,False,no_overlap,low_mask_area,no_overlap__low_mask_area,train,0.0167140960693359,mask_area,0.0,0.001,False,8470
1457,P2691_0021.png,P2691.png,P2691,3072,3072,1024,4,5668,0.005405426025390625,0.0,0,False,no_overlap,low_mask_area,no_overlap__low_mask_area,train,0.0167140960693359,mask_area,0.0,0.001,False,8471
1458,P2691_0025.png,P2691.png,P2691,1024,4096,1024,0,0,0.0,0.0,0,False,no_overlap,low_mask_area,negative,train,0.0167140960693359,mask_area,0.0,0.001,False,8475
1459,P2691_0027.png,P2691.png,P2691,3072,4096,1024,2,883,0.0008420944213867188,0.0,0,False,no_overlap,low_mask_area,no_overlap__low_mask_area,train,0.0167140960693359,mask_area,0.0,0.001,False,8477
1460,P2691_0033.png,P2691.png,P2691,3072,5120,1024,0,0,0.0,0.0,0,False,no_overlap,low_mask_area,negative,train,0.0167140960693359,mask_area,0.0,0.001,False,8483
1461,P2691_0041.png,P2691.png,P2691,4855,5175,1024,0,0,0.0,0.0,0,False,no_overlap,low_mask_area,negative,train,0.0167140960693359,mask_area,0.0,0.001,False,8491
1462,P2693_0003.png,P2693.png,P2693,0,1024,1024,0,0,0.0,0.0,0,False,no_overlap,low_mask_area,negative,train,0.0167140960693359,mask_area,0.0,0.001,False,8504
1463,P2700_0003.png,P2700.png,P2700,2153,0,1024,0,0,0.0,0.0,0,False,no_overlap,low_mask_area,negative,train,0.0167140960693359,mask_area,0.0,0.001,False,8522
1464,P2700_0010.png,P2700.png,P2700,2048,1557,1024,0,0,0.0,0.0,0,False,no_overlap,low_mask_area,negative,train,0.0167140960693359,mask_area,0.0,0.001,False,8529
1465,P2725_0004.png,P2725.png,P2725,3502,0,1024,0,0,0.0,0.0,0,False,no_overlap,low_mask_area,negative,train,0.0167140960693359,mask_area,0.0,0.001,False,8597
1466,P2731_0023.png,P2731.png,P2731,3072,3871,1024,0,0,0.0,0.0,0,False,no_overlap,low_mask_area,negative,train,0.0167140960693359,mask_area,0.0,0.001,False,8660
1467,P2734_0011.png,P2734.png,P2734,1024,1675,1024,0,0,0.0,0.0,0,False,no_overlap,low_mask_area,negative,train,0.0167140960693359,mask_area,0.0,0.001,False,8685
1468,P2739_0004.png,P2739.png,P2739,0,1024,1024,0,0,0.0,0.0,0,False,no_overlap,low_mask_area,negative,train,0.0167140960693359,mask_area,0.0,0.001,False,8705
1469,P2739_0006.png,P2739.png,P2739,2048,1024,1024,0,0,0.0,0.0,0,False,no_overlap,low_mask_area,negative,train,0.0167140960693359,mask_area,0.0,0.001,False,8707
1470,P2747_0007.png,P2747.png,P2747,1024,1281,1024,0,0,0.0,0.0,0,False,no_overlap,low_mask_area,negative,train,0.0167140960693359,mask_area,0.0,0.001,False,8775
1471,P2748_0000.png,P2748.png,P2748,0,0,1024,6,12376,0.01180267333984375,0.0018595260864945277,2,True,overlap,low_mask_area,overlap__low_mask_area,train,0.0167140960693359,mask_area,0.0,0.001,False,8777
1472,P2748_0001.png,P2748.png,P2748,1024,0,1024,1,2075,0.0019788742065429688,0.0,0,False,no_overlap,low_mask_area,no_overlap__low_mask_area,train,0.0167140960693359,mask_area,0.0,0.001,False,8778
1473,P2748_0004.png,P2748.png,P2748,0,1024,1024,1,1055,0.0010061264038085938,0.0,0,False,no_overlap,low_mask_area,no_overlap__low_mask_area,train,0.0167140960693359,mask_area,0.0,0.001,False,8781
1474,P2748_0005.png,P2748.png,P2748,1024,1024,1024,2,3121,0.0029764175415039062,0.0,0,False,no_overlap,low_mask_area,no_overlap__low_mask_area,train,0.0167140960693359,mask_area,0.0,0.001,False,8782
1475,P2748_0006.png,P2748.png,P2748,2048,1024,1024,2,2404,0.002292633056640625,0.0,0,False,no_overlap,low_mask_area,no_overlap__low_mask_area,train,0.0167140960693359,mask_area,0.0,0.001,False,8783
1476,P2748_0007.png,P2748.png,P2748,2304,1024,1024,2,2404,0.002292633056640625,0.0,0,False,no_overlap,low_mask_area,no_overlap__low_mask_area,train,0.0167140960693359,mask_area,0.0,0.001,False,8784
1477,P2748_0008.png,P2748.png,P2748,0,2048,1024,2,3249,0.0030984878540039062,0.0,0,False,no_overlap,low_mask_area,no_overlap__low_mask_area,train,0.0167140960693359,mask_area,0.0,0.001,False,8785
1478,P2748_0009.png,P2748.png,P2748,1024,2048,1024,6,10948,0.010440826416015625,0.0,0,False,no_overlap,low_mask_area,no_overlap__low_mask_area,train,0.0167140960693359,mask_area,0.0,0.001,False,8786
1479,P2748_0010.png,P2748.png,P2748,2048,2048,1024,6,10407,0.009924888610839844,0.0,0,False,no_overlap,low_mask_area,no_overlap__low_mask_area,train,0.0167140960693359,mask_area,0.0,0.001,False,8787
1480,P2748_0011.png,P2748.png,P2748,2304,2048,1024,4,5963,0.005686759948730469,0.0,0,False,no_overlap,low_mask_area,no_overlap__low_mask_area,train,0.0167140960693359,mask_area,0.0,0.001,False,8788
1481,P2750_0014.png,P2750.png,P2750,2048,2687,1024,0,0,0.0,0.0,0,False,no_overlap,low_mask_area,negative,train,0.0167140960693359,mask_area,0.0,0.001,False,8803
1482,P2751_0009.png,P2751.png,P2751,1024,2048,1024,0,0,0.0,0.0,0,False,no_overlap,low_mask_area,negative,train,0.0167140960693359,mask_area,0.0,0.001,False,8814
1483,P2755_0006.png,P2755.png,P2755,0,3072,1024,0,0,0.0,0.0,0,False,no_overlap,low_mask_area,negative,train,0.0167140960693359,mask_area,0.0,0.001,False,8839
1484,P2770_0007.png,P2770.png,P2770,2236,1024,1024,0,0,0.0,0.0,0,False,no_overlap,low_mask_area,negative,train,0.0167140960693359,mask_area,0.0,0.001,False,2052
1485,P2787_0000.png,P2787.png,P2787,0,0,1024,4,10459,0.009974479675292969,0.0,0,False,no_overlap,low_mask_area,no_overlap__low_mask_area,train,0.0167140960693359,mask_area,0.0,0.001,False,8985
1486,P2787_0001.png,P2787.png,P2787,968,0,1024,2,7340,0.006999969482421875,0.0,0,False,no_overlap,low_mask_area,no_overlap__low_mask_area,train,0.0167140960693359,mask_area,0.0,0.001,False,8986
1487,P2787_0002.png,P2787.png,P2787,0,1024,1024,4,11817,0.011269569396972656,0.0,0,False,no_overlap,low_mask_area,no_overlap__low_mask_area,train,0.0167140960693359,mask_area,0.0,0.001,False,8987
1488,P2787_0003.png,P2787.png,P2787,968,1024,1024,3,12919,0.012320518493652344,0.0,0,False,no_overlap,low_mask_area,no_overlap__low_mask_area,train,0.0167140960693359,mask_area,0.0,0.001,False,8988
1489,P2787_0004.png,P2787.png,P2787,0,2048,1024,4,8322,0.007936477661132812,0.0,0,False,no_overlap,low_mask_area,no_overlap__low_mask_area,train,0.0167140960693359,mask_area,0.0,0.001,False,8989
1490,P2787_0005.png,P2787.png,P2787,968,2048,1024,3,8430,0.008039474487304688,0.0,0,False,no_overlap,low_mask_area,no_overlap__low_mask_area,train,0.0167140960693359,mask_area,0.0,0.001,False,8990
1491,P2787_0007.png,P2787.png,P2787,968,2918,1024,2,11972,0.011417388916015625,0.0,0,False,no_overlap,low_mask_area,no_overlap__low_mask_area,train,0.0167140960693359,mask_area,0.0,0.001,False,8992
1492,P2790_0000.png,P2790.png,P2790,0,0,1024,1,404,0.000385284423828125,0.0,0,False,no_overlap,low_mask_area,no_overlap__low_mask_area,train,0.0167140960693359,mask_area,0.0,0.001,False,8993
1493,P2790_0001.png,P2790.png,P2790,1024,0,1024,1,4444,0.004238128662109375,0.0,0,False,no_overlap,low_mask_area,no_overlap__low_mask_area,train,0.0167140960693359,mask_area,0.0,0.001,False,8994
1494,P2790_0005.png,P2790.png,P2790,0,1024,1024,4,37516,0.035778045654296875,0.0,0,False,no_overlap,high_mask_area,no_overlap__high_mask_area,train,0.0167140960693359,mask_area,0.0,0.001,False,8998
1495,P2790_0006.png,P2790.png,P2790,1024,1024,1024,5,62911,0.059996604919433594,0.0,0,False,no_overlap,high_mask_area,no_overlap__high_mask_area,train,0.0167140960693359,mask_area,0.0,0.001,False,8999
1496,P2790_0007.png,P2790.png,P2790,2048,1024,1024,1,718,0.0006847381591796875,0.0,0,False,no_overlap,low_mask_area,no_overlap__low_mask_area,train,0.0167140960693359,mask_area,0.0,0.001,False,9000
1497,P2790_0008.png,P2790.png,P2790,3072,1024,1024,1,5887,0.005614280700683594,0.0,0,False,no_overlap,low_mask_area,no_overlap__low_mask_area,train,0.0167140960693359,mask_area,0.0,0.001,False,9001
1498,P2790_0011.png,P2790.png,P2790,1024,2048,1024,2,2964,0.002826690673828125,0.0,0,False,no_overlap,low_mask_area,no_overlap__low_mask_area,train,0.0167140960693359,mask_area,0.0,0.001,False,9004
1499,P2790_0012.png,P2790.png,P2790,2048,2048,1024,2,11183,0.010664939880371094,0.0,0,False,no_overlap,low_mask_area,no_overlap__low_mask_area,train,0.0167140960693359,mask_area,0.0,0.001,False,9005
1500,P2790_0013.png,P2790.png,P2790,3072,2048,1024,2,1270,0.0012111663818359375,0.0,0,False,no_overlap,low_mask_area,no_overlap__low_mask_area,train,0.0167140960693359,mask_area,0.0,0.001,False,9006
1501,P2790_0014.png,P2790.png,P2790,3603,2048,1024,1,1153,0.0010995864868164062,0.0,0,False,no_overlap,low_mask_area,no_overlap__low_mask_area,train,0.0167140960693359,mask_area,0.0,0.001,False,9007
1502,P2790_0016.png,P2790.png,P2790,1024,2399,1024,1,110,0.0001049041748046875,0.0,0,False,no_overlap,low_mask_area,no_overlap__low_mask_area,train,0.0167140960693359,mask_area,0.0,0.001,False,9009
1503,P2790_0017.png,P2790.png,P2790,2048,2399,1024,2,7918,0.0075511932373046875,0.0,0,False,no_overlap,low_mask_area,no_overlap__low_mask_area,train,0.0167140960693359,mask_area,0.0,0.001,False,9010
1504,P2790_0018.png,P2790.png,P2790,3072,2399,1024,1,218,0.0002079010009765625,0.0,0,False,no_overlap,low_mask_area,no_overlap__low_mask_area,train,0.0167140960693359,mask_area,0.0,0.001,False,9011
1505,P2790_0019.png,P2790.png,P2790,3603,2399,1024,1,4390,0.0041866302490234375,0.0,0,False,no_overlap,low_mask_area,no_overlap__low_mask_area,train,0.0167140960693359,mask_area,0.0,0.001,False,9012
1506,P2791_0000.png,P2791.png,P2791,0,0,1024,4,41424,0.0395050048828125,0.028756237968817,1,True,overlap,high_mask_area,overlap__high_mask_area,train,0.0167140960693359,mask_area,0.0,0.001,False,3729
1507,P2791_0001.png,P2791.png,P2791,1024,0,1024,1,3389,0.0032320022583007812,0.0,0,False,no_overlap,low_mask_area,no_overlap__low_mask_area,train,0.0167140960693359,mask_area,0.0,0.001,False,3730
1508,P2791_0005.png,P2791.png,P2791,0,1024,1024,2,32972,0.031444549560546875,0.0,0,False,no_overlap,high_mask_area,no_overlap__high_mask_area,train,0.0167140960693359,mask_area,0.0,0.001,False,3734
1509,P2791_0006.png,P2791.png,P2791,1024,1024,1024,3,23460,0.022373199462890625,0.0851027397260274,1,True,overlap,high_mask_area,overlap__high_mask_area,train,0.0167140960693359,mask_area,0.0,0.001,False,3735
1510,P2791_0007.png,P2791.png,P2791,2048,1024,1024,1,831,0.0007925033569335938,0.0,0,False,no_overlap,low_mask_area,no_overlap__low_mask_area,train,0.0167140960693359,mask_area,0.0,0.001,False,3736
1511,P2791_0011.png,P2791.png,P2791,1024,2048,1024,2,9340,0.008907318115234375,0.0,0,False,no_overlap,low_mask_area,no_overlap__low_mask_area,train,0.0167140960693359,mask_area,0.0,0.001,False,3740
1512,P2791_0012.png,P2791.png,P2791,2048,2048,1024,2,4431,0.004225730895996094,0.0,0,False,no_overlap,low_mask_area,no_overlap__low_mask_area,train,0.0167140960693359,mask_area,0.0,0.001,False,3741
1513,P2791_0016.png,P2791.png,P2791,1024,3072,1024,1,911,0.0008687973022460938,0.0,0,False,no_overlap,low_mask_area,no_overlap__low_mask_area,train,0.0167140960693359,mask_area,0.0,0.001,False,3745
1514,P2791_0017.png,P2791.png,P2791,2048,3072,1024,1,10724,0.010227203369140625,0.0,0,False,no_overlap,low_mask_area,no_overlap__low_mask_area,train,0.0167140960693359,mask_area,0.0,0.001,False,3746
1515,P2791_0020.png,P2791.png,P2791,0,4096,1024,1,5748,0.005481719970703125,0.0,0,False,no_overlap,low_mask_area,no_overlap__low_mask_area,train,0.0167140960693359,mask_area,0.0,0.001,False,3749
1516,P2791_0022.png,P2791.png,P2791,2048,4096,1024,2,13387,0.012766838073730469,0.03256272906681703,1,True,overlap,low_mask_area,overlap__low_mask_area,train,0.0167140960693359,mask_area,0.0,0.001,False,3751
1517,P2791_0023.png,P2791.png,P2791,3072,4096,1024,6,40356,0.038486480712890625,0.00849514563106796,2,True,overlap,high_mask_area,overlap__high_mask_area,train,0.0167140960693359,mask_area,0.0,0.001,False,3752
1518,P2791_0024.png,P2791.png,P2791,3988,4096,1024,3,9601,0.009156227111816406,0.0,0,False,no_overlap,low_mask_area,no_overlap__low_mask_area,train,0.0167140960693359,mask_area,0.0,0.001,False,3753
1519,P2791_0029.png,P2791.png,P2791,3988,5009,1024,4,25586,0.024400711059570312,0.006541214390671659,2,True,overlap,high_mask_area,overlap__high_mask_area,train,0.0167140960693359,mask_area,0.0,0.001,False,3758
1520,P2793_0001.png,P2793.png,P2793,1007,0,1024,0,0,0.0,0.0,0,False,no_overlap,low_mask_area,negative,train,0.0167140960693359,mask_area,0.0,0.001,False,2083
1521,P2800_0005.png,P2800.png,P2800,1024,1024,1024,0,0,0.0,0.0,0,False,no_overlap,low_mask_area,negative,train,0.0167140960693359,mask_area,0.0,0.001,False,9018
1522,P2800_0006.png,P2800.png,P2800,2048,1024,1024,0,0,0.0,0.0,0,False,no_overlap,low_mask_area,negative,train,0.0167140960693359,mask_area,0.0,0.001,False,9019
1523,P2800_0014.png,P2800.png,P2800,2048,2227,1024,0,0,0.0,0.0,0,False,no_overlap,low_mask_area,negative,train,0.0167140960693359,mask_area,0.0,0.001,False,9027
1524,P2801_0000.png,P2801.png,P2801,0,0,1024,13,7558,0.0072078704833984375,0.0,0,False,no_overlap,low_mask_area,no_overlap__low_mask_area,train,0.0167140960693359,mask_area,0.0,0.001,False,9029
1525,P2801_0003.png,P2801.png,P2801,0,1024,1024,1,1436,0.001369476318359375,0.0,0,False,no_overlap,low_mask_area,no_overlap__low_mask_area,train,0.0167140960693359,mask_area,0.0,0.001,False,9032
1526,P2801_0004.png,P2801.png,P2801,1024,1024,1024,5,10626,0.010133743286132812,0.0,0,False,no_overlap,low_mask_area,no_overlap__low_mask_area,train,0.0167140960693359,mask_area,0.0,0.001,False,9033
1527,P2801_0005.png,P2801.png,P2801,1930,1024,1024,1,3119,0.0029745101928710938,0.0,0,False,no_overlap,low_mask_area,no_overlap__low_mask_area,train,0.0167140960693359,mask_area,0.0,0.001,False,9034
1528,P2801_0006.png,P2801.png,P2801,0,2048,1024,1,23,2.193450927734375e-05,0.0,0,False,no_overlap,low_mask_area,no_overlap__low_mask_area,train,0.0167140960693359,mask_area,0.0,0.001,False,9035
1529,P2801_0007.png,P2801.png,P2801,1024,2048,1024,3,12087,0.011527061462402344,0.0,0,False,no_overlap,low_mask_area,no_overlap__low_mask_area,train,0.0167140960693359,mask_area,0.0,0.001,False,9036
1530,P2801_0008.png,P2801.png,P2801,1930,2048,1024,1,4398,0.0041942596435546875,0.0,0,False,no_overlap,low_mask_area,no_overlap__low_mask_area,train,0.0167140960693359,mask_area,0.0,0.001,False,9037
1531,P2801_0010.png,P2801.png,P2801,1024,2983,1024,1,4601,0.004387855529785156,0.0,0,False,no_overlap,low_mask_area,no_overlap__low_mask_area,train,0.0167140960693359,mask_area,0.0,0.001,False,9039
1532,P2801_0011.png,P2801.png,P2801,1930,2983,1024,4,19605,0.01869678497314453,0.0,0,False,no_overlap,high_mask_area,no_overlap__high_mask_area,train,0.0167140960693359,mask_area,0.0,0.001,False,9040
1533,P2802_0010.png,P2802.png,P2802,4096,1024,1024,1,9108,0.008686065673828125,0.0,0,False,no_overlap,low_mask_area,no_overlap__low_mask_area,train,0.0167140960693359,mask_area,0.0,0.001,False,3794
1534,P2802_0012.png,P2802.png,P2802,0,2048,1024,1,5167,0.004927635192871094,0.0,0,False,no_overlap,low_mask_area,no_overlap__low_mask_area,train,0.0167140960693359,mask_area,0.0,0.001,False,3796
1535,P2802_0013.png,P2802.png,P2802,1024,2048,1024,3,22343,0.021307945251464844,0.0,0,False,no_overlap,high_mask_area,no_overlap__high_mask_area,train,0.0167140960693359,mask_area,0.0,0.001,False,3797
1536,P2802_0014.png,P2802.png,P2802,2048,2048,1024,2,15202,0.014497756958007812,0.0,0,False,no_overlap,low_mask_area,no_overlap__low_mask_area,train,0.0167140960693359,mask_area,0.0,0.001,False,3798
1537,P2802_0015.png,P2802.png,P2802,3072,2048,1024,2,8234,0.007852554321289062,0.0,0,False,no_overlap,low_mask_area,no_overlap__low_mask_area,train,0.0167140960693359,mask_area,0.0,0.001,False,3799
1538,P2802_0016.png,P2802.png,P2802,4096,2048,1024,3,20628,0.019672393798828125,0.0,0,False,no_overlap,high_mask_area,no_overlap__high_mask_area,train,0.0167140960693359,mask_area,0.0,0.001,False,3800
1539,P2802_0018.png,P2802.png,P2802,0,3072,1024,1,2435,0.0023221969604492188,0.0,0,False,no_overlap,low_mask_area,no_overlap__low_mask_area,train,0.0167140960693359,mask_area,0.0,0.001,False,3802
1540,P2802_0019.png,P2802.png,P2802,1024,3072,1024,6,26762,0.025522232055664062,0.0,0,False,no_overlap,high_mask_area,no_overlap__high_mask_area,train,0.0167140960693359,mask_area,0.0,0.001,False,3803
1541,P2802_0020.png,P2802.png,P2802,2048,3072,1024,1,6364,0.006069183349609375,0.0,0,False,no_overlap,low_mask_area,no_overlap__low_mask_area,train,0.0167140960693359,mask_area,0.0,0.001,False,3804
1542,P2802_0022.png,P2802.png,P2802,4096,3072,1024,4,71140,0.06784439086914062,0.0253772828400369,1,True,overlap,high_mask_area,overlap__high_mask_area,train,0.0167140960693359,mask_area,0.0,0.001,False,3806
1543,P2802_0023.png,P2802.png,P2802,4914,3072,1024,1,4738,0.0045185089111328125,0.0,0,False,no_overlap,low_mask_area,no_overlap__low_mask_area,train,0.0167140960693359,mask_area,0.0,0.001,False,3807
1544,P2802_0024.png,P2802.png,P2802,0,4096,1024,1,17573,0.01675891876220703,0.0,0,False,no_overlap,high_mask_area,no_overlap__high_mask_area,train,0.0167140960693359,mask_area,0.0,0.001,False,3808
1545,P2802_0025.png,P2802.png,P2802,1024,4096,1024,3,12244,0.011676788330078125,0.0,0,False,no_overlap,low_mask_area,no_overlap__low_mask_area,train,0.0167140960693359,mask_area,0.0,0.001,False,3809
1546,P2802_0027.png,P2802.png,P2802,3072,4096,1024,6,47230,0.04504203796386719,0.0,0,False,no_overlap,high_mask_area,no_overlap__high_mask_area,train,0.0167140960693359,mask_area,0.0,0.001,False,3811
1547,P2802_0028.png,P2802.png,P2802,4096,4096,1024,8,23685,0.02258777618408203,0.0,0,False,no_overlap,high_mask_area,no_overlap__high_mask_area,train,0.0167140960693359,mask_area,0.0,0.001,False,3812
1548,P2802_0029.png,P2802.png,P2802,4914,4096,1024,5,20934,0.019964218139648438,0.0,0,False,no_overlap,high_mask_area,no_overlap__high_mask_area,train,0.0167140960693359,mask_area,0.0,0.001,False,3813
1549,P2802_0030.png,P2802.png,P2802,0,4225,1024,1,17401,0.016594886779785156,0.0,0,False,no_overlap,low_mask_area,no_overlap__low_mask_area,train,0.0167140960693359,mask_area,0.0,0.001,False,3814
1550,P2802_0031.png,P2802.png,P2802,1024,4225,1024,2,10925,0.010418891906738281,0.0,0,False,no_overlap,low_mask_area,no_overlap__low_mask_area,train,0.0167140960693359,mask_area,0.0,0.001,False,3815
1551,P2802_0033.png,P2802.png,P2802,3072,4225,1024,6,41818,0.03988075256347656,0.0,0,False,no_overlap,high_mask_area,no_overlap__high_mask_area,train,0.0167140960693359,mask_area,0.0,0.001,False,3817
1552,P2802_0034.png,P2802.png,P2802,4096,4225,1024,6,19129,0.018242835998535156,0.0,0,False,no_overlap,high_mask_area,no_overlap__high_mask_area,train,0.0167140960693359,mask_area,0.0,0.001,False,3818
1553,P2802_0035.png,P2802.png,P2802,4914,4225,1024,5,20934,0.019964218139648438,0.0,0,False,no_overlap,high_mask_area,no_overlap__high_mask_area,train,0.0167140960693359,mask_area,0.0,0.001,False,3819
1554,P2804_0000.png,P2804.png,P2804,0,0,1024,2,8860,0.008449554443359375,0.0,0,False,no_overlap,low_mask_area,no_overlap__low_mask_area,train,0.0167140960693359,mask_area,0.0,0.001,False,9041
1555,P2804_0002.png,P2804.png,P2804,2048,0,1024,1,1600,0.00152587890625,0.0,0,False,no_overlap,low_mask_area,no_overlap__low_mask_area,train,0.0167140960693359,mask_area,0.0,0.001,False,9043
1556,P2804_0003.png,P2804.png,P2804,2575,0,1024,1,1600,0.00152587890625,0.0,0,False,no_overlap,low_mask_area,no_overlap__low_mask_area,train,0.0167140960693359,mask_area,0.0,0.001,False,9044
1557,P2804_0004.png,P2804.png,P2804,0,1024,1024,1,8697,0.008294105529785156,0.0,0,False,no_overlap,low_mask_area,no_overlap__low_mask_area,train,0.0167140960693359,mask_area,0.0,0.001,False,9045
1558,P2804_0005.png,P2804.png,P2804,1024,1024,1024,2,20544,0.01959228515625,0.0,0,False,no_overlap,high_mask_area,no_overlap__high_mask_area,train,0.0167140960693359,mask_area,0.0,0.001,False,9046
1559,P2804_0006.png,P2804.png,P2804,2048,1024,1024,21,62414,0.05952262878417969,0.14137803525206458,10,True,overlap,high_mask_area,overlap__high_mask_area,train,0.0167140960693359,mask_area,0.0,0.001,False,9047
1560,P2804_0007.png,P2804.png,P2804,2575,1024,1024,13,44759,0.042685508728027344,0.152335993406017,8,True,overlap,high_mask_area,overlap__high_mask_area,train,0.0167140960693359,mask_area,0.0,0.001,False,9048
1561,P2804_0008.png,P2804.png,P2804,0,1148,1024,1,8697,0.008294105529785156,0.0,0,False,no_overlap,low_mask_area,no_overlap__low_mask_area,train,0.0167140960693359,mask_area,0.0,0.001,False,9049
1562,P2804_0009.png,P2804.png,P2804,1024,1148,1024,2,20544,0.01959228515625,0.0,0,False,no_overlap,high_mask_area,no_overlap__high_mask_area,train,0.0167140960693359,mask_area,0.0,0.001,False,9050
1563,P2804_0010.png,P2804.png,P2804,2048,1148,1024,20,44678,0.04260826110839844,0.14137803525206458,9,True,overlap,high_mask_area,overlap__high_mask_area,train,0.0167140960693359,mask_area,0.0,0.001,False,9051
1564,P2804_0011.png,P2804.png,P2804,2575,1148,1024,12,32245,0.03075122833251953,0.152335993406017,7,True,overlap,high_mask_area,overlap__high_mask_area,train,0.0167140960693359,mask_area,0.0,0.001,False,9052
1565,P2805_0000.png,P2805.png,P2805,0,0,1024,4,19869,0.01894855499267578,0.0024325209337138047,1,True,overlap,high_mask_area,overlap__high_mask_area,train,0.0167140960693359,mask_area,0.0,0.001,False,9053
1566,P2805_0003.png,P2805.png,P2805,0,1024,1024,4,17292,0.016490936279296875,0.06702663786897048,1,True,overlap,low_mask_area,overlap__low_mask_area,train,0.0167140960693359,mask_area,0.0,0.001,False,9056
1567,P2805_0004.png,P2805.png,P2805,1024,1024,1024,4,15592,0.01486968994140625,0.0,0,False,no_overlap,low_mask_area,no_overlap__low_mask_area,train,0.0167140960693359,mask_area,0.0,0.001,False,9057
1568,P2805_0007.png,P2805.png,P2805,1024,2048,1024,2,24389,0.02325916290283203,0.0,0,False,no_overlap,high_mask_area,no_overlap__high_mask_area,train,0.0167140960693359,mask_area,0.0,0.001,False,9060
1569,P2805_0008.png,P2805.png,P2805,1808,2048,1024,5,8106,0.0077304840087890625,0.0,0,False,no_overlap,low_mask_area,no_overlap__low_mask_area,train,0.0167140960693359,mask_area,0.0,0.001,False,9061
1570,P2805_0010.png,P2805.png,P2805,1024,2181,1024,2,23032,0.02196502685546875,0.0,0,False,no_overlap,high_mask_area,no_overlap__high_mask_area,train,0.0167140960693359,mask_area,0.0,0.001,False,9063
1571,P2805_0011.png,P2805.png,P2805,1808,2181,1024,5,8106,0.0077304840087890625,0.0,0,False,no_overlap,low_mask_area,no_overlap__low_mask_area,train,0.0167140960693359,mask_area,0.0,0.001,False,9064
