image,pipeline,pipeline_label,stratum,overlap_group,stratify_group,area_group,count_group,num_objects,mask_area_ratio,max_pair_bbox_iou,iou,dice,precision,recall,pred_area_ratio
P0060_0009.jpg,sam3_text,SAM3 text-only,no_overlap__high_mask_area,no_overlap,high_mask_area,high_mask_area,,37,0.0057315826416015,0.0,0.5938122427300492,0.7451470465716904,0.6454033771106942,0.8813559322033898,1.3655892786756012
P0060_0009.jpg,yolo_sam3,YOLO + SAM3,no_overlap__high_mask_area,no_overlap,high_mask_area,high_mask_area,,37,0.0057315826416015,0.0,0.5241363532372455,0.687781447012909,0.5553939393939394,0.9030350808040993,1.6259361450532124
P0060_0009.jpg,gt_box_sam3,GT bbox + SAM3,no_overlap__high_mask_area,no_overlap,high_mask_area,high_mask_area,,37,0.0057315826416015,0.0,0.57744702320888,0.7321285782824244,0.6159849300322928,0.9022467481277099,1.4647221127315728
P0060_0009.jpg,yolo_sam2,YOLO + SAM2,no_overlap__high_mask_area,no_overlap,high_mask_area,high_mask_area,,37,0.0057315826416015,0.0,0.5806650246305419,0.7347097779509154,0.607524803504703,0.929247142294048,1.5295624753646038
P0060_0009.jpg,grounded_sam2,GroundingDINO + SAM2,no_overlap__high_mask_area,no_overlap,high_mask_area,high_mask_area,,37,0.0057315826416015,0.0,0.02379464500312455,0.046483237862710115,0.0305103550295858,0.09755616870319275,3.1974773354355537
P0060_0009.jpg,segearth_ov3,SegEarth-OV3 + SAM3,no_overlap__high_mask_area,no_overlap,high_mask_area,high_mask_area,,37,0.0057315826416015,0.0,0.6351648351648351,0.7768817204301075,0.6770131771595901,0.9113125739061884,1.3460780449349625
P0060_0009.jpg,remotesam_text,RemoteSAM text,no_overlap__high_mask_area,no_overlap,high_mask_area,high_mask_area,,37,0.0057315826416015,0.0,0.45323014804845224,0.6237554989580921,0.5126220981859698,0.796413086322428,1.5536066219944817
P0060_0009.jpg,yolo_ringmo_sam,YOLO + RingMo-SAM,no_overlap__high_mask_area,no_overlap,high_mask_area,high_mask_area,,37,0.0057315826416015,0.0,0.056945812807881774,0.10775540641312453,0.996551724137931,0.05695703586913677,0.057154119038234134
P0060_0009.jpg,gt_box_ringmo_sam,GT bbox + RingMo-SAM,no_overlap__high_mask_area,no_overlap,high_mask_area,high_mask_area,,37,0.0057315826416015,0.0,0.05695703586913677,0.1077754987879918,1.0,0.05695703586913677,0.05695703586913677
P0199_0002.jpg,sam3_text,SAM3 text-only,no_overlap__high_mask_area,no_overlap,high_mask_area,high_mask_area,,50,0.0199432373046875,0.0,0.5670338806900852,0.7237034089401777,0.6195541087853439,0.8699441934626627,1.4041456284879086
P0199_0002.jpg,yolo_sam3,YOLO + SAM3,no_overlap__high_mask_area,no_overlap,high_mask_area,high_mask_area,,50,0.0199432373046875,0.0,0.5438197131800592,0.704511943379534,0.5835165218604976,0.8888121179909646,1.5231995748073346
P0199_0002.jpg,gt_box_sam3,GT bbox + SAM3,no_overlap__high_mask_area,no_overlap,high_mask_area,high_mask_area,,50,0.0199432373046875,0.0,0.5996577973322159,0.7497325969745258,0.6361312787079567,0.9127292054212065,1.4348126494817965
P0199_0002.jpg,yolo_sam2,YOLO + SAM2,no_overlap__high_mask_area,no_overlap,high_mask_area,high_mask_area,,50,0.0199432373046875,0.0,0.5613576136440851,0.7190634723763518,0.6087613293051359,0.8781823013553016,1.4425724156258304
P0199_0002.jpg,grounded_sam2,GroundingDINO + SAM2,no_overlap__high_mask_area,no_overlap,high_mask_area,high_mask_area,,50,0.0199432373046875,0.0,0.04104461558318634,0.07885275034095136,0.17725752508361203,0.05070422535211268,0.28604836566569225
P0199_0002.jpg,segearth_ov3,SegEarth-OV3 + SAM3,no_overlap__high_mask_area,no_overlap,high_mask_area,high_mask_area,,50,0.0199432373046875,0.0,0.5573425170522937,0.7157609979174271,0.6004250414235286,0.8859420674993357,1.4755248471963858
P0199_0002.jpg,remotesam_text,RemoteSAM text,no_overlap__high_mask_area,no_overlap,high_mask_area,high_mask_area,,50,0.0199432373046875,0.0,0.5345659924904553,0.6966999074740413,0.5681421864520456,0.9004517672070157,1.5849056603773586
P0199_0002.jpg,yolo_ringmo_sam,YOLO + RingMo-SAM,no_overlap__high_mask_area,no_overlap,high_mask_area,high_mask_area,,50,0.0199432373046875,0.0,0.5037054631828979,0.6699522952010868,0.8259074622215299,0.5635397289396757,0.6823279298432102
P0199_0002.jpg,gt_box_ringmo_sam,GT bbox + RingMo-SAM,no_overlap__high_mask_area,no_overlap,high_mask_area,high_mask_area,,50,0.0199432373046875,0.0,0.5442314326548716,0.7048573434607774,0.8820992092020129,0.5869253255381345,0.6653733723093277
P0331_0003.jpg,sam3_text,SAM3 text-only,no_overlap__high_mask_area,no_overlap,high_mask_area,high_mask_area,,9,0.0047893524169921,0.0,0.3905046376355919,0.5616732617297908,0.5886255924170616,0.5370810810810811,0.9124324324324324
P0331_0003.jpg,yolo_sam3,YOLO + SAM3,no_overlap__high_mask_area,no_overlap,high_mask_area,high_mask_area,,9,0.0047893524169921,0.0,0.5323439264397484,0.6948099799978945,0.6770619614279852,0.7135135135135136,1.053837837837838
P0331_0003.jpg,gt_box_sam3,GT bbox + SAM3,no_overlap__high_mask_area,no_overlap,high_mask_area,high_mask_area,,9,0.0047893524169921,0.0,0.6068076761451183,0.7552959637346351,0.6327782646801051,0.9366486486486486,1.4802162162162162
P0331_0003.jpg,yolo_sam2,YOLO + SAM2,no_overlap__high_mask_area,no_overlap,high_mask_area,high_mask_area,,9,0.0047893524169921,0.0,0.5055130168453292,0.6715491811616315,0.6340760660776028,0.7137297297297297,1.1256216216216217
P0331_0003.jpg,grounded_sam2,GroundingDINO + SAM2,no_overlap__high_mask_area,no_overlap,high_mask_area,high_mask_area,,9,0.0047893524169921,0.0,0.06700761924642522,0.12559913919593074,0.0679209352353076,0.8328648648648649,12.262270270270271
P0331_0003.jpg,segearth_ov3,SegEarth-OV3 + SAM3,no_overlap__high_mask_area,no_overlap,high_mask_area,high_mask_area,,9,0.0047893524169921,0.0,0.39737922323965896,0.5687492938651,0.5955986748698533,0.5442162162162162,0.9137297297297298
P0331_0003.jpg,remotesam_text,RemoteSAM text,no_overlap__high_mask_area,no_overlap,high_mask_area,high_mask_area,,9,0.0047893524169921,0.0,0.5676260825267447,0.724185555284751,0.5800364393545029,0.9636756756756757,1.6614054054054055
P0331_0003.jpg,yolo_ringmo_sam,YOLO + RingMo-SAM,no_overlap__high_mask_area,no_overlap,high_mask_area,high_mask_area,,9,0.0047893524169921,0.0,0.3738446411012783,0.544231319782422,0.8051673019906819,0.41102702702702704,0.5104864864864865
P0331_0003.jpg,gt_box_ringmo_sam,GT bbox + RingMo-SAM,no_overlap__high_mask_area,no_overlap,high_mask_area,high_mask_area,,9,0.0047893524169921,0.0,0.4468909276248726,0.617725799633648,0.8867313915857605,0.47394594594594597,0.5344864864864864
P0725_0000.jpg,sam3_text,SAM3 text-only,no_overlap__high_mask_area,no_overlap,high_mask_area,high_mask_area,,17,0.0089015960693359,0.0,0.19932794026135656,0.33239939397712887,0.20254957507082152,0.9261015381057014,4.572221579738637
P0725_0000.jpg,yolo_sam3,YOLO + SAM3,no_overlap__high_mask_area,no_overlap,high_mask_area,high_mask_area,,17,0.0089015960693359,0.0,0.7416448968561391,0.8516602875762904,0.7703752222326191,0.9521221232797502,1.2359199722447092
P0725_0000.jpg,gt_box_sam3,GT bbox + SAM3,no_overlap__high_mask_area,no_overlap,high_mask_area,high_mask_area,,17,0.0089015960693359,0.0,0.7398996567203592,0.8505084231294582,0.7559352517985611,0.9721290621024633,1.2859951428241008
P0725_0000.jpg,yolo_sam2,YOLO + SAM2,no_overlap__high_mask_area,no_overlap,high_mask_area,high_mask_area,,17,0.0089015960693359,0.0,0.7657048940832725,0.8673078911986761,0.7843980918529604,0.9698161211981033,1.2363825604255811
P0725_0000.jpg,grounded_sam2,GroundingDINO + SAM2,no_overlap__high_mask_area,no_overlap,high_mask_area,high_mask_area,,17,0.0089015960693359,0.0,0.07495700925773244,0.1394604781627331,0.07702828647163486,0.7359777957673181,9.554643228865503
P0725_0000.jpg,segearth_ov3,SegEarth-OV3 + SAM3,no_overlap__high_mask_area,no_overlap,high_mask_area,high_mask_area,,17,0.0089015960693359,0.0,0.20180022502812853,0.3358299005534057,0.2047489789187955,0.9333873019544351,4.558690875448132
P0725_0000.jpg,remotesam_text,RemoteSAM text,no_overlap__high_mask_area,no_overlap,high_mask_area,high_mask_area,,17,0.0089015960693359,0.0,0.670049943612051,0.8024310245031835,0.6882912701696318,0.9619521221232797,1.3975945414594657
P0725_0000.jpg,yolo_ringmo_sam,YOLO + RingMo-SAM,no_overlap__high_mask_area,no_overlap,high_mask_area,high_mask_area,,17,0.0089015960693359,0.0,0.6022967663946812,0.7517917766880422,0.8236671717867475,0.6914536833583902,0.8394819012374234
P0725_0000.jpg,gt_box_ringmo_sam,GT bbox + RingMo-SAM,no_overlap__high_mask_area,no_overlap,high_mask_area,high_mask_area,,17,0.0089015960693359,0.0,0.6251824056702106,0.7693689071318625,0.8636429085673146,0.6936509772175321,0.8031687290389731
P0725_0002.jpg,sam3_text,SAM3 text-only,no_overlap__high_mask_area,no_overlap,high_mask_area,high_mask_area,,20,0.0104885101318359,0.0,0.21496575088404757,0.35386306276968166,0.22317783882313677,0.8538453982909341,3.8258520773990767
P0725_0002.jpg,yolo_sam3,YOLO + SAM3,no_overlap__high_mask_area,no_overlap,high_mask_area,high_mask_area,,20,0.0104885101318359,0.0,0.7655695003551978,0.8672210300429185,0.7958480347911709,0.9526569099302623,1.1970336902072487
P0725_0002.jpg,gt_box_sam3,GT bbox + SAM3,no_overlap__high_mask_area,no_overlap,high_mask_area,high_mask_area,,20,0.0104885101318359,0.0,0.7606448626966985,0.864052573932092,0.7798956026573869,0.9685689028582654,1.2419212258127885
P0725_0002.jpg,yolo_sam2,YOLO + SAM2,no_overlap__high_mask_area,no_overlap,high_mask_area,high_mask_area,,20,0.0104885101318359,0.0,0.7466872110939907,0.8549752999294283,0.7759186614362341,0.9519693546802868,1.2268932324918966
P0725_0002.jpg,grounded_sam2,GroundingDINO + SAM2,no_overlap__high_mask_area,no_overlap,high_mask_area,high_mask_area,,20,0.0104885101318359,0.0,0.07465830080104338,0.1389433287685836,0.07579987116169208,0.8321382968274237,10.978096454179354
P0725_0002.jpg,segearth_ov3,SegEarth-OV3 + SAM3,no_overlap__high_mask_area,no_overlap,high_mask_area,high_mask_area,,20,0.0104885101318359,0.0,0.21729186864543715,0.3570086587158961,0.22535901204011655,0.8585600628621943,3.8097436401139375
P0725_0002.jpg,remotesam_text,RemoteSAM text,no_overlap__high_mask_area,no_overlap,high_mask_area,high_mask_area,,20,0.0104885101318359,0.0,0.6480146858852325,0.7864185816246545,0.6779769526248399,0.9361555839308516,1.3808073863078283
P0725_0002.jpg,yolo_ringmo_sam,YOLO + RingMo-SAM,no_overlap__high_mask_area,no_overlap,high_mask_area,high_mask_area,,20,0.0104885101318359,0.0,0.5562339615963189,0.7148461932108944,0.8487712665406427,0.6174246144779492,0.7274334544740202
P0725_0002.jpg,gt_box_ringmo_sam,GT bbox + RingMo-SAM,no_overlap__high_mask_area,no_overlap,high_mask_area,high_mask_area,,20,0.0104885101318359,0.0,0.5710402319681044,0.7269581266582074,0.8805365376554423,0.6189961693350359,0.702976132010608
P0761_0003.jpg,sam3_text,SAM3 text-only,no_overlap__high_mask_area,no_overlap,high_mask_area,high_mask_area,,15,0.007730484008789,0.0,0.1496618427750709,0.2603580239104308,0.15442335109176858,0.8291700241740532,5.3694601128122486
P0761_0003.jpg,yolo_sam3,YOLO + SAM3,no_overlap__high_mask_area,no_overlap,high_mask_area,high_mask_area,,15,0.007730484008789,0.0,0.6257273482959268,0.7697814137798799,0.734390243902439,0.8087563792640344,1.1012624227773302
P0761_0003.jpg,gt_box_sam3,GT bbox + SAM3,no_overlap__high_mask_area,no_overlap,high_mask_area,high_mask_area,,15,0.007730484008789,0.0,0.6917217879334536,0.8177725118483412,0.7316090735637057,0.9269406392694064,1.2669889873757723
P0761_0003.jpg,yolo_sam2,YOLO + SAM2,no_overlap__high_mask_area,no_overlap,high_mask_area,high_mask_area,,15,0.007730484008789,0.0,0.621583316460822,0.7666375327756274,0.7162855809612693,0.8246038141283911,1.151222132688692
P0761_0003.jpg,grounded_sam2,GroundingDINO + SAM2,no_overlap__high_mask_area,no_overlap,high_mask_area,high_mask_area,,15,0.007730484008789,0.0,0.054492051632185096,0.103352228303362,0.05684719795726381,0.5680902497985496,9.993284985226968
P0761_0003.jpg,segearth_ov3,SegEarth-OV3 + SAM3,no_overlap__high_mask_area,no_overlap,high_mask_area,high_mask_area,,15,0.007730484008789,0.0,0.1517688164216043,0.26354041585034443,0.1562851360467731,0.8400483481063659,5.375100725221595
P0761_0003.jpg,remotesam_text,RemoteSAM text,no_overlap__high_mask_area,no_overlap,high_mask_area,high_mask_area,,15,0.007730484008789,0.0,0.5869786368260427,0.7397435897435898,0.7076281579592838,0.7749127048079506,1.0950846091861401
P0761_0003.jpg,yolo_ringmo_sam,YOLO + RingMo-SAM,no_overlap__high_mask_area,no_overlap,high_mask_area,high_mask_area,,15,0.007730484008789,0.0,0.3443998997744926,0.5123474047153108,0.836834094368341,0.3691915122213269,0.4411764705882353
P0761_0003.jpg,gt_box_ringmo_sam,GT bbox + RingMo-SAM,no_overlap__high_mask_area,no_overlap,high_mask_area,high_mask_area,,15,0.007730484008789,0.0,0.35819354838709677,0.5274558236747102,0.9012987012987013,0.3728176201987644,0.41364491001880205
P0801_0002.jpg,sam3_text,SAM3 text-only,no_overlap__high_mask_area,no_overlap,high_mask_area,high_mask_area,,61,0.0379505157470703,0.0,0.27404934834023853,0.4302020933447436,0.28352031652653775,0.8913500095474508,3.1438664448020948
P0801_0002.jpg,yolo_sam3,YOLO + SAM3,no_overlap__high_mask_area,no_overlap,high_mask_area,high_mask_area,,61,0.0379505157470703,0.0,0.6962718415331347,0.8209437007500238,0.7265623358890873,0.9435063695136255,1.2985897051201616
P0801_0002.jpg,gt_box_sam3,GT bbox + SAM3,no_overlap__high_mask_area,no_overlap,high_mask_area,high_mask_area,,61,0.0379505157470703,0.0,0.714734959817483,0.8336389897754923,0.7435425932261376,0.9485801576693309,1.2757576584194876
P0801_0002.jpg,yolo_sam2,YOLO + SAM2,no_overlap__high_mask_area,no_overlap,high_mask_area,high_mask_area,,61,0.0379505157470703,0.0,0.7341723385129061,0.8467120853080569,0.7731770539839964,0.9357047382634551,1.2102075888594888
P0801_0002.jpg,grounded_sam2,GroundingDINO + SAM2,no_overlap__high_mask_area,no_overlap,high_mask_area,high_mask_area,,61,0.0379505157470703,0.0,0.0,0.0,0.0,0.0,0.2742846231484765
P0801_0002.jpg,segearth_ov3,SegEarth-OV3 + SAM3,no_overlap__high_mask_area,no_overlap,high_mask_area,high_mask_area,,61,0.0379505157470703,0.0,0.24534358634022477,0.3940175049381071,0.2501213431584521,0.9277667148585613,3.7092664829918984
P0801_0002.jpg,remotesam_text,RemoteSAM text,no_overlap__high_mask_area,no_overlap,high_mask_area,high_mask_area,,61,0.0379505157470703,0.0,0.6514907714150497,0.7889729481889042,0.680393823767818,0.9387872009602007,1.379770315611446
P0801_0002.jpg,yolo_ringmo_sam,YOLO + RingMo-SAM,no_overlap__high_mask_area,no_overlap,high_mask_area,high_mask_area,,61,0.0379505157470703,0.0,0.057360365837540644,0.10849728756781081,0.649311789347696,0.059194195149894976,0.0911645162170272
P0801_0002.jpg,gt_box_ringmo_sam,GT bbox + RingMo-SAM,no_overlap__high_mask_area,no_overlap,high_mask_area,high_mask_area,,61,0.0379505157470703,0.0,0.06315369261477045,0.11880444577951337,0.7214958954089389,0.06473171663165934,0.08971875937696064
P0887_0004.jpg,sam3_text,SAM3 text-only,no_overlap__high_mask_area,no_overlap,high_mask_area,high_mask_area,,22,0.0117864608764648,0.0,0.17918610262184334,0.3039148820079116,0.1798224374495561,0.9806338028169014,5.453345070422535
P0887_0004.jpg,yolo_sam3,YOLO + SAM3,no_overlap__high_mask_area,no_overlap,high_mask_area,high_mask_area,,22,0.0117864608764648,0.0,0.7342363381597384,0.8467546458389442,0.7521017018659012,0.9686619718309859,1.2879401408450704
P0887_0004.jpg,gt_box_sam3,GT bbox + SAM3,no_overlap__high_mask_area,no_overlap,high_mask_area,high_mask_area,,22,0.0117864608764648,0.0,0.7288469106650924,0.8431595720464375,0.7408987865048673,0.9781690140845071,1.3202464788732395
P0887_0004.jpg,yolo_sam2,YOLO + SAM2,no_overlap__high_mask_area,no_overlap,high_mask_area,high_mask_area,,22,0.0117864608764648,0.0,0.7395902620726353,0.850303980422896,0.7516392888528358,0.9787852112676056,1.302200704225352
P0887_0004.jpg,grounded_sam2,GroundingDINO + SAM2,no_overlap__high_mask_area,no_overlap,high_mask_area,high_mask_area,,22,0.0117864608764648,0.0,0.16610661258567347,0.28489095386802754,0.16644910552704187,0.9877640845070422,5.934330985915493
P0887_0004.jpg,segearth_ov3,SegEarth-OV3 + SAM3,no_overlap__high_mask_area,no_overlap,high_mask_area,high_mask_area,,22,0.0117864608764648,0.0,0.17766013258930702,0.3017171553539608,0.17818419542062633,0.9837147887323944,5.520774647887324
P0887_0004.jpg,remotesam_text,RemoteSAM text,no_overlap__high_mask_area,no_overlap,high_mask_area,high_mask_area,,22,0.0117864608764648,0.0,0.6902633039403095,0.816752398672066,0.6974020310261043,0.985387323943662,1.4129401408450704
P0887_0004.jpg,yolo_ringmo_sam,YOLO + RingMo-SAM,no_overlap__high_mask_area,no_overlap,high_mask_area,high_mask_area,,22,0.0117864608764648,0.0,0.5942016806722689,0.7454535870539244,0.9290500591249508,0.6224471830985916,0.6699823943661972
P0887_0004.jpg,gt_box_ringmo_sam,GT bbox + RingMo-SAM,no_overlap__high_mask_area,no_overlap,high_mask_area,high_mask_area,,22,0.0117864608764648,0.0,0.5968136221866307,0.7475056749194954,0.9336674139522616,0.6232394366197183,0.6675176056338028
P0887_0008.jpg,sam3_text,SAM3 text-only,no_overlap__high_mask_area,no_overlap,high_mask_area,high_mask_area,,13,0.0078229904174804,0.0,0.6976060478790425,0.8218703612073232,0.7706762556547965,0.8803498078706771,1.1423082019345436
P0887_0008.jpg,yolo_sam3,YOLO + SAM3,no_overlap__high_mask_area,no_overlap,high_mask_area,high_mask_area,,13,0.0078229904174804,0.0,0.7439303710490152,0.8531652219595482,0.8457232131232912,0.8607393666357493,1.0177553994964887
P0887_0008.jpg,gt_box_sam3,GT bbox + SAM3,no_overlap__high_mask_area,no_overlap,high_mask_area,high_mask_area,,13,0.0078229904174804,0.0,0.7917232021709634,0.883756152972359,0.8437161103747439,0.9277858751821916,1.099642241950444
P0887_0008.jpg,yolo_sam2,YOLO + SAM2,no_overlap__high_mask_area,no_overlap,high_mask_area,high_mask_area,,13,0.0078229904174804,0.0,0.7344687232219366,0.8469091582782684,0.7930835068239649,0.908572942891215,1.1456207764674706
P0887_0008.jpg,grounded_sam2,GroundingDINO + SAM2,no_overlap__high_mask_area,no_overlap,high_mask_area,high_mask_area,,13,0.0078229904174804,0.0,0.10934237456327138,0.19713007827059262,0.11469650640817124,0.7008082681860341,6.110109977474493
P0887_0008.jpg,segearth_ov3,SegEarth-OV3 + SAM3,no_overlap__high_mask_area,no_overlap,high_mask_area,high_mask_area,,13,0.0078229904174804,0.0,0.7011047463175123,0.8242934455802766,0.7545964989540901,0.9081754339472639,1.2035245793030342
P0887_0008.jpg,remotesam_text,RemoteSAM text,no_overlap__high_mask_area,no_overlap,high_mask_area,high_mask_area,,13,0.0078229904174804,0.0,0.7073526348677359,0.8285958277418568,0.7677178704645643,0.8999602491056049,1.1722538757122036
P0887_0008.jpg,yolo_ringmo_sam,YOLO + RingMo-SAM,no_overlap__high_mask_area,no_overlap,high_mask_area,high_mask_area,,13,0.0078229904174804,0.0,0.7641931684334511,0.8663372946988918,0.8730991791145203,0.8596793427852126,0.9846296541672188
P0887_0008.jpg,gt_box_ringmo_sam,GT bbox + RingMo-SAM,no_overlap__high_mask_area,no_overlap,high_mask_area,high_mask_area,,13,0.0078229904174804,0.0,0.7754323196183661,0.8735138039900584,0.8858310626702998,0.8615343845236518,0.9725718828673645
P1088_0000.jpg,sam3_text,SAM3 text-only,no_overlap__high_mask_area,no_overlap,high_mask_area,high_mask_area,,15,0.00994873046875,0.0,0.17340138427362353,0.2955533998810902,0.1739859263898611,0.9809929372663067,5.638346489405899
P1088_0000.jpg,yolo_sam3,YOLO + SAM3,no_overlap__high_mask_area,no_overlap,high_mask_area,high_mask_area,,15,0.00994873046875,0.0,0.7707978102844836,0.8705655787553213,0.8500593824228029,0.892085583714167,1.0494391358537598
P1088_0000.jpg,gt_box_sam3,GT bbox + SAM3,no_overlap__high_mask_area,no_overlap,high_mask_area,high_mask_area,,15,0.00994873046875,0.0,0.7967649360813984,0.8868883403513866,0.8304178373969002,0.9515995014540922,1.1459285417532197
P1088_0000.jpg,yolo_sam2,YOLO + SAM2,no_overlap__high_mask_area,no_overlap,high_mask_area,high_mask_area,,15,0.00994873046875,0.0,0.7564300411522634,0.8613266949773026,0.8125057555944378,0.9163896967179062,1.1278562525965932
P1088_0000.jpg,grounded_sam2,GroundingDINO + SAM2,no_overlap__high_mask_area,no_overlap,high_mask_area,high_mask_area,,15,0.00994873046875,0.0,0.196393980032782,0.3283098766969735,0.20515747418668603,0.8213543830494391,4.003531366846697
P1088_0000.jpg,segearth_ov3,SegEarth-OV3 + SAM3,no_overlap__high_mask_area,no_overlap,high_mask_area,high_mask_area,,15,0.00994873046875,0.0,0.17551971591329438,0.2986248780641304,0.1759688485073243,0.9856668051516411,5.601371001246365
P1088_0000.jpg,remotesam_text,RemoteSAM text,no_overlap__high_mask_area,no_overlap,high_mask_area,high_mask_area,,15,0.00994873046875,0.0,0.7130341350524837,0.8324809418122165,0.7773472697783385,0.896032405484005,1.1526796842542584
P1088_0000.jpg,yolo_ringmo_sam,YOLO + RingMo-SAM,no_overlap__high_mask_area,no_overlap,high_mask_area,high_mask_area,,15,0.00994873046875,0.0,0.3830027746377556,0.553871303314014,0.9731070496083551,0.3871001246364769,0.3977980889073536
P1088_0000.jpg,gt_box_ringmo_sam,GT bbox + RingMo-SAM,no_overlap__high_mask_area,no_overlap,high_mask_area,high_mask_area,,15,0.00994873046875,0.0,0.4217708012721863,0.593303506999567,0.9718676122931442,0.4269837972579975,0.43934358122143746
P1122_0017.jpg,sam3_text,SAM3 text-only,no_overlap__high_mask_area,no_overlap,high_mask_area,high_mask_area,,5,0.0090446472167968,0.0,0.2084227404560353,0.34495004683109587,0.20961889629330993,0.9733509525382668,4.643431340160776
P1122_0017.jpg,yolo_sam3,YOLO + SAM3,no_overlap__high_mask_area,no_overlap,high_mask_area,high_mask_area,,5,0.0090446472167968,0.0,0.7590403642413098,0.8630164260826282,0.787446634571714,0.9546305472965533,1.2123114194471973
P1122_0017.jpg,gt_box_sam3,GT bbox + SAM3,no_overlap__high_mask_area,no_overlap,high_mask_area,high_mask_area,,5,0.0090446472167968,0.0,0.8112904748418767,0.8958148746547141,0.8503859093607757,0.9463715449840326,1.1128730316044488
P1122_0017.jpg,yolo_sam2,YOLO + SAM2,no_overlap__high_mask_area,no_overlap,high_mask_area,high_mask_area,,5,0.0090446472167968,0.0,0.4424669268106976,0.6134864080232251,0.7652674897119341,0.5119480233454465,0.6689791873141725
P1122_0017.jpg,grounded_sam2,GroundingDINO + SAM2,no_overlap__high_mask_area,no_overlap,high_mask_area,high_mask_area,,5,0.0090446472167968,0.0,0.0,0.0,0.0,0.0,0.0
P1122_0017.jpg,segearth_ov3,SegEarth-OV3 + SAM3,no_overlap__high_mask_area,no_overlap,high_mask_area,high_mask_area,,5,0.0090446472167968,0.0,0.20317489280175166,0.33773127085228993,0.20397975773396534,0.9809492346657857,4.8090518665345225
P1122_0017.jpg,remotesam_text,RemoteSAM text,no_overlap__high_mask_area,no_overlap,high_mask_area,high_mask_area,,5,0.0090446472167968,0.0,0.05217666280172868,0.09917852133840914,0.5493895671476138,0.05450941526263627,0.09921814778108137
P1122_0017.jpg,yolo_ringmo_sam,YOLO + RingMo-SAM,no_overlap__high_mask_area,no_overlap,high_mask_area,high_mask_area,,5,0.0090446472167968,0.0,0.059856083733100744,0.11295134245447999,0.8578125,0.06045589692765114,0.07047681973350953
P1122_0017.jpg,gt_box_ringmo_sam,GT bbox + RingMo-SAM,no_overlap__high_mask_area,no_overlap,high_mask_area,high_mask_area,,5,0.0090446472167968,0.0,0.06006564551422319,0.11332438848178347,0.9029605263157895,0.06045589692765114,0.06695297874683405
P1143_0005.jpg,sam3_text,SAM3 text-only,no_overlap__high_mask_area,no_overlap,high_mask_area,high_mask_area,,3,0.0054092407226562,0.0,0.17962628089210367,0.3045477772100153,0.5023177412557943,0.21851512373968837,0.43501374885426214
P1143_0005.jpg,yolo_sam3,YOLO + SAM3,no_overlap__high_mask_area,no_overlap,high_mask_area,high_mask_area,,3,0.0054092407226562,0.0,0.18291412412561392,0.30926019124308,0.49298034496590454,0.22529789184234647,0.45701191567369387
P1143_0005.jpg,gt_box_sam3,GT bbox + SAM3,no_overlap__high_mask_area,no_overlap,high_mask_area,high_mask_area,,3,0.0054092407226562,0.0,0.6812395525266812,0.8104015296367113,0.6952755905511812,0.9712190650779102,1.3968835930339139
P1143_0005.jpg,yolo_sam2,YOLO + SAM2,no_overlap__high_mask_area,no_overlap,high_mask_area,high_mask_area,,3,0.0054092407226562,0.0,0.21762589928057555,0.35745937961595275,0.9201520912547528,0.22181484876260313,0.24106324472960586
P1143_0005.jpg,grounded_sam2,GroundingDINO + SAM2,no_overlap__high_mask_area,no_overlap,high_mask_area,high_mask_area,,3,0.0054092407226562,0.0,0.0003395997211392598,0.0006789688646414251,0.0003422767586541738,0.04161319890009166,121.57763519706691
P1143_0005.jpg,segearth_ov3,SegEarth-OV3 + SAM3,no_overlap__high_mask_area,no_overlap,high_mask_area,high_mask_area,,3,0.0054092407226562,0.0,0.18244768929700436,0.30859325270528326,0.505,0.2221814848762603,0.4399633363886343
P1143_0005.jpg,remotesam_text,RemoteSAM text,no_overlap__high_mask_area,no_overlap,high_mask_area,high_mask_area,,3,0.0054092407226562,0.0,0.16827825082984557,0.28807906114885734,0.44166666666666665,0.21374885426214482,0.48395967002749773
P1143_0005.jpg,yolo_ringmo_sam,YOLO + RingMo-SAM,no_overlap__high_mask_area,no_overlap,high_mask_area,high_mask_area,,3,0.0054092407226562,0.0,0.0,0.0,0.0,0.0,0.0
P1143_0005.jpg,gt_box_ringmo_sam,GT bbox + RingMo-SAM,no_overlap__high_mask_area,no_overlap,high_mask_area,high_mask_area,,3,0.0054092407226562,0.0,0.0,0.0,0.0,0.0,0.0
P1147_0029.jpg,sam3_text,SAM3 text-only,no_overlap__high_mask_area,no_overlap,high_mask_area,high_mask_area,,3,0.0055389404296875,0.0,0.09355841848067525,0.17110822229444264,0.10073984310223866,0.5675530003593244,5.6338483650736615
P1147_0029.jpg,yolo_sam3,YOLO + SAM3,no_overlap__high_mask_area,no_overlap,high_mask_area,high_mask_area,,3,0.0055389404296875,0.0,0.3005605211331616,0.46220151426907397,0.6571712487578668,0.3564498742364355,0.542400287459576
P1147_0029.jpg,gt_box_sam3,GT bbox + SAM3,no_overlap__high_mask_area,no_overlap,high_mask_area,high_mask_area,,3,0.0055389404296875,0.0,0.8108497359577532,0.8955461293743372,0.8812173913043478,0.9103485447358965,1.0330578512396693
P1147_0029.jpg,yolo_sam2,YOLO + SAM2,no_overlap__high_mask_area,no_overlap,high_mask_area,high_mask_area,,3,0.0055389404296875,0.0,0.29075500770416024,0.45051927897815447,0.6712913553895411,0.33902263744160976,0.5050305425799497
P1147_0029.jpg,grounded_sam2,GroundingDINO + SAM2,no_overlap__high_mask_area,no_overlap,high_mask_area,high_mask_area,,3,0.0055389404296875,0.0,0.14242477668077103,0.2493376887265619,0.14549875424008646,0.8708228530362918,5.985088034495149
P1147_0029.jpg,segearth_ov3,SegEarth-OV3 + SAM3,no_overlap__high_mask_area,no_overlap,high_mask_area,high_mask_area,,3,0.0055389404296875,0.0,0.09960931847778903,0.18117219780508986,0.10613302087508865,0.618397412863816,5.826625943226734
P1147_0029.jpg,remotesam_text,RemoteSAM text,no_overlap__high_mask_area,no_overlap,high_mask_area,high_mask_area,,3,0.0055389404296875,0.0,0.0,0.0,0.0,0.0,0.16097736255839024
P1147_0029.jpg,yolo_ringmo_sam,YOLO + RingMo-SAM,no_overlap__high_mask_area,no_overlap,high_mask_area,high_mask_area,,3,0.0055389404296875,0.0,0.0001765848490199541,0.00035310734463276836,0.01020408163265306,0.00017966223499820338,0.01760689902982393
P1147_0029.jpg,gt_box_ringmo_sam,GT bbox + RingMo-SAM,no_overlap__high_mask_area,no_overlap,high_mask_area,high_mask_area,,3,0.0055389404296875,0.0,0.00017966223499820338,0.00035925992455541585,1.0,0.00017966223499820338,0.00017966223499820338
P1471_0007.jpg,sam3_text,SAM3 text-only,no_overlap__high_mask_area,no_overlap,high_mask_area,high_mask_area,,44,0.0236873626708984,0.0,0.5293183654140784,0.692227828272709,0.5912810778853036,0.834739061676331,1.4117466174661746
P1471_0007.jpg,yolo_sam3,YOLO + SAM3,no_overlap__high_mask_area,no_overlap,high_mask_area,high_mask_area,,44,0.0236873626708984,0.0,0.5386053234971588,0.7001214870008909,0.554540555797901,0.9493498506413636,1.7119574767176242
P1471_0007.jpg,gt_box_sam3,GT bbox + SAM3,no_overlap__high_mask_area,no_overlap,high_mask_area,high_mask_area,,44,0.0236873626708984,0.0,0.5932348993288591,0.7446923232459393,0.6040345506232233,0.97074327886136,1.6070989281321384
P1471_0007.jpg,yolo_sam2,YOLO + SAM2,no_overlap__high_mask_area,no_overlap,high_mask_area,high_mask_area,,44,0.0236873626708984,0.0,0.5255048117038438,0.688958576429405,0.5888916593940905,0.8299947285187138,1.4094183798980846
P1471_0007.jpg,grounded_sam2,GroundingDINO + SAM2,no_overlap__high_mask_area,no_overlap,high_mask_area,high_mask_area,,44,0.0236873626708984,0.0,0.028700825542486614,0.055800140973642554,0.03212522785029072,0.21213319276049902,6.6033210332103325
P1471_0007.jpg,segearth_ov3,SegEarth-OV3 + SAM3,no_overlap__high_mask_area,no_overlap,high_mask_area,high_mask_area,,44,0.0236873626708984,0.0,0.5259277736204651,0.6893219754073051,0.5876196079645744,0.8335969073976454,1.4185995431382885
P1471_0007.jpg,remotesam_text,RemoteSAM text,no_overlap__high_mask_area,no_overlap,high_mask_area,high_mask_area,,44,0.0236873626708984,0.0,0.5211315399802566,0.6851893163519844,0.6363910340930495,0.7420927780706379,1.166095589527324
P1471_0007.jpg,yolo_ringmo_sam,YOLO + RingMo-SAM,no_overlap__high_mask_area,no_overlap,high_mask_area,high_mask_area,,44,0.0236873626708984,0.0,0.3659326166020543,0.5357989291043684,0.8022430561640235,0.4022140221402214,0.5013617993322791
P1471_0007.jpg,gt_box_ringmo_sam,GT bbox + RingMo-SAM,no_overlap__high_mask_area,no_overlap,high_mask_area,high_mask_area,,44,0.0236873626708984,0.0,0.385790995456423,0.5567809239940388,0.8659373261635454,0.41029696011245825,0.47381830961166754
P1471_0017.jpg,sam3_text,SAM3 text-only,no_overlap__high_mask_area,no_overlap,high_mask_area,high_mask_area,,47,0.0290870666503906,0.0,0.4553044321085558,0.6257170967986074,0.5461631962794631,0.7323978597498317,1.3409872081074377
P1471_0017.jpg,yolo_sam3,YOLO + SAM3,no_overlap__high_mask_area,no_overlap,high_mask_area,high_mask_area,,47,0.0290870666503906,0.0,0.4855324715638234,0.6536813982298243,0.5647016349476507,0.7759469898302682,1.374083129584352
P1471_0017.jpg,gt_box_sam3,GT bbox + SAM3,no_overlap__high_mask_area,no_overlap,high_mask_area,high_mask_area,,47,0.0290870666503906,0.0,0.680878828229028,0.8101462363547063,0.7326627693718478,0.9059565571737359,1.236525991283087
P1471_0017.jpg,yolo_sam2,YOLO + SAM2,no_overlap__high_mask_area,no_overlap,high_mask_area,high_mask_area,,47,0.0290870666503906,0.0,0.4553809115951758,0.6257893146283661,0.5677344877344878,0.6970695581304702,1.2278090783459126
P1471_0017.jpg,grounded_sam2,GroundingDINO + SAM2,no_overlap__high_mask_area,no_overlap,high_mask_area,high_mask_area,,47,0.0290870666503906,0.0,0.2488050029284513,0.3984689400587007,0.34767801040209095,0.4666383189823181,1.342156550086815
P1471_0017.jpg,segearth_ov3,SegEarth-OV3 + SAM3,no_overlap__high_mask_area,no_overlap,high_mask_area,high_mask_area,,47,0.0290870666503906,0.0,0.4688972345510413,0.6384343622164373,0.5672862453531599,0.7299883065802062,1.2868076963963007
P1471_0017.jpg,remotesam_text,RemoteSAM text,no_overlap__high_mask_area,no_overlap,high_mask_area,high_mask_area,,47,0.0290870666503906,0.0,0.41095659975328025,0.5825219568413941,0.6631078941415969,0.5194004464760285,0.7832819531554516
P1471_0017.jpg,yolo_ringmo_sam,YOLO + RingMo-SAM,no_overlap__high_mask_area,no_overlap,high_mask_area,high_mask_area,,47,0.0290870666503906,0.0,0.32010022452897724,0.48496351804377835,0.7967117518425528,0.34857021367067076,0.43751107331419864
P1471_0017.jpg,gt_box_ringmo_sam,GT bbox + RingMo-SAM,no_overlap__high_mask_area,no_overlap,high_mask_area,high_mask_area,,47,0.0290870666503906,0.0,0.3447647336798758,0.5127510040160642,0.8790773732679232,0.3619290599199178,0.411714680557032
P1471_0023.jpg,sam3_text,SAM3 text-only,no_overlap__high_mask_area,no_overlap,high_mask_area,high_mask_area,,38,0.0237340927124023,0.0,0.5568907483720784,0.7153883455912067,0.6681890239299464,0.7697625880511348,1.1520132185407426
P1471_0023.jpg,yolo_sam3,YOLO + SAM3,no_overlap__high_mask_area,no_overlap,high_mask_area,high_mask_area,,38,0.0237340927124023,0.0,0.5625842450079935,0.7200690097897608,0.6684171322160148,0.7803722062788069,1.1674928254630836
P1471_0023.jpg,gt_box_sam3,GT bbox + SAM3,no_overlap__high_mask_area,no_overlap,high_mask_area,high_mask_area,,38,0.0237340927124023,0.0,0.6425500093475416,0.7823810607785112,0.6939228750252372,0.8966866684059484,1.2921993216801462
P1471_0023.jpg,yolo_sam2,YOLO + SAM2,no_overlap__high_mask_area,no_overlap,high_mask_area,high_mask_area,,38,0.0237340927124023,0.0,0.5529072994726617,0.7120931167757646,0.7322979368653219,0.6929733020262632,0.9462996782328899
P1471_0023.jpg,grounded_sam2,GroundingDINO + SAM2,no_overlap__high_mask_area,no_overlap,high_mask_area,high_mask_area,,38,0.0237340927124023,0.0,0.030104789532887335,0.05844995545849019,0.08617913736124057,0.04422123662927211,0.5131315766588399
P1471_0023.jpg,segearth_ov3,SegEarth-OV3 + SAM3,no_overlap__high_mask_area,no_overlap,high_mask_area,high_mask_area,,38,0.0237340927124023,0.0,0.5668515095502157,0.7235548564687377,0.6903906157431178,0.7600660927037134,1.1009218192886339
P1471_0023.jpg,remotesam_text,RemoteSAM text,no_overlap__high_mask_area,no_overlap,high_mask_area,high_mask_area,,38,0.0237340927124023,0.0,0.4387324408098661,0.6098874653342806,0.6448407890272864,0.5785285677015393,0.897164970867032
P1471_0023.jpg,yolo_ringmo_sam,YOLO + RingMo-SAM,no_overlap__high_mask_area,no_overlap,high_mask_area,high_mask_area,,38,0.0237340927124023,0.0,0.20202278837536808,0.33613803386942165,0.9158444573418456,0.2058439864336029,0.22475867466736238
P1471_0023.jpg,gt_box_ringmo_sam,GT bbox + RingMo-SAM,no_overlap__high_mask_area,no_overlap,high_mask_area,high_mask_area,,38,0.0237340927124023,0.0,0.20331719024557493,0.3379278412935855,0.9340421342784012,0.2062788068527698,0.22084529089486044
P1476_0003.jpg,sam3_text,SAM3 text-only,no_overlap__high_mask_area,no_overlap,high_mask_area,high_mask_area,,13,0.0171136856079101,0.0,0.834412389288859,0.9097326142812774,0.8743554952510176,0.948093220338983,1.084333804143126
P1476_0003.jpg,yolo_sam3,YOLO + SAM3,no_overlap__high_mask_area,no_overlap,high_mask_area,high_mask_area,,13,0.0171136856079101,0.0,0.8483756425883725,0.9179688620007455,0.8950517193178641,0.942090395480226,1.0525541431261771
P1476_0003.jpg,gt_box_sam3,GT bbox + SAM3,no_overlap__high_mask_area,no_overlap,high_mask_area,high_mask_area,,13,0.0171136856079101,0.0,0.8504751847940866,0.9191965304724948,0.8921134249003101,0.9479755178907722,1.0626177024482109
P1476_0003.jpg,yolo_sam2,YOLO + SAM2,no_overlap__high_mask_area,no_overlap,high_mask_area,high_mask_area,,13,0.0171136856079101,0.0,0.846233874323762,0.9167136256057703,0.8793513513513513,0.957391713747646,1.0887476459510357
P1476_0003.jpg,grounded_sam2,GroundingDINO + SAM2,no_overlap__high_mask_area,no_overlap,high_mask_area,high_mask_area,,13,0.0171136856079101,0.0,0.5403009486424599,0.7015524454732729,0.5488287090878884,0.9720456685499058,1.7711275894538607
P1476_0003.jpg,segearth_ov3,SegEarth-OV3 + SAM3,no_overlap__high_mask_area,no_overlap,high_mask_area,high_mask_area,,13,0.0171136856079101,0.0,0.8273472278429785,0.905517260471168,0.8548951962782918,0.962511770244821,1.125882768361582
P1476_0003.jpg,remotesam_text,RemoteSAM text,no_overlap__high_mask_area,no_overlap,high_mask_area,high_mask_area,,13,0.0171136856079101,0.0,0.4825159800182629,0.6509420289855072,0.8468137254901961,0.5286605461393596,0.6242937853107344
P1476_0003.jpg,yolo_ringmo_sam,YOLO + RingMo-SAM,no_overlap__high_mask_area,no_overlap,high_mask_area,high_mask_area,,13,0.0171136856079101,0.0,0.7338900801263966,0.8465243426191096,0.9468549796156086,0.7654190207156308,0.8083804143126178
P1476_0003.jpg,gt_box_ringmo_sam,GT bbox + RingMo-SAM,no_overlap__high_mask_area,no_overlap,high_mask_area,high_mask_area,,13,0.0171136856079101,0.0,0.7366366875954522,0.8483486417822943,0.949890590809628,0.7664194915254238,0.8068502824858758
P1854_0015.jpg,sam3_text,SAM3 text-only,no_overlap__high_mask_area,no_overlap,high_mask_area,high_mask_area,,14,0.0058765411376953,0.0,0.07814683981803858,0.1449651140863662,0.08351666259268313,0.5486173059768065,6.568956289027654
P1854_0015.jpg,yolo_sam3,YOLO + SAM3,no_overlap__high_mask_area,no_overlap,high_mask_area,high_mask_area,,14,0.0058765411376953,0.0,0.4659169379500839,0.6356662180349932,0.5103187466234468,0.8426404995539697,1.6512042818911685
P1854_0015.jpg,gt_box_sam3,GT bbox + SAM3,no_overlap__high_mask_area,no_overlap,high_mask_area,high_mask_area,,14,0.0058765411376953,0.0,0.5578084555651424,0.7161451121572971,0.5851340649394728,0.9227475468331846,1.5769848349687778
P1854_0015.jpg,yolo_sam2,YOLO + SAM2,no_overlap__high_mask_area,no_overlap,high_mask_area,high_mask_area,,14,0.0058765411376953,0.0,0.4408112582781457,0.6118931341568514,0.6603968582058702,0.5700267618198037,0.8631578947368421
P1854_0015.jpg,grounded_sam2,GroundingDINO + SAM2,no_overlap__high_mask_area,no_overlap,high_mask_area,high_mask_area,,14,0.0058765411376953,0.0,0.11848492082438132,0.21186681844052363,0.17619216660750206,0.2656556645851918,1.5077609277430866
P1854_0015.jpg,segearth_ov3,SegEarth-OV3 + SAM3,no_overlap__high_mask_area,no_overlap,high_mask_area,high_mask_area,,14,0.0058765411376953,0.0,0.09140607367655541,0.16750149349754148,0.09613102302397342,0.6503122212310437,6.764852809991079
P1854_0015.jpg,remotesam_text,RemoteSAM text,no_overlap__high_mask_area,no_overlap,high_mask_area,high_mask_area,,14,0.0058765411376953,0.0,0.3338339705079192,0.5005630054253251,0.5871757925072046,0.4362176628010705,0.7429081177520072
P1854_0015.jpg,yolo_ringmo_sam,YOLO + RingMo-SAM,no_overlap__high_mask_area,no_overlap,high_mask_area,high_mask_area,,14,0.0058765411376953,0.0,0.11911739355283572,0.2128773875539125,0.7790304396843292,0.12328278322925959,0.1582515611061552
P1854_0015.jpg,gt_box_ringmo_sam,GT bbox + RingMo-SAM,no_overlap__high_mask_area,no_overlap,high_mask_area,high_mask_area,,14,0.0058765411376953,0.0,0.1557377049180328,0.2695035460992908,0.9920544835414302,0.15593220338983052,0.15718108831400535
P1854_0017.jpg,sam3_text,SAM3 text-only,no_overlap__high_mask_area,no_overlap,high_mask_area,high_mask_area,,15,0.0063047409057617,0.0,0.09184639948042107,0.16824051354499714,0.09886396737547334,0.5640684726607944,5.705501080272561
P1854_0017.jpg,yolo_sam3,YOLO + SAM3,no_overlap__high_mask_area,no_overlap,high_mask_area,high_mask_area,,15,0.0063047409057617,0.0,0.3899053627760252,0.5610531093962778,0.6182472989195679,0.5135449559581187,0.8306465015788599
P1854_0017.jpg,gt_box_sam3,GT bbox + SAM3,no_overlap__high_mask_area,no_overlap,high_mask_area,high_mask_area,,15,0.0063047409057617,0.0,0.45551834000490155,0.625919066060504,0.4725423728813559,0.9267076616253948,1.9611101878012298
P1854_0017.jpg,yolo_sam2,YOLO + SAM2,no_overlap__high_mask_area,no_overlap,high_mask_area,high_mask_area,,15,0.0063047409057617,0.0,0.48624113475177305,0.6543233441496469,0.768437570051558,0.56971912913412,0.7413993684560413
P1854_0017.jpg,grounded_sam2,GroundingDINO + SAM2,no_overlap__high_mask_area,no_overlap,high_mask_area,high_mask_area,,15,0.0063047409057617,0.0,0.038291513604383286,0.07375869513072679,0.04192133784735634,0.30663121156722617,7.3144424131627055
P1854_0017.jpg,segearth_ov3,SegEarth-OV3 + SAM3,no_overlap__high_mask_area,no_overlap,high_mask_area,high_mask_area,,15,0.0063047409057617,0.0,0.08262171453920372,0.15263265724236838,0.09021827979776574,0.4952634203091241,5.489612763835798
P1854_0017.jpg,remotesam_text,RemoteSAM text,no_overlap__high_mask_area,no_overlap,high_mask_area,high_mask_area,,15,0.0063047409057617,0.0,0.3926241134751773,0.5638622937461805,0.7282294133122862,0.4600299152401529,0.6317101545620741
P1854_0017.jpg,yolo_ringmo_sam,YOLO + RingMo-SAM,no_overlap__high_mask_area,no_overlap,high_mask_area,high_mask_area,,15,0.0063047409057617,0.0,0.2753954019240176,0.43185885962669396,0.9357340720221606,0.28070467010137945,0.2999833804221373
P1854_0017.jpg,gt_box_ringmo_sam,GT bbox + RingMo-SAM,no_overlap__high_mask_area,no_overlap,high_mask_area,high_mask_area,,15,0.0063047409057617,0.0,0.2775143090760425,0.43445980542754736,0.9454038997214484,0.2820342363303972,0.29832142263586503
P1854_0044.jpg,sam3_text,SAM3 text-only,no_overlap__high_mask_area,no_overlap,high_mask_area,high_mask_area,,15,0.0063352584838867,0.0,0.0856475158578409,0.15778144306840736,0.08613769210811471,0.937697291908955,10.886027579332115
P1854_0044.jpg,yolo_sam3,YOLO + SAM3,no_overlap__high_mask_area,no_overlap,high_mask_area,high_mask_area,,15,0.0063352584838867,0.0,0.2904802123552124,0.4501893319620401,0.31323185011709603,0.7999667718890181,2.5539126100681178
P1854_0044.jpg,gt_box_sam3,GT bbox + SAM3,no_overlap__high_mask_area,no_overlap,high_mask_area,high_mask_area,,15,0.0063352584838867,0.0,0.5095975232198142,0.6751435602953241,0.5214990495157056,0.9571357368333611,1.8353547100847316
P1854_0044.jpg,yolo_sam2,YOLO + SAM2,no_overlap__high_mask_area,no_overlap,high_mask_area,high_mask_area,,15,0.0063352584838867,0.0,0.42574257425742573,0.5972222222222222,0.5206968985543062,0.7001162983884366,1.3445755108822064
P1854_0044.jpg,grounded_sam2,GroundingDINO + SAM2,no_overlap__high_mask_area,no_overlap,high_mask_area,high_mask_area,,15,0.0063352584838867,0.0,0.06650133186369064,0.12470932736198433,0.08417136545951287,0.24057152350888852,2.8581159661073268
P1854_0044.jpg,segearth_ov3,SegEarth-OV3 + SAM3,no_overlap__high_mask_area,no_overlap,high_mask_area,high_mask_area,,15,0.0063352584838867,0.0,0.07832883800297243,0.14527820316488005,0.07868290457693425,0.9456720385446087,12.018773882704767
P1854_0044.jpg,remotesam_text,RemoteSAM text,no_overlap__high_mask_area,no_overlap,high_mask_area,high_mask_area,,15,0.0063352584838867,0.0,0.46900852742777144,0.638537515162017,0.6672098497193554,0.6122279448413358,0.9175942847649111
P1854_0044.jpg,yolo_ringmo_sam,YOLO + RingMo-SAM,no_overlap__high_mask_area,no_overlap,high_mask_area,high_mask_area,,15,0.0063352584838867,0.0,0.3267041141642629,0.49250486325666554,0.7911764705882353,0.3575344741651437,0.4519023093537132
P1854_0044.jpg,gt_box_ringmo_sam,GT bbox + RingMo-SAM,no_overlap__high_mask_area,no_overlap,high_mask_area,high_mask_area,,15,0.0063352584838867,0.0,0.4253132026983617,0.5967996393959882,0.9274956217162872,0.4399401894002326,0.47433128426648946
P1854_0058.jpg,sam3_text,SAM3 text-only,no_overlap__high_mask_area,no_overlap,high_mask_area,high_mask_area,,13,0.0055618286132812,0.0,0.07975333365120234,0.14772509825279304,0.08008170951628604,0.9510993176648976,11.87661106899166
P1854_0058.jpg,yolo_sam3,YOLO + SAM3,no_overlap__high_mask_area,no_overlap,high_mask_area,high_mask_area,,13,0.0055618286132812,0.0,0.35243305499568095,0.5211837342984884,0.3623445825932504,0.9279757391963609,2.5610310841546626
P1854_0058.jpg,gt_box_sam3,GT bbox + SAM3,no_overlap__high_mask_area,no_overlap,high_mask_area,high_mask_area,,13,0.0055618286132812,0.0,0.5210010881392818,0.6850765488624982,0.5502183406113537,0.9075056861258529,1.649355572403336
P1854_0058.jpg,yolo_sam2,YOLO + SAM2,no_overlap__high_mask_area,no_overlap,high_mask_area,high_mask_area,,13,0.0055618286132812,0.0,0.4579480405107882,0.6282090003020235,0.5220883534136547,0.7884761182714177,1.510235026535254
P1854_0058.jpg,grounded_sam2,GroundingDINO + SAM2,no_overlap__high_mask_area,no_overlap,high_mask_area,high_mask_area,,13,0.0055618286132812,0.0,0.24102504905921737,0.388428983350386,0.38136986301369863,0.3957543593631539,1.0377179681576951
P1854_0058.jpg,segearth_ov3,SegEarth-OV3 + SAM3,no_overlap__high_mask_area,no_overlap,high_mask_area,high_mask_area,,13,0.0055618286132812,0.0,0.08149636826863735,0.15071038731106332,0.08165918784784436,0.9761182714177407,11.953563305534496
P1854_0058.jpg,remotesam_text,RemoteSAM text,no_overlap__high_mask_area,no_overlap,high_mask_area,high_mask_area,,13,0.0055618286132812,0.0,0.5484128038252092,0.7083547778349631,0.6469758696333437,0.7826004548900682,1.209628506444276
P1854_0058.jpg,yolo_ringmo_sam,YOLO + RingMo-SAM,no_overlap__high_mask_area,no_overlap,high_mask_area,high_mask_area,,13,0.0055618286132812,0.0,0.2797586396050466,0.4372053150450064,0.8879860708067324,0.28999241849886276,0.3265731614859742
P1854_0058.jpg,gt_box_ringmo_sam,GT bbox + RingMo-SAM,no_overlap__high_mask_area,no_overlap,high_mask_area,high_mask_area,,13,0.0055618286132812,0.0,0.2849432346919784,0.44351100811123984,0.9404176904176904,0.2901819560272934,0.30856709628506446
P2027_0004.jpg,sam3_text,SAM3 text-only,no_overlap__high_mask_area,no_overlap,high_mask_area,high_mask_area,,88,0.1279077529907226,0.0,0.5696000112712569,0.7257900193437488,0.8358090158257616,0.641365907828984,0.7673594035059887
P2027_0004.jpg,yolo_sam3,YOLO + SAM3,no_overlap__high_mask_area,no_overlap,high_mask_area,high_mask_area,,88,0.1279077529907226,0.0,0.7505576644620984,0.8575069301618529,0.8085468163741375,0.9127786150551281,1.1289125089236138
P2027_0004.jpg,gt_box_sam3,GT bbox + SAM3,no_overlap__high_mask_area,no_overlap,high_mask_area,high_mask_area,,88,0.1279077529907226,0.0,0.7999721835883171,0.8888717179990419,0.8664567735715469,0.9124771952090108,1.0531133497263425
P2027_0004.jpg,yolo_sam2,YOLO + SAM2,no_overlap__high_mask_area,no_overlap,high_mask_area,high_mask_area,,88,0.1279077529907226,0.0,0.8159920239282153,0.8986735769501054,0.8343142185312546,0.9737923375902277,1.1671769651780757
P2027_0004.jpg,grounded_sam2,GroundingDINO + SAM2,no_overlap__high_mask_area,no_overlap,high_mask_area,high_mask_area,,88,0.1279077529907226,0.0,0.03851468535412642,0.07417263500899494,0.2572639510242524,0.04333306892995955,0.1684381692710399
P2027_0004.jpg,segearth_ov3,SegEarth-OV3 + SAM3,no_overlap__high_mask_area,no_overlap,high_mask_area,high_mask_area,,88,0.1279077529907226,0.0,0.7905140640155189,0.8830023510037811,0.8105189182738526,0.9697231696676449,1.1964226223526613
P2027_0004.jpg,remotesam_text,RemoteSAM text,no_overlap__high_mask_area,no_overlap,high_mask_area,high_mask_area,,88,0.1279077529907226,0.0,0.7291257915575032,0.8433461522781938,0.7375658105843623,0.9845482668358848,1.3348615848338226
P2027_0004.jpg,yolo_ringmo_sam,YOLO + RingMo-SAM,no_overlap__high_mask_area,no_overlap,high_mask_area,high_mask_area,,88,0.1279077529907226,0.0,0.7836824596512202,0.8787241870444371,0.8124793705751989,0.9567303878797494,1.177544221464266
P2027_0004.jpg,gt_box_ringmo_sam,GT bbox + RingMo-SAM,no_overlap__high_mask_area,no_overlap,high_mask_area,high_mask_area,,88,0.1279077529907226,0.0,0.8429753797799895,0.9147983082450316,0.8758690256752638,0.9573490917744111,1.0930276830332355
P2577_0000.jpg,sam3_text,SAM3 text-only,no_overlap__high_mask_area,no_overlap,high_mask_area,high_mask_area,,3,0.0065650939941406,0.0,0.08827463218903255,0.16222859483818108,0.8181818181818182,0.09004092769440655,0.110050022737608
P2577_0000.jpg,yolo_sam3,YOLO + SAM3,no_overlap__high_mask_area,no_overlap,high_mask_area,high_mask_area,,3,0.0065650939941406,0.0,0.01765803031107751,0.03470326924198654,0.017710317858217188,0.8567530695770805,48.37592845232682
P2577_0000.jpg,gt_box_sam3,GT bbox + SAM3,no_overlap__high_mask_area,no_overlap,high_mask_area,high_mask_area,,3,0.0065650939941406,0.0,0.11843770372358783,0.21179132879600898,0.11939923454594657,0.9363346975898136,7.8420494164013945
P2577_0000.jpg,yolo_sam2,YOLO + SAM2,no_overlap__high_mask_area,no_overlap,high_mask_area,high_mask_area,,3,0.0065650939941406,0.0,0.5933566063683486,0.7447882087372195,0.6626107501476669,0.8502349552827042,1.2831590116719722
P2577_0000.jpg,grounded_sam2,GroundingDINO + SAM2,no_overlap__high_mask_area,no_overlap,high_mask_area,high_mask_area,,3,0.0065650939941406,0.0,0.02623688155922039,0.05113221329437546,0.035680019189254016,0.09019251174776413,2.527815673791117
P2577_0000.jpg,segearth_ov3,SegEarth-OV3 + SAM3,no_overlap__high_mask_area,no_overlap,high_mask_area,high_mask_area,,3,0.0065650939941406,0.0,0.3151840490797546,0.4793002915451895,0.5319896449704142,0.43610732150977716,0.8197665605578294
P2577_0000.jpg,remotesam_text,RemoteSAM text,no_overlap__high_mask_area,no_overlap,high_mask_area,high_mask_area,,3,0.0065650939941406,0.0,0.38654758582193693,0.5575684380032206,0.8295896975142258,0.41988782780051537,0.5061391541609823
P2577_0000.jpg,yolo_ringmo_sam,YOLO + RingMo-SAM,no_overlap__high_mask_area,no_overlap,high_mask_area,high_mask_area,,3,0.0065650939941406,0.0,0.3768305060171089,0.5473883740522325,0.8965160400137978,0.39396695467636805,0.4394421706836441
P2577_0000.jpg,gt_box_ringmo_sam,GT bbox + RingMo-SAM,no_overlap__high_mask_area,no_overlap,high_mask_area,high_mask_area,,3,0.0065650939941406,0.0,0.44029209621993126,0.6113927825827618,0.8882149046793761,0.46612096407457937,0.5247839927239655
P2598_0006.jpg,sam3_text,SAM3 text-only,no_overlap__high_mask_area,no_overlap,high_mask_area,high_mask_area,,16,0.0115852355957031,0.0,0.7124298999077163,0.8320689798117978,0.782290123937953,0.8886134230564902,1.1359128740924385
P2598_0006.jpg,yolo_sam3,YOLO + SAM3,no_overlap__high_mask_area,no_overlap,high_mask_area,high_mask_area,,16,0.0115852355957031,0.0,0.7053143501550606,0.8271957015912379,0.775676304162468,0.8860456879759164,1.1422879404993802
P2598_0006.jpg,gt_box_sam3,GT bbox + SAM3,no_overlap__high_mask_area,no_overlap,high_mask_area,high_mask_area,,16,0.0115852355957031,0.0,0.7977218582489577,0.8874808464819647,0.8336575118649343,0.9487338409775102,1.1380378962280857
P2598_0006.jpg,yolo_sam2,YOLO + SAM2,no_overlap__high_mask_area,no_overlap,high_mask_area,high_mask_area,,16,0.0115852355957031,0.0,0.6994945949740278,0.823179546487134,0.7714639622203298,0.8823268992385337,1.143704621923145
P2598_0006.jpg,grounded_sam2,GroundingDINO + SAM2,no_overlap__high_mask_area,no_overlap,high_mask_area,high_mask_area,,16,0.0115852355957031,0.0,0.03827361933633608,0.07372549706271177,0.03878000257888629,0.7456171418452275,19.226846112980343
P2598_0006.jpg,segearth_ov3,SegEarth-OV3 + SAM3,no_overlap__high_mask_area,no_overlap,high_mask_area,high_mask_area,,16,0.0115852355957031,0.0,0.714524905818334,0.83349609375,0.7711188074085228,0.9068531963874624,1.1760226669027802
P2598_0006.jpg,remotesam_text,RemoteSAM text,no_overlap__high_mask_area,no_overlap,high_mask_area,high_mask_area,,16,0.0115852355957031,0.0,0.7289406625409538,0.8432223017644334,0.8039829759897213,0.8864884009208429,1.102620860633965
P2598_0006.jpg,yolo_ringmo_sam,YOLO + RingMo-SAM,no_overlap__high_mask_area,no_overlap,high_mask_area,high_mask_area,,16,0.0115852355957031,0.0,0.5992449192706242,0.7494098146566879,0.8659315147997678,0.6605277138303524,0.7627944041083762
P2598_0006.jpg,gt_box_ringmo_sam,GT bbox + RingMo-SAM,no_overlap__high_mask_area,no_overlap,high_mask_area,high_mask_area,,16,0.0115852355957031,0.0,0.6228690228690229,0.7676146553932872,0.9110813769614402,0.6631839914999115,0.7279086240481671
P2766_0010.jpg,sam3_text,SAM3 text-only,no_overlap__high_mask_area,no_overlap,high_mask_area,high_mask_area,,22,0.0049219131469726,0.0,0.3820116054158607,0.5528341497550735,0.5889662027833003,0.5208791208791209,0.8843956043956044
P2766_0010.jpg,yolo_sam3,YOLO + SAM3,no_overlap__high_mask_area,no_overlap,high_mask_area,high_mask_area,,22,0.0049219131469726,0.0,0.42743722304283605,0.5988875953951623,0.7277585664885257,0.5087912087912088,0.6991208791208792
P2766_0010.jpg,gt_box_sam3,GT bbox + SAM3,no_overlap__high_mask_area,no_overlap,high_mask_area,high_mask_area,,22,0.0049219131469726,0.0,0.5243919197471486,0.6880014423510322,0.5832187070151307,0.8386813186813187,1.438021978021978
P2766_0010.jpg,yolo_sam2,YOLO + SAM2,no_overlap__high_mask_area,no_overlap,high_mask_area,high_mask_area,,22,0.0049219131469726,0.0,0.12884978001257072,0.22828507795100222,0.733890214797136,0.13516483516483516,0.18417582417582418
P2766_0010.jpg,grounded_sam2,GroundingDINO + SAM2,no_overlap__high_mask_area,no_overlap,high_mask_area,high_mask_area,,22,0.0049219131469726,0.0,0.003492272672816581,0.006960238295637017,0.0035772796720929235,0.12813186813186814,35.81824175824176
P2766_0010.jpg,segearth_ov3,SegEarth-OV3 + SAM3,no_overlap__high_mask_area,no_overlap,high_mask_area,high_mask_area,,22,0.0049219131469726,0.0,0.3761697860962567,0.5466909532483303,0.6108548168249661,0.4947252747252747,0.8098901098901099
P2766_0010.jpg,remotesam_text,RemoteSAM text,no_overlap__high_mask_area,no_overlap,high_mask_area,high_mask_area,,22,0.0049219131469726,0.0,0.2321531100478469,0.376825100963032,0.642478813559322,0.2665934065934066,0.41494505494505496
P2766_0010.jpg,yolo_ringmo_sam,YOLO + RingMo-SAM,no_overlap__high_mask_area,no_overlap,high_mask_area,high_mask_area,,22,0.0049219131469726,0.0,0.02764475402699173,0.05380216055920356,0.7426900584795322,0.02791208791208791,0.03758241758241758
P2766_0010.jpg,gt_box_ringmo_sam,GT bbox + RingMo-SAM,no_overlap__high_mask_area,no_overlap,high_mask_area,high_mask_area,,22,0.0049219131469726,0.0,0.2707751771526734,0.42615748563703953,0.9217836257309941,0.27714285714285714,0.30065934065934063
P2766_0022.jpg,sam3_text,SAM3 text-only,no_overlap__high_mask_area,no_overlap,high_mask_area,high_mask_area,,25,0.0062389373779296,0.0,0.3398432127630312,0.5072880312050914,0.6227318548387096,0.42795289227571875,0.6872185659854521
P2766_0022.jpg,yolo_sam3,YOLO + SAM3,no_overlap__high_mask_area,no_overlap,high_mask_area,high_mask_area,,25,0.0062389373779296,0.0,0.28148435479700024,0.4393098577338311,0.5262267343485617,0.37703498441288535,0.7164877034984413
P2766_0022.jpg,gt_box_sam3,GT bbox + SAM3,no_overlap__high_mask_area,no_overlap,high_mask_area,high_mask_area,,25,0.0062389373779296,0.0,0.5298390701832811,0.6926729490832055,0.598989260897031,0.8210945618288881,1.3708001385521302
P2766_0022.jpg,yolo_sam2,YOLO + SAM2,no_overlap__high_mask_area,no_overlap,high_mask_area,high_mask_area,,25,0.0062389373779296,0.0,0.2896017026451809,0.4491335612401273,0.7032115171650055,0.32992726013162454,0.46917215102182197
P2766_0022.jpg,grounded_sam2,GroundingDINO + SAM2,no_overlap__high_mask_area,no_overlap,high_mask_area,high_mask_area,,25,0.0062389373779296,0.0,0.03297187692850216,0.06383886660407954,0.06293117953895339,0.06477312088673363,1.0292691375129892
P2766_0022.jpg,segearth_ov3,SegEarth-OV3 + SAM3,no_overlap__high_mask_area,no_overlap,high_mask_area,high_mask_area,,25,0.0062389373779296,0.0,0.35765815760266373,0.5268751277334969,0.6425722831505484,0.4464842396951853,0.6948389331485971
P2766_0022.jpg,remotesam_text,RemoteSAM text,no_overlap__high_mask_area,no_overlap,high_mask_area,high_mask_area,,25,0.0062389373779296,0.0,0.14820954907161804,0.25815766676292234,0.7760416666666666,0.1548320055420852,0.19951506754416348
P2766_0022.jpg,yolo_ringmo_sam,YOLO + RingMo-SAM,no_overlap__high_mask_area,no_overlap,high_mask_area,high_mask_area,,25,0.0062389373779296,0.0,0.17431506849315068,0.2968795567220764,0.9391143911439115,0.17630758572913058,0.1877381364738483
P2766_0022.jpg,gt_box_ringmo_sam,GT bbox + RingMo-SAM,no_overlap__high_mask_area,no_overlap,high_mask_area,high_mask_area,,25,0.0062389373779296,0.0,0.20856898029134532,0.345150311968236,0.9522691705790297,0.21077242812608243,0.22133702805680638
P2778_0005.jpg,sam3_text,SAM3 text-only,no_overlap__high_mask_area,no_overlap,high_mask_area,high_mask_area,,23,0.0055732727050781,0.0,0.11363354422528223,0.2040770858861535,0.11525201942675961,0.8900116595413914,7.7223085891954915
P2778_0005.jpg,yolo_sam3,YOLO + SAM3,no_overlap__high_mask_area,no_overlap,high_mask_area,high_mask_area,,23,0.0055732727050781,0.0,0.5093327111525898,0.6749111145462977,0.5603182751540041,0.8484259619121648,1.5141857753595025
P2778_0005.jpg,gt_box_sam3,GT bbox + SAM3,no_overlap__high_mask_area,no_overlap,high_mask_area,high_mask_area,,23,0.0055732727050781,0.0,0.5094633943427621,0.6750258353427488,0.5228946525776497,0.9520015546055188,1.8206373882627283
P2778_0005.jpg,yolo_sam2,YOLO + SAM2,no_overlap__high_mask_area,no_overlap,high_mask_area,high_mask_area,,23,0.0055732727050781,0.0,0.5072792840924268,0.6731058927780239,0.618667535429223,0.7380489700738437,1.1929654100272056
P2778_0005.jpg,grounded_sam2,GroundingDINO + SAM2,no_overlap__high_mask_area,no_overlap,high_mask_area,high_mask_area,,23,0.0055732727050781,0.0,0.1116685964235173,0.2009026733017012,0.12533089473937528,0.5060240963855421,4.037504858142246
P2778_0005.jpg,segearth_ov3,SegEarth-OV3 + SAM3,no_overlap__high_mask_area,no_overlap,high_mask_area,high_mask_area,,23,0.0055732727050781,0.0,0.10901774707510525,0.1966023489932886,0.11019419758310998,0.9108045083560047,8.265448892343567
P2778_0005.jpg,remotesam_text,RemoteSAM text,no_overlap__high_mask_area,no_overlap,high_mask_area,high_mask_area,,23,0.0055732727050781,0.0,0.4055896387184731,0.577109602327837,0.5761037955073587,0.5781189273221919,1.0034978624174116
P2778_0005.jpg,yolo_ringmo_sam,YOLO + RingMo-SAM,no_overlap__high_mask_area,no_overlap,high_mask_area,high_mask_area,,23,0.0055732727050781,0.0,0.2527634487840825,0.40352941176470586,0.8295042321644498,0.266614846482705,0.32141469102215314
P2778_0005.jpg,gt_box_ringmo_sam,GT bbox + RingMo-SAM,no_overlap__high_mask_area,no_overlap,high_mask_area,high_mask_area,,23,0.0055732727050781,0.0,0.2747169811320755,0.43102427471876853,0.9043478260869565,0.28293820443062573,0.3128643606684804
P2794_0003.jpg,sam3_text,SAM3 text-only,no_overlap__high_mask_area,no_overlap,high_mask_area,high_mask_area,,12,0.0083093643188476,0.0,0.4346316425120773,0.6059139219193939,0.525125398996808,0.7160800895411018,1.3636363636363635
P2794_0003.jpg,yolo_sam3,YOLO + SAM3,no_overlap__high_mask_area,no_overlap,high_mask_area,high_mask_area,,12,0.0083093643188476,0.0,0.3959524177352078,0.567286409915892,0.5110158508623268,0.6374829001367989,1.2474816565103843
P2794_0003.jpg,gt_box_sam3,GT bbox + SAM3,no_overlap__high_mask_area,no_overlap,high_mask_area,high_mask_area,,12,0.0083093643188476,0.0,0.47234752518074524,0.641625047215344,0.48422652983656406,0.9506280313393857,1.9631886581270985
P2794_0003.jpg,yolo_sam2,YOLO + SAM2,no_overlap__high_mask_area,no_overlap,high_mask_area,high_mask_area,,12,0.0083093643188476,0.0,0.4080131465685891,0.5795587172789418,0.5239147909967846,0.6484268125854993,1.2376570078348463
P2794_0003.jpg,grounded_sam2,GroundingDINO + SAM2,no_overlap__high_mask_area,no_overlap,high_mask_area,high_mask_area,,12,0.0083093643188476,0.0,0.07954458476846536,0.14736692840810395,0.08593104018521582,0.5169755005596319,6.016167143390126
P2794_0003.jpg,segearth_ov3,SegEarth-OV3 + SAM3,no_overlap__high_mask_area,no_overlap,high_mask_area,high_mask_area,,12,0.0083093643188476,0.0,0.43771221610201466,0.6089010181589167,0.5267411241260329,0.7214276831239895,1.3696057704265638
P2794_0003.jpg,remotesam_text,RemoteSAM text,no_overlap__high_mask_area,no_overlap,high_mask_area,high_mask_area,,12,0.0083093643188476,0.0,0.516493287098782,0.6811679174484052,0.6443704936217416,0.7224225842556896,1.1211292127844796
P2794_0003.jpg,yolo_ringmo_sam,YOLO + RingMo-SAM,no_overlap__high_mask_area,no_overlap,high_mask_area,high_mask_area,,12,0.0083093643188476,0.0,0.3878126100739697,0.5588832487309645,0.8740407515215666,0.4107698047506529,0.4699664220868051
P2794_0003.jpg,gt_box_ringmo_sam,GT bbox + RingMo-SAM,no_overlap__high_mask_area,no_overlap,high_mask_area,high_mask_area,,12,0.0083093643188476,0.0,0.4441521167184884,0.6151043391851606,0.9204460966542751,0.4618828503917423,0.5018032583012063
P2794_0004.jpg,sam3_text,SAM3 text-only,no_overlap__high_mask_area,no_overlap,high_mask_area,high_mask_area,,11,0.0078897476196289,0.0,0.4211775269368907,0.5927162778103705,0.4526780175087889,0.8582070047046524,1.8958442237323576
P2794_0004.jpg,yolo_sam3,YOLO + SAM3,no_overlap__high_mask_area,no_overlap,high_mask_area,high_mask_area,,11,0.0078897476196289,0.0,0.4906678865507777,0.6583195237218438,0.6206457585927555,0.7008625196027183,1.129247255619446
P2794_0004.jpg,gt_box_sam3,GT bbox + SAM3,no_overlap__high_mask_area,no_overlap,high_mask_area,high_mask_area,,11,0.0078897476196289,0.0,0.7241310026120152,0.8399953385386318,0.7579390115667718,0.9419759539989545,1.2428123366440147
P2794_0004.jpg,yolo_sam2,YOLO + SAM2,no_overlap__high_mask_area,no_overlap,high_mask_area,high_mask_area,,11,0.0078897476196289,0.0,0.4326720906847061,0.604007146503318,0.5901496259351621,0.6185311029796132,1.0480920020909565
P2794_0004.jpg,grounded_sam2,GroundingDINO + SAM2,no_overlap__high_mask_area,no_overlap,high_mask_area,high_mask_area,,11,0.0078897476196289,0.0,0.13660557368817475,0.2403746327671136,0.1446343602966586,0.7110559330893884,4.916231050705698
P2794_0004.jpg,segearth_ov3,SegEarth-OV3 + SAM3,no_overlap__high_mask_area,no_overlap,high_mask_area,high_mask_area,,11,0.0078897476196289,0.0,0.47100100243448373,0.6403816199376947,0.5102389078498294,0.8596445373758494,1.6847882906429692
P2794_0004.jpg,remotesam_text,RemoteSAM text,no_overlap__high_mask_area,no_overlap,high_mask_area,high_mask_area,,11,0.0078897476196289,0.0,0.4444444444444444,0.6153846153846154,0.7740146563675976,0.5107161526398327,0.6598274960794563
P2794_0004.jpg,yolo_ringmo_sam,YOLO + RingMo-SAM,no_overlap__high_mask_area,no_overlap,high_mask_area,high_mask_area,,11,0.0078897476196289,0.0,0.2908715206028929,0.4506591337099812,0.806266846361186,0.3127286983795086,0.3878724516466283
P2794_0004.jpg,gt_box_ringmo_sam,GT bbox + RingMo-SAM,no_overlap__high_mask_area,no_overlap,high_mask_area,high_mask_area,,11,0.0078897476196289,0.0,0.37336683417085426,0.5437248444932309,0.9060975609756098,0.3883951907997909,0.42864610559330896
P2794_0015.jpg,sam3_text,SAM3 text-only,no_overlap__high_mask_area,no_overlap,high_mask_area,high_mask_area,,10,0.0064525604248046,0.0,0.2093351142772336,0.346198686874885,0.2832044975404076,0.44523358585858586,1.5721275252525253
P2794_0015.jpg,yolo_sam3,YOLO + SAM3,no_overlap__high_mask_area,no_overlap,high_mask_area,high_mask_area,,10,0.0064525604248046,0.0,0.3571243187126914,0.5262956588257793,0.6676370693837943,0.43434343434343436,0.6505681818181818
P2794_0015.jpg,gt_box_sam3,GT bbox + SAM3,no_overlap__high_mask_area,no_overlap,high_mask_area,high_mask_area,,10,0.0064525604248046,0.0,0.5950329447541814,0.7461074038767079,0.6245345249494627,0.9264520202020202,1.4834280303030303
P2794_0015.jpg,yolo_sam2,YOLO + SAM2,no_overlap__high_mask_area,no_overlap,high_mask_area,high_mask_area,,10,0.0064525604248046,0.0,0.3093604172385397,0.47253668763102724,0.7034956304619226,0.3557449494949495,0.5056818181818182
P2794_0015.jpg,grounded_sam2,GroundingDINO + SAM2,no_overlap__high_mask_area,no_overlap,high_mask_area,high_mask_area,,10,0.0064525604248046,0.0,0.01566370574252471,0.030844275824690202,0.018274704422712014,0.09880050505050506,5.406407828282828
P2794_0015.jpg,segearth_ov3,SegEarth-OV3 + SAM3,no_overlap__high_mask_area,no_overlap,high_mask_area,high_mask_area,,10,0.0064525604248046,0.0,0.21233644859813083,0.35029293863706445,0.28747848972568074,0.44823232323232326,1.559185606060606
P2794_0015.jpg,remotesam_text,RemoteSAM text,no_overlap__high_mask_area,no_overlap,high_mask_area,high_mask_area,,10,0.0064525604248046,0.0,0.280033536950533,0.4375409375877234,0.5373477361526086,0.36900252525252525,0.6867108585858586
P2794_0015.jpg,yolo_ringmo_sam,YOLO + RingMo-SAM,no_overlap__high_mask_area,no_overlap,high_mask_area,high_mask_area,,10,0.0064525604248046,0.0,0.13190231762326957,0.23306307544317714,0.9011689691817216,0.13383838383838384,0.14851641414141414
P2794_0015.jpg,gt_box_ringmo_sam,GT bbox + RingMo-SAM,no_overlap__high_mask_area,no_overlap,high_mask_area,high_mask_area,,10,0.0064525604248046,0.0,0.13256213850242302,0.23409247757073845,0.9328932893289329,0.13383838383838384,0.1434659090909091
P2802_0010.jpg,sam3_text,SAM3 text-only,no_overlap__high_mask_area,no_overlap,high_mask_area,high_mask_area,,37,0.0080957412719726,0.0,0.3225637858127049,0.48778560137950855,0.3332842415316642,0.9093222609161532,2.728368604339673
P2802_0010.jpg,yolo_sam3,YOLO + SAM3,no_overlap__high_mask_area,no_overlap,high_mask_area,high_mask_area,,37,0.0080957412719726,0.0,0.5301171221416621,0.6929105157645343,0.6340188993885492,0.7638628448968658,1.2047950709884812
P2802_0010.jpg,gt_box_sam3,GT bbox + SAM3,no_overlap__high_mask_area,no_overlap,high_mask_area,high_mask_area,,37,0.0080957412719726,0.0,0.6466310751104566,0.7853988484543575,0.6739902139499184,0.9409322260916153,1.3960621484061078
P2802_0010.jpg,yolo_sam2,YOLO + SAM2,no_overlap__high_mask_area,no_overlap,high_mask_area,high_mask_area,,37,0.0080957412719726,0.0,0.5257396182032027,0.6891603415559773,0.6183230474569057,0.7783284221805519,1.2587731047414947
P2802_0010.jpg,grounded_sam2,GroundingDINO + SAM2,no_overlap__high_mask_area,no_overlap,high_mask_area,high_mask_area,,37,0.0080957412719726,0.0,0.2970854085962,0.45808149043589563,0.31181026137463697,0.8628448968657916,2.7672113581569784
P2802_0010.jpg,segearth_ov3,SegEarth-OV3 + SAM3,no_overlap__high_mask_area,no_overlap,high_mask_area,high_mask_area,,37,0.0080957412719726,0.0,0.31484992831706976,0.478913861629911,0.32473169568328164,0.9118671309938388,2.808063219930351
P2802_0010.jpg,remotesam_text,RemoteSAM text,no_overlap__high_mask_area,no_overlap,high_mask_area,high_mask_area,,37,0.0080957412719726,0.0,0.4439330211887945,0.6148942017037647,0.5213906235436667,0.7492633270827752,1.4370479507098848
P2802_0010.jpg,yolo_ringmo_sam,YOLO + RingMo-SAM,no_overlap__high_mask_area,no_overlap,high_mask_area,high_mask_area,,37,0.0080957412719726,0.0,0.40625,0.5777777777777777,0.8727666486193828,0.4318242700241093,0.4947763193142245
P2802_0010.jpg,gt_box_ringmo_sam,GT bbox + RingMo-SAM,no_overlap__high_mask_area,no_overlap,high_mask_area,high_mask_area,,37,0.0080957412719726,0.0,0.4482190391684624,0.6189934354485777,0.8931548370800707,0.4736137155103134,0.5302705598714171
P2802_0029.jpg,sam3_text,SAM3 text-only,no_overlap__high_mask_area,no_overlap,high_mask_area,high_mask_area,,20,0.007145881652832,0.0,0.15460432880758962,0.2678048660483653,0.16050838960809177,0.8078064707628376,5.032799050163253
P2802_0029.jpg,yolo_sam3,YOLO + SAM3,no_overlap__high_mask_area,no_overlap,high_mask_area,high_mask_area,,20,0.007145881652832,0.0,0.5418034369569414,0.7028177833437695,0.6078856152512998,0.8328880973582665,1.3701395072721876
P2802_0029.jpg,gt_box_sam3,GT bbox + SAM3,no_overlap__high_mask_area,no_overlap,high_mask_area,high_mask_area,,20,0.007145881652832,0.0,0.5760263326323489,0.7309856703602715,0.600057148299838,0.9349955476402493,1.55817750074206
P2802_0029.jpg,yolo_sam2,YOLO + SAM2,no_overlap__high_mask_area,no_overlap,high_mask_area,high_mask_area,,20,0.007145881652832,0.0,0.48554913294797686,0.6536964980544747,0.6592212496226985,0.6482635796972396,0.98337785693084
P2802_0029.jpg,grounded_sam2,GroundingDINO + SAM2,no_overlap__high_mask_area,no_overlap,high_mask_area,high_mask_area,,20,0.007145881652832,0.0,0.14825034491408504,0.2582195521572911,0.48903599503516754,0.17542297417631345,0.3587117839121401
P2802_0029.jpg,segearth_ov3,SegEarth-OV3 + SAM3,no_overlap__high_mask_area,no_overlap,high_mask_area,high_mask_area,,20,0.007145881652832,0.0,0.15334785279499638,0.2659177843412579,0.15887526035639898,0.8150786583555951,5.130305728702879
P2802_0029.jpg,remotesam_text,RemoteSAM text,no_overlap__high_mask_area,no_overlap,high_mask_area,high_mask_area,,20,0.007145881652832,0.0,0.24483887210473312,0.39336636667003744,0.6172643605204697,0.28866132383496584,0.4676461858118136
P2802_0029.jpg,yolo_ringmo_sam,YOLO + RingMo-SAM,no_overlap__high_mask_area,no_overlap,high_mask_area,high_mask_area,,20,0.007145881652832,0.0,0.25689900426742535,0.40878225441376187,0.8608198284080076,0.2680320569902048,0.3113683585633719
P2802_0029.jpg,gt_box_ringmo_sam,GT bbox + RingMo-SAM,no_overlap__high_mask_area,no_overlap,high_mask_area,high_mask_area,,20,0.007145881652832,0.0,0.30798149219201854,0.47092637629891665,0.9228769497400346,0.3161175422974176,0.3425348768180469
P0019_0015.jpg,sam3_text,SAM3 text-only,no_overlap__low_mask_area,no_overlap,low_mask_area,low_mask_area,,1,0.0008764266967773,0.0,0.30357142857142855,0.4657534246575342,0.31089494163424125,0.9279907084785134,2.9849012775842043
P0019_0015.jpg,yolo_sam3,YOLO + SAM3,no_overlap__low_mask_area,no_overlap,low_mask_area,low_mask_area,,1,0.0008764266967773,0.0,0.5258186397984886,0.6892282294676021,0.5345710627400768,0.9698025551684089,1.8141695702671312
P0019_0015.jpg,gt_box_sam3,GT bbox + SAM3,no_overlap__low_mask_area,no_overlap,low_mask_area,low_mask_area,,1,0.0008764266967773,0.0,0.5349872773536896,0.6970576046415251,0.541881443298969,0.9767711962833914,1.802555168408827
P0019_0015.jpg,yolo_sam2,YOLO + SAM2,no_overlap__low_mask_area,no_overlap,low_mask_area,low_mask_area,,1,0.0008764266967773,0.0,0.525369299935774,0.6888421052631579,0.5402906208718626,0.9500580720092915,1.7584204413472706
P0019_0015.jpg,grounded_sam2,GroundingDINO + SAM2,no_overlap__low_mask_area,no_overlap,low_mask_area,low_mask_area,,1,0.0008764266967773,0.0,0.010365499903306903,0.020518317191746738,0.010373122774423286,0.9337979094076655,90.02090592334494
P0019_0015.jpg,segearth_ov3,SegEarth-OV3 + SAM3,no_overlap__low_mask_area,no_overlap,low_mask_area,low_mask_area,,1,0.0008764266967773,0.0,0.3580301685891748,0.5272786671022541,0.3668181818181818,0.9372822299651568,2.5551684088269453
P0019_0015.jpg,remotesam_text,RemoteSAM text,no_overlap__low_mask_area,no_overlap,low_mask_area,low_mask_area,,1,0.0008764266967773,0.0,0.5224358974358975,0.6863157894736842,0.5383091149273448,0.9465737514518002,1.7584204413472706
P0019_0015.jpg,yolo_ringmo_sam,YOLO + RingMo-SAM,no_overlap__low_mask_area,no_overlap,low_mask_area,low_mask_area,,1,0.0008764266967773,0.0,0.5231343283582089,0.6869181773640373,0.5940677966101695,0.8141695702671312,1.3704994192799071
P0019_0015.jpg,gt_box_ringmo_sam,GT bbox + RingMo-SAM,no_overlap__low_mask_area,no_overlap,low_mask_area,low_mask_area,,1,0.0008764266967773,0.0,0.7947845804988662,0.8856601389766267,0.9709141274238227,0.8141695702671312,0.8385598141695703
P0110_0002.jpg,sam3_text,SAM3 text-only,no_overlap__low_mask_area,no_overlap,low_mask_area,low_mask_area,,2,2.86102294921875e-05,0.0,0.0,0.0,0.0,0.0,698.8125
P0110_0002.jpg,yolo_sam3,YOLO + SAM3,no_overlap__low_mask_area,no_overlap,low_mask_area,low_mask_area,,2,2.86102294921875e-05,0.0,0.0,0.0,0.0,0.0,0.0
P0110_0002.jpg,gt_box_sam3,GT bbox + SAM3,no_overlap__low_mask_area,no_overlap,low_mask_area,low_mask_area,,2,2.86102294921875e-05,0.0,0.0,0.0,0.0,0.0,0.0
P0110_0002.jpg,yolo_sam2,YOLO + SAM2,no_overlap__low_mask_area,no_overlap,low_mask_area,low_mask_area,,2,2.86102294921875e-05,0.0,0.0,0.0,0.0,0.0,0.0
P0110_0002.jpg,grounded_sam2,GroundingDINO + SAM2,no_overlap__low_mask_area,no_overlap,low_mask_area,low_mask_area,,2,2.86102294921875e-05,0.0,0.0,0.0,0.0,0.0,2087.875
P0110_0002.jpg,segearth_ov3,SegEarth-OV3 + SAM3,no_overlap__low_mask_area,no_overlap,low_mask_area,low_mask_area,,2,2.86102294921875e-05,0.0,0.0,0.0,0.0,0.0,672.3125
P0110_0002.jpg,remotesam_text,RemoteSAM text,no_overlap__low_mask_area,no_overlap,low_mask_area,low_mask_area,,2,2.86102294921875e-05,0.0,0.0027457440966501922,0.00547645125958379,0.0027624309392265192,0.3125,113.125
P0110_0002.jpg,yolo_ringmo_sam,YOLO + RingMo-SAM,no_overlap__low_mask_area,no_overlap,low_mask_area,low_mask_area,,2,2.86102294921875e-05,0.0,0.0,0.0,0.0,0.0,0.0
P0110_0002.jpg,gt_box_ringmo_sam,GT bbox + RingMo-SAM,no_overlap__low_mask_area,no_overlap,low_mask_area,low_mask_area,,2,2.86102294921875e-05,0.0,0.0,0.0,0.0,0.0,0.0
P0932_0001.jpg,sam3_text,SAM3 text-only,no_overlap__low_mask_area,no_overlap,low_mask_area,low_mask_area,,1,9.632110595703124e-05,0.0,0.04878048780487805,0.09302325581395349,0.04878048780487805,1.0,20.5
P0932_0001.jpg,yolo_sam3,YOLO + SAM3,no_overlap__low_mask_area,no_overlap,low_mask_area,low_mask_area,,1,9.632110595703124e-05,0.0,0.003334788995196316,0.006647410279745182,0.003334788995196316,1.0,299.8690476190476
P0932_0001.jpg,gt_box_sam3,GT bbox + SAM3,no_overlap__low_mask_area,no_overlap,low_mask_area,low_mask_area,,1,9.632110595703124e-05,0.0,0.0033335979045956026,0.006645043904754371,0.0033335979045956026,1.0,299.9761904761905
P0932_0001.jpg,yolo_sam2,YOLO + SAM2,no_overlap__low_mask_area,no_overlap,low_mask_area,low_mask_area,,1,9.632110595703124e-05,0.0,0.5185185185185185,0.6829268292682927,0.5185185185185185,1.0,1.9285714285714286
P0932_0001.jpg,grounded_sam2,GroundingDINO + SAM2,no_overlap__low_mask_area,no_overlap,low_mask_area,low_mask_area,,1,9.632110595703124e-05,0.0,0.003946626573952265,0.00786222388618495,0.003946626573952265,1.0,253.38095238095238
P0932_0001.jpg,segearth_ov3,SegEarth-OV3 + SAM3,no_overlap__low_mask_area,no_overlap,low_mask_area,low_mask_area,,1,9.632110595703124e-05,0.0,0.049586776859504134,0.09448818897637795,0.04977664326738992,0.9285714285714286,18.654761904761905
P0932_0001.jpg,remotesam_text,RemoteSAM text,no_overlap__low_mask_area,no_overlap,low_mask_area,low_mask_area,,1,9.632110595703124e-05,0.0,0.5874125874125874,0.7400881057268722,0.5874125874125874,1.0,1.7023809523809523
P0932_0001.jpg,yolo_ringmo_sam,YOLO + RingMo-SAM,no_overlap__low_mask_area,no_overlap,low_mask_area,low_mask_area,,1,9.632110595703124e-05,0.0,0.0,0.0,0.0,0.0,0.0
P0932_0001.jpg,gt_box_ringmo_sam,GT bbox + RingMo-SAM,no_overlap__low_mask_area,no_overlap,low_mask_area,low_mask_area,,1,9.632110595703124e-05,0.0,0.0,0.0,0.0,0.0,0.0
P0945_0001.jpg,sam3_text,SAM3 text-only,no_overlap__low_mask_area,no_overlap,low_mask_area,low_mask_area,,8,0.0013027191162109,0.0,0.1681077485866312,0.2878291814946619,0.17270242569183464,0.8633646456020495,4.999146029035013
P0945_0001.jpg,yolo_sam3,YOLO + SAM3,no_overlap__low_mask_area,no_overlap,low_mask_area,low_mask_area,,8,0.0013027191162109,0.0,0.40707964601769914,0.5786163522012578,0.41739130434782606,0.9427839453458582,2.2587532023911185
P0945_0001.jpg,gt_box_sam3,GT bbox + SAM3,no_overlap__low_mask_area,no_overlap,low_mask_area,low_mask_area,,8,0.0013027191162109,0.0,0.5098128708352351,0.6753325272067715,0.5226953673373889,0.9538855678906917,1.824935952177626
P0945_0001.jpg,yolo_sam2,YOLO + SAM2,no_overlap__low_mask_area,no_overlap,low_mask_area,low_mask_area,,8,0.0013027191162109,0.0,0.4596607364501448,0.6298185941043084,0.47136190072125583,0.9487617421007686,2.012809564474808
P0945_0001.jpg,grounded_sam2,GroundingDINO + SAM2,no_overlap__low_mask_area,no_overlap,low_mask_area,low_mask_area,,8,0.0013027191162109,0.0,0.014508076358296623,0.02860120426123205,0.014631256787441997,0.6327924850555081,43.249359521776256
P0945_0001.jpg,segearth_ov3,SegEarth-OV3 + SAM3,no_overlap__low_mask_area,no_overlap,low_mask_area,low_mask_area,,8,0.0013027191162109,0.0,0.15322718712549221,0.26573634204275537,0.16082659478885894,0.7643040136635354,4.752348420153715
P0945_0001.jpg,remotesam_text,RemoteSAM text,no_overlap__low_mask_area,no_overlap,low_mask_area,low_mask_area,,8,0.0013027191162109,0.0,0.3806265754411235,0.5513823682837767,0.3969207660533233,0.9026473099914603,2.274124679760888
P0945_0001.jpg,yolo_ringmo_sam,YOLO + RingMo-SAM,no_overlap__low_mask_area,no_overlap,low_mask_area,low_mask_area,,8,0.0013027191162109,0.0,0.010247651579846286,0.02028740490278952,1.0,0.010247651579846286,0.010247651579846286
P0945_0001.jpg,gt_box_ringmo_sam,GT bbox + RingMo-SAM,no_overlap__low_mask_area,no_overlap,low_mask_area,low_mask_area,,8,0.0013027191162109,0.0,0.010247651579846286,0.02028740490278952,1.0,0.010247651579846286,0.010247651579846286
P0961_0003.jpg,sam3_text,SAM3 text-only,no_overlap__low_mask_area,no_overlap,low_mask_area,low_mask_area,,7,0.001312255859375,0.0,0.26715092816787733,0.42165605095541403,0.9043715846994536,0.2749169435215947,0.30398671096345514
P0961_0003.jpg,yolo_sam3,YOLO + SAM3,no_overlap__low_mask_area,no_overlap,low_mask_area,low_mask_area,,7,0.001312255859375,0.0,0.4406657018813314,0.6117528879959819,0.7738246505717916,0.5058139534883721,0.6536544850498339
P0961_0003.jpg,gt_box_sam3,GT bbox + SAM3,no_overlap__low_mask_area,no_overlap,low_mask_area,low_mask_area,,7,0.001312255859375,0.0,0.6423027166882277,0.7821977156360772,0.7438202247191011,0.824750830564784,1.1088039867109634
P0961_0003.jpg,yolo_sam2,YOLO + SAM2,no_overlap__low_mask_area,no_overlap,low_mask_area,low_mask_area,,7,0.001312255859375,0.0,0.463768115942029,0.6336633663366337,0.732824427480916,0.5581395348837209,0.7616279069767442
P0961_0003.jpg,grounded_sam2,GroundingDINO + SAM2,no_overlap__low_mask_area,no_overlap,low_mask_area,low_mask_area,,7,0.001312255859375,0.0,0.006324082104654525,0.012568678852300069,0.006568329392335698,0.14534883720930233,22.12873754152824
P0961_0003.jpg,segearth_ov3,SegEarth-OV3 + SAM3,no_overlap__low_mask_area,no_overlap,low_mask_area,low_mask_area,,7,0.001312255859375,0.0,0.0,0.0,0.0,0.0,0.0
P0961_0003.jpg,remotesam_text,RemoteSAM text,no_overlap__low_mask_area,no_overlap,low_mask_area,low_mask_area,,7,0.001312255859375,0.0,0.3540280857354028,0.5229257641921398,0.7627388535031847,0.3978405315614618,0.521594684385382
P0961_0003.jpg,yolo_ringmo_sam,YOLO + RingMo-SAM,no_overlap__low_mask_area,no_overlap,low_mask_area,low_mask_area,,7,0.001312255859375,0.0,0.0,0.0,0.0,0.0,0.0
P0961_0003.jpg,gt_box_ringmo_sam,GT bbox + RingMo-SAM,no_overlap__low_mask_area,no_overlap,low_mask_area,low_mask_area,,7,0.001312255859375,0.0,0.0,0.0,0.0,0.0,0.0
P0974_0003.jpg,sam3_text,SAM3 text-only,no_overlap__low_mask_area,no_overlap,low_mask_area,low_mask_area,,2,0.0004663467407226,0.0,0.11498973305954825,0.20626151012891344,0.12829324169530354,0.5258215962441315,4.098591549295775
P0974_0003.jpg,yolo_sam3,YOLO + SAM3,no_overlap__low_mask_area,no_overlap,low_mask_area,low_mask_area,,2,0.0004663467407226,0.0,0.25951557093425603,0.41208791208791207,0.33783783783783783,0.528169014084507,1.5633802816901408
P0974_0003.jpg,gt_box_sam3,GT bbox + SAM3,no_overlap__low_mask_area,no_overlap,low_mask_area,low_mask_area,,2,0.0004663467407226,0.0,0.6693811074918566,0.8019512195121952,0.6861435726210351,0.9647887323943662,1.4061032863849765
P0974_0003.jpg,yolo_sam2,YOLO + SAM2,no_overlap__low_mask_area,no_overlap,low_mask_area,low_mask_area,,2,0.0004663467407226,0.0,0.25733634311512416,0.40933572710951527,0.3313953488372093,0.5352112676056338,1.6150234741784038
P0974_0003.jpg,grounded_sam2,GroundingDINO + SAM2,no_overlap__low_mask_area,no_overlap,low_mask_area,low_mask_area,,2,0.0004663467407226,0.0,0.0054336888710002015,0.010808646917534028,0.0054374406628499095,0.8873239436619719,163.18779342723005
P0974_0003.jpg,segearth_ov3,SegEarth-OV3 + SAM3,no_overlap__low_mask_area,no_overlap,low_mask_area,low_mask_area,,2,0.0004663467407226,0.0,0.13345091122868902,0.2354771784232365,0.1511318242343542,0.5328638497652582,3.5258215962441315
P0974_0003.jpg,remotesam_text,RemoteSAM text,no_overlap__low_mask_area,no_overlap,low_mask_area,low_mask_area,,2,0.0004663467407226,0.0,0.41467889908256883,0.5862516212710766,0.6550724637681159,0.5305164319248826,0.8098591549295775
P0974_0003.jpg,yolo_ringmo_sam,YOLO + RingMo-SAM,no_overlap__low_mask_area,no_overlap,low_mask_area,low_mask_area,,2,0.0004663467407226,0.0,0.11188811188811189,0.20125786163522014,0.9411764705882353,0.11267605633802817,0.11971830985915492
P0974_0003.jpg,gt_box_ringmo_sam,GT bbox + RingMo-SAM,no_overlap__low_mask_area,no_overlap,low_mask_area,low_mask_area,,2,0.0004663467407226,0.0,0.11188811188811189,0.20125786163522014,0.9411764705882353,0.11267605633802817,0.11971830985915492
P0998_0001.jpg,sam3_text,SAM3 text-only,no_overlap__low_mask_area,no_overlap,low_mask_area,low_mask_area,,4,0.0028486251831054,0.0,0.4329377921610931,0.6042659974905897,0.46414803392444104,0.8655643421998562,1.864845434938893
P0998_0001.jpg,yolo_sam3,YOLO + SAM3,no_overlap__low_mask_area,no_overlap,low_mask_area,low_mask_area,,4,0.0028486251831054,0.0,0.7920051998700033,0.8839318099383388,0.8920204978038068,0.8759884974838246,0.9820273184759166
P0998_0001.jpg,gt_box_sam3,GT bbox + SAM3,no_overlap__low_mask_area,no_overlap,low_mask_area,low_mask_area,,4,0.0028486251831054,0.0,0.826046511627907,0.9047376464595007,0.8574187318957194,0.9575844716031632,1.1168224299065421
P0998_0001.jpg,yolo_sam2,YOLO + SAM2,no_overlap__low_mask_area,no_overlap,low_mask_area,low_mask_area,,4,0.0028486251831054,0.0,0.8213333333333334,0.9019033674963397,0.918717375093214,0.8856937455068297,0.9640546369518332
P0998_0001.jpg,grounded_sam2,GroundingDINO + SAM2,no_overlap__low_mask_area,no_overlap,low_mask_area,low_mask_area,,4,0.0028486251831054,0.0,0.35261113508847647,0.5213784301212508,0.46873207114170967,0.5873472322070453,1.2530553558590942
P0998_0001.jpg,segearth_ov3,SegEarth-OV3 + SAM3,no_overlap__low_mask_area,no_overlap,low_mask_area,low_mask_area,,4,0.0028486251831054,0.0,0.5322793148880105,0.6947549441100602,0.5776930409914204,0.8713156002875629,1.5082674335010784
P0998_0001.jpg,remotesam_text,RemoteSAM text,no_overlap__low_mask_area,no_overlap,low_mask_area,low_mask_area,,4,0.0028486251831054,0.0,0.46819733167856037,0.6377852916314455,0.7738461538461539,0.5424155283968368,0.7009345794392523
P0998_0001.jpg,yolo_ringmo_sam,YOLO + RingMo-SAM,no_overlap__low_mask_area,no_overlap,low_mask_area,low_mask_area,,4,0.0028486251831054,0.0,0.08878504672897196,0.1630901287553648,1.0,0.08878504672897196,0.08878504672897196
P0998_0001.jpg,gt_box_ringmo_sam,GT bbox + RingMo-SAM,no_overlap__low_mask_area,no_overlap,low_mask_area,low_mask_area,,4,0.0028486251831054,0.0,0.08878504672897196,0.1630901287553648,1.0,0.08878504672897196,0.08878504672897196
P0998_0003.jpg,sam3_text,SAM3 text-only,no_overlap__low_mask_area,no_overlap,low_mask_area,low_mask_area,,7,0.0044116973876953,0.0,0.2469521725539231,0.3960892454249185,0.30972294824882385,0.5492468134414832,1.773348783314021
P0998_0003.jpg,yolo_sam3,YOLO + SAM3,no_overlap__low_mask_area,no_overlap,low_mask_area,low_mask_area,,7,0.0044116973876953,0.0,0.3519148306964365,0.5206168653614788,0.49295774647887325,0.5515643105446119,1.1188876013904983
P0998_0003.jpg,gt_box_sam3,GT bbox + SAM3,no_overlap__low_mask_area,no_overlap,low_mask_area,low_mask_area,,7,0.0044116973876953,0.0,0.536766730928119,0.6985663082437276,0.5694667640613587,0.9033603707995365,1.586326767091541
P0998_0003.jpg,yolo_sam2,YOLO + SAM2,no_overlap__low_mask_area,no_overlap,low_mask_area,low_mask_area,,7,0.0044116973876953,0.0,0.48154761904761906,0.6500602651667337,0.7699873096446701,0.5624565469293163,0.7304750869061414
P0998_0003.jpg,grounded_sam2,GroundingDINO + SAM2,no_overlap__low_mask_area,no_overlap,low_mask_area,low_mask_area,,7,0.0044116973876953,0.0,0.09742459491449329,0.1775513240107111,0.10574580250742037,0.5531865585168019,5.231286210892236
P0998_0003.jpg,segearth_ov3,SegEarth-OV3 + SAM3,no_overlap__low_mask_area,no_overlap,low_mask_area,low_mask_area,,7,0.0044116973876953,0.0,0.26338702655637786,0.4169538249483115,0.33182503770739064,0.5608342989571263,1.6901506373117035
P0998_0003.jpg,remotesam_text,RemoteSAM text,no_overlap__low_mask_area,no_overlap,low_mask_area,low_mask_area,,7,0.0044116973876953,0.0,0.4698250442303912,0.6392938344255717,0.7558507273877293,0.5538818076477404,0.7327925840092699
P0998_0003.jpg,yolo_ringmo_sam,YOLO + RingMo-SAM,no_overlap__low_mask_area,no_overlap,low_mask_area,low_mask_area,,7,0.0044116973876953,0.0,0.1418308227114716,0.2484270347067181,1.0,0.1418308227114716,0.1418308227114716
P0998_0003.jpg,gt_box_ringmo_sam,GT bbox + RingMo-SAM,no_overlap__low_mask_area,no_overlap,low_mask_area,low_mask_area,,7,0.0044116973876953,0.0,0.15666280417149478,0.2708875976758165,1.0,0.15666280417149478,0.15666280417149478
P1005_0007.jpg,sam3_text,SAM3 text-only,no_overlap__low_mask_area,no_overlap,low_mask_area,low_mask_area,,1,0.0001716613769531,0.0,0.0,0.0,0.0,0.0,8.19078947368421
P1005_0007.jpg,yolo_sam3,YOLO + SAM3,no_overlap__low_mask_area,no_overlap,low_mask_area,low_mask_area,,1,0.0001716613769531,0.0,0.08047411104179664,0.1489607390300231,0.08164556962025317,0.8486842105263158,10.394736842105264
P1005_0007.jpg,gt_box_sam3,GT bbox + SAM3,no_overlap__low_mask_area,no_overlap,low_mask_area,low_mask_area,,1,0.0001716613769531,0.0,0.0890125173852573,0.16347381864623245,0.09052333804809053,0.8421052631578947,9.302631578947368
P1005_0007.jpg,yolo_sam2,YOLO + SAM2,no_overlap__low_mask_area,no_overlap,low_mask_area,low_mask_area,,1,0.0001716613769531,0.0,0.36989795918367346,0.5400372439478585,0.37662337662337664,0.9539473684210527,2.5328947368421053
P1005_0007.jpg,grounded_sam2,GroundingDINO + SAM2,no_overlap__low_mask_area,no_overlap,low_mask_area,low_mask_area,,1,0.0001716613769531,0.0,0.0,0.0,0.0,0.0,149.56578947368422
P1005_0007.jpg,segearth_ov3,SegEarth-OV3 + SAM3,no_overlap__low_mask_area,no_overlap,low_mask_area,low_mask_area,,1,0.0001716613769531,0.0,0.0,0.0,0.0,0.0,19.210526315789473
P1005_0007.jpg,remotesam_text,RemoteSAM text,no_overlap__low_mask_area,no_overlap,low_mask_area,low_mask_area,,1,0.0001716613769531,0.0,0.3086680761099366,0.4717285945072698,0.31263383297644537,0.9605263157894737,3.0723684210526314
P1005_0007.jpg,yolo_ringmo_sam,YOLO + RingMo-SAM,no_overlap__low_mask_area,no_overlap,low_mask_area,low_mask_area,,1,0.0001716613769531,0.0,0.0,0.0,0.0,0.0,0.0
P1005_0007.jpg,gt_box_ringmo_sam,GT bbox + RingMo-SAM,no_overlap__low_mask_area,no_overlap,low_mask_area,low_mask_area,,1,0.0001716613769531,0.0,0.0,0.0,0.0,0.0,0.0
P1023_0003.jpg,sam3_text,SAM3 text-only,no_overlap__low_mask_area,no_overlap,low_mask_area,low_mask_area,,7,0.0010700225830078,0.0,0.12326888797477033,0.219482421875,0.12434301521438451,0.9345114345114345,7.515592515592515
P1023_0003.jpg,yolo_sam3,YOLO + SAM3,no_overlap__low_mask_area,no_overlap,low_mask_area,low_mask_area,,7,0.0010700225830078,0.0,0.3347315436241611,0.5015713387806411,0.35945945945945945,0.8295218295218295,2.3076923076923075
P1023_0003.jpg,gt_box_sam3,GT bbox + SAM3,no_overlap__low_mask_area,no_overlap,low_mask_area,low_mask_area,,7,0.0010700225830078,0.0,0.3680555555555556,0.5380710659898477,0.37746124842899037,0.9365904365904366,2.4812889812889813
P1023_0003.jpg,yolo_sam2,YOLO + SAM2,no_overlap__low_mask_area,no_overlap,low_mask_area,low_mask_area,,7,0.0010700225830078,0.0,0.42961418143899893,0.6010211524434719,0.46292134831460674,0.8565488565488566,1.8503118503118503
P1023_0003.jpg,grounded_sam2,GroundingDINO + SAM2,no_overlap__low_mask_area,no_overlap,low_mask_area,low_mask_area,,7,0.0010700225830078,0.0,0.018740578319857475,0.03679165966033294,0.019010878253918603,0.5686070686070686,29.90956340956341
P1023_0003.jpg,segearth_ov3,SegEarth-OV3 + SAM3,no_overlap__low_mask_area,no_overlap,low_mask_area,low_mask_area,,7,0.0010700225830078,0.0,0.12130371927980024,0.21636193155180497,0.12192866578599736,0.9594594594594594,7.869022869022869
P1023_0003.jpg,remotesam_text,RemoteSAM text,no_overlap__low_mask_area,no_overlap,low_mask_area,low_mask_area,,7,0.0010700225830078,0.0,0.4659921304103429,0.6357361963190185,0.5036452004860267,0.8617463617463618,1.711018711018711
P1023_0003.jpg,yolo_ringmo_sam,YOLO + RingMo-SAM,no_overlap__low_mask_area,no_overlap,low_mask_area,low_mask_area,,7,0.0010700225830078,0.0,0.0,0.0,0.0,0.0,0.0
P1023_0003.jpg,gt_box_ringmo_sam,GT bbox + RingMo-SAM,no_overlap__low_mask_area,no_overlap,low_mask_area,low_mask_area,,7,0.0010700225830078,0.0,0.0,0.0,0.0,0.0,0.0
P1134_0000.jpg,sam3_text,SAM3 text-only,no_overlap__low_mask_area,no_overlap,low_mask_area,low_mask_area,,1,0.0038614273071289,0.0,0.09845604185274978,0.17926259786724902,0.09847866040432918,0.9976726144297905,10.13085078872511
P1134_0000.jpg,yolo_sam3,YOLO + SAM3,no_overlap__low_mask_area,no_overlap,low_mask_area,low_mask_area,,1,0.0038614273071289,0.0,0.6988780311255881,0.8227524499360886,0.6995109581597536,0.9987070080165503,1.4277217481251616
P1134_0000.jpg,gt_box_sam3,GT bbox + SAM3,no_overlap__low_mask_area,no_overlap,low_mask_area,low_mask_area,,1,0.0038614273071289,0.0,0.9435125801677355,0.9709353978931337,0.9533898305084746,0.9891388673390225,1.0374967675200413
P1134_0000.jpg,yolo_sam2,YOLO + SAM2,no_overlap__low_mask_area,no_overlap,low_mask_area,low_mask_area,,1,0.0038614273071289,0.0,0.690055347259418,0.8166068032960068,0.6903018396142169,0.9994828032066201,1.447892423066977
P1134_0000.jpg,grounded_sam2,GroundingDINO + SAM2,no_overlap__low_mask_area,no_overlap,low_mask_area,low_mask_area,,1,0.0038614273071289,0.0,0.0,0.0,0.0,0.0,10.227825187483838
P1134_0000.jpg,segearth_ov3,SegEarth-OV3 + SAM3,no_overlap__low_mask_area,no_overlap,low_mask_area,low_mask_area,,1,0.0038614273071289,0.0,0.09637171233218546,0.17580116533139112,0.09638373805186054,0.9987070080165503,10.361779156969227
P1134_0000.jpg,remotesam_text,RemoteSAM text,no_overlap__low_mask_area,no_overlap,low_mask_area,low_mask_area,,1,0.0038614273071289,0.0,0.6446556611639153,0.7839399776944135,0.6447631754503002,0.99974140160331,1.5505559865528833
P1134_0000.jpg,yolo_ringmo_sam,YOLO + RingMo-SAM,no_overlap__low_mask_area,no_overlap,low_mask_area,low_mask_area,,1,0.0038614273071289,0.0,0.15593483320403415,0.2697986577181208,1.0,0.15593483320403415,0.15593483320403415
P1134_0000.jpg,gt_box_ringmo_sam,GT bbox + RingMo-SAM,no_overlap__low_mask_area,no_overlap,low_mask_area,low_mask_area,,1,0.0038614273071289,0.0,0.15593483320403415,0.2697986577181208,1.0,0.15593483320403415,0.15593483320403415
P1147_0022.jpg,sam3_text,SAM3 text-only,no_overlap__low_mask_area,no_overlap,low_mask_area,low_mask_area,,1,0.0005121231079101,0.0,0.011377941318872858,0.022499880319785535,0.011385658914728682,0.9437751004016064,82.89156626506023
P1147_0022.jpg,yolo_sam3,YOLO + SAM3,no_overlap__low_mask_area,no_overlap,low_mask_area,low_mask_area,,1,0.0005121231079101,0.0,0.10373917008663931,0.18797769055980168,0.10476629058254662,0.9136546184738956,8.720883534136545
P1147_0022.jpg,gt_box_sam3,GT bbox + SAM3,no_overlap__low_mask_area,no_overlap,low_mask_area,low_mask_area,,1,0.0005121231079101,0.0,0.1022579244463743,0.18554264329328343,0.1028608866564752,0.9457831325301205,9.194779116465863
P1147_0022.jpg,yolo_sam2,YOLO + SAM2,no_overlap__low_mask_area,no_overlap,low_mask_area,low_mask_area,,1,0.0005121231079101,0.0,0.0,0.0,0.0,0.0,3.714859437751004
P1147_0022.jpg,grounded_sam2,GroundingDINO + SAM2,no_overlap__low_mask_area,no_overlap,low_mask_area,low_mask_area,,1,0.0005121231079101,0.0,0.0,0.0,0.0,0.0,90.26104417670683
P1147_0022.jpg,segearth_ov3,SegEarth-OV3 + SAM3,no_overlap__low_mask_area,no_overlap,low_mask_area,low_mask_area,,1,0.0005121231079101,0.0,0.0,0.0,0.0,0.0,83.62248995983936
P1147_0022.jpg,remotesam_text,RemoteSAM text,no_overlap__low_mask_area,no_overlap,low_mask_area,low_mask_area,,1,0.0005121231079101,0.0,0.2359611231101512,0.381826124945391,0.24399776661083195,0.8775100401606426,3.5963855421686746
P1147_0022.jpg,yolo_ringmo_sam,YOLO + RingMo-SAM,no_overlap__low_mask_area,no_overlap,low_mask_area,low_mask_area,,1,0.0005121231079101,0.0,0.0,0.0,0.0,0.0,0.0
P1147_0022.jpg,gt_box_ringmo_sam,GT bbox + RingMo-SAM,no_overlap__low_mask_area,no_overlap,low_mask_area,low_mask_area,,1,0.0005121231079101,0.0,0.0,0.0,0.0,0.0,0.0
P1179_0045.jpg,sam3_text,SAM3 text-only,no_overlap__low_mask_area,no_overlap,low_mask_area,low_mask_area,,2,0.000594139099121,0.0,0.25458823529411767,0.40585146286571644,0.2562766461392705,0.9747747747747748,3.8036036036036034
P1179_0045.jpg,yolo_sam3,YOLO + SAM3,no_overlap__low_mask_area,no_overlap,low_mask_area,low_mask_area,,2,0.000594139099121,0.0,0.2936986301369863,0.45404489623041083,0.2967884828349945,0.9657657657657658,3.254054054054054
P1179_0045.jpg,gt_box_sam3,GT bbox + SAM3,no_overlap__low_mask_area,no_overlap,low_mask_area,low_mask_area,,2,0.000594139099121,0.0,0.3310643564356436,0.497443049744305,0.33521303258145363,0.963963963963964,2.8756756756756756
P1179_0045.jpg,yolo_sam2,YOLO + SAM2,no_overlap__low_mask_area,no_overlap,low_mask_area,low_mask_area,,2,0.000594139099121,0.0,0.6199551569506726,0.7653979238754325,0.6213483146067416,0.9963963963963964,1.6036036036036037
P1179_0045.jpg,grounded_sam2,GroundingDINO + SAM2,no_overlap__low_mask_area,no_overlap,low_mask_area,low_mask_area,,2,0.000594139099121,0.0,0.07108094262295082,0.13272749013511898,0.07108094262295082,1.0,14.068468468468469
P1179_0045.jpg,segearth_ov3,SegEarth-OV3 + SAM3,no_overlap__low_mask_area,no_overlap,low_mask_area,low_mask_area,,2,0.000594139099121,0.0,0.23109600679694137,0.3754313319530711,0.23218096457533077,0.9801801801801802,4.221621621621622
P1179_0045.jpg,remotesam_text,RemoteSAM text,no_overlap__low_mask_area,no_overlap,low_mask_area,low_mask_area,,2,0.000594139099121,0.0,0.38865248226950355,0.5597548518896833,0.39059158945117606,0.9873873873873874,2.527927927927928
P1179_0045.jpg,yolo_ringmo_sam,YOLO + RingMo-SAM,no_overlap__low_mask_area,no_overlap,low_mask_area,low_mask_area,,2,0.000594139099121,0.0,0.5377855887521968,0.6994285714285714,0.95625,0.5513513513513514,0.5765765765765766
P1179_0045.jpg,gt_box_ringmo_sam,GT bbox + RingMo-SAM,no_overlap__low_mask_area,no_overlap,low_mask_area,low_mask_area,,2,0.000594139099121,0.0,0.53125,0.6938775510204082,0.9357798165137615,0.5513513513513514,0.5891891891891892
P1376_0018.jpg,sam3_text,SAM3 text-only,no_overlap__low_mask_area,no_overlap,low_mask_area,low_mask_area,,1,0.0002927780151367,0.0,0.0,0.0,0.0,0.0,0.0
P1376_0018.jpg,yolo_sam3,YOLO + SAM3,no_overlap__low_mask_area,no_overlap,low_mask_area,low_mask_area,,1,0.0002927780151367,0.0,0.14068100358422939,0.24666142969363708,0.1577889447236181,0.564748201438849,3.579136690647482
P1376_0018.jpg,gt_box_sam3,GT bbox + SAM3,no_overlap__low_mask_area,no_overlap,low_mask_area,low_mask_area,,1,0.0002927780151367,0.0,0.7515923566878981,0.8581818181818182,0.8676470588235294,0.8489208633093526,0.9784172661870504
P1376_0018.jpg,yolo_sam2,YOLO + SAM2,no_overlap__low_mask_area,no_overlap,low_mask_area,low_mask_area,,1,0.0002927780151367,0.0,0.1407942238267148,0.2468354430379747,0.15821501014198783,0.5611510791366906,3.5467625899280577
P1376_0018.jpg,grounded_sam2,GroundingDINO + SAM2,no_overlap__low_mask_area,no_overlap,low_mask_area,low_mask_area,,1,0.0002927780151367,0.0,0.007794933293359316,0.015469284545589766,0.007842742949072445,0.5611510791366906,71.55035971223022
P1376_0018.jpg,segearth_ov3,SegEarth-OV3 + SAM3,no_overlap__low_mask_area,no_overlap,low_mask_area,low_mask_area,,1,0.0002927780151367,0.0,0.0,0.0,0.0,0.0,0.0
P1376_0018.jpg,remotesam_text,RemoteSAM text,no_overlap__low_mask_area,no_overlap,low_mask_area,low_mask_area,,1,0.0002927780151367,0.0,0.0,0.0,0.0,0.0,1.9316546762589928
P1376_0018.jpg,yolo_ringmo_sam,YOLO + RingMo-SAM,no_overlap__low_mask_area,no_overlap,low_mask_area,low_mask_area,,1,0.0002927780151367,0.0,0.0,0.0,0.0,0.0,0.0
P1376_0018.jpg,gt_box_ringmo_sam,GT bbox + RingMo-SAM,no_overlap__low_mask_area,no_overlap,low_mask_area,low_mask_area,,1,0.0002927780151367,0.0,0.0,0.0,0.0,0.0,0.0
P1377_0002.jpg,sam3_text,SAM3 text-only,no_overlap__low_mask_area,no_overlap,low_mask_area,low_mask_area,,2,0.0003080368041992,0.0,0.0,0.0,0.0,0.0,0.0
P1377_0002.jpg,yolo_sam3,YOLO + SAM3,no_overlap__low_mask_area,no_overlap,low_mask_area,low_mask_area,,2,0.0003080368041992,0.0,0.13010204081632654,0.23024830699774265,0.16558441558441558,0.37777777777777777,2.2814814814814817
P1377_0002.jpg,gt_box_sam3,GT bbox + SAM3,no_overlap__low_mask_area,no_overlap,low_mask_area,low_mask_area,,2,0.0003080368041992,0.0,0.5883905013192612,0.7408637873754153,0.6716867469879518,0.825925925925926,1.2296296296296296
P1377_0002.jpg,yolo_sam2,YOLO + SAM2,no_overlap__low_mask_area,no_overlap,low_mask_area,low_mask_area,,2,0.0003080368041992,0.0,0.18478260869565216,0.3119266055045872,0.265625,0.37777777777777777,1.4222222222222223
P1377_0002.jpg,grounded_sam2,GroundingDINO + SAM2,no_overlap__low_mask_area,no_overlap,low_mask_area,low_mask_area,,2,0.0003080368041992,0.0,0.0,0.0,0.0,0.0,845.6074074074074
P1377_0002.jpg,segearth_ov3,SegEarth-OV3 + SAM3,no_overlap__low_mask_area,no_overlap,low_mask_area,low_mask_area,,2,0.0003080368041992,0.0,0.0,0.0,0.0,0.0,0.0
P1377_0002.jpg,remotesam_text,RemoteSAM text,no_overlap__low_mask_area,no_overlap,low_mask_area,low_mask_area,,2,0.0003080368041992,0.0,0.16823687752355315,0.2880184331797235,0.20903010033444816,0.46296296296296297,2.214814814814815
P1377_0002.jpg,yolo_ringmo_sam,YOLO + RingMo-SAM,no_overlap__low_mask_area,no_overlap,low_mask_area,low_mask_area,,2,0.0003080368041992,0.0,0.0,0.0,0.0,0.0,0.0
P1377_0002.jpg,gt_box_ringmo_sam,GT bbox + RingMo-SAM,no_overlap__low_mask_area,no_overlap,low_mask_area,low_mask_area,,2,0.0003080368041992,0.0,0.0,0.0,0.0,0.0,0.0
P1384_0012.jpg,sam3_text,SAM3 text-only,no_overlap__low_mask_area,no_overlap,low_mask_area,low_mask_area,,9,0.0008420944213867,0.0,0.014339152119700748,0.028272894898586354,0.02459893048128342,0.033236994219653176,1.3511560693641618
P1384_0012.jpg,yolo_sam3,YOLO + SAM3,no_overlap__low_mask_area,no_overlap,low_mask_area,low_mask_area,,9,0.0008420944213867,0.0,0.0,0.0,0.0,0.0,0.0
P1384_0012.jpg,gt_box_sam3,GT bbox + SAM3,no_overlap__low_mask_area,no_overlap,low_mask_area,low_mask_area,,9,0.0008420944213867,0.0,0.3363896848137536,0.5034305317324185,0.35792682926829267,0.8482658959537572,2.3699421965317917
P1384_0012.jpg,yolo_sam2,YOLO + SAM2,no_overlap__low_mask_area,no_overlap,low_mask_area,low_mask_area,,9,0.0008420944213867,0.0,0.018973910872550244,0.03724121033933603,0.01902377972465582,0.8786127167630058,46.1849710982659
P1384_0012.jpg,grounded_sam2,GroundingDINO + SAM2,no_overlap__low_mask_area,no_overlap,low_mask_area,low_mask_area,,9,0.0008420944213867,0.0,0.028666599374179872,0.05573545285055441,0.029897883987788188,0.41040462427745666,13.726878612716764
P1384_0012.jpg,segearth_ov3,SegEarth-OV3 + SAM3,no_overlap__low_mask_area,no_overlap,low_mask_area,low_mask_area,,9,0.0008420944213867,0.0,0.052206259620318114,0.09923198829696453,0.054187192118226604,0.588150289017341,10.854046242774567
P1384_0012.jpg,remotesam_text,RemoteSAM text,no_overlap__low_mask_area,no_overlap,low_mask_area,low_mask_area,,9,0.0008420944213867,0.0,0.013524779990736452,0.026688602504341467,0.013631695247580218,0.6329479768786127,46.43208092485549
P1384_0012.jpg,yolo_ringmo_sam,YOLO + RingMo-SAM,no_overlap__low_mask_area,no_overlap,low_mask_area,low_mask_area,,9,0.0008420944213867,0.0,0.0028855402372555306,0.005754475703324808,0.003235082674335011,0.02601156069364162,8.040462427745664
P1384_0012.jpg,gt_box_ringmo_sam,GT bbox + RingMo-SAM,no_overlap__low_mask_area,no_overlap,low_mask_area,low_mask_area,,9,0.0008420944213867,0.0,0.025936599423631124,0.05056179775280899,0.9,0.02601156069364162,0.028901734104046242
P1390_0022.jpg,sam3_text,SAM3 text-only,no_overlap__low_mask_area,no_overlap,low_mask_area,low_mask_area,,2,0.0004186630249023,0.0,0.009313626240129581,0.018455366098294883,0.009317635143689074,0.9558441558441558,102.58441558441558
P1390_0022.jpg,yolo_sam3,YOLO + SAM3,no_overlap__low_mask_area,no_overlap,low_mask_area,low_mask_area,,2,0.0004186630249023,0.0,0.7207920792079208,0.8377445339470656,0.7520661157024794,0.9454545454545454,1.2571428571428571
P1390_0022.jpg,gt_box_sam3,GT bbox + SAM3,no_overlap__low_mask_area,no_overlap,low_mask_area,low_mask_area,,2,0.0004186630249023,0.0,0.6964656964656964,0.821078431372549,0.777262180974478,0.8701298701298701,1.1194805194805195
P1390_0022.jpg,yolo_sam2,YOLO + SAM2,no_overlap__low_mask_area,no_overlap,low_mask_area,low_mask_area,,2,0.0004186630249023,0.0,0.7633744855967078,0.8658109684947491,0.7860169491525424,0.9636363636363636,1.225974025974026
P1390_0022.jpg,grounded_sam2,GroundingDINO + SAM2,no_overlap__low_mask_area,no_overlap,low_mask_area,low_mask_area,,2,0.0004186630249023,0.0,0.0,0.0,0.0,0.0,0.0
P1390_0022.jpg,segearth_ov3,SegEarth-OV3 + SAM3,no_overlap__low_mask_area,no_overlap,low_mask_area,low_mask_area,,2,0.0004186630249023,0.0,0.009871924765541787,0.0195508450595529,0.009873207233423404,0.987012987012987,99.96883116883117
P1390_0022.jpg,remotesam_text,RemoteSAM text,no_overlap__low_mask_area,no_overlap,low_mask_area,low_mask_area,,2,0.0004186630249023,0.0,0.7068965517241379,0.8282828282828283,0.7292490118577075,0.9584415584415584,1.3142857142857143
P1390_0022.jpg,yolo_ringmo_sam,YOLO + RingMo-SAM,no_overlap__low_mask_area,no_overlap,low_mask_area,low_mask_area,,2,0.0004186630249023,0.0,0.0,0.0,0.0,0.0,0.0
P1390_0022.jpg,gt_box_ringmo_sam,GT bbox + RingMo-SAM,no_overlap__low_mask_area,no_overlap,low_mask_area,low_mask_area,,2,0.0004186630249023,0.0,0.0,0.0,0.0,0.0,0.0
P1397_0011.jpg,sam3_text,SAM3 text-only,no_overlap__low_mask_area,no_overlap,low_mask_area,low_mask_area,,2,0.0003995895385742,0.0,0.002517496601379588,0.005022349455075084,0.0025176958047994475,0.9695290858725761,385.0858725761773
P1397_0011.jpg,yolo_sam3,YOLO + SAM3,no_overlap__low_mask_area,no_overlap,low_mask_area,low_mask_area,,2,0.0003995895385742,0.0,0.4405684754521964,0.611659192825112,0.45225464190981435,0.9445983379501385,2.0886426592797784
P1397_0011.jpg,gt_box_sam3,GT bbox + SAM3,no_overlap__low_mask_area,no_overlap,low_mask_area,low_mask_area,,2,0.0003995895385742,0.0,0.6903353057199211,0.8168028004667445,0.7056451612903226,0.9695290858725761,1.373961218836565
P1397_0011.jpg,yolo_sam2,YOLO + SAM2,no_overlap__low_mask_area,no_overlap,low_mask_area,low_mask_area,,2,0.0003995895385742,0.0,0.448586118251928,0.6193433895297249,0.4556135770234987,0.9667590027700831,2.1218836565096955
P1397_0011.jpg,grounded_sam2,GroundingDINO + SAM2,no_overlap__low_mask_area,no_overlap,low_mask_area,low_mask_area,,2,0.0003995895385742,0.0,0.0,0.0,0.0,0.0,0.0
P1397_0011.jpg,segearth_ov3,SegEarth-OV3 + SAM3,no_overlap__low_mask_area,no_overlap,low_mask_area,low_mask_area,,2,0.0003995895385742,0.0,0.002521668335770946,0.005030651038110775,0.0025218681999625322,0.9695290858725761,384.44875346260386
P1397_0011.jpg,remotesam_text,RemoteSAM text,no_overlap__low_mask_area,no_overlap,low_mask_area,low_mask_area,,2,0.0003995895385742,0.0,0.6427221172022685,0.7825086306098964,0.6692913385826772,0.9418282548476454,1.407202216066482
P1397_0011.jpg,yolo_ringmo_sam,YOLO + RingMo-SAM,no_overlap__low_mask_area,no_overlap,low_mask_area,low_mask_area,,2,0.0003995895385742,0.0,0.0,0.0,0.0,0.0,0.0
P1397_0011.jpg,gt_box_ringmo_sam,GT bbox + RingMo-SAM,no_overlap__low_mask_area,no_overlap,low_mask_area,low_mask_area,,2,0.0003995895385742,0.0,0.0,0.0,0.0,0.0,0.0
P1397_0032.jpg,sam3_text,SAM3 text-only,no_overlap__low_mask_area,no_overlap,low_mask_area,low_mask_area,,2,0.0001659393310546,0.0,0.0014653386805341326,0.0029263892097648988,0.0014654032613486117,0.9708029197080292,662.4817518248175
P1397_0032.jpg,yolo_sam3,YOLO + SAM3,no_overlap__low_mask_area,no_overlap,low_mask_area,low_mask_area,,2,0.0001659393310546,0.0,0.23415492957746478,0.37945791726105566,0.23581560283687944,0.9708029197080292,4.116788321167883
P1397_0032.jpg,gt_box_sam3,GT bbox + SAM3,no_overlap__low_mask_area,no_overlap,low_mask_area,low_mask_area,,2,0.0001659393310546,0.0,0.35097493036211697,0.5195876288659794,0.3620689655172414,0.9197080291970803,2.54014598540146
P1397_0032.jpg,yolo_sam2,YOLO + SAM2,no_overlap__low_mask_area,no_overlap,low_mask_area,low_mask_area,,2,0.0001659393310546,0.0,0.24875621890547264,0.398406374501992,0.43859649122807015,0.36496350364963503,0.8321167883211679
P1397_0032.jpg,grounded_sam2,GroundingDINO + SAM2,no_overlap__low_mask_area,no_overlap,low_mask_area,low_mask_area,,2,0.0001659393310546,0.0,0.0,0.0,0.0,0.0,0.0
P1397_0032.jpg,segearth_ov3,SegEarth-OV3 + SAM3,no_overlap__low_mask_area,no_overlap,low_mask_area,low_mask_area,,2,0.0001659393310546,0.0,0.001533759628288843,0.0030628216244214983,0.0015337769256794857,0.9927007299270073,647.2262773722628
P1397_0032.jpg,remotesam_text,RemoteSAM text,no_overlap__low_mask_area,no_overlap,low_mask_area,low_mask_area,,2,0.0001659393310546,0.0,0.4511784511784512,0.6218097447795824,0.4557823129251701,0.9781021897810219,2.145985401459854
P1397_0032.jpg,yolo_ringmo_sam,YOLO + RingMo-SAM,no_overlap__low_mask_area,no_overlap,low_mask_area,low_mask_area,,2,0.0001659393310546,0.0,0.0,0.0,0.0,0.0,0.0
P1397_0032.jpg,gt_box_ringmo_sam,GT bbox + RingMo-SAM,no_overlap__low_mask_area,no_overlap,low_mask_area,low_mask_area,,2,0.0001659393310546,0.0,0.0,0.0,0.0,0.0,0.0
P1410_0005.jpg,sam3_text,SAM3 text-only,no_overlap__low_mask_area,no_overlap,low_mask_area,low_mask_area,,7,0.000925064086914,0.0,0.6310116086235489,0.7737671581087952,0.6537800687285223,0.9476961394769614,1.4495641344956414
P1410_0005.jpg,yolo_sam3,YOLO + SAM3,no_overlap__low_mask_area,no_overlap,low_mask_area,low_mask_area,,7,0.000925064086914,0.0,0.6051063829787234,0.7539766702014846,0.6565096952908587,0.8854296388542964,1.348692403486924
P1410_0005.jpg,gt_box_sam3,GT bbox + SAM3,no_overlap__low_mask_area,no_overlap,low_mask_area,low_mask_area,,7,0.000925064086914,0.0,0.6573741007194245,0.7932718393922952,0.7028846153846153,0.9103362391033624,1.2951432129514322
P1410_0005.jpg,yolo_sam2,YOLO + SAM2,no_overlap__low_mask_area,no_overlap,low_mask_area,low_mask_area,,7,0.000925064086914,0.0,0.6126198083067093,0.7597820703318474,0.6307565789473685,0.9551681195516812,1.514321295143213
P1410_0005.jpg,grounded_sam2,GroundingDINO + SAM2,no_overlap__low_mask_area,no_overlap,low_mask_area,low_mask_area,,7,0.000925064086914,0.0,0.0,0.0,0.0,0.0,4.344956413449564
P1410_0005.jpg,segearth_ov3,SegEarth-OV3 + SAM3,no_overlap__low_mask_area,no_overlap,low_mask_area,low_mask_area,,7,0.000925064086914,0.0,0.6708860759493671,0.803030303030303,0.675446049277825,0.9900373599003736,1.4657534246575343
P1410_0005.jpg,remotesam_text,RemoteSAM text,no_overlap__low_mask_area,no_overlap,low_mask_area,low_mask_area,,7,0.000925064086914,0.0,0.5798069784706755,0.7340225563909775,0.5894339622641509,0.9726027397260274,1.6500622665006226
P1410_0005.jpg,yolo_ringmo_sam,YOLO + RingMo-SAM,no_overlap__low_mask_area,no_overlap,low_mask_area,low_mask_area,,7,0.000925064086914,0.0,0.49396267837541163,0.6612784717119765,0.8064516129032258,0.5603985056039851,0.6948941469489415
P1410_0005.jpg,gt_box_ringmo_sam,GT bbox + RingMo-SAM,no_overlap__low_mask_area,no_overlap,low_mask_area,low_mask_area,,7,0.000925064086914,0.0,0.5190311418685121,0.683371298405467,0.8754863813229572,0.5603985056039851,0.6400996264009963
P2168_0003.jpg,sam3_text,SAM3 text-only,no_overlap__low_mask_area,no_overlap,low_mask_area,low_mask_area,,19,0.0030202865600585,0.0,0.5610839626832519,0.7188389299943084,0.5808231777420096,0.9428891377379619,1.6233669279581933
P2168_0003.jpg,yolo_sam3,YOLO + SAM3,no_overlap__low_mask_area,no_overlap,low_mask_area,low_mask_area,,19,0.0030202865600585,0.0,0.601512644764831,0.7511806375442739,0.6211862338296315,0.9499813363195222,1.5293019783501307
P2168_0003.jpg,gt_box_sam3,GT bbox + SAM3,no_overlap__low_mask_area,no_overlap,low_mask_area,low_mask_area,,19,0.0030202865600585,0.0,0.5985452839042703,0.7488624688096287,0.6170778906627963,0.952220977976857,1.5431131019036954
P2168_0003.jpg,yolo_sam2,YOLO + SAM2,no_overlap__low_mask_area,no_overlap,low_mask_area,low_mask_area,,19,0.0030202865600585,0.0,0.6073359981189749,0.7557050906963136,0.6213615588164542,0.9641657334826428,1.5516983949234788
P2168_0003.jpg,grounded_sam2,GroundingDINO + SAM2,no_overlap__low_mask_area,no_overlap,low_mask_area,low_mask_area,,19,0.0030202865600585,0.0,0.12394323671497584,0.22055070517125588,0.13446892146425354,0.6129152668906308,4.558044046285928
P2168_0003.jpg,segearth_ov3,SegEarth-OV3 + SAM3,no_overlap__low_mask_area,no_overlap,low_mask_area,low_mask_area,,19,0.0030202865600585,0.0,0.5589547482472913,0.7170891251022077,0.5647134578235673,0.9820828667413214,1.7390817469204927
P2168_0003.jpg,remotesam_text,RemoteSAM text,no_overlap__low_mask_area,no_overlap,low_mask_area,low_mask_area,,19,0.0030202865600585,0.0,0.5674107142857143,0.7240102534890345,0.5853096937600737,0.9488615154908548,1.6211272863008586
P2168_0003.jpg,yolo_ringmo_sam,YOLO + RingMo-SAM,no_overlap__low_mask_area,no_overlap,low_mask_area,low_mask_area,,19,0.0030202865600585,0.0,0.5190625,0.6833984776794898,0.7612282309807517,0.6200074654721911,0.8144830160507652
P2168_0003.jpg,gt_box_ringmo_sam,GT bbox + RingMo-SAM,no_overlap__low_mask_area,no_overlap,low_mask_area,low_mask_area,,19,0.0030202865600585,0.0,0.567143830947512,0.7237929534580252,0.8671182907764461,0.6211272863008586,0.7163120567375887
P2271_0006.jpg,sam3_text,SAM3 text-only,no_overlap__low_mask_area,no_overlap,low_mask_area,low_mask_area,,1,5.245208740234375e-05,0.0,0.0,0.0,0.0,0.0,72.29268292682927
P2271_0006.jpg,yolo_sam3,YOLO + SAM3,no_overlap__low_mask_area,no_overlap,low_mask_area,low_mask_area,,1,5.245208740234375e-05,0.0,0.0,0.0,0.0,0.0,0.0
P2271_0006.jpg,gt_box_sam3,GT bbox + SAM3,no_overlap__low_mask_area,no_overlap,low_mask_area,low_mask_area,,1,5.245208740234375e-05,0.0,0.15267175572519084,0.26490066225165565,0.1532567049808429,0.975609756097561,6.365853658536586
P2271_0006.jpg,yolo_sam2,YOLO + SAM2,no_overlap__low_mask_area,no_overlap,low_mask_area,low_mask_area,,1,5.245208740234375e-05,0.0,0.0,0.0,0.0,0.0,0.0
P2271_0006.jpg,grounded_sam2,GroundingDINO + SAM2,no_overlap__low_mask_area,no_overlap,low_mask_area,low_mask_area,,1,5.245208740234375e-05,0.0,0.0,0.0,0.0,0.0,8.560975609756097
P2271_0006.jpg,segearth_ov3,SegEarth-OV3 + SAM3,no_overlap__low_mask_area,no_overlap,low_mask_area,low_mask_area,,1,5.245208740234375e-05,0.0,0.01274479328566988,0.025168815224063844,0.01274479328566988,1.0,78.46341463414635
P2271_0006.jpg,remotesam_text,RemoteSAM text,no_overlap__low_mask_area,no_overlap,low_mask_area,low_mask_area,,1,5.245208740234375e-05,0.0,0.0,0.0,0.0,0.0,0.0
P2271_0006.jpg,yolo_ringmo_sam,YOLO + RingMo-SAM,no_overlap__low_mask_area,no_overlap,low_mask_area,low_mask_area,,1,5.245208740234375e-05,0.0,0.0,0.0,0.0,0.0,0.0
P2271_0006.jpg,gt_box_ringmo_sam,GT bbox + RingMo-SAM,no_overlap__low_mask_area,no_overlap,low_mask_area,low_mask_area,,1,5.245208740234375e-05,0.0,0.0,0.0,0.0,0.0,0.0
P2271_0016.jpg,sam3_text,SAM3 text-only,no_overlap__low_mask_area,no_overlap,low_mask_area,low_mask_area,,3,0.0001716613769531,0.0,0.16557377049180327,0.2841068917018284,0.17688266199649738,0.7214285714285714,4.078571428571428
P2271_0016.jpg,yolo_sam3,YOLO + SAM3,no_overlap__low_mask_area,no_overlap,low_mask_area,low_mask_area,,3,0.0001716613769531,0.0,0.36594202898550726,0.5358090185676393,0.42616033755274263,0.7214285714285714,1.6928571428571428
P2271_0016.jpg,gt_box_sam3,GT bbox + SAM3,no_overlap__low_mask_area,no_overlap,low_mask_area,low_mask_area,,3,0.0001716613769531,0.0,0.4,0.5714285714285714,0.47619047619047616,0.7142857142857143,1.5
P2271_0016.jpg,yolo_sam2,YOLO + SAM2,no_overlap__low_mask_area,no_overlap,low_mask_area,low_mask_area,,3,0.0001716613769531,0.0,0.3968253968253968,0.5681818181818182,0.4716981132075472,0.7142857142857143,1.5142857142857142
P2271_0016.jpg,grounded_sam2,GroundingDINO + SAM2,no_overlap__low_mask_area,no_overlap,low_mask_area,low_mask_area,,3,0.0001716613769531,0.0,0.0,0.0,0.0,0.0,95.27142857142857
P2271_0016.jpg,segearth_ov3,SegEarth-OV3 + SAM3,no_overlap__low_mask_area,no_overlap,low_mask_area,low_mask_area,,3,0.0001716613769531,0.0,0.1280701754385965,0.22706065318818042,0.14512922465208747,0.5214285714285715,3.592857142857143
P2271_0016.jpg,remotesam_text,RemoteSAM text,no_overlap__low_mask_area,no_overlap,low_mask_area,low_mask_area,,3,0.0001716613769531,0.0,0.1337126600284495,0.23588456712672523,0.1430745814307458,0.6714285714285714,4.692857142857143
P2271_0016.jpg,yolo_ringmo_sam,YOLO + RingMo-SAM,no_overlap__low_mask_area,no_overlap,low_mask_area,low_mask_area,,3,0.0001716613769531,0.0,0.0,0.0,0.0,0.0,0.0
P2271_0016.jpg,gt_box_ringmo_sam,GT bbox + RingMo-SAM,no_overlap__low_mask_area,no_overlap,low_mask_area,low_mask_area,,3,0.0001716613769531,0.0,0.0,0.0,0.0,0.0,0.0
P2477_0005.jpg,sam3_text,SAM3 text-only,no_overlap__low_mask_area,no_overlap,low_mask_area,low_mask_area,,14,0.0002861022949218,0.0,0.0,0.0,0.0,0.0,0.0
P2477_0005.jpg,yolo_sam3,YOLO + SAM3,no_overlap__low_mask_area,no_overlap,low_mask_area,low_mask_area,,14,0.0002861022949218,0.0,0.0,0.0,0.0,0.0,0.0
P2477_0005.jpg,gt_box_sam3,GT bbox + SAM3,no_overlap__low_mask_area,no_overlap,low_mask_area,low_mask_area,,14,0.0002861022949218,0.0,0.0,0.0,0.0,0.0,0.0
P2477_0005.jpg,yolo_sam2,YOLO + SAM2,no_overlap__low_mask_area,no_overlap,low_mask_area,low_mask_area,,14,0.0002861022949218,0.0,0.15938864628820962,0.2749529190207156,0.1989100817438692,0.4451219512195122,2.2378048780487805
P2477_0005.jpg,grounded_sam2,GroundingDINO + SAM2,no_overlap__low_mask_area,no_overlap,low_mask_area,low_mask_area,,14,0.0002861022949218,0.0,2.8133143804785594e-05,5.6264704706542546e-05,2.8139185296535178e-05,0.11585365853658537,4117.164634146341
P2477_0005.jpg,segearth_ov3,SegEarth-OV3 + SAM3,no_overlap__low_mask_area,no_overlap,low_mask_area,low_mask_area,,14,0.0002861022949218,0.0,0.0,0.0,0.0,0.0,0.0
P2477_0005.jpg,remotesam_text,RemoteSAM text,no_overlap__low_mask_area,no_overlap,low_mask_area,low_mask_area,,14,0.0002861022949218,0.0,0.02745995423340961,0.053452115812917596,0.042105263157894736,0.07317073170731707,1.7378048780487805
P2477_0005.jpg,yolo_ringmo_sam,YOLO + RingMo-SAM,no_overlap__low_mask_area,no_overlap,low_mask_area,low_mask_area,,14,0.0002861022949218,0.0,0.0,0.0,0.0,0.0,0.0
P2477_0005.jpg,gt_box_ringmo_sam,GT bbox + RingMo-SAM,no_overlap__low_mask_area,no_overlap,low_mask_area,low_mask_area,,14,0.0002861022949218,0.0,0.0,0.0,0.0,0.0,0.0
P2570_0001.jpg,sam3_text,SAM3 text-only,no_overlap__low_mask_area,no_overlap,low_mask_area,low_mask_area,,5,0.0011091232299804,0.0,0.19922630560928434,0.33225806451612905,0.807843137254902,0.20913705583756345,0.25888324873096447
P2570_0001.jpg,yolo_sam3,YOLO + SAM3,no_overlap__low_mask_area,no_overlap,low_mask_area,low_mask_area,,5,0.0011091232299804,0.0,0.19922630560928434,0.33225806451612905,0.807843137254902,0.20913705583756345,0.25888324873096447
P2570_0001.jpg,gt_box_sam3,GT bbox + SAM3,no_overlap__low_mask_area,no_overlap,low_mask_area,low_mask_area,,5,0.0011091232299804,0.0,0.610145934676859,0.7578765645230902,0.6591591591591591,0.8913705583756345,1.3522842639593908
P2570_0001.jpg,yolo_sam2,YOLO + SAM2,no_overlap__low_mask_area,no_overlap,low_mask_area,low_mask_area,,5,0.0011091232299804,0.0,0.21853658536585366,0.3586869495596477,0.8484848484848485,0.22741116751269036,0.26802030456852793
P2570_0001.jpg,grounded_sam2,GroundingDINO + SAM2,no_overlap__low_mask_area,no_overlap,low_mask_area,low_mask_area,,5,0.0011091232299804,0.0,0.0435878054925674,0.08353452438435538,0.05479885967690846,0.17563451776649747,3.2050761421319796
P2570_0001.jpg,segearth_ov3,SegEarth-OV3 + SAM3,no_overlap__low_mask_area,no_overlap,low_mask_area,low_mask_area,,5,0.0011091232299804,0.0,0.22111553784860558,0.3621533442088091,0.921161825726141,0.22538071065989848,0.24467005076142131
P2570_0001.jpg,remotesam_text,RemoteSAM text,no_overlap__low_mask_area,no_overlap,low_mask_area,low_mask_area,,5,0.0011091232299804,0.0,0.22179732313575526,0.36306729264475746,0.7918088737201365,0.23553299492385787,0.29746192893401013
P2570_0001.jpg,yolo_ringmo_sam,YOLO + RingMo-SAM,no_overlap__low_mask_area,no_overlap,low_mask_area,low_mask_area,,5,0.0011091232299804,0.0,0.029441624365482234,0.05719921104536489,1.0,0.029441624365482234,0.029441624365482234
P2570_0001.jpg,gt_box_ringmo_sam,GT bbox + RingMo-SAM,no_overlap__low_mask_area,no_overlap,low_mask_area,low_mask_area,,5,0.0011091232299804,0.0,0.029441624365482234,0.05719921104536489,1.0,0.029441624365482234,0.029441624365482234
P2571_0000.jpg,sam3_text,SAM3 text-only,no_overlap__low_mask_area,no_overlap,low_mask_area,low_mask_area,,1,0.0007095336914062,0.0,0.7869986168741355,0.8808049535603715,0.9627749576988156,0.81169757489301,0.8430813124108416
P2571_0000.jpg,yolo_sam3,YOLO + SAM3,no_overlap__low_mask_area,no_overlap,low_mask_area,low_mask_area,,1,0.0007095336914062,0.0,0.06292749658002736,0.11840411840411841,0.06361702127659574,0.8530670470756063,13.40941512125535
P2571_0000.jpg,gt_box_sam3,GT bbox + SAM3,no_overlap__low_mask_area,no_overlap,low_mask_area,low_mask_area,,1,0.0007095336914062,0.0,0.8276729559748428,0.905712319339298,0.875,0.9386590584878745,1.072753209700428
P2571_0000.jpg,yolo_sam2,YOLO + SAM2,no_overlap__low_mask_area,no_overlap,low_mask_area,low_mask_area,,1,0.0007095336914062,0.0,0.06047197640117994,0.11404728789986092,0.060987703292344306,0.8773181169757489,14.385164051355208
P2571_0000.jpg,grounded_sam2,GroundingDINO + SAM2,no_overlap__low_mask_area,no_overlap,low_mask_area,low_mask_area,,1,0.0007095336914062,0.0,0.025713087248322147,0.05013699750541856,0.025808352980801617,0.8744650499286734,33.8830242510699
P2571_0000.jpg,segearth_ov3,SegEarth-OV3 + SAM3,no_overlap__low_mask_area,no_overlap,low_mask_area,low_mask_area,,1,0.0007095336914062,0.0,0.8321678321678322,0.9083969465648855,0.9770114942528736,0.8487874465049928,0.8687589158345221
P2571_0000.jpg,remotesam_text,RemoteSAM text,no_overlap__low_mask_area,no_overlap,low_mask_area,low_mask_area,,1,0.0007095336914062,0.0,0.8567567567567568,0.9228529839883551,0.9420505200594353,0.9044222539229672,0.9600570613409415
P2571_0000.jpg,yolo_ringmo_sam,YOLO + RingMo-SAM,no_overlap__low_mask_area,no_overlap,low_mask_area,low_mask_area,,1,0.0007095336914062,0.0,0.6407407407407407,0.781038374717833,0.8264331210191083,0.7403708987161198,0.8958630527817404
P2571_0000.jpg,gt_box_ringmo_sam,GT bbox + RingMo-SAM,no_overlap__low_mask_area,no_overlap,low_mask_area,low_mask_area,,1,0.0007095336914062,0.0,0.7351274787535411,0.8473469387755102,0.9904580152671756,0.7403708987161198,0.7475035663338089
P2599_0001.jpg,sam3_text,SAM3 text-only,no_overlap__low_mask_area,no_overlap,low_mask_area,low_mask_area,,3,0.0012168884277343,0.0,0.7972665148063781,0.8871989860583016,0.8649093904448105,0.9106678230702515,1.0529054640069384
P2599_0001.jpg,yolo_sam3,YOLO + SAM3,no_overlap__low_mask_area,no_overlap,low_mask_area,low_mask_area,,3,0.0012168884277343,0.0,0.6766503667481663,0.8071454611738972,0.6962264150943396,0.9601040763226366,1.3790112749349523
P2599_0001.jpg,gt_box_sam3,GT bbox + SAM3,no_overlap__low_mask_area,no_overlap,low_mask_area,low_mask_area,,3,0.0012168884277343,0.0,0.6994981179422836,0.8231819859726837,0.7165809768637532,0.9670424978317432,1.349522983521249
P2599_0001.jpg,yolo_sam2,YOLO + SAM2,no_overlap__low_mask_area,no_overlap,low_mask_area,low_mask_area,,3,0.0012168884277343,0.0,0.7394411955815464,0.8502054538662682,0.7467191601049868,0.986990459670425,1.3217692974848223
P2599_0001.jpg,grounded_sam2,GroundingDINO + SAM2,no_overlap__low_mask_area,no_overlap,low_mask_area,low_mask_area,,3,0.0012168884277343,0.0,0.002133355252219754,0.004257627472509036,0.0021333990913438546,0.9904596704249783,464.26366001734607
P2599_0001.jpg,segearth_ov3,SegEarth-OV3 + SAM3,no_overlap__low_mask_area,no_overlap,low_mask_area,low_mask_area,,3,0.0012168884277343,0.0,0.8002969561989607,0.8890721649484536,0.8474842767295597,0.9349522983521249,1.1032090199479618
P2599_0001.jpg,remotesam_text,RemoteSAM text,no_overlap__low_mask_area,no_overlap,low_mask_area,low_mask_area,,3,0.0012168884277343,0.0,0.7633959638135004,0.8658247829518547,0.7943519188993483,0.9514310494362532,1.1977450130095404
P2599_0001.jpg,yolo_ringmo_sam,YOLO + RingMo-SAM,no_overlap__low_mask_area,no_overlap,low_mask_area,low_mask_area,,3,0.0012168884277343,0.0,0.08673026886383348,0.1596169193934557,1.0,0.08673026886383348,0.08673026886383348
P2599_0001.jpg,gt_box_ringmo_sam,GT bbox + RingMo-SAM,no_overlap__low_mask_area,no_overlap,low_mask_area,low_mask_area,,3,0.0012168884277343,0.0,0.08673026886383348,0.1596169193934557,1.0,0.08673026886383348,0.08673026886383348
P2766_0016.jpg,sam3_text,SAM3 text-only,no_overlap__low_mask_area,no_overlap,low_mask_area,low_mask_area,,15,0.0030765533447265,0.0,0.3852436700245031,0.5562106918238994,0.6227992957746479,0.5024857954545454,0.8068181818181818
P2766_0016.jpg,yolo_sam3,YOLO + SAM3,no_overlap__low_mask_area,no_overlap,low_mask_area,low_mask_area,,15,0.0030765533447265,0.0,0.17425187032418954,0.2967878948765596,0.5878023133543638,0.19850852272727273,0.3377130681818182
P2766_0016.jpg,gt_box_sam3,GT bbox + SAM3,no_overlap__low_mask_area,no_overlap,low_mask_area,low_mask_area,,15,0.0030765533447265,0.0,0.58457312886244,0.7378304203380037,0.6218651083515948,0.9069602272727273,1.4584517045454546
P2766_0016.jpg,yolo_sam2,YOLO + SAM2,no_overlap__low_mask_area,no_overlap,low_mask_area,low_mask_area,,15,0.0030765533447265,0.0,0.1148841637575373,0.20609165955024195,0.5193687230989957,0.12855113636363635,0.24751420454545456
P2766_0016.jpg,grounded_sam2,GroundingDINO + SAM2,no_overlap__low_mask_area,no_overlap,low_mask_area,low_mask_area,,15,0.0030765533447265,0.0,0.0,0.0,0.0,0.0,1.4172585227272727
P2766_0016.jpg,segearth_ov3,SegEarth-OV3 + SAM3,no_overlap__low_mask_area,no_overlap,low_mask_area,low_mask_area,,15,0.0030765533447265,0.0,0.24628590293826344,0.3952317880794702,0.7778936392075079,0.2649147727272727,0.3405539772727273
P2766_0016.jpg,remotesam_text,RemoteSAM text,no_overlap__low_mask_area,no_overlap,low_mask_area,low_mask_area,,15,0.0030765533447265,0.0,0.14623438027693347,0.2551561579257513,0.7491349480968859,0.15376420454545456,0.20525568181818182
P2766_0016.jpg,yolo_ringmo_sam,YOLO + RingMo-SAM,no_overlap__low_mask_area,no_overlap,low_mask_area,low_mask_area,,15,0.0030765533447265,0.0,0.05480905233380481,0.1039222259470332,0.9281437125748503,0.05504261363636364,0.05930397727272727
P2766_0016.jpg,gt_box_ringmo_sam,GT bbox + RingMo-SAM,no_overlap__low_mask_area,no_overlap,low_mask_area,low_mask_area,,15,0.0030765533447265,0.0,0.08321579689703808,0.15364583333333334,0.921875,0.08380681818181818,0.09090909090909091
P2778_0003.jpg,sam3_text,SAM3 text-only,no_overlap__low_mask_area,no_overlap,low_mask_area,low_mask_area,,4,0.0010662078857421,0.0,0.06851190023572352,0.1282379732422431,0.0690580210009964,0.8965174129353234,12.982089552238806
P2778_0003.jpg,yolo_sam3,YOLO + SAM3,no_overlap__low_mask_area,no_overlap,low_mask_area,low_mask_area,,4,0.0010662078857421,0.0,0.4836173001310616,0.6519434628975265,0.5861795075456712,0.7343283582089553,1.2527363184079603
P2778_0003.jpg,gt_box_sam3,GT bbox + SAM3,no_overlap__low_mask_area,no_overlap,low_mask_area,low_mask_area,,4,0.0010662078857421,0.0,0.5953307392996109,0.7463414634146341,0.6309278350515464,0.9134328358208955,1.4477611940298507
P2778_0003.jpg,yolo_sam2,YOLO + SAM2,no_overlap__low_mask_area,no_overlap,low_mask_area,low_mask_area,,4,0.0010662078857421,0.0,0.5661654135338345,0.7229956793086894,0.6985157699443414,0.7492537313432835,1.072636815920398
P2778_0003.jpg,grounded_sam2,GroundingDINO + SAM2,no_overlap__low_mask_area,no_overlap,low_mask_area,low_mask_area,,4,0.0010662078857421,0.0,0.023620418631587658,0.04615073752273186,0.02405223251895535,0.5681592039800994,23.621890547263682
P2778_0003.jpg,segearth_ov3,SegEarth-OV3 + SAM3,no_overlap__low_mask_area,no_overlap,low_mask_area,low_mask_area,,4,0.0010662078857421,0.0,0.07829476652566973,0.14521959849242366,0.07869289763254418,0.9393034825870646,11.936318407960199
P2778_0003.jpg,remotesam_text,RemoteSAM text,no_overlap__low_mask_area,no_overlap,low_mask_area,low_mask_area,,4,0.0010662078857421,0.0,0.1392081736909323,0.24439461883408073,0.2798459563543004,0.21691542288557214,0.7751243781094528
P2778_0003.jpg,yolo_ringmo_sam,YOLO + RingMo-SAM,no_overlap__low_mask_area,no_overlap,low_mask_area,low_mask_area,,4,0.0010662078857421,0.0,0.27945472249269715,0.4368340943683409,0.9288025889967637,0.2855721393034826,0.3074626865671642
P2778_0003.jpg,gt_box_ringmo_sam,GT bbox + RingMo-SAM,no_overlap__low_mask_area,no_overlap,low_mask_area,low_mask_area,,4,0.0010662078857421,0.0,0.36476868327402134,0.5345501955671447,0.775047258979206,0.4079601990049751,0.5263681592039801
P2791_0000.jpg,sam3_text,SAM3 text-only,no_overlap__low_mask_area,no_overlap,low_mask_area,low_mask_area,,1,0.000192642211914,0.0,0.0,0.0,0.0,0.0,312.3837209302326
P2791_0000.jpg,yolo_sam3,YOLO + SAM3,no_overlap__low_mask_area,no_overlap,low_mask_area,low_mask_area,,1,0.000192642211914,0.0,0.0,0.0,0.0,0.0,0.0
P2791_0000.jpg,gt_box_sam3,GT bbox + SAM3,no_overlap__low_mask_area,no_overlap,low_mask_area,low_mask_area,,1,0.000192642211914,0.0,0.7463414634146341,0.8547486033519553,0.8225806451612904,0.8895348837209303,1.0813953488372092
P2791_0000.jpg,yolo_sam2,YOLO + SAM2,no_overlap__low_mask_area,no_overlap,low_mask_area,low_mask_area,,1,0.000192642211914,0.0,0.0,0.0,0.0,0.0,0.0
P2791_0000.jpg,grounded_sam2,GroundingDINO + SAM2,no_overlap__low_mask_area,no_overlap,low_mask_area,low_mask_area,,1,0.000192642211914,0.0,0.0,0.0,0.0,0.0,0.0
P2791_0000.jpg,segearth_ov3,SegEarth-OV3 + SAM3,no_overlap__low_mask_area,no_overlap,low_mask_area,low_mask_area,,1,0.000192642211914,0.0,0.0,0.0,0.0,0.0,302.93023255813955
P2791_0000.jpg,remotesam_text,RemoteSAM text,no_overlap__low_mask_area,no_overlap,low_mask_area,low_mask_area,,1,0.000192642211914,0.0,0.0,0.0,0.0,0.0,0.0
P2791_0000.jpg,yolo_ringmo_sam,YOLO + RingMo-SAM,no_overlap__low_mask_area,no_overlap,low_mask_area,low_mask_area,,1,0.000192642211914,0.0,0.0,0.0,0.0,0.0,0.0
P2791_0000.jpg,gt_box_ringmo_sam,GT bbox + RingMo-SAM,no_overlap__low_mask_area,no_overlap,low_mask_area,low_mask_area,,1,0.000192642211914,0.0,0.0,0.0,0.0,0.0,0.0
P2794_0000.jpg,sam3_text,SAM3 text-only,no_overlap__low_mask_area,no_overlap,low_mask_area,low_mask_area,,1,0.0007314682006835,0.0,0.03349473084591285,0.06481838725679326,0.0337407471165433,0.8212290502793296,24.339385474860336
P2794_0000.jpg,yolo_sam3,YOLO + SAM3,no_overlap__low_mask_area,no_overlap,low_mask_area,low_mask_area,,1,0.0007314682006835,0.0,0.7213541666666666,0.8381240544629349,0.9141914191419142,0.7737430167597765,0.8463687150837989
P2794_0000.jpg,gt_box_sam3,GT bbox + SAM3,no_overlap__low_mask_area,no_overlap,low_mask_area,low_mask_area,,1,0.0007314682006835,0.0,0.7576923076923077,0.862144420131291,0.9022900763358779,0.8254189944134078,0.914804469273743
P2794_0000.jpg,yolo_sam2,YOLO + SAM2,no_overlap__low_mask_area,no_overlap,low_mask_area,low_mask_area,,1,0.0007314682006835,0.0,0.7519280205655527,0.8584005869405723,0.9041731066460588,0.8170391061452514,0.9036312849162011
P2794_0000.jpg,grounded_sam2,GroundingDINO + SAM2,no_overlap__low_mask_area,no_overlap,low_mask_area,low_mask_area,,1,0.0007314682006835,0.0,0.0021959584495052924,0.004382293564429564,0.002195985541039022,0.994413407821229,452.83240223463685
P2794_0000.jpg,segearth_ov3,SegEarth-OV3 + SAM3,no_overlap__low_mask_area,no_overlap,low_mask_area,low_mask_area,,1,0.0007314682006835,0.0,0.03312087411791487,0.06411810069406192,0.03337538708567496,0.8128491620111732,24.354748603351954
P2794_0000.jpg,remotesam_text,RemoteSAM text,no_overlap__low_mask_area,no_overlap,low_mask_area,low_mask_area,,1,0.0007314682006835,0.0,0.7379480840543882,0.8492176386913229,0.8652173913043478,0.8337988826815642,0.9636871508379888
P2794_0000.jpg,yolo_ringmo_sam,YOLO + RingMo-SAM,no_overlap__low_mask_area,no_overlap,low_mask_area,low_mask_area,,1,0.0007314682006835,0.0,0.11173184357541899,0.20100502512562815,1.0,0.11173184357541899,0.11173184357541899
P2794_0000.jpg,gt_box_ringmo_sam,GT bbox + RingMo-SAM,no_overlap__low_mask_area,no_overlap,low_mask_area,low_mask_area,,1,0.0007314682006835,0.0,0.11173184357541899,0.20100502512562815,1.0,0.11173184357541899,0.11173184357541899
P2802_0012.jpg,sam3_text,SAM3 text-only,no_overlap__low_mask_area,no_overlap,low_mask_area,low_mask_area,,1,0.0002107620239257,0.0,0.0,0.0,0.0,0.0,44.0625
P2802_0012.jpg,yolo_sam3,YOLO + SAM3,no_overlap__low_mask_area,no_overlap,low_mask_area,low_mask_area,,1,0.0002107620239257,0.0,0.0,0.0,0.0,0.0,0.0
P2802_0012.jpg,gt_box_sam3,GT bbox + SAM3,no_overlap__low_mask_area,no_overlap,low_mask_area,low_mask_area,,1,0.0002107620239257,0.0,0.33457943925233646,0.5014005602240896,0.342911877394636,0.9322916666666666,2.71875
P2802_0012.jpg,yolo_sam2,YOLO + SAM2,no_overlap__low_mask_area,no_overlap,low_mask_area,low_mask_area,,1,0.0002107620239257,0.0,0.0,0.0,0.0,0.0,0.0
P2802_0012.jpg,grounded_sam2,GroundingDINO + SAM2,no_overlap__low_mask_area,no_overlap,low_mask_area,low_mask_area,,1,0.0002107620239257,0.0,0.0,0.0,0.0,0.0,56.520833333333336
P2802_0012.jpg,segearth_ov3,SegEarth-OV3 + SAM3,no_overlap__low_mask_area,no_overlap,low_mask_area,low_mask_area,,1,0.0002107620239257,0.0,0.0,0.0,0.0,0.0,47.338541666666664
P2802_0012.jpg,remotesam_text,RemoteSAM text,no_overlap__low_mask_area,no_overlap,low_mask_area,low_mask_area,,1,0.0002107620239257,0.0,0.0,0.0,0.0,0.0,0.0
P2802_0012.jpg,yolo_ringmo_sam,YOLO + RingMo-SAM,no_overlap__low_mask_area,no_overlap,low_mask_area,low_mask_area,,1,0.0002107620239257,0.0,0.0,0.0,0.0,0.0,0.0
P2802_0012.jpg,gt_box_ringmo_sam,GT bbox + RingMo-SAM,no_overlap__low_mask_area,no_overlap,low_mask_area,low_mask_area,,1,0.0002107620239257,0.0,0.078125,0.14492753623188406,1.0,0.078125,0.078125
P0007_0002.jpg,sam3_text,SAM3 text-only,overlap__high_mask_area,overlap,high_mask_area,high_mask_area,,70,0.2087612152099609,0.0865297034713085,0.7729123035318517,0.8719126174398121,0.8326272949896832,0.9150886619579295,1.0990375495308113
P0007_0002.jpg,yolo_sam3,YOLO + SAM3,overlap__high_mask_area,overlap,high_mask_area,high_mask_area,,70,0.2087612152099609,0.0865297034713085,0.8015609297500568,0.8898515909326064,0.8350367058843395,0.9523685718275003,1.1405110279779873
P0007_0002.jpg,gt_box_sam3,GT bbox + SAM3,overlap__high_mask_area,overlap,high_mask_area,high_mask_area,,70,0.2087612152099609,0.0865297034713085,0.7937188623320931,0.8849980663080547,0.8140054731617008,0.9695569068700379,1.1910938425317406
P0007_0002.jpg,yolo_sam2,YOLO + SAM2,overlap__high_mask_area,overlap,high_mask_area,high_mask_area,,70,0.2087612152099609,0.0865297034713085,0.8067341047473497,0.8930302501376227,0.8342677955471934,0.9606979330666012,1.151546227954877
P0007_0002.jpg,grounded_sam2,GroundingDINO + SAM2,overlap__high_mask_area,overlap,high_mask_area,high_mask_area,,70,0.2087612152099609,0.0865297034713085,0.07816742923036864,0.14500053908355795,0.6953590337524818,0.08093924380955132,0.11639921232167705
P0007_0002.jpg,segearth_ov3,SegEarth-OV3 + SAM3,overlap__high_mask_area,overlap,high_mask_area,high_mask_area,,70,0.2087612152099609,0.0865297034713085,0.7585175482941925,0.8626783952539729,0.7876077689052906,0.9535674220867698,1.2107135807105476
P0007_0002.jpg,remotesam_text,RemoteSAM text,overlap__high_mask_area,overlap,high_mask_area,high_mask_area,,70,0.2087612152099609,0.0865297034713085,0.7193702204897789,0.8367833895423168,0.7597578604987351,0.9311888839137406,1.225639025705468
P0007_0002.jpg,yolo_ringmo_sam,YOLO + RingMo-SAM,overlap__high_mask_area,overlap,high_mask_area,high_mask_area,,70,0.2087612152099609,0.0865297034713085,0.7987916539179913,0.888142495189061,0.9394290931550257,0.8421658265085532,0.8964655583320092
P0007_0002.jpg,gt_box_ringmo_sam,GT bbox + RingMo-SAM,overlap__high_mask_area,overlap,high_mask_area,high_mask_area,,70,0.2087612152099609,0.0865297034713085,0.809763242064343,0.8948830689484777,0.9392945036915504,0.8544817259592006,0.9097058724404066
P0161_0001.jpg,sam3_text,SAM3 text-only,overlap__high_mask_area,overlap,high_mask_area,high_mask_area,,393,0.0190505981445312,0.2898550724637681,0.011906248699054994,0.023532315793804253,0.03029981989617544,0.019235942964756524,0.6348533763788001
P0161_0001.jpg,yolo_sam3,YOLO + SAM3,overlap__high_mask_area,overlap,high_mask_area,high_mask_area,,393,0.0190505981445312,0.2898550724637681,0.021826574348829543,0.04272070211667527,0.5270700636942676,0.02226257734732311,0.042238364272262574
P0161_0001.jpg,gt_box_sam3,GT bbox + SAM3,overlap__high_mask_area,overlap,high_mask_area,high_mask_area,,393,0.0190505981445312,0.2898550724637681,0.026184865147944488,0.05103342689461597,0.49504950495049505,0.026903416733925208,0.05434490180252892
P0161_0001.jpg,yolo_sam2,YOLO + SAM2,overlap__high_mask_area,overlap,high_mask_area,high_mask_area,,393,0.0190505981445312,0.2898550724637681,0.44141509822494956,0.6124746421326324,0.532412696835726,0.7208770513855259,1.353981705676621
P0161_0001.jpg,grounded_sam2,GroundingDINO + SAM2,overlap__high_mask_area,overlap,high_mask_area,high_mask_area,,393,0.0190505981445312,0.2898550724637681,0.011722731906218144,0.023173803526448364,0.019127237711734583,0.02939198278181329,1.536655905299973
P0161_0001.jpg,segearth_ov3,SegEarth-OV3 + SAM3,overlap__high_mask_area,overlap,high_mask_area,high_mask_area,,393,0.0190505981445312,0.2898550724637681,0.02996532937097573,0.05818706419812455,0.07198096371207614,0.048829701372074256,0.6783696529459241
P0161_0001.jpg,remotesam_text,RemoteSAM text,overlap__high_mask_area,overlap,high_mask_area,high_mask_area,,393,0.0190505981445312,0.2898550724637681,0.40278405124625305,0.5742638018851355,0.5083963926609308,0.6597390368576809,1.2976863061608825
P0161_0001.jpg,yolo_ringmo_sam,YOLO + RingMo-SAM,overlap__high_mask_area,overlap,high_mask_area,high_mask_area,,393,0.0190505981445312,0.2898550724637681,0.1850400930403379,0.3122933884297521,0.6729741763134461,0.20332257196663978,0.3021253699219801
P0161_0001.jpg,gt_box_ringmo_sam,GT bbox + RingMo-SAM,overlap__high_mask_area,overlap,high_mask_area,high_mask_area,,393,0.0190505981445312,0.2898550724637681,0.2019898629622677,0.3360924566609402,0.7436074637180373,0.21711057304277642,0.2919693301049233
P0257_0000.jpg,sam3_text,SAM3 text-only,overlap__high_mask_area,overlap,high_mask_area,high_mask_area,,52,0.0091314315795898,0.2748091603053435,0.17732296545836312,0.30123079335214803,0.17990916752504915,0.9250120365912373,5.141550312951372
P0257_0000.jpg,yolo_sam3,YOLO + SAM3,overlap__high_mask_area,overlap,high_mask_area,high_mask_area,,52,0.0091314315795898,0.2748091603053435,0.6036168891648557,0.7528193214268428,0.6295636687444346,0.93608570052961,1.4868801155512759
P0257_0000.jpg,gt_box_sam3,GT bbox + SAM3,overlap__high_mask_area,overlap,high_mask_area,high_mask_area,,52,0.0091314315795898,0.2748091603053435,0.6051373033014502,0.7540006727858138,0.6275497960163187,0.9442705825710159,1.504694270582571
P0257_0000.jpg,yolo_sam2,YOLO + SAM2,overlap__high_mask_area,overlap,high_mask_area,high_mask_area,,52,0.0091314315795898,0.2748091603053435,0.6343661081251976,0.7762839733049618,0.6488278092158448,0.9660568127106404,1.4889263360616274
P0257_0000.jpg,grounded_sam2,GroundingDINO + SAM2,overlap__high_mask_area,overlap,high_mask_area,high_mask_area,,52,0.0091314315795898,0.2748091603053435,0.06298982696622307,0.1185144492793431,0.06734576521810565,0.4933798748194511,7.326071256620125
P0257_0000.jpg,segearth_ov3,SegEarth-OV3 + SAM3,overlap__high_mask_area,overlap,high_mask_area,high_mask_area,,52,0.0091314315795898,0.2748091603053435,0.18908567581996705,0.31803541101372323,0.18979938954775274,0.9805007221954742,5.165984593163216
P0257_0000.jpg,remotesam_text,RemoteSAM text,overlap__high_mask_area,overlap,high_mask_area,high_mask_area,,52,0.0091314315795898,0.2748091603053435,0.5647329201197855,0.721826597828022,0.5726694915254237,0.9760471834376505,1.7043813192103996
P0257_0000.jpg,yolo_ringmo_sam,YOLO + RingMo-SAM,overlap__high_mask_area,overlap,high_mask_area,high_mask_area,,52,0.0091314315795898,0.2748091603053435,0.4279535624857728,0.5993942292364101,0.8872109485606419,0.4525758305247954,0.5101107366393838
P0257_0000.jpg,gt_box_ringmo_sam,GT bbox + RingMo-SAM,overlap__high_mask_area,overlap,high_mask_area,high_mask_area,,52,0.0091314315795898,0.2748091603053435,0.4303016453382084,0.6016935612717687,0.8945368171021377,0.45329802599903707,0.5067404910929225
P0259_0005.jpg,sam3_text,SAM3 text-only,overlap__high_mask_area,overlap,high_mask_area,high_mask_area,,78,0.019169807434082,0.1497005988023952,0.6679745400645217,0.8009409304756926,0.7482175993749389,0.8616578562591385,1.1516139916769768
P0259_0005.jpg,yolo_sam3,YOLO + SAM3,overlap__high_mask_area,overlap,high_mask_area,high_mask_area,,78,0.019169807434082,0.1497005988023952,0.678648941942485,0.8085656565656566,0.7759396163986972,0.8440557867506467,1.0877854009672703
P0259_0005.jpg,gt_box_sam3,GT bbox + SAM3,overlap__high_mask_area,overlap,high_mask_area,high_mask_area,,78,0.019169807434082,0.1497005988023952,0.6773981026001406,0.8076772014348931,0.755696016463325,0.8673377572826454,1.1477336632549768
P0259_0005.jpg,yolo_sam2,YOLO + SAM2,overlap__high_mask_area,overlap,high_mask_area,high_mask_area,,78,0.019169807434082,0.1497005988023952,0.7452843435525393,0.8540549238360867,0.8163129293550703,0.8954560791811945,1.0969519739061973
P0259_0005.jpg,grounded_sam2,GroundingDINO + SAM2,overlap__high_mask_area,overlap,high_mask_area,high_mask_area,,78,0.019169807434082,0.1497005988023952,0.05615824381727012,0.10634437433219765,0.06478433876989585,0.29664829602969295,4.579012484534923
P0259_0005.jpg,segearth_ov3,SegEarth-OV3 + SAM3,overlap__high_mask_area,overlap,high_mask_area,high_mask_area,,78,0.019169807434082,0.1497005988023952,0.13640242942487593,0.24006008064222123,0.13791081287122905,0.9257676301878304,6.7127994601282195
P0259_0005.jpg,remotesam_text,RemoteSAM text,overlap__high_mask_area,overlap,high_mask_area,high_mask_area,,78,0.019169807434082,0.1497005988023952,0.6927156251325781,0.8184666282362967,0.7382556404575665,0.9182319199190192,1.2437858508604207
P0259_0005.jpg,yolo_ringmo_sam,YOLO + RingMo-SAM,overlap__high_mask_area,overlap,high_mask_area,high_mask_area,,78,0.019169807434082,0.1497005988023952,0.5486251194394309,0.7085318616528983,0.9072952330787464,0.5812057136430098,0.6405916094927455
P0259_0005.jpg,gt_box_ringmo_sam,GT bbox + RingMo-SAM,overlap__high_mask_area,overlap,high_mask_area,high_mask_area,,78,0.019169807434082,0.1497005988023952,0.5559667471171896,0.7146254868842853,0.923145427019325,0.5829490496007198,0.6314812731976156
P0331_0007.jpg,sam3_text,SAM3 text-only,overlap__high_mask_area,overlap,high_mask_area,high_mask_area,,7,0.0045595169067382,0.3187183811129848,0.2520908004778972,0.4026717557251908,0.31151574803149606,0.5692446043165468,1.8273381294964028
P0331_0007.jpg,yolo_sam3,YOLO + SAM3,overlap__high_mask_area,overlap,high_mask_area,high_mask_area,,7,0.0045595169067382,0.3187183811129848,0.4304374870412606,0.601826351645166,0.847001223990208,0.46672661870503596,0.5510341726618705
P0331_0007.jpg,gt_box_sam3,GT bbox + SAM3,overlap__high_mask_area,overlap,high_mask_area,high_mask_area,,7,0.0045595169067382,0.3187183811129848,0.7255482074486599,0.8409480584972264,0.7625754527162978,0.9372751798561151,1.2290917266187051
P0331_0007.jpg,yolo_sam2,YOLO + SAM2,overlap__high_mask_area,overlap,high_mask_area,high_mask_area,,7,0.0045595169067382,0.3187183811129848,0.4738775510204082,0.6430351703129327,0.8370583994232156,0.5220323741007195,0.6236510791366906
P0331_0007.jpg,grounded_sam2,GroundingDINO + SAM2,overlap__high_mask_area,overlap,high_mask_area,high_mask_area,,7,0.0045595169067382,0.3187183811129848,0.0751195083086729,0.13974168960406522,0.08073253416279313,0.5193345323741008,6.4327787769784175
P0331_0007.jpg,segearth_ov3,SegEarth-OV3 + SAM3,overlap__high_mask_area,overlap,high_mask_area,high_mask_area,,7,0.0045595169067382,0.3187183811129848,0.2746669554857576,0.4309626986150055,0.34640076492282473,0.5701438848920863,1.6459082733812949
P0331_0007.jpg,remotesam_text,RemoteSAM text,overlap__high_mask_area,overlap,high_mask_area,high_mask_area,,7,0.0045595169067382,0.3187183811129848,0.6105892399658411,0.7582184517497349,0.7175832998795665,0.8037320143884892,1.1200539568345325
P0331_0007.jpg,yolo_ringmo_sam,YOLO + RingMo-SAM,overlap__high_mask_area,overlap,high_mask_area,high_mask_area,,7,0.0045595169067382,0.3187183811129848,0.21988485385296722,0.36050099836630967,0.9359095193213949,0.22324640287769784,0.2385341726618705
P0331_0007.jpg,gt_box_ringmo_sam,GT bbox + RingMo-SAM,overlap__high_mask_area,overlap,high_mask_area,high_mask_area,,7,0.0045595169067382,0.3187183811129848,0.2197388802832485,0.36030478955007256,0.9332706766917294,0.22324640287769784,0.2392086330935252
P1007_0014.jpg,sam3_text,SAM3 text-only,overlap__high_mask_area,overlap,high_mask_area,high_mask_area,,28,0.0049676895141601,0.208955223880597,0.3754602448004777,0.5459412530748082,0.404567874758739,0.8391903914590747,2.074288256227758
P1007_0014.jpg,yolo_sam3,YOLO + SAM3,overlap__high_mask_area,overlap,high_mask_area,high_mask_area,,28,0.0049676895141601,0.208955223880597,0.44038319823139277,0.6114806098434462,0.5662308129619101,0.6645907473309609,1.1737099644128113
P1007_0014.jpg,gt_box_sam3,GT bbox + SAM3,overlap__high_mask_area,overlap,high_mask_area,high_mask_area,,28,0.0049676895141601,0.208955223880597,0.4470718232044199,0.6178985949908369,0.4704651162790698,0.8999110320284698,1.9128113879003559
P1007_0014.jpg,yolo_sam2,YOLO + SAM2,overlap__high_mask_area,overlap,high_mask_area,high_mask_area,,28,0.0049676895141601,0.208955223880597,0.47853053435114506,0.6473055824459503,0.6267444282441158,0.6692615658362989,1.0678380782918149
P1007_0014.jpg,grounded_sam2,GroundingDINO + SAM2,overlap__high_mask_area,overlap,high_mask_area,high_mask_area,,28,0.0049676895141601,0.208955223880597,0.06603279375556603,0.12388510774220497,0.06963511311217302,0.560720640569395,8.052268683274022
P1007_0014.jpg,segearth_ov3,SegEarth-OV3 + SAM3,overlap__high_mask_area,overlap,high_mask_area,high_mask_area,,28,0.0049676895141601,0.208955223880597,0.38463067899393577,0.555571510626077,0.41019932145886345,0.8605427046263345,2.097864768683274
P1007_0014.jpg,remotesam_text,RemoteSAM text,overlap__high_mask_area,overlap,high_mask_area,high_mask_area,,28,0.0049676895141601,0.208955223880597,0.45209750566893425,0.6226820222525864,0.5547826086956522,0.7095195729537367,1.278914590747331
P1007_0014.jpg,yolo_ringmo_sam,YOLO + RingMo-SAM,overlap__high_mask_area,overlap,high_mask_area,high_mask_area,,28,0.0049676895141601,0.208955223880597,0.2640552060077126,0.4177906229929351,0.7511547344110855,0.28936832740213525,0.38523131672597866
P1007_0014.jpg,gt_box_ringmo_sam,GT bbox + RingMo-SAM,overlap__high_mask_area,overlap,high_mask_area,high_mask_area,,28,0.0049676895141601,0.208955223880597,0.2858358145470013,0.44459146543169037,0.8670967741935484,0.298932384341637,0.3447508896797153
P1090_0005.jpg,sam3_text,SAM3 text-only,overlap__high_mask_area,overlap,high_mask_area,high_mask_area,,118,0.017913818359375,0.2304761904761904,0.1621445792353909,0.2790437302423604,0.1893546657132642,0.5301551551551551,2.7997997997998
P1090_0005.jpg,yolo_sam3,YOLO + SAM3,overlap__high_mask_area,overlap,high_mask_area,high_mask_area,,118,0.017913818359375,0.2304761904761904,0.5606079027355623,0.7184481146774696,0.6141449120937666,0.8654279279279279,1.4091591591591592
P1090_0005.jpg,gt_box_sam3,GT bbox + SAM3,overlap__high_mask_area,overlap,high_mask_area,high_mask_area,,118,0.017913818359375,0.2304761904761904,0.5632327464646871,0.720599984536481,0.6127010562300039,0.8746246246246246,1.42748998998999
P1090_0005.jpg,yolo_sam2,YOLO + SAM2,overlap__high_mask_area,overlap,high_mask_area,high_mask_area,,118,0.017913818359375,0.2304761904761904,0.6402832481354228,0.7806983932357524,0.6597159262617105,0.9560185185185185,1.4491366366366367
P1090_0005.jpg,grounded_sam2,GroundingDINO + SAM2,overlap__high_mask_area,overlap,high_mask_area,high_mask_area,,118,0.017913818359375,0.2304761904761904,0.09946039145566589,0.18092582912237903,0.11780500718553816,0.38976476476476474,3.3085585585585586
P1090_0005.jpg,segearth_ov3,SegEarth-OV3 + SAM3,overlap__high_mask_area,overlap,high_mask_area,high_mask_area,,118,0.017913818359375,0.2304761904761904,0.24636746838581702,0.39533680818047984,0.2508457460237314,0.9324324324324325,3.7171546546546548
P1090_0005.jpg,remotesam_text,RemoteSAM text,overlap__high_mask_area,overlap,high_mask_area,high_mask_area,,118,0.017913818359375,0.2304761904761904,0.5520509244358617,0.7113824884792627,0.5630653632915086,0.9657782782782782,1.7152152152152151
P1090_0005.jpg,yolo_ringmo_sam,YOLO + RingMo-SAM,overlap__high_mask_area,overlap,high_mask_area,high_mask_area,,118,0.017913818359375,0.2304761904761904,0.4887751733245295,0.6566138152788558,0.8022216201571389,0.5557432432432432,0.6927552552552553
P1090_0005.jpg,gt_box_ringmo_sam,GT bbox + RingMo-SAM,overlap__high_mask_area,overlap,high_mask_area,high_mask_area,,118,0.017913818359375,0.2304761904761904,0.49325337331334335,0.6606425702811245,0.8143564356435643,0.5557432432432432,0.6824324324324325
P1122_0003.jpg,sam3_text,SAM3 text-only,overlap__high_mask_area,overlap,high_mask_area,high_mask_area,,10,0.0090494155883789,0.0707444492816717,0.13449211412897646,0.23709660464627352,0.15457629441798307,0.5086255496673807,3.2904498816101024
P1122_0003.jpg,yolo_sam3,YOLO + SAM3,overlap__high_mask_area,overlap,high_mask_area,high_mask_area,,10,0.0090494155883789,0.0707444492816717,0.3988434663882419,0.5702474593787679,0.5809546092653253,0.5599278385387304,0.963806517081971
P1122_0003.jpg,gt_box_sam3,GT bbox + SAM3,overlap__high_mask_area,overlap,high_mask_area,high_mask_area,,10,0.0090494155883789,0.0707444492816717,0.6953733766233766,0.8203188586201944,0.7128473955733067,0.9659488104634119,1.355056939903033
P1122_0003.jpg,yolo_sam2,YOLO + SAM2,overlap__high_mask_area,overlap,high_mask_area,high_mask_area,,10,0.0090494155883789,0.0707444492816717,0.2052428018908466,0.34058332739071523,0.46332945285215366,0.26925245236216033,0.5811252677866727
P1122_0003.jpg,grounded_sam2,GroundingDINO + SAM2,overlap__high_mask_area,overlap,high_mask_area,high_mask_area,,10,0.0090494155883789,0.0707444492816717,0.03467226963226618,0.06702077681967661,0.03467553189404067,0.9972939452023903,28.760739654978014
P1122_0003.jpg,segearth_ov3,SegEarth-OV3 + SAM3,overlap__high_mask_area,overlap,high_mask_area,high_mask_area,,10,0.0090494155883789,0.0707444492816717,0.1887122284192125,0.31750700280112043,0.20020017073386123,0.766828278272635,3.8303078137332283
P1122_0003.jpg,remotesam_text,RemoteSAM text,overlap__high_mask_area,overlap,high_mask_area,high_mask_area,,10,0.0090494155883789,0.0707444492816717,0.07771964246784391,0.14422979670274097,0.7003929273084479,0.0803923779456534,0.11478182433194273
P1122_0003.jpg,yolo_ringmo_sam,YOLO + RingMo-SAM,overlap__high_mask_area,overlap,high_mask_area,high_mask_area,,10,0.0090494155883789,0.0707444492816717,0.0012402751155710903,0.0024774774774774773,1.0,0.0012402751155710903,0.0012402751155710903
P1122_0003.jpg,gt_box_ringmo_sam,GT bbox + RingMo-SAM,overlap__high_mask_area,overlap,high_mask_area,high_mask_area,,10,0.0090494155883789,0.0707444492816717,0.0015779981965734896,0.0031510240828269186,0.8235294117647058,0.0015785319652722968,0.0019167888149735032
P1380_0023.jpg,sam3_text,SAM3 text-only,overlap__high_mask_area,overlap,high_mask_area,high_mask_area,,103,0.0130224227905273,0.2729007633587786,0.4266178106392724,0.5980828326377104,0.6414797323888233,0.560185582953862,0.873270899561818
P1380_0023.jpg,yolo_sam3,YOLO + SAM3,overlap__high_mask_area,overlap,high_mask_area,high_mask_area,,103,0.0130224227905273,0.2729007633587786,0.5190317387304508,0.6833718157386729,0.6107577807848444,0.7755820946816737,1.269868545407681
P1380_0023.jpg,gt_box_sam3,GT bbox + SAM3,overlap__high_mask_area,overlap,high_mask_area,high_mask_area,,103,0.0130224227905273,0.2729007633587786,0.5283800103513716,0.6914249162809949,0.6150756460034811,0.7894148981871295,1.2834435948105507
P1380_0023.jpg,yolo_sam2,YOLO + SAM2,overlap__high_mask_area,overlap,high_mask_area,high_mask_area,,103,0.0130224227905273,0.2729007633587786,0.5463839862247094,0.706660171201893,0.5938358968360723,0.8724117192198643,1.4691124667067617
P1380_0023.jpg,grounded_sam2,GroundingDINO + SAM2,overlap__high_mask_area,overlap,high_mask_area,high_mask_area,,103,0.0130224227905273,0.2729007633587786,0.06501409172431463,0.12209057556985625,0.07962449662674546,0.2616204141249248,3.2856774636996304
P1380_0023.jpg,segearth_ov3,SegEarth-OV3 + SAM3,overlap__high_mask_area,overlap,high_mask_area,high_mask_area,,103,0.0130224227905273,0.2729007633587786,0.5732371036441078,0.7287358050688125,0.6479438314944834,0.8325457513532091,1.2849042013918721
P1380_0023.jpg,remotesam_text,RemoteSAM text,overlap__high_mask_area,overlap,high_mask_area,high_mask_area,,103,0.0130224227905273,0.2729007633587786,0.5089684890923781,0.6745912757906761,0.5770381679389313,0.811839505112123,1.4069078099493084
P1380_0023.jpg,yolo_ringmo_sam,YOLO + RingMo-SAM,overlap__high_mask_area,overlap,high_mask_area,high_mask_area,,103,0.0130224227905273,0.2729007633587786,0.31854460093896714,0.48317607263663875,0.7810821181887951,0.34977231720938223,0.4478047942263081
P1380_0023.jpg,gt_box_ringmo_sam,GT bbox + RingMo-SAM,overlap__high_mask_area,overlap,high_mask_area,high_mask_area,,103,0.0130224227905273,0.2729007633587786,0.326274883020065,0.492016982598816,0.8092053501180173,0.3534667926797835,0.4368072858492998
P1410_0032.jpg,sam3_text,SAM3 text-only,overlap__high_mask_area,overlap,high_mask_area,high_mask_area,,29,0.0053348541259765,0.1013793103448275,0.5325214132762313,0.6949611387651733,0.6009666213562906,0.8238095238095238,1.370807453416149
P1410_0032.jpg,yolo_sam3,YOLO + SAM3,overlap__high_mask_area,overlap,high_mask_area,high_mask_area,,29,0.0053348541259765,0.1013793103448275,0.5007409403206251,0.6673249551166965,0.5890649762282092,0.7695652173913043,1.3064182194616978
P1410_0032.jpg,gt_box_sam3,GT bbox + SAM3,overlap__high_mask_area,overlap,high_mask_area,high_mask_area,,29,0.0053348541259765,0.1013793103448275,0.5821490237747377,0.7358965748824715,0.6188929680881107,0.9074534161490683,1.4662525879917185
P1410_0032.jpg,yolo_sam2,YOLO + SAM2,overlap__high_mask_area,overlap,high_mask_area,high_mask_area,,29,0.0053348541259765,0.1013793103448275,0.5212087607429997,0.6852560597776562,0.6119791666666666,0.7784679089026915,1.2720496894409938
P1410_0032.jpg,grounded_sam2,GroundingDINO + SAM2,overlap__high_mask_area,overlap,high_mask_area,high_mask_area,,29,0.0053348541259765,0.1013793103448275,0.24715205547300645,0.3963463065925338,0.29130180969060127,0.6198757763975156,2.1279503105590063
P1410_0032.jpg,segearth_ov3,SegEarth-OV3 + SAM3,overlap__high_mask_area,overlap,high_mask_area,high_mask_area,,29,0.0053348541259765,0.1013793103448275,0.5851481130799405,0.7382882498506699,0.6279576135868776,0.8956521739130435,1.4262939958592133
P1410_0032.jpg,remotesam_text,RemoteSAM text,overlap__high_mask_area,overlap,high_mask_area,high_mask_area,,29,0.0053348541259765,0.1013793103448275,0.45799525652228185,0.6282534246575342,0.5356204379562044,0.7596273291925466,1.4182194616977226
P1410_0032.jpg,yolo_ringmo_sam,YOLO + RingMo-SAM,overlap__high_mask_area,overlap,high_mask_area,high_mask_area,,29,0.0053348541259765,0.1013793103448275,0.5147316730971588,0.6796341322218363,0.7709482532177567,0.6076604554865425,0.7881987577639752
P1410_0032.jpg,gt_box_ringmo_sam,GT bbox + RingMo-SAM,overlap__high_mask_area,overlap,high_mask_area,high_mask_area,,29,0.0053348541259765,0.1013793103448275,0.5506799637352674,0.710243217960711,0.8159591617409995,0.6287784679089027,0.770600414078675
P1432_0011.jpg,sam3_text,SAM3 text-only,overlap__high_mask_area,overlap,high_mask_area,high_mask_area,,96,0.0145807266235351,0.2277039848197343,0.3611736774821939,0.5306797853309482,0.6336644237957919,0.45648995922135877,0.7203970146956991
P1432_0011.jpg,yolo_sam3,YOLO + SAM3,overlap__high_mask_area,overlap,high_mask_area,high_mask_area,,96,0.0145807266235351,0.2277039848197343,0.4240181567002171,0.5955235257431918,0.5416955562559093,0.6612295145033469,1.2206663076094484
P1432_0011.jpg,gt_box_sam3,GT bbox + SAM3,overlap__high_mask_area,overlap,high_mask_area,high_mask_area,,96,0.0145807266235351,0.2277039848197343,0.4991937581274382,0.6659496218166678,0.6064454976303317,0.738401169500654,1.217588674309456
P1432_0011.jpg,yolo_sam2,YOLO + SAM2,overlap__high_mask_area,overlap,high_mask_area,high_mask_area,,96,0.0145807266235351,0.2277039848197343,0.42925639983746444,0.6006709501336214,0.4763493709699238,0.812802954527968,1.7063168423482342
P1432_0011.jpg,grounded_sam2,GroundingDINO + SAM2,overlap__high_mask_area,overlap,high_mask_area,high_mask_area,,96,0.0145807266235351,0.2277039848197343,0.013088057901085645,0.025837947252485564,0.057105263157894735,0.01669616065245826,0.29237516349926906
P1432_0011.jpg,segearth_ov3,SegEarth-OV3 + SAM3,overlap__high_mask_area,overlap,high_mask_area,high_mask_area,,96,0.0145807266235351,0.2277039848197343,0.45297745756236013,0.6235161532682194,0.6091903398664024,0.6385319689159037,1.0481649611448796
P1432_0011.jpg,remotesam_text,RemoteSAM text,overlap__high_mask_area,overlap,high_mask_area,high_mask_area,,96,0.0145807266235351,0.2277039848197343,0.4315005138746146,0.602864630075026,0.5650740242261104,0.6460721705008848,1.1433407709471417
P1432_0011.jpg,yolo_ringmo_sam,YOLO + RingMo-SAM,overlap__high_mask_area,overlap,high_mask_area,high_mask_area,,96,0.0145807266235351,0.2277039848197343,0.3548688513648802,0.5238423645320197,0.7280569628919622,0.40909440640147726,0.5618988997460953
P1432_0011.jpg,gt_box_ringmo_sam,GT bbox + RingMo-SAM,overlap__high_mask_area,overlap,high_mask_area,high_mask_area,,96,0.0145807266235351,0.2277039848197343,0.3776766969909027,0.5482805912531112,0.8067264573991031,0.41524967300146187,0.5147341694237132
P1432_0016.jpg,sam3_text,SAM3 text-only,overlap__high_mask_area,overlap,high_mask_area,high_mask_area,,85,0.0122556686401367,0.1988636363636363,0.31014342747301493,0.47344957959483097,0.6122300058377116,0.385960069923636,0.630416781672647
P1432_0016.jpg,yolo_sam3,YOLO + SAM3,overlap__high_mask_area,overlap,high_mask_area,high_mask_area,,85,0.0122556686401367,0.1988636363636363,0.3732360097323601,0.5435861091424522,0.5241308618775092,0.5645413561505198,1.0771000092004783
P1432_0016.jpg,gt_box_sam3,GT bbox + SAM3,overlap__high_mask_area,overlap,high_mask_area,high_mask_area,,85,0.0122556686401367,0.1988636363636363,0.39525563958373733,0.5665709255999258,0.5705887841746757,0.5626092556812954,0.9860152727941853
P1432_0016.jpg,yolo_sam2,YOLO + SAM2,overlap__high_mask_area,overlap,high_mask_area,high_mask_area,,85,0.0122556686401367,0.1988636363636363,0.38272826194480164,0.5535842037487481,0.4528588985778662,0.7119330205170669,1.57208574845892
P1432_0016.jpg,grounded_sam2,GroundingDINO + SAM2,overlap__high_mask_area,overlap,high_mask_area,high_mask_area,,85,0.0122556686401367,0.1988636363636363,0.02361995753715499,0.046149857402126,0.03015671325709445,0.09826110957769804,3.2583494341705768
P1432_0016.jpg,segearth_ov3,SegEarth-OV3 + SAM3,overlap__high_mask_area,overlap,high_mask_area,high_mask_area,,85,0.0122556686401367,0.1988636363636363,0.4055613486270421,0.5770809634502201,0.6239572192513368,0.536755911307388,0.8602447327261018
P1432_0016.jpg,remotesam_text,RemoteSAM text,overlap__high_mask_area,overlap,high_mask_area,high_mask_area,,85,0.0122556686401367,0.1988636363636363,0.3093170291113736,0.47248607057574954,0.5581745235707122,0.4096052994755727,0.7338301591682768
P1432_0016.jpg,yolo_ringmo_sam,YOLO + RingMo-SAM,overlap__high_mask_area,overlap,high_mask_area,high_mask_area,,85,0.0122556686401367,0.1988636363636363,0.3731881445157568,0.5435353429261632,0.6331824299522819,0.47612475848744135,0.7519551016652866
P1432_0016.jpg,gt_box_ringmo_sam,GT bbox + RingMo-SAM,overlap__high_mask_area,overlap,high_mask_area,high_mask_area,,85,0.0122556686401367,0.1988636363636363,0.44154604739939557,0.6126006841001875,0.765054430205319,0.5108105621492317,0.6676787192934033
P1809_0002.jpg,sam3_text,SAM3 text-only,overlap__high_mask_area,overlap,high_mask_area,high_mask_area,,26,0.009709358215332,0.2398042414355628,0.19151401057128375,0.32146329606222657,0.22357465872110224,0.5718300724246027,2.557669441141498
P1809_0002.jpg,yolo_sam3,YOLO + SAM3,overlap__high_mask_area,overlap,high_mask_area,high_mask_area,,26,0.009709358215332,0.2398042414355628,0.3882270497547302,0.5593134780413932,0.5812543716484029,0.5389687601340396,0.9272511079883256
P1809_0002.jpg,gt_box_sam3,GT bbox + SAM3,overlap__high_mask_area,overlap,high_mask_area,high_mask_area,,26,0.009709358215332,0.2398042414355628,0.5433893684688778,0.70415072122461,0.5762665198237885,0.9049832450545887,1.570424818938493
P1809_0002.jpg,yolo_sam2,YOLO + SAM2,overlap__high_mask_area,overlap,high_mask_area,high_mask_area,,26,0.009709358215332,0.2398042414355628,0.4258037922506183,0.5972824515755999,0.6420934858279463,0.5583180196735488,0.8695276186358232
P1809_0002.jpg,grounded_sam2,GroundingDINO + SAM2,overlap__high_mask_area,overlap,high_mask_area,high_mask_area,,26,0.009709358215332,0.2398042414355628,0.07984975160547679,0.14789048473967684,0.1537384812784323,0.14247108420711274,0.9267106258782835
P1809_0002.jpg,segearth_ov3,SegEarth-OV3 + SAM3,overlap__high_mask_area,overlap,high_mask_area,high_mask_area,,26,0.009709358215332,0.2398042414355628,0.19721782651897105,0.3294602237796631,0.23018770671362915,0.5792887255431846,2.516592800778294
P1809_0002.jpg,remotesam_text,RemoteSAM text,overlap__high_mask_area,overlap,high_mask_area,high_mask_area,,26,0.009709358215332,0.2398042414355628,0.2825548770424162,0.4406125337794364,0.544269591479892,0.3701221489568695,0.6800345908550427
P1809_0002.jpg,yolo_ringmo_sam,YOLO + RingMo-SAM,overlap__high_mask_area,overlap,high_mask_area,high_mask_area,,26,0.009709358215332,0.2398042414355628,0.02514840798704803,0.04906296062328911,0.9433198380566802,0.025186466327964546,0.026699816236082585
P1809_0002.jpg,gt_box_ringmo_sam,GT bbox + RingMo-SAM,overlap__high_mask_area,overlap,high_mask_area,high_mask_area,,26,0.009709358215332,0.2398042414355628,0.027415002698327036,0.0533669503099065,0.9477611940298507,0.027456491190141607,0.028969841098259647
P1809_0025.jpg,sam3_text,SAM3 text-only,overlap__high_mask_area,overlap,high_mask_area,high_mask_area,,148,0.031768798828125,0.1659751037344398,0.5621035510978585,0.7196751466351994,0.7274513243290651,0.7120634593592253,0.9788468802582329
P1809_0025.jpg,yolo_sam3,YOLO + SAM3,overlap__high_mask_area,overlap,high_mask_area,high_mask_area,,148,0.031768798828125,0.1659751037344398,0.5682840361923911,0.724720807044772,0.7122724408926617,0.7376120325538271,1.035575701383881
P1809_0025.jpg,gt_box_sam3,GT bbox + SAM3,overlap__high_mask_area,overlap,high_mask_area,high_mask_area,,148,0.031768798828125,0.1659751037344398,0.57973387390197,0.7339639713745167,0.7044909044972208,0.7660107825967515,1.0873252978949899
P1809_0025.jpg,yolo_sam2,YOLO + SAM2,overlap__high_mask_area,overlap,high_mask_area,high_mask_area,,148,0.031768798828125,0.1659751037344398,0.7184157038938811,0.8361372655824449,0.7645870097341606,0.9224614539335875,1.2064832938429313
P1809_0025.jpg,grounded_sam2,GroundingDINO + SAM2,overlap__high_mask_area,overlap,high_mask_area,high_mask_area,,148,0.031768798828125,0.1659751037344398,0.12427483683828862,0.2210755462388132,0.1663258232235702,0.3295559905223035,1.9813880017856529
P1809_0025.jpg,segearth_ov3,SegEarth-OV3 + SAM3,overlap__high_mask_area,overlap,high_mask_area,high_mask_area,,148,0.031768798828125,0.1659751037344398,0.6837844674930432,0.8121995192307693,0.7219744117097144,0.9281961471103327,1.2856357954740565
P1809_0025.jpg,remotesam_text,RemoteSAM text,overlap__high_mask_area,overlap,high_mask_area,high_mask_area,,148,0.031768798828125,0.1659751037344398,0.6352621285121405,0.7769544924154026,0.6753213823879916,0.9145977129906253,1.3543147556745991
P1809_0025.jpg,yolo_ringmo_sam,YOLO + RingMo-SAM,overlap__high_mask_area,overlap,high_mask_area,high_mask_area,,148,0.031768798828125,0.1659751037344398,0.6398570675414446,0.7803815103236408,0.813116462574906,0.7501802822705265,0.9225988118539885
P1809_0025.jpg,gt_box_ringmo_sam,GT bbox + RingMo-SAM,overlap__high_mask_area,overlap,high_mask_area,high_mask_area,,148,0.031768798828125,0.1659751037344398,0.6628607390092601,0.7972534602076125,0.8388895209921493,0.7595549603379005,0.9054290718038529
P1829_0000.jpg,sam3_text,SAM3 text-only,overlap__high_mask_area,overlap,high_mask_area,high_mask_area,,58,0.0628290176391601,0.1666666666666666,0.6746084912218613,0.8056909955468338,0.7571282662354243,0.8609103813149236,1.1370733595715852
P1829_0000.jpg,yolo_sam3,YOLO + SAM3,overlap__high_mask_area,overlap,high_mask_area,high_mask_area,,58,0.0628290176391601,0.1666666666666666,0.6613377477310614,0.7961508713496338,0.7008231411852742,0.9214949351571069,1.3148751532356926
P1829_0000.jpg,gt_box_sam3,GT bbox + SAM3,overlap__high_mask_area,overlap,high_mask_area,high_mask_area,,58,0.0628290176391601,0.1666666666666666,0.735780752388535,0.847780748088211,0.7628364696322856,0.9540131621394928,1.2506129427705013
P1829_0000.jpg,yolo_sam2,YOLO + SAM2,overlap__high_mask_area,overlap,high_mask_area,high_mask_area,,58,0.0628290176391601,0.1666666666666666,0.6910350624705478,0.8172924119751459,0.7665833086084856,0.8751854958384412,1.141670430350345
P1829_0000.jpg,grounded_sam2,GroundingDINO + SAM2,overlap__high_mask_area,overlap,high_mask_area,high_mask_area,,58,0.0628290176391601,0.1666666666666666,0.2724027401078462,0.42817062793303623,0.44818767087044714,0.4098651525904897,0.9144944835150655
P1829_0000.jpg,segearth_ov3,SegEarth-OV3 + SAM3,overlap__high_mask_area,overlap,high_mask_area,high_mask_area,,58,0.0628290176391601,0.1666666666666666,0.6661647744520672,0.7996385287537259,0.7293441990933383,0.8849280598748306,1.2133202142073682
P1829_0000.jpg,remotesam_text,RemoteSAM text,overlap__high_mask_area,overlap,high_mask_area,high_mask_area,,58,0.0628290176391601,0.1666666666666666,0.6823807836387568,0.811208485349983,0.7600755578736661,0.869717401122653,1.144251242015614
P1829_0000.jpg,yolo_ringmo_sam,YOLO + RingMo-SAM,overlap__high_mask_area,overlap,high_mask_area,high_mask_area,,58,0.0628290176391601,0.1666666666666666,0.6425359380759307,0.7823706296844846,0.8820255419053209,0.7029485773275695,0.7969707723078908
P1829_0000.jpg,gt_box_ringmo_sam,GT bbox + RingMo-SAM,overlap__high_mask_area,overlap,high_mask_area,high_mask_area,,58,0.0628290176391601,0.1666666666666666,0.671768785420772,0.8036623141658824,0.926922833716249,0.7093360861991096,0.7652590489709014
P1854_0048.jpg,sam3_text,SAM3 text-only,overlap__high_mask_area,overlap,high_mask_area,high_mask_area,,51,0.0251674652099609,0.3842165898617511,0.16087895554261308,0.27716749412072117,0.18522295485024587,0.5503715080320452,2.9714001079241212
P1854_0048.jpg,yolo_sam3,YOLO + SAM3,overlap__high_mask_area,overlap,high_mask_area,high_mask_area,,51,0.0251674652099609,0.3842165898617511,0.43388491726241063,0.605187922739,0.5216842484897665,0.720518035780997,1.3811381843842099
P1854_0048.jpg,gt_box_sam3,GT bbox + SAM3,overlap__high_mask_area,overlap,high_mask_area,high_mask_area,,51,0.0251674652099609,0.3842165898617511,0.5403437008954182,0.7015884838965624,0.5751606223118993,0.8992569839359097,1.5634884396662654
P1854_0048.jpg,yolo_sam2,YOLO + SAM2,overlap__high_mask_area,overlap,high_mask_area,high_mask_area,,51,0.0251674652099609,0.3842165898617511,0.48950176903891884,0.6572691341679484,0.6189585625229189,0.7006350919430493,1.1319579926113486
P1854_0048.jpg,grounded_sam2,GroundingDINO + SAM2,overlap__high_mask_area,overlap,high_mask_area,high_mask_area,,51,0.0251674652099609,0.3842165898617511,0.07174436391095851,0.13388335190147843,0.07830154123580627,0.46141712672782365,5.89282304595077
P1854_0048.jpg,segearth_ov3,SegEarth-OV3 + SAM3,overlap__high_mask_area,overlap,high_mask_area,high_mask_area,,51,0.0251674652099609,0.3842165898617511,0.18788520129311348,0.3163356207966638,0.20698180886497566,0.6706653937154954,3.2402141878709894
P1854_0048.jpg,remotesam_text,RemoteSAM text,overlap__high_mask_area,overlap,high_mask_area,high_mask_area,,51,0.0251674652099609,0.3842165898617511,0.20405075478834978,0.3389404540911038,0.543207616257781,0.246316051637541,0.45344734548171517
P1854_0048.jpg,yolo_ringmo_sam,YOLO + RingMo-SAM,overlap__high_mask_area,overlap,high_mask_area,high_mask_area,,51,0.0251674652099609,0.3842165898617511,0.28397225821202654,0.44233394669674125,0.7760074976569822,0.3093271346145864,0.3986135901373957
P1854_0048.jpg,gt_box_ringmo_sam,GT bbox + RingMo-SAM,overlap__high_mask_area,overlap,high_mask_area,high_mask_area,,51,0.0251674652099609,0.3842165898617511,0.37393891312971045,0.5443312065132662,0.8938934193058979,0.3913079573284629,0.43775683865343906
P1854_0069.jpg,sam3_text,SAM3 text-only,overlap__high_mask_area,overlap,high_mask_area,high_mask_area,,65,0.0276927947998046,0.2989365892083497,0.2030125363458697,0.3375069339884301,0.21352866267585155,0.8047692830958769,3.7689051812100827
P1854_0069.jpg,yolo_sam3,YOLO + SAM3,overlap__high_mask_area,overlap,high_mask_area,high_mask_area,,65,0.0276927947998046,0.2989365892083497,0.5657883914128259,0.7226881927542068,0.6733228921952493,0.7798647065492612,1.158232871017724
P1854_0069.jpg,gt_box_sam3,GT bbox + SAM3,overlap__high_mask_area,overlap,high_mask_area,high_mask_area,,65,0.0276927947998046,0.2989365892083497,0.62094493856357,0.7661517967585397,0.6600541027953111,0.912890669286875,1.383054306337629
P1854_0069.jpg,yolo_sam2,YOLO + SAM2,overlap__high_mask_area,overlap,high_mask_area,high_mask_area,,65,0.0276927947998046,0.2989365892083497,0.582421549569564,0.7361142796974536,0.6871436996264989,0.7926004308227202,1.1534711462151845
P1854_0069.jpg,grounded_sam2,GroundingDINO + SAM2,overlap__high_mask_area,overlap,high_mask_area,high_mask_area,,65,0.0276927947998046,0.2989365892083497,0.2009741697416974,0.3346852493670575,0.4786949796090564,0.25728430520388496,0.5374702392199842
P1854_0069.jpg,segearth_ov3,SegEarth-OV3 + SAM3,overlap__high_mask_area,overlap,high_mask_area,high_mask_area,,65,0.0276927947998046,0.2989365892083497,0.21514276191534273,0.35410285714285716,0.22175991754859767,0.8781981028683723,3.9601300026454025
P1854_0069.jpg,remotesam_text,RemoteSAM text,overlap__high_mask_area,overlap,high_mask_area,high_mask_area,,65,0.0276927947998046,0.2989365892083497,0.32567610198170294,0.49133585722011897,0.5745800445253997,0.42915989569555196,0.7469105475983523
P1854_0069.jpg,yolo_ringmo_sam,YOLO + RingMo-SAM,overlap__high_mask_area,overlap,high_mask_area,high_mask_area,,65,0.0276927947998046,0.2989365892083497,0.3961241701058676,0.5674626635477984,0.8871564057225526,0.41714220928914253,0.4702014285174408
P1854_0069.jpg,gt_box_ringmo_sam,GT bbox + RingMo-SAM,overlap__high_mask_area,overlap,high_mask_area,high_mask_area,,65,0.0276927947998046,0.2989365892083497,0.4128208878812258,0.5843923903196584,0.9273040906850666,0.4266278674275349,0.46007331544537244
P1960_0002.jpg,sam3_text,SAM3 text-only,overlap__high_mask_area,overlap,high_mask_area,high_mask_area,,52,0.0601720809936523,0.4818043146655044,0.7214414554703417,0.8381829694849837,0.7625677251217338,0.9304446787501465,1.220146943147395
P1960_0002.jpg,yolo_sam3,YOLO + SAM3,overlap__high_mask_area,overlap,high_mask_area,high_mask_area,,52,0.0601720809936523,0.4818043146655044,0.7314336852481129,0.844887900102624,0.7647194424104358,0.9438335760070962,1.2342220213887634
P1960_0002.jpg,gt_box_sam3,GT bbox + SAM3,overlap__high_mask_area,overlap,high_mask_area,high_mask_area,,52,0.0601720809936523,0.4818043146655044,0.7605153315138866,0.8639689957825145,0.7912560547853683,0.9513983029572727,1.2023899181603654
P1960_0002.jpg,yolo_sam2,YOLO + SAM2,overlap__high_mask_area,overlap,high_mask_area,high_mask_area,,52,0.0601720809936523,0.4818043146655044,0.756463797414481,0.8613485783515693,0.7865281964764775,0.9519003866044083,1.2102558952988234
P1960_0002.jpg,grounded_sam2,GroundingDINO + SAM2,overlap__high_mask_area,overlap,high_mask_area,high_mask_area,,52,0.0601720809936523,0.4818043146655044,0.3247787173020818,0.4903139113881527,0.5541096323793052,0.4396913859182273,0.7935097320546937
P1960_0002.jpg,segearth_ov3,SegEarth-OV3 + SAM3,overlap__high_mask_area,overlap,high_mask_area,high_mask_area,,52,0.0601720809936523,0.4818043146655044,0.7132876695299778,0.8326537127599367,0.7349592038016677,0.9603019196331443,1.3066057471841475
P1960_0002.jpg,remotesam_text,RemoteSAM text,overlap__high_mask_area,overlap,high_mask_area,high_mask_area,,52,0.0601720809936523,0.4818043146655044,0.6890249829882376,0.815884892086331,0.7155169150399374,0.9490050375725929,1.3263208983950059
P1960_0002.jpg,yolo_ringmo_sam,YOLO + RingMo-SAM,overlap__high_mask_area,overlap,high_mask_area,high_mask_area,,52,0.0601720809936523,0.4818043146655044,0.731433316620707,0.8448876541757536,0.9197533296556072,0.7812923633077271,0.8494585864671721
P1960_0002.jpg,gt_box_ringmo_sam,GT bbox + RingMo-SAM,overlap__high_mask_area,overlap,high_mask_area,high_mask_area,,52,0.0601720809936523,0.4818043146655044,0.7368437632901224,0.848485947745019,0.9260432338269063,0.7829157671001322,0.8454419172900872
P1973_0001.jpg,sam3_text,SAM3 text-only,overlap__high_mask_area,overlap,high_mask_area,high_mask_area,,15,0.022261619567871,0.4707508060801474,0.8634274193548387,0.9267089347153399,0.8977067874061962,0.9576475849731664,1.0667710196779965
P1973_0001.jpg,yolo_sam3,YOLO + SAM3,overlap__high_mask_area,overlap,high_mask_area,high_mask_area,,15,0.022261619567871,0.4707508060801474,0.8712756245331563,0.9312103605801215,0.9235506290138119,0.9389982110912344,1.016726296958855
P1973_0001.jpg,gt_box_sam3,GT bbox + SAM3,overlap__high_mask_area,overlap,high_mask_area,high_mask_area,,15,0.022261619567871,0.4707508060801474,0.8720671070227337,0.9316622291490789,0.902798170910769,0.962432915921288,1.0660554561717352
P1973_0001.jpg,yolo_sam2,YOLO + SAM2,overlap__high_mask_area,overlap,high_mask_area,high_mask_area,,15,0.022261619567871,0.4707508060801474,0.8068695390177765,0.8931132232783058,0.8363522798251093,0.958139534883721,1.1456171735241503
P1973_0001.jpg,grounded_sam2,GroundingDINO + SAM2,overlap__high_mask_area,overlap,high_mask_area,high_mask_area,,15,0.022261619567871,0.4707508060801474,0.40143447872067917,0.5728908269577252,0.4045432754360733,0.981216457960644,2.4254919499105547
P1973_0001.jpg,segearth_ov3,SegEarth-OV3 + SAM3,overlap__high_mask_area,overlap,high_mask_area,high_mask_area,,15,0.022261619567871,0.4707508060801474,0.8364617460011563,0.91094927277688,0.8582275477518092,0.970572450805009,1.1309033989266548
P1973_0001.jpg,remotesam_text,RemoteSAM text,overlap__high_mask_area,overlap,high_mask_area,high_mask_area,,15,0.022261619567871,0.4707508060801474,0.8051926845199217,0.8920850293984622,0.9022872827081427,0.8821109123434705,0.9776386404293381
P1973_0001.jpg,yolo_ringmo_sam,YOLO + RingMo-SAM,overlap__high_mask_area,overlap,high_mask_area,high_mask_area,,15,0.022261619567871,0.4707508060801474,0.04364937388193202,0.08364758313335618,1.0,0.04364937388193202,0.04364937388193202
P1973_0001.jpg,gt_box_ringmo_sam,GT bbox + RingMo-SAM,overlap__high_mask_area,overlap,high_mask_area,high_mask_area,,15,0.022261619567871,0.4707508060801474,0.04364937388193202,0.08364758313335618,1.0,0.04364937388193202,0.04364937388193202
P1973_0002.jpg,sam3_text,SAM3 text-only,overlap__high_mask_area,overlap,high_mask_area,high_mask_area,,57,0.1081457138061523,0.4323593636269107,0.8031433620832893,0.8908258533091515,0.8171716628372511,0.9790726793967629,1.19812363047121
P1973_0002.jpg,yolo_sam3,YOLO + SAM3,overlap__high_mask_area,overlap,high_mask_area,high_mask_area,,57,0.1081457138061523,0.4323593636269107,0.8285377137319871,0.9062298332813361,0.8456605489220167,0.9761448800338814,1.1542987091903438
P1973_0002.jpg,gt_box_sam3,GT bbox + SAM3,overlap__high_mask_area,overlap,high_mask_area,high_mask_area,,57,0.1081457138061523,0.4323593636269107,0.8293002574303768,0.906685771307218,0.844491754313495,0.9787688511609921,1.159003443386672
P1973_0002.jpg,yolo_sam2,YOLO + SAM2,overlap__high_mask_area,overlap,high_mask_area,high_mask_area,,57,0.1081457138061523,0.4323593636269107,0.8208861108702677,0.9016336672236315,0.8508578431372549,0.9588542913436574,1.1269265472222734
P1973_0002.jpg,grounded_sam2,GroundingDINO + SAM2,overlap__high_mask_area,overlap,high_mask_area,high_mask_area,,57,0.1081457138061523,0.4323593636269107,0.34855081364614465,0.5169264815520749,0.4079333386577217,0.7053970942972361,1.7291969727659418
P1973_0002.jpg,segearth_ov3,SegEarth-OV3 + SAM3,overlap__high_mask_area,overlap,high_mask_area,high_mask_area,,57,0.1081457138061523,0.4323593636269107,0.7693047215227108,0.8696124665971915,0.777031384740248,0.9872392140976302,1.2705268197469939
P1973_0002.jpg,remotesam_text,RemoteSAM text,overlap__high_mask_area,overlap,high_mask_area,high_mask_area,,57,0.1081457138061523,0.4323593636269107,0.7194535671860807,0.8368397738863986,0.7490415184384935,0.9479533025208536,1.265555084979837
P1973_0002.jpg,yolo_ringmo_sam,YOLO + RingMo-SAM,overlap__high_mask_area,overlap,high_mask_area,high_mask_area,,57,0.1081457138061523,0.4323593636269107,0.8514362135131992,0.9197575453032254,0.8969835394187603,0.9437181210525346,1.0521019389765591
P1973_0002.jpg,gt_box_ringmo_sam,GT bbox + RingMo-SAM,overlap__high_mask_area,overlap,high_mask_area,high_mask_area,,57,0.1081457138061523,0.4323593636269107,0.8715228110327651,0.931351523898158,0.9100949837007618,0.9536247629219069,1.0478299298432983
P2027_0005.jpg,sam3_text,SAM3 text-only,overlap__high_mask_area,overlap,high_mask_area,high_mask_area,,92,0.1340551376342773,0.2566524476944952,0.5425813992319252,0.7034719846901885,0.8214571009656707,0.6151225126450011,0.7488187903201381
P2027_0005.jpg,yolo_sam3,YOLO + SAM3,overlap__high_mask_area,overlap,high_mask_area,high_mask_area,,92,0.1340551376342773,0.2566524476944952,0.7452440445405433,0.8540284630929513,0.8080249165619469,0.905586516037193,1.1207408304812672
P2027_0005.jpg,gt_box_sam3,GT bbox + SAM3,overlap__high_mask_area,overlap,high_mask_area,high_mask_area,,92,0.1340551376342773,0.2566524476944952,0.7899618436513909,0.8826577465360118,0.8604102704218466,0.9060862585940576,1.0530862888814854
P2027_0005.jpg,yolo_sam2,YOLO + SAM2,overlap__high_mask_area,overlap,high_mask_area,high_mask_area,,92,0.1340551376342773,0.2566524476944952,0.8019252598403227,0.8900760511136684,0.8315064800142028,0.9575218826665052,1.1515507162976648
P2027_0005.jpg,grounded_sam2,GroundingDINO + SAM2,overlap__high_mask_area,overlap,high_mask_area,high_mask_area,,92,0.1340551376342773,0.2566524476944952,0.0679161561641114,0.1271937984496124,0.3514152559797135,0.07764939273707484,0.22096192870339523
P2027_0005.jpg,segearth_ov3,SegEarth-OV3 + SAM3,overlap__high_mask_area,overlap,high_mask_area,high_mask_area,,92,0.1340551376342773,0.2566524476944952,0.777546790258577,0.8748538092158671,0.8015669910745802,0.9628903292243389,1.2012599569918527
P2027_0005.jpg,remotesam_text,RemoteSAM text,overlap__high_mask_area,overlap,high_mask_area,high_mask_area,,92,0.1340551376342773,0.2566524476944952,0.7174031329648616,0.8354510588627647,0.7465341931792445,0.9484129387891086,1.2704212981191507
P2027_0005.jpg,yolo_ringmo_sam,YOLO + RingMo-SAM,overlap__high_mask_area,overlap,high_mask_area,high_mask_area,,92,0.1340551376342773,0.2566524476944952,0.7963868034192425,0.8866540345357692,0.8398897332737297,0.9389329739225247,1.1179240997062119
P2027_0005.jpg,gt_box_ringmo_sam,GT bbox + RingMo-SAM,overlap__high_mask_area,overlap,high_mask_area,high_mask_area,,92,0.1340551376342773,0.2566524476944952,0.8403481836689144,0.913249124406011,0.8872765705226625,0.9407880788684617,1.060309840385256
P2197_0003.jpg,sam3_text,SAM3 text-only,overlap__high_mask_area,overlap,high_mask_area,high_mask_area,,185,0.0270919799804687,0.0526315789473684,0.32903771351259936,0.4951518082101138,0.6327566020554183,0.40670596596847697,0.6427526234374347
P2197_0003.jpg,yolo_sam3,YOLO + SAM3,overlap__high_mask_area,overlap,high_mask_area,high_mask_area,,185,0.0270919799804687,0.0526315789473684,0.38441259780688225,0.5553439753666639,0.5386912949498919,0.5730590743760191,1.0637986537898743
P2197_0003.jpg,gt_box_sam3,GT bbox + SAM3,overlap__high_mask_area,overlap,high_mask_area,high_mask_area,,185,0.0270919799804687,0.0526315789473684,0.3872805887237637,0.5583305812417437,0.551388152798728,0.5654500606212635,1.0255027384087962
P2197_0003.jpg,yolo_sam2,YOLO + SAM2,overlap__high_mask_area,overlap,high_mask_area,high_mask_area,,185,0.0270919799804687,0.0526315789473684,0.5891937093685091,0.7415001782289138,0.6241641424244156,0.9131652661064426,1.4630210293072452
P2197_0003.jpg,grounded_sam2,GroundingDINO + SAM2,overlap__high_mask_area,overlap,high_mask_area,high_mask_area,,185,0.0270919799804687,0.0526315789473684,0.03232803139847139,0.06263131565782891,0.15479723046488625,0.03925749404239308,0.25360591997993226
P2197_0003.jpg,segearth_ov3,SegEarth-OV3 + SAM3,overlap__high_mask_area,overlap,high_mask_area,high_mask_area,,185,0.0270919799804687,0.0526315789473684,0.535441778170961,0.6974432841195535,0.6125043483760791,0.8097328483632259,1.3220034282369664
P2197_0003.jpg,remotesam_text,RemoteSAM text,overlap__high_mask_area,overlap,high_mask_area,high_mask_area,,185,0.0270919799804687,0.0526315789473684,0.5207579753097944,0.6848663413436454,0.5410090430819211,0.9329403403152305,1.7244450018813495
P2197_0003.jpg,yolo_ringmo_sam,YOLO + RingMo-SAM,overlap__high_mask_area,overlap,high_mask_area,high_mask_area,,185,0.0270919799804687,0.0526315789473684,0.47423359689277295,0.643362894309708,0.7355314113597247,0.5717212258037543,0.7772900204858063
P2197_0003.jpg,gt_box_ringmo_sam,GT bbox + RingMo-SAM,overlap__high_mask_area,overlap,high_mask_area,high_mask_area,,185,0.0270919799804687,0.0526315789473684,0.5053334809729451,0.6713907414672421,0.8117995849392232,0.5723901500898867,0.7050880053513943
P2242_0004.jpg,sam3_text,SAM3 text-only,overlap__high_mask_area,overlap,high_mask_area,high_mask_area,,136,0.0197610855102539,0.1692047377326565,0.12356908494349253,0.21995814338324762,0.15344394395527286,0.3882588774341352,2.5302978235967926
P2242_0004.jpg,yolo_sam3,YOLO + SAM3,overlap__high_mask_area,overlap,high_mask_area,high_mask_area,,136,0.0197610855102539,0.1692047377326565,0.4453886976477338,0.6162891661911731,0.5436124119217471,0.711397479954181,1.3086483390607102
P2242_0004.jpg,gt_box_sam3,GT bbox + SAM3,overlap__high_mask_area,overlap,high_mask_area,high_mask_area,,136,0.0197610855102539,0.1692047377326565,0.4444648026677416,0.615404130092851,0.5523727115402132,0.6946735395189003,1.2576174112256586
P2242_0004.jpg,yolo_sam2,YOLO + SAM2,overlap__high_mask_area,overlap,high_mask_area,high_mask_area,,136,0.0197610855102539,0.1692047377326565,0.5522741384663148,0.7115677891947298,0.6313944718044279,0.8150630011454754,1.290893470790378
P2242_0004.jpg,grounded_sam2,GroundingDINO + SAM2,overlap__high_mask_area,overlap,high_mask_area,high_mask_area,,136,0.0197610855102539,0.1692047377326565,0.12095054331268407,0.215799963761551,0.2282483710233806,0.20463917525773195,0.8965635738831615
P2242_0004.jpg,segearth_ov3,SegEarth-OV3 + SAM3,overlap__high_mask_area,overlap,high_mask_area,high_mask_area,,136,0.0197610855102539,0.1692047377326565,0.15331291996257548,0.2658652605184557,0.15843368198997979,0.8258877434135166,5.2128293241695305
P2242_0004.jpg,remotesam_text,RemoteSAM text,overlap__high_mask_area,overlap,high_mask_area,high_mask_area,,136,0.0197610855102539,0.1692047377326565,0.4545120689079558,0.6249684394151537,0.5214693377255142,0.7797250859106529,1.49524627720504
P2242_0004.jpg,yolo_ringmo_sam,YOLO + RingMo-SAM,overlap__high_mask_area,overlap,high_mask_area,high_mask_area,,136,0.0197610855102539,0.1692047377326565,0.12456609571501735,0.22153628175285903,0.9509122502172024,0.12537227949599083,0.13184421534937
P2242_0004.jpg,gt_box_ringmo_sam,GT bbox + RingMo-SAM,overlap__high_mask_area,overlap,high_mask_area,high_mask_area,,136,0.0197610855102539,0.1692047377326565,0.1251352120694563,0.222435865000253,0.9544072948328267,0.1258877434135166,0.13190148911798397
P2455_0004.jpg,sam3_text,SAM3 text-only,overlap__high_mask_area,overlap,high_mask_area,high_mask_area,,74,0.0046644210815429,0.3559322033898305,0.18484458340996873,0.3120149022042844,0.3709856035437431,0.2692204661130458,0.7256897937315832
P2455_0004.jpg,yolo_sam3,YOLO + SAM3,overlap__high_mask_area,overlap,high_mask_area,high_mask_area,,74,0.0046644210815429,0.3559322033898305,0.2109065886805436,0.3483449353601364,0.37084089534180276,0.328422180551835,0.8856147870345566
P2455_0004.jpg,gt_box_sam3,GT bbox + SAM3,overlap__high_mask_area,overlap,high_mask_area,high_mask_area,,74,0.0046644210815429,0.3559322033898305,0.26644245142002987,0.42077308940690467,0.4683087027914614,0.38199839271363517,0.8156978301634075
P2455_0004.jpg,yolo_sam2,YOLO + SAM2,overlap__high_mask_area,overlap,high_mask_area,high_mask_area,,74,0.0046644210815429,0.3559322033898305,0.29683849867621864,0.4577879188183019,0.4148889856334349,0.5105813019019555,1.2306455933565497
P2455_0004.jpg,grounded_sam2,GroundingDINO + SAM2,overlap__high_mask_area,overlap,high_mask_area,high_mask_area,,74,0.0046644210815429,0.3559322033898305,0.06809041741783387,0.12749935081796937,0.1237087427563618,0.1315296008572194,1.0632199303509242
P2455_0004.jpg,segearth_ov3,SegEarth-OV3 + SAM3,overlap__high_mask_area,overlap,high_mask_area,high_mask_area,,74,0.0046644210815429,0.3559322033898305,0.2796961325966851,0.43712898003237993,0.4403370481108997,0.4339673185105813,0.985534422716314
P2455_0004.jpg,remotesam_text,RemoteSAM text,overlap__high_mask_area,overlap,high_mask_area,high_mask_area,,74,0.0046644210815429,0.3559322033898305,0.21784232365145229,0.3577512776831346,0.38054968287526425,0.337530136619341,0.8869541923386016
P2455_0004.jpg,yolo_ringmo_sam,YOLO + RingMo-SAM,overlap__high_mask_area,overlap,high_mask_area,high_mask_area,,74,0.0046644210815429,0.3559322033898305,0.08459135866736076,0.15598752099832014,0.7488479262672811,0.08706134476292526,0.11626038039110635
P2455_0004.jpg,gt_box_ringmo_sam,GT bbox + RingMo-SAM,overlap__high_mask_area,overlap,high_mask_area,high_mask_area,,74,0.0046644210815429,0.3559322033898305,0.1043455633619568,0.18897266729500473,0.7847358121330724,0.10742030538440932,0.1368872220733994
P2592_0000.jpg,sam3_text,SAM3 text-only,overlap__high_mask_area,overlap,high_mask_area,high_mask_area,,51,0.0099868774414062,0.171875,0.5036810581482406,0.6699307082693664,0.5396390374331551,0.8831637676403019,1.6365824308062575
P2592_0000.jpg,yolo_sam3,YOLO + SAM3,overlap__high_mask_area,overlap,high_mask_area,high_mask_area,,51,0.0099868774414062,0.171875,0.5190158124318429,0.6833580113967784,0.5792636543435266,0.8330598402800569,1.4381358713488677
P2592_0000.jpg,gt_box_sam3,GT bbox + SAM3,overlap__high_mask_area,overlap,high_mask_area,high_mask_area,,51,0.0099868774414062,0.171875,0.5638364560841401,0.7210938891858186,0.6081436405980016,0.8855705065091347,1.4561864128651132
P2592_0000.jpg,yolo_sam2,YOLO + SAM2,overlap__high_mask_area,overlap,high_mask_area,high_mask_area,,51,0.0099868774414062,0.171875,0.5327809798270894,0.6951821386603996,0.6094445360145047,0.8089924515917296,1.327425883382562
P2592_0000.jpg,grounded_sam2,GroundingDINO + SAM2,overlap__high_mask_area,overlap,high_mask_area,high_mask_area,,51,0.0099868774414062,0.171875,0.17692012534373602,0.3006493330073084,0.19999277091014242,0.605294825511432,3.0265835247784705
P2592_0000.jpg,segearth_ov3,SegEarth-OV3 + SAM3,overlap__high_mask_area,overlap,high_mask_area,high_mask_area,,51,0.0099868774414062,0.171875,0.5230088495575221,0.6868099941894248,0.5533337791747476,0.9051526091237283,1.6358166502570834
P2592_0000.jpg,remotesam_text,RemoteSAM text,overlap__high_mask_area,overlap,high_mask_area,high_mask_area,,51,0.0099868774414062,0.171875,0.47317656998028723,0.642389486260454,0.5703496266123558,0.7352587244283996,1.2891368559238596
P2592_0000.jpg,yolo_ringmo_sam,YOLO + RingMo-SAM,overlap__high_mask_area,overlap,high_mask_area,high_mask_area,,51,0.0099868774414062,0.171875,0.3967813008908899,0.5681366161442973,0.7613970588235294,0.453123290668417,0.5951208839295482
P2592_0000.jpg,gt_box_ringmo_sam,GT bbox + RingMo-SAM,overlap__high_mask_area,overlap,high_mask_area,high_mask_area,,51,0.0099868774414062,0.171875,0.42362648420205273,0.5951371218546792,0.8408228480127821,0.46056230171753637,0.5477518871020676
P2593_0000.jpg,sam3_text,SAM3 text-only,overlap__high_mask_area,overlap,high_mask_area,high_mask_area,,58,0.0110769271850585,0.2676056338028169,0.3670724711581363,0.5370197687430064,0.5102330114290777,0.5667749237279796,1.110815864580258
P2593_0000.jpg,yolo_sam3,YOLO + SAM3,overlap__high_mask_area,overlap,high_mask_area,high_mask_area,,58,0.0110769271850585,0.2676056338028169,0.45037118504261753,0.6210426540284361,0.5989578572081543,0.6448184233835252,1.0765672670012794
P2593_0000.jpg,gt_box_sam3,GT bbox + SAM3,overlap__high_mask_area,overlap,high_mask_area,high_mask_area,,58,0.0110769271850585,0.2676056338028169,0.48960082676656763,0.6573584251149076,0.5875513526083249,0.7459895679559099,1.269658498179313
P2593_0000.jpg,yolo_sam2,YOLO + SAM2,overlap__high_mask_area,overlap,high_mask_area,high_mask_area,,58,0.0110769271850585,0.2676056338028169,0.5127485202610411,0.6779031853523952,0.6913239206056886,0.6649936029918315,0.9619131975199291
P2593_0000.jpg,grounded_sam2,GroundingDINO + SAM2,overlap__high_mask_area,overlap,high_mask_area,high_mask_area,,58,0.0110769271850585,0.2676056338028169,0.181518373939965,0.30726288806607804,0.21620105014229027,0.530853262474166,2.455368566086015
P2593_0000.jpg,segearth_ov3,SegEarth-OV3 + SAM3,overlap__high_mask_area,overlap,high_mask_area,high_mask_area,,58,0.0110769271850585,0.2676056338028169,0.37776936186328347,0.5483782297965916,0.5129853432759064,0.5890168290522586,1.1482137584883378
P2593_0000.jpg,remotesam_text,RemoteSAM text,overlap__high_mask_area,overlap,high_mask_area,high_mask_area,,58,0.0110769271850585,0.2676056338028169,0.4366426248055438,0.6078653344489836,0.6080149665222528,0.6077157760062986,0.9995079224485779
P2593_0000.jpg,yolo_ringmo_sam,YOLO + RingMo-SAM,overlap__high_mask_area,overlap,high_mask_area,high_mask_area,,58,0.0110769271850585,0.2676056338028169,0.284109740379304,0.4425007169486665,0.8148930551888038,0.30371026473772267,0.37269953744710166
P2593_0000.jpg,gt_box_ringmo_sam,GT bbox + RingMo-SAM,overlap__high_mask_area,overlap,high_mask_area,high_mask_area,,58,0.0110769271850585,0.2676056338028169,0.29569148445428545,0.4564226716035318,0.8253927375740406,0.31542171046156875,0.3821474264344061
P2625_0009.jpg,sam3_text,SAM3 text-only,overlap__high_mask_area,overlap,high_mask_area,high_mask_area,,43,0.0850152969360351,0.4138590895911858,0.7017806485762255,0.8247604051243171,0.7047708433694911,0.9939905817304313,1.410374153644308
P2625_0009.jpg,yolo_sam3,YOLO + SAM3,overlap__high_mask_area,overlap,high_mask_area,high_mask_area,,43,0.0850152969360351,0.4138590895911858,0.8098102371066009,0.8949117653365354,0.8249688679804709,0.9778131808916899,1.1852728252465854
P2625_0009.jpg,gt_box_sam3,GT bbox + SAM3,overlap__high_mask_area,overlap,high_mask_area,high_mask_area,,43,0.0850152969360351,0.4138590895911858,0.8439304607680814,0.9153603985874237,0.8593118761500427,0.979230607033245,1.139552046482206
P2625_0009.jpg,yolo_sam2,YOLO + SAM2,overlap__high_mask_area,overlap,high_mask_area,high_mask_area,,43,0.0850152969360351,0.4138590895911858,0.8139573896997148,0.897438268750578,0.8377837590777513,0.9662394864465946,1.1533280228662466
P2625_0009.jpg,grounded_sam2,GroundingDINO + SAM2,overlap__high_mask_area,overlap,high_mask_area,high_mask_area,,43,0.0850152969360351,0.4138590895911858,0.24626624916975046,0.3952064806919235,0.5644873635216843,0.304032050230771,0.5385985052597053
P2625_0009.jpg,segearth_ov3,SegEarth-OV3 + SAM3,overlap__high_mask_area,overlap,high_mask_area,high_mask_area,,43,0.0850152969360351,0.4138590895911858,0.6745229900553538,0.8056300141129223,0.6761853276942157,0.9963685776538669,1.4735140454044935
P2625_0009.jpg,remotesam_text,RemoteSAM text,overlap__high_mask_area,overlap,high_mask_area,high_mask_area,,43,0.0850152969360351,0.4138590895911858,0.6851959009202396,0.8131943598320799,0.7712088743224506,0.8600145256893845,1.115151231169318
P2625_0009.jpg,yolo_ringmo_sam,YOLO + RingMo-SAM,overlap__high_mask_area,overlap,high_mask_area,high_mask_area,,43,0.0850152969360351,0.4138590895911858,0.3508933141022659,0.5194981875166826,0.9803074123419881,0.35338425134128343,0.36048309631469205
P2625_0009.jpg,gt_box_ringmo_sam,GT bbox + RingMo-SAM,overlap__high_mask_area,overlap,high_mask_area,high_mask_area,,43,0.0850152969360351,0.4138590895911858,0.35139980210697863,0.5200530613651242,0.9824578532838638,0.35361853665393717,0.3599325258299557
P2630_0001.jpg,sam3_text,SAM3 text-only,overlap__high_mask_area,overlap,high_mask_area,high_mask_area,,54,0.0554580688476562,0.06875753920386,0.6917333104021556,0.8177805640508645,0.7619145342320868,0.882487383895268,1.1582498354421122
P2630_0001.jpg,yolo_sam3,YOLO + SAM3,overlap__high_mask_area,overlap,high_mask_area,high_mask_area,,54,0.0554580688476562,0.06875753920386,0.6704212567561992,0.8026972286716396,0.7301171254830303,0.891300372997879,1.2207635485994295
P2630_0001.jpg,gt_box_sam3,GT bbox + SAM3,overlap__high_mask_area,overlap,high_mask_area,high_mask_area,,54,0.0554580688476562,0.06875753920386,0.7316973530364714,0.8450637771703762,0.7611964358989389,0.9497001389599942,1.2476413369414174
P2630_0001.jpg,yolo_sam2,YOLO + SAM2,overlap__high_mask_area,overlap,high_mask_area,high_mask_area,,54,0.0554580688476562,0.06875753920386,0.6957581806516004,0.8205865536609155,0.7596046077210461,0.8922145834857017,1.174577634754626
P2630_0001.jpg,grounded_sam2,GroundingDINO + SAM2,overlap__high_mask_area,overlap,high_mask_area,high_mask_area,,54,0.0554580688476562,0.06875753920386,0.1710212201591512,0.2920890197632935,0.3018610276618158,0.28292986177137425,0.9372851605353617
P2630_0001.jpg,segearth_ov3,SegEarth-OV3 + SAM3,overlap__high_mask_area,overlap,high_mask_area,high_mask_area,,54,0.0554580688476562,0.06875753920386,0.6845201063288275,0.8127182379801235,0.751225870523245,0.8851751627294668,1.1783076135449426
P2630_0001.jpg,remotesam_text,RemoteSAM text,overlap__high_mask_area,overlap,high_mask_area,high_mask_area,,54,0.0554580688476562,0.06875753920386,0.6566521188230325,0.7927459378611734,0.7405843124801524,0.8528121114605427,1.1515395304614935
P2630_0001.jpg,yolo_ringmo_sam,YOLO + RingMo-SAM,overlap__high_mask_area,overlap,high_mask_area,high_mask_area,,54,0.0554580688476562,0.06875753920386,0.6585060029466161,0.794095410901943,0.821805805492528,0.768192788707672,0.9347619395889709
P2630_0001.jpg,gt_box_ringmo_sam,GT bbox + RingMo-SAM,overlap__high_mask_area,overlap,high_mask_area,high_mask_area,,54,0.0554580688476562,0.06875753920386,0.7156939260264676,0.834290913046488,0.9085094010467145,0.7712828201565128,0.8489541432019309
P2678_0009.jpg,sam3_text,SAM3 text-only,overlap__high_mask_area,overlap,high_mask_area,high_mask_area,,86,0.0145559310913085,0.3089887640449438,0.3975007908889592,0.5688737973967176,0.5647614053487152,0.5730465186986926,1.0146701124961994
P2678_0009.jpg,yolo_sam3,YOLO + SAM3,overlap__high_mask_area,overlap,high_mask_area,high_mask_area,,86,0.0145559310913085,0.3089887640449438,0.48000409123453003,0.6486523842432619,0.5946528129751647,0.7134387351778656,1.1997567649741563
P2678_0009.jpg,gt_box_sam3,GT bbox + SAM3,overlap__high_mask_area,overlap,high_mask_area,high_mask_area,,86,0.0145559310913085,0.3089887640449438,0.5379944289693593,0.6996051726011518,0.6682582520240814,0.7340377014290058,1.098434174521131
P2678_0009.jpg,yolo_sam2,YOLO + SAM2,overlap__high_mask_area,overlap,high_mask_area,high_mask_area,,86,0.0145559310913085,0.3089887640449438,0.5229208097496303,0.6867340788856894,0.613704368641532,0.7794922468835512,1.2701429005776832
P2678_0009.jpg,grounded_sam2,GroundingDINO + SAM2,overlap__high_mask_area,overlap,high_mask_area,high_mask_area,,86,0.0145559310913085,0.3089887640449438,0.03233278797401714,0.06264024227588696,0.03946770015620984,0.15171784737002128,3.84410155062329
P2678_0009.jpg,segearth_ov3,SegEarth-OV3 + SAM3,overlap__high_mask_area,overlap,high_mask_area,high_mask_area,,86,0.0145559310913085,0.3089887640449438,0.47420805818738637,0.6433393923656193,0.5614094720145026,0.753268470659775,1.3417452113104287
P2678_0009.jpg,remotesam_text,RemoteSAM text,overlap__high_mask_area,overlap,high_mask_area,high_mask_area,,86,0.0145559310913085,0.3089887640449438,0.46843415848835507,0.6380049875311721,0.5670547904722502,0.7292490118577075,1.2860291882031012
P2678_0009.jpg,yolo_ringmo_sam,YOLO + RingMo-SAM,overlap__high_mask_area,overlap,high_mask_area,high_mask_area,,86,0.0145559310913085,0.3089887640449438,0.18956411520315472,0.318711892499852,0.7203639282847204,0.20462146549103072,0.284052903618121
P2678_0009.jpg,gt_box_ringmo_sam,GT bbox + RingMo-SAM,overlap__high_mask_area,overlap,high_mask_area,high_mask_area,,86,0.0145559310913085,0.3089887640449438,0.20005892751915144,0.33341517309108765,0.8660714285714286,0.20644572818485862,0.23837032532684707
P2771_0005.jpg,sam3_text,SAM3 text-only,overlap__high_mask_area,overlap,high_mask_area,high_mask_area,,43,0.0064725875854492,0.3074534161490683,0.13818765504158761,0.2428205128205128,0.48267074413863403,0.16221308667351833,0.33607399794450155
P2771_0005.jpg,yolo_sam3,YOLO + SAM3,overlap__high_mask_area,overlap,high_mask_area,high_mask_area,,43,0.0064725875854492,0.3074534161490683,0.3661336084601496,0.5360143490984612,0.597055730809674,0.48629667694415896,0.8144912641315519
P2771_0005.jpg,gt_box_sam3,GT bbox + SAM3,overlap__high_mask_area,overlap,high_mask_area,high_mask_area,,43,0.0064725875854492,0.3074534161490683,0.518454240425778,0.6828710758914965,0.615015097447159,0.7675573826652964,1.248030147310723
P2771_0005.jpg,yolo_sam2,YOLO + SAM2,overlap__high_mask_area,overlap,high_mask_area,high_mask_area,,43,0.0064725875854492,0.3074534161490683,0.2968502804544801,0.4578019296883664,0.6492607738282479,0.35354573484069884,0.5445357999314834
P2771_0005.jpg,grounded_sam2,GroundingDINO + SAM2,overlap__high_mask_area,overlap,high_mask_area,high_mask_area,,43,0.0064725875854492,0.3074534161490683,0.024930523702884278,0.04864822176007581,0.028741173908986284,0.15827338129496402,5.506851661527921
P2771_0005.jpg,segearth_ov3,SegEarth-OV3 + SAM3,overlap__high_mask_area,overlap,high_mask_area,high_mask_area,,43,0.0064725875854492,0.3074534161490683,0.2059377262853005,0.3415395700732557,0.5713137806347931,0.24357656731757452,0.4263446385748544
P2771_0005.jpg,remotesam_text,RemoteSAM text,overlap__high_mask_area,overlap,high_mask_area,high_mask_area,,43,0.0064725875854492,0.3074534161490683,0.1425233644859813,0.24948875255623723,0.33565015928178393,0.1985268927714971,0.5914696813977389
P2771_0005.jpg,yolo_ringmo_sam,YOLO + RingMo-SAM,overlap__high_mask_area,overlap,high_mask_area,high_mask_area,,43,0.0064725875854492,0.3074534161490683,0.054523970290344365,0.10340963662558028,0.7897310513447433,0.05532716683795821,0.07005823912298732
P2771_0005.jpg,gt_box_ringmo_sam,GT bbox + RingMo-SAM,overlap__high_mask_area,overlap,high_mask_area,high_mask_area,,43,0.0064725875854492,0.3074534161490683,0.09078636517043537,0.16646039603960397,0.8594249201277955,0.09215484755053101,0.10722850291195615
P2781_0005.jpg,sam3_text,SAM3 text-only,overlap__high_mask_area,overlap,high_mask_area,high_mask_area,,66,0.1247196197509765,0.4931031764798613,0.7053404417791664,0.8272136454387853,0.8505474267563276,0.8051259496201519,0.9465973610555778
P2781_0005.jpg,yolo_sam3,YOLO + SAM3,overlap__high_mask_area,overlap,high_mask_area,high_mask_area,,66,0.1247196197509765,0.4931031764798613,0.6830466501572853,0.8116788088951102,0.8072998243865395,0.8161055577768892,1.010907636945222
P2781_0005.jpg,gt_box_sam3,GT bbox + SAM3,overlap__high_mask_area,overlap,high_mask_area,high_mask_area,,66,0.1247196197509765,0.4931031764798613,0.7101245558549061,0.8304945431298233,0.7922432444205666,0.8726269492203119,1.1014634146341464
P2781_0005.jpg,yolo_sam2,YOLO + SAM2,overlap__high_mask_area,overlap,high_mask_area,high_mask_area,,66,0.1247196197509765,0.4931031764798613,0.6272549780018455,0.7709363148141299,0.7928650512597301,0.750187924830068,0.9461735305877649
P2781_0005.jpg,grounded_sam2,GroundingDINO + SAM2,overlap__high_mask_area,overlap,high_mask_area,high_mask_area,,66,0.1247196197509765,0.4931031764798613,0.3540855120781424,0.5229884064481573,0.40865029791370405,0.7261655337864854,1.776985205917633
P2781_0005.jpg,segearth_ov3,SegEarth-OV3 + SAM3,overlap__high_mask_area,overlap,high_mask_area,high_mask_area,,66,0.1247196197509765,0.4931031764798613,0.7264503753587989,0.8415537286530168,0.841180559439442,0.8419272291083567,1.0008876449420232
P2781_0005.jpg,remotesam_text,RemoteSAM text,overlap__high_mask_area,overlap,high_mask_area,high_mask_area,,66,0.1247196197509765,0.4931031764798613,0.6529483529890199,0.7900408404271023,0.8107316580546345,0.7703798480607756,0.9502279088364655
P2781_0005.jpg,yolo_ringmo_sam,YOLO + RingMo-SAM,overlap__high_mask_area,overlap,high_mask_area,high_mask_area,,66,0.1247196197509765,0.4931031764798613,0.4728176618378147,0.6420586527293844,0.9130120624059929,0.4951219512195122,0.5422950819672131
P2781_0005.jpg,gt_box_ringmo_sam,GT bbox + RingMo-SAM,overlap__high_mask_area,overlap,high_mask_area,high_mask_area,,66,0.1247196197509765,0.4931031764798613,0.5285330962075475,0.6915559728721531,0.9555499146817842,0.5418552578968413,0.5670611755297881
P2791_0013.jpg,sam3_text,SAM3 text-only,overlap__high_mask_area,overlap,high_mask_area,high_mask_area,,31,0.0086574554443359,0.2568093385214007,0.3060253699788584,0.46863617968433835,0.6915910176779742,0.35438854204921044,0.5124250214224507
P2791_0013.jpg,yolo_sam3,YOLO + SAM3,overlap__high_mask_area,overlap,high_mask_area,high_mask_area,,31,0.0086574554443359,0.2568093385214007,0.37084852665812557,0.5410496046010065,0.6554607211287232,0.4606438976618925,0.7027787978944792
P2791_0013.jpg,gt_box_sam3,GT bbox + SAM3,overlap__high_mask_area,overlap,high_mask_area,high_mask_area,,31,0.0086574554443359,0.2568093385214007,0.5505384470054789,0.7101255026197149,0.7068526379624015,0.7134288162565797,1.0093034643163177
P2791_0013.jpg,yolo_sam2,YOLO + SAM2,overlap__high_mask_area,overlap,high_mask_area,high_mask_area,,31,0.0086574554443359,0.2568093385214007,0.3676959619952494,0.5376866967697117,0.6215868936716993,0.47374219610723467,0.762149589913086
P2791_0013.jpg,grounded_sam2,GroundingDINO + SAM2,overlap__high_mask_area,overlap,high_mask_area,high_mask_area,,31,0.0086574554443359,0.2568093385214007,0.01545355278576755,0.030436749654127845,0.016079643074876682,0.2841229036601787,17.669727016770718
P2791_0013.jpg,segearth_ov3,SegEarth-OV3 + SAM3,overlap__high_mask_area,overlap,high_mask_area,high_mask_area,,31,0.0086574554443359,0.2568093385214007,0.3237036267276317,0.489087768880515,0.6817684394834755,0.38131962296486716,0.559309585016526
P2791_0013.jpg,remotesam_text,RemoteSAM text,overlap__high_mask_area,overlap,high_mask_area,high_mask_area,,31,0.0086574554443359,0.2568093385214007,0.16610610827818162,0.2848902121324898,0.5936409461031408,0.18741584037213857,0.3157057167339944
P2791_0013.jpg,yolo_ringmo_sam,YOLO + RingMo-SAM,overlap__high_mask_area,overlap,high_mask_area,high_mask_area,,31,0.0086574554443359,0.2568093385214007,0.034748562339410254,0.06716329667730873,0.9861111111111112,0.034765577182029626,0.03525523319867793
P2791_0013.jpg,gt_box_ringmo_sam,GT bbox + RingMo-SAM,overlap__high_mask_area,overlap,high_mask_area,high_mask_area,,31,0.0086574554443359,0.2568093385214007,0.046966731898238745,0.08971962616822429,0.9820971867007673,0.047006977598237236,0.04786387562737177
P0027_0002.jpg,sam3_text,SAM3 text-only,overlap__low_mask_area,overlap,low_mask_area,low_mask_area,,13,0.0022802352905273,0.1021671826625387,0.37583737583737586,0.5463398253861652,0.41685882654368434,0.792498782269849,1.9011203117389186
P0027_0002.jpg,yolo_sam3,YOLO + SAM3,overlap__low_mask_area,overlap,low_mask_area,low_mask_area,,13,0.0022802352905273,0.1021671826625387,0.5049928673323824,0.671090047393365,0.6534379326257499,0.6897223575255723,1.0555284948855335
P0027_0002.jpg,gt_box_sam3,GT bbox + SAM3,overlap__low_mask_area,overlap,low_mask_area,low_mask_area,,13,0.0022802352905273,0.1021671826625387,0.6669101533966398,0.8001752848378615,0.727200318598168,0.8894301022893327,1.2230881636629323
P0027_0002.jpg,yolo_sam2,YOLO + SAM2,overlap__low_mask_area,overlap,low_mask_area,low_mask_area,,13,0.0022802352905273,0.1021671826625387,0.4911977908180877,0.6587962962962963,0.6277018085575651,0.6931320019483682,1.104237700925475
P0027_0002.jpg,grounded_sam2,GroundingDINO + SAM2,overlap__low_mask_area,overlap,low_mask_area,low_mask_area,,13,0.0022802352905273,0.1021671826625387,0.057134250426749675,0.10809270516717326,0.05780366394636145,0.8314661471018022,14.384315635655138
P0027_0002.jpg,segearth_ov3,SegEarth-OV3 + SAM3,overlap__low_mask_area,overlap,low_mask_area,low_mask_area,,13,0.0022802352905273,0.1021671826625387,0.4038021071919377,0.5752977647250775,0.432531894013739,0.8587433024841695,1.9853872381880175
P0027_0002.jpg,remotesam_text,RemoteSAM text,overlap__low_mask_area,overlap,low_mask_area,low_mask_area,,13,0.0022802352905273,0.1021671826625387,0.49463087248322146,0.6618769645262685,0.6139108704706372,0.7179736970287385,1.1695080370189965
P0027_0002.jpg,yolo_ringmo_sam,YOLO + RingMo-SAM,overlap__low_mask_area,overlap,low_mask_area,low_mask_area,,13,0.0022802352905273,0.1021671826625387,0.28319006685768866,0.4413844436174172,0.9353312302839116,0.2888455918168534,0.3088163662932294
P0027_0002.jpg,gt_box_ringmo_sam,GT bbox + RingMo-SAM,overlap__low_mask_area,overlap,low_mask_area,low_mask_area,,13,0.0022802352905273,0.1021671826625387,0.3342884431709647,0.5010737294201861,0.9446693657219973,0.34096444227959083,0.3609352167559669
P0117_0000.jpg,sam3_text,SAM3 text-only,overlap__low_mask_area,overlap,low_mask_area,low_mask_area,,21,0.0014848709106445,0.1877934272300469,0.27054980947196516,0.4258783204798629,0.45429616087751373,0.40080645161290324,0.882258064516129
P0117_0000.jpg,yolo_sam3,YOLO + SAM3,overlap__low_mask_area,overlap,low_mask_area,low_mask_area,,21,0.0014848709106445,0.1877934272300469,0.35153203342618383,0.5201978565539983,0.5320404721753794,0.5088709677419355,0.9564516129032258
P0117_0000.jpg,gt_box_sam3,GT bbox + SAM3,overlap__low_mask_area,overlap,low_mask_area,low_mask_area,,21,0.0014848709106445,0.1877934272300469,0.43041666666666667,0.6018060005825808,0.47104423164614684,0.8330645161290322,1.7685483870967742
P0117_0000.jpg,yolo_sam2,YOLO + SAM2,overlap__low_mask_area,overlap,low_mask_area,low_mask_area,,21,0.0014848709106445,0.1877934272300469,0.36181163149768397,0.5313681027966742,0.5,0.5669354838709677,1.1338709677419354
P0117_0000.jpg,grounded_sam2,GroundingDINO + SAM2,overlap__low_mask_area,overlap,low_mask_area,low_mask_area,,21,0.0014848709106445,0.1877934272300469,0.010528226538391723,0.020837075624214118,0.013404206147446267,0.0467741935483871,3.4895161290322583
P0117_0000.jpg,segearth_ov3,SegEarth-OV3 + SAM3,overlap__low_mask_area,overlap,low_mask_area,low_mask_area,,21,0.0014848709106445,0.1877934272300469,0.325593395252838,0.491241728298949,0.4747930775018811,0.5088709677419355,1.071774193548387
P0117_0000.jpg,remotesam_text,RemoteSAM text,overlap__low_mask_area,overlap,low_mask_area,low_mask_area,,21,0.0014848709106445,0.1877934272300469,0.28254349130173967,0.44059869036482696,0.5244988864142539,0.37983870967741934,0.7241935483870968
P0117_0000.jpg,yolo_ringmo_sam,YOLO + RingMo-SAM,overlap__low_mask_area,overlap,low_mask_area,low_mask_area,,21,0.0014848709106445,0.1877934272300469,0.3057199211045365,0.46827794561933533,0.6233243967828418,0.375,0.6016129032258064
P0117_0000.jpg,gt_box_ringmo_sam,GT bbox + RingMo-SAM,overlap__low_mask_area,overlap,low_mask_area,low_mask_area,,21,0.0014848709106445,0.1877934272300469,0.3370418848167539,0.5041605482134116,0.6413449564134496,0.4153225806451613,0.6475806451612903
P0795_0002.jpg,sam3_text,SAM3 text-only,overlap__low_mask_area,overlap,low_mask_area,low_mask_area,,5,0.0023584365844726,0.0705421293272371,0.015577174956049112,0.030676496755105278,0.015581758692925853,0.9814651368049426,62.98808473080318
P0795_0002.jpg,yolo_sam3,YOLO + SAM3,overlap__low_mask_area,overlap,low_mask_area,low_mask_area,,5,0.0023584365844726,0.0705421293272371,0.6510663507109005,0.7886616433440976,0.6644498186215235,0.969991173874669,1.4598411297440423
P0795_0002.jpg,gt_box_sam3,GT bbox + SAM3,overlap__low_mask_area,overlap,low_mask_area,low_mask_area,,5,0.0023584365844726,0.0705421293272371,0.6577764459094996,0.7935647143890094,0.6720759338640538,0.968667255075022,1.441306266548985
P0795_0002.jpg,yolo_sam2,YOLO + SAM2,overlap__low_mask_area,overlap,low_mask_area,low_mask_area,,5,0.0023584365844726,0.0705421293272371,0.651761918862896,0.7891717461455718,0.6645531400966184,0.9713150926743159,1.4616063548102383
P0795_0002.jpg,grounded_sam2,GroundingDINO + SAM2,overlap__low_mask_area,overlap,low_mask_area,low_mask_area,,5,0.0023584365844726,0.0705421293272371,0.011318860852758706,0.022384356291376743,0.011327690860904505,0.9355692850838482,82.59135039717565
P0795_0002.jpg,segearth_ov3,SegEarth-OV3 + SAM3,overlap__low_mask_area,overlap,low_mask_area,low_mask_area,,5,0.0023584365844726,0.0705421293272371,0.014253432991482705,0.028106255355612682,0.014258206196588076,0.9770520741394528,68.52559576345985
P0795_0002.jpg,remotesam_text,RemoteSAM text,overlap__low_mask_area,overlap,low_mask_area,low_mask_area,,5,0.0023584365844726,0.0705421293272371,0.6083819039689148,0.7565142364106989,0.6211391328988382,0.9673433362753752,1.5573698146513681
P0795_0002.jpg,yolo_ringmo_sam,YOLO + RingMo-SAM,overlap__low_mask_area,overlap,low_mask_area,low_mask_area,,5,0.0023584365844726,0.0705421293272371,0.0,0.0,0.0,0.0,0.0
P0795_0002.jpg,gt_box_ringmo_sam,GT bbox + RingMo-SAM,overlap__low_mask_area,overlap,low_mask_area,low_mask_area,,5,0.0023584365844726,0.0705421293272371,0.0,0.0,0.0,0.0,0.0
P0953_0004.jpg,sam3_text,SAM3 text-only,overlap__low_mask_area,overlap,low_mask_area,low_mask_area,,5,0.0005550384521484,0.1366120218579235,0.0,0.0,0.0,0.0,2.1131687242798356
P0953_0004.jpg,yolo_sam3,YOLO + SAM3,overlap__low_mask_area,overlap,low_mask_area,low_mask_area,,5,0.0005550384521484,0.1366120218579235,0.28239845261121854,0.44042232277526394,0.8248587570621468,0.3004115226337449,0.36419753086419754
P0953_0004.jpg,gt_box_sam3,GT bbox + SAM3,overlap__low_mask_area,overlap,low_mask_area,low_mask_area,,5,0.0005550384521484,0.1366120218579235,0.6453488372093024,0.784452296819788,0.6873065015479877,0.9135802469135802,1.3292181069958848
P0953_0004.jpg,yolo_sam2,YOLO + SAM2,overlap__low_mask_area,overlap,low_mask_area,low_mask_area,,5,0.0005550384521484,0.1366120218579235,0.2900763358778626,0.44970414201183434,0.8,0.31275720164609055,0.39094650205761317
P0953_0004.jpg,grounded_sam2,GroundingDINO + SAM2,overlap__low_mask_area,overlap,low_mask_area,low_mask_area,,5,0.0005550384521484,0.1366120218579235,0.01552346570397112,0.030572342694632066,0.015833271964062156,0.44238683127572015,27.940329218106996
P0953_0004.jpg,segearth_ov3,SegEarth-OV3 + SAM3,overlap__low_mask_area,overlap,low_mask_area,low_mask_area,,5,0.0005550384521484,0.1366120218579235,0.0,0.0,0.0,0.0,2.0082304526748973
P0953_0004.jpg,remotesam_text,RemoteSAM text,overlap__low_mask_area,overlap,low_mask_area,low_mask_area,,5,0.0005550384521484,0.1366120218579235,0.27636363636363637,0.43304843304843305,0.7037037037037037,0.31275720164609055,0.4444444444444444
P0953_0004.jpg,yolo_ringmo_sam,YOLO + RingMo-SAM,overlap__low_mask_area,overlap,low_mask_area,low_mask_area,,5,0.0005550384521484,0.1366120218579235,0.0,0.0,0.0,0.0,0.0
P0953_0004.jpg,gt_box_ringmo_sam,GT bbox + RingMo-SAM,overlap__low_mask_area,overlap,low_mask_area,low_mask_area,,5,0.0005550384521484,0.1366120218579235,0.0,0.0,0.0,0.0,0.0
P1030_0003.jpg,sam3_text,SAM3 text-only,overlap__low_mask_area,overlap,low_mask_area,low_mask_area,,27,0.0043010711669921,0.161344537815126,0.4832831325301205,0.6516397603817646,0.5356367885161075,0.8317781233799897,1.552877138413686
P1030_0003.jpg,yolo_sam3,YOLO + SAM3,overlap__low_mask_area,overlap,low_mask_area,low_mask_area,,27,0.0043010711669921,0.161344537815126,0.573786728293166,0.7291797776379274,0.6124031007751938,0.9009849663037843,1.4712286158631416
P1030_0003.jpg,gt_box_sam3,GT bbox + SAM3,overlap__low_mask_area,overlap,low_mask_area,low_mask_area,,27,0.0043010711669921,0.161344537815126,0.5833333333333334,0.7368421052631579,0.6097809475292919,0.9307931570762052,1.526438569206843
P1030_0003.jpg,yolo_sam2,YOLO + SAM2,overlap__low_mask_area,overlap,low_mask_area,low_mask_area,,27,0.0043010711669921,0.161344537815126,0.566694987255735,0.7234273318872018,0.6219694143976129,0.8644375324002074,1.3898392949714877
P1030_0003.jpg,grounded_sam2,GroundingDINO + SAM2,overlap__low_mask_area,overlap,low_mask_area,low_mask_area,,27,0.0043010711669921,0.161344537815126,0.015924807957780434,0.031350367336324035,0.016078478446436194,0.6249351995852773,38.867807153965785
P1030_0003.jpg,segearth_ov3,SegEarth-OV3 + SAM3,overlap__low_mask_area,overlap,low_mask_area,low_mask_area,,27,0.0043010711669921,0.161344537815126,0.49890813801135536,0.6656954156954157,0.5323081702392047,0.8882840850181442,1.6687402799377915
P1030_0003.jpg,remotesam_text,RemoteSAM text,overlap__low_mask_area,overlap,low_mask_area,low_mask_area,,27,0.0043010711669921,0.161344537815126,0.52988606485539,0.6927131072410633,0.6207392197125257,0.7835666148263349,1.2623120787973043
P1030_0003.jpg,yolo_ringmo_sam,YOLO + RingMo-SAM,overlap__low_mask_area,overlap,low_mask_area,low_mask_area,,27,0.0043010711669921,0.161344537815126,0.2643037974683544,0.4181017220664798,0.9190140845070423,0.27060653188180406,0.2944530844997408
P1030_0003.jpg,gt_box_ringmo_sam,GT bbox + RingMo-SAM,overlap__low_mask_area,overlap,low_mask_area,low_mask_area,,27,0.0043010711669921,0.161344537815126,0.2719898605830165,0.4276604224790753,0.925,0.27812337998963194,0.3006739243131156
P1030_0004.jpg,sam3_text,SAM3 text-only,overlap__low_mask_area,overlap,low_mask_area,low_mask_area,,21,0.0035085678100585,0.0682226211849192,0.6429089151969075,0.7826470588235294,0.7278446389496718,0.8463740458015268,1.1628498727735368
P1030_0004.jpg,yolo_sam3,YOLO + SAM3,overlap__low_mask_area,overlap,low_mask_area,low_mask_area,,21,0.0035085678100585,0.0682226211849192,0.6594965675057208,0.794815223386652,0.7015579357351509,0.9166666666666666,1.306615776081425
P1030_0004.jpg,gt_box_sam3,GT bbox + SAM3,overlap__low_mask_area,overlap,low_mask_area,low_mask_area,,21,0.0035085678100585,0.0682226211849192,0.6561797752808989,0.7924016282225237,0.6909607193563654,0.9287531806615776,1.344147582697201
P1030_0004.jpg,yolo_sam2,YOLO + SAM2,overlap__low_mask_area,overlap,low_mask_area,low_mask_area,,21,0.0035085678100585,0.0682226211849192,0.6653079710144928,0.7990209409844983,0.6978622327790974,0.9344783715012722,1.339058524173028
P1030_0004.jpg,grounded_sam2,GroundingDINO + SAM2,overlap__low_mask_area,overlap,low_mask_area,low_mask_area,,21,0.0035085678100585,0.0682226211849192,0.01814578559484734,0.03564476885644769,0.019035862785862785,0.27958015267175573,14.687022900763358
P1030_0004.jpg,segearth_ov3,SegEarth-OV3 + SAM3,overlap__low_mask_area,overlap,low_mask_area,low_mask_area,,21,0.0035085678100585,0.0682226211849192,0.6685837526959022,0.8013787160706592,0.7305577376276512,0.8874045801526718,1.2146946564885497
P1030_0004.jpg,remotesam_text,RemoteSAM text,overlap__low_mask_area,overlap,low_mask_area,low_mask_area,,21,0.0035085678100585,0.0682226211849192,0.5985899476916079,0.748897424953763,0.6774774774774774,0.8371501272264631,1.2356870229007633
P1030_0004.jpg,yolo_ringmo_sam,YOLO + RingMo-SAM,overlap__low_mask_area,overlap,low_mask_area,low_mask_area,,21,0.0035085678100585,0.0682226211849192,0.05311704834605598,0.10087586831772878,1.0,0.05311704834605598,0.05311704834605598
P1030_0004.jpg,gt_box_ringmo_sam,GT bbox + RingMo-SAM,overlap__low_mask_area,overlap,low_mask_area,low_mask_area,,21,0.0035085678100585,0.0682226211849192,0.05311704834605598,0.10087586831772878,1.0,0.05311704834605598,0.05311704834605598
P1184_0013.jpg,sam3_text,SAM3 text-only,overlap__low_mask_area,overlap,low_mask_area,low_mask_area,,39,0.0022544860839843,0.226950354609929,0.14863258026159334,0.2587991718426501,0.2464268112370626,0.2724795640326976,1.1057220708446867
P1184_0013.jpg,yolo_sam3,YOLO + SAM3,overlap__low_mask_area,overlap,low_mask_area,low_mask_area,,39,0.0022544860839843,0.226950354609929,0.0,0.0,0.0,0.0,0.0
P1184_0013.jpg,gt_box_sam3,GT bbox + SAM3,overlap__low_mask_area,overlap,low_mask_area,low_mask_area,,39,0.0022544860839843,0.226950354609929,0.37273337810611146,0.5430528375733855,0.49267643142476697,0.6049046321525886,1.2277929155313352
P1184_0013.jpg,yolo_sam2,YOLO + SAM2,overlap__low_mask_area,overlap,low_mask_area,low_mask_area,,39,0.0022544860839843,0.226950354609929,0.0,0.0,0.0,0.0,0.0
P1184_0013.jpg,grounded_sam2,GroundingDINO + SAM2,overlap__low_mask_area,overlap,low_mask_area,low_mask_area,,39,0.0022544860839843,0.226950354609929,0.0,0.0,0.0,0.0,1.9188010899182562
P1184_0013.jpg,segearth_ov3,SegEarth-OV3 + SAM3,overlap__low_mask_area,overlap,low_mask_area,low_mask_area,,39,0.0022544860839843,0.226950354609929,0.15339918651946544,0.26599496221662466,0.24730679156908666,0.2877384196185286,1.1634877384196185
P1184_0013.jpg,remotesam_text,RemoteSAM text,overlap__low_mask_area,overlap,low_mask_area,low_mask_area,,39,0.0022544860839843,0.226950354609929,0.11512717536813923,0.2064825930372149,0.3885542168674699,0.14059945504087193,0.36185286103542236
P1184_0013.jpg,yolo_ringmo_sam,YOLO + RingMo-SAM,overlap__low_mask_area,overlap,low_mask_area,low_mask_area,,39,0.0022544860839843,0.226950354609929,0.0,0.0,0.0,0.0,0.0
P1184_0013.jpg,gt_box_ringmo_sam,GT bbox + RingMo-SAM,overlap__low_mask_area,overlap,low_mask_area,low_mask_area,,39,0.0022544860839843,0.226950354609929,0.0010899182561307902,0.002177463255307567,1.0,0.0010899182561307902,0.0010899182561307902
P1376_0004.jpg,sam3_text,SAM3 text-only,overlap__low_mask_area,overlap,low_mask_area,low_mask_area,,10,0.002324104309082,0.2711621233859397,0.45821474773609316,0.6284599006387509,0.5093471383376474,0.8202871699861046,1.6104678091709124
P1376_0004.jpg,yolo_sam3,YOLO + SAM3,overlap__low_mask_area,overlap,low_mask_area,low_mask_area,,10,0.002324104309082,0.2711621233859397,0.47130242825607066,0.6406601650412603,0.5382918373778758,0.7911069939786939,1.4696618805002315
P1376_0004.jpg,gt_box_sam3,GT bbox + SAM3,overlap__low_mask_area,overlap,low_mask_area,low_mask_area,,10,0.002324104309082,0.2711621233859397,0.5887740029542098,0.7411677203421346,0.6191363777570674,0.9231125521074571,1.4909680407596109
P1376_0004.jpg,yolo_sam2,YOLO + SAM2,overlap__low_mask_area,overlap,low_mask_area,low_mask_area,,10,0.002324104309082,0.2711621233859397,0.4229850746268657,0.5945038808474932,0.5433282208588958,0.6563223714682723,1.20796665122742
P1376_0004.jpg,grounded_sam2,GroundingDINO + SAM2,overlap__low_mask_area,overlap,low_mask_area,low_mask_area,,10,0.002324104309082,0.2711621233859397,0.019911667280088332,0.03904586626249504,0.02004347074369551,0.7517369152385364,37.50532654006484
P1376_0004.jpg,segearth_ov3,SegEarth-OV3 + SAM3,overlap__low_mask_area,overlap,low_mask_area,low_mask_area,,10,0.002324104309082,0.2711621233859397,0.4797154899894626,0.6483888196546199,0.526604973973395,0.8434460398332562,1.6016674386289949
P1376_0004.jpg,remotesam_text,RemoteSAM text,overlap__low_mask_area,overlap,low_mask_area,low_mask_area,,10,0.002324104309082,0.2711621233859397,0.44585779517286367,0.6167381006090683,0.6011433597185576,0.6331635016211209,1.0532654006484483
P1376_0004.jpg,yolo_ringmo_sam,YOLO + RingMo-SAM,overlap__low_mask_area,overlap,low_mask_area,low_mask_area,,10,0.002324104309082,0.2711621233859397,0.13169845594913715,0.23274478330658105,0.8708708708708709,0.13432144511347846,0.15423807318202873
P1376_0004.jpg,gt_box_ringmo_sam,GT bbox + RingMo-SAM,overlap__low_mask_area,overlap,low_mask_area,low_mask_area,,10,0.002324104309082,0.2711621233859397,0.13175829168559747,0.23283821758329987,0.8734939759036144,0.13432144511347846,0.15377489578508569
P1377_0010.jpg,sam3_text,SAM3 text-only,overlap__low_mask_area,overlap,low_mask_area,low_mask_area,,20,0.004012107849121,0.2214182344428364,0.505641614075349,0.6716626444811381,0.6320822376284962,0.7165311653116531,1.1336043360433605
P1377_0010.jpg,yolo_sam3,YOLO + SAM3,overlap__low_mask_area,overlap,low_mask_area,low_mask_area,,20,0.004012107849121,0.2214182344428364,0.4715008982524906,0.6408435072142065,0.5426691729323309,0.7823848238482385,1.4417344173441735
P1377_0010.jpg,gt_box_sam3,GT bbox + SAM3,overlap__low_mask_area,overlap,low_mask_area,low_mask_area,,20,0.004012107849121,0.2214182344428364,0.5494753833736885,0.7092405458901969,0.5760704010830936,0.9224932249322493,1.6013550135501355
P1377_0010.jpg,yolo_sam2,YOLO + SAM2,overlap__low_mask_area,overlap,low_mask_area,low_mask_area,,20,0.004012107849121,0.2214182344428364,0.42107130188009934,0.5926110833749376,0.5492827394724664,0.643360433604336,1.1712737127371273
P1377_0010.jpg,grounded_sam2,GroundingDINO + SAM2,overlap__low_mask_area,overlap,low_mask_area,low_mask_area,,20,0.004012107849121,0.2214182344428364,0.09112890563667765,0.167036003108182,0.09344109218533664,0.786449864498645,8.416531165311653
P1377_0010.jpg,segearth_ov3,SegEarth-OV3 + SAM3,overlap__low_mask_area,overlap,low_mask_area,low_mask_area,,20,0.004012107849121,0.2214182344428364,0.5120597243491577,0.6773009241676161,0.6355428842955572,0.7249322493224932,1.140650406504065
P1377_0010.jpg,remotesam_text,RemoteSAM text,overlap__low_mask_area,overlap,low_mask_area,low_mask_area,,20,0.004012107849121,0.2214182344428364,0.4152597402597403,0.5868318421656343,0.5087509944311853,0.6932249322493225,1.3626016260162601
P1377_0010.jpg,yolo_ringmo_sam,YOLO + RingMo-SAM,overlap__low_mask_area,overlap,low_mask_area,low_mask_area,,20,0.004012107849121,0.2214182344428364,0.2616822429906542,0.4148148148148148,0.7388888888888889,0.2883468834688347,0.3902439024390244
P1377_0010.jpg,gt_box_ringmo_sam,GT bbox + RingMo-SAM,overlap__low_mask_area,overlap,low_mask_area,low_mask_area,,20,0.004012107849121,0.2214182344428364,0.2709613966068355,0.4263880828013155,0.7450980392156863,0.2986449864498645,0.4008130081300813
P1384_0028.jpg,sam3_text,SAM3 text-only,overlap__low_mask_area,overlap,low_mask_area,low_mask_area,,84,0.0044097900390625,0.1224489795918367,0.24611734253666953,0.3950147135191276,0.48450106157112527,0.3334307422559907,0.6881940385739334
P1384_0028.jpg,yolo_sam3,YOLO + SAM3,overlap__low_mask_area,overlap,low_mask_area,low_mask_area,,84,0.0044097900390625,0.1224489795918367,0.10898617511520738,0.196551007687513,0.3400431344356578,0.13822326125073056,0.4064874342489772
P1384_0028.jpg,gt_box_sam3,GT bbox + SAM3,overlap__low_mask_area,overlap,low_mask_area,low_mask_area,,84,0.0044097900390625,0.1224489795918367,0.2638914027149321,0.4175855649434341,0.409435551811289,0.4260666277030976,1.0406195207481006
P1384_0028.jpg,yolo_sam2,YOLO + SAM2,overlap__low_mask_area,overlap,low_mask_area,low_mask_area,,84,0.0044097900390625,0.1224489795918367,0.10676089339027248,0.1929249470736871,0.10922517785338695,0.8255406195207481,7.558153126826418
P1384_0028.jpg,grounded_sam2,GroundingDINO + SAM2,overlap__low_mask_area,overlap,low_mask_area,low_mask_area,,84,0.0044097900390625,0.1224489795918367,0.037820036120259214,0.07288361142389191,0.04125941665056983,0.31209818819403856,7.564289888953828
P1384_0028.jpg,segearth_ov3,SegEarth-OV3 + SAM3,overlap__low_mask_area,overlap,low_mask_area,low_mask_area,,84,0.0044097900390625,0.1224489795918367,0.30893504780745135,0.4720403022670025,0.41478530323151835,0.5476329631794272,1.320280537697253
P1384_0028.jpg,remotesam_text,RemoteSAM text,overlap__low_mask_area,overlap,low_mask_area,low_mask_area,,84,0.0044097900390625,0.1224489795918367,0.1406009244992296,0.24653833164471461,0.14764518925166137,0.7466393921683226,5.056984219754529
P1384_0028.jpg,yolo_ringmo_sam,YOLO + RingMo-SAM,overlap__low_mask_area,overlap,low_mask_area,low_mask_area,,84,0.0044097900390625,0.1224489795918367,0.1693373754872239,0.2896296296296296,0.3953488372093023,0.22852133255406196,0.5780245470485097
P1384_0028.jpg,gt_box_ringmo_sam,GT bbox + RingMo-SAM,overlap__low_mask_area,overlap,low_mask_area,low_mask_area,,84,0.0044097900390625,0.1224489795918367,0.21440173253925285,0.3530985287561302,0.7443609022556391,0.2314436002337814,0.3109292811221508
P1429_0003.jpg,sam3_text,SAM3 text-only,overlap__low_mask_area,overlap,low_mask_area,low_mask_area,,3,0.0044965744018554,0.1645848640705363,0.0,0.0,0.0,0.0,0.0
P1429_0003.jpg,yolo_sam3,YOLO + SAM3,overlap__low_mask_area,overlap,low_mask_area,low_mask_area,,3,0.0044965744018554,0.1645848640705363,0.060457289087925234,0.11402116749072119,0.06057861144402018,0.9679358717434869,15.978178579380984
P1429_0003.jpg,gt_box_sam3,GT bbox + SAM3,overlap__low_mask_area,overlap,low_mask_area,low_mask_area,,3,0.0044965744018554,0.1645848640705363,0.06341938068799725,0.11927444964745143,0.06347296813462228,0.9868626141171232,15.547762191048765
P1429_0003.jpg,yolo_sam2,YOLO + SAM2,overlap__low_mask_area,overlap,low_mask_area,low_mask_area,,3,0.0044965744018554,0.1645848640705363,0.0,0.0,0.0,0.0,4.059897572923625
P1429_0003.jpg,grounded_sam2,GroundingDINO + SAM2,overlap__low_mask_area,overlap,low_mask_area,low_mask_area,,3,0.0044965744018554,0.1645848640705363,0.00475762188823879,0.009470188201802942,0.00475762188823879,1.0,210.18904475617902
P1429_0003.jpg,segearth_ov3,SegEarth-OV3 + SAM3,overlap__low_mask_area,overlap,low_mask_area,low_mask_area,,3,0.0044965744018554,0.1645848640705363,0.0,0.0,0.0,0.0,0.0
P1429_0003.jpg,remotesam_text,RemoteSAM text,overlap__low_mask_area,overlap,low_mask_area,low_mask_area,,3,0.0044965744018554,0.1645848640705363,0.0648586510973636,0.12181645147085979,0.06505841298740707,0.9547984858606101,14.676018704074817
P1429_0003.jpg,yolo_ringmo_sam,YOLO + RingMo-SAM,overlap__low_mask_area,overlap,low_mask_area,low_mask_area,,3,0.0044965744018554,0.1645848640705363,0.0,0.0,0.0,0.0,0.9009129369850812
P1429_0003.jpg,gt_box_ringmo_sam,GT bbox + RingMo-SAM,overlap__low_mask_area,overlap,low_mask_area,low_mask_area,,3,0.0044965744018554,0.1645848640705363,0.04205607476635514,0.08071748878923767,0.984375,0.04208416833667335,0.04275217100868404
P1474_0017.jpg,sam3_text,SAM3 text-only,overlap__low_mask_area,overlap,low_mask_area,low_mask_area,,13,0.0007038116455078,0.1475409836065573,0.0,0.0,0.0,0.0,4.433212996389892
P1474_0017.jpg,yolo_sam3,YOLO + SAM3,overlap__low_mask_area,overlap,low_mask_area,low_mask_area,,13,0.0007038116455078,0.1475409836065573,0.1209563994374121,0.21580928481806774,0.35390946502057613,0.1552346570397112,0.43862815884476536
P1474_0017.jpg,gt_box_sam3,GT bbox + SAM3,overlap__low_mask_area,overlap,low_mask_area,low_mask_area,,13,0.0007038116455078,0.1475409836065573,0.2838616714697406,0.44219977553310885,0.5845697329376854,0.3555956678700361,0.6083032490974729
P1474_0017.jpg,yolo_sam2,YOLO + SAM2,overlap__low_mask_area,overlap,low_mask_area,low_mask_area,,13,0.0007038116455078,0.1475409836065573,0.15384615384615385,0.26666666666666666,0.3564954682779456,0.21299638989169675,0.5974729241877257
P1474_0017.jpg,grounded_sam2,GroundingDINO + SAM2,overlap__low_mask_area,overlap,low_mask_area,low_mask_area,,13,0.0007038116455078,0.1475409836065573,0.0008552490912978405,0.0017090365306558428,0.000969227041434456,0.007220216606498195,7.449458483754513
P1474_0017.jpg,segearth_ov3,SegEarth-OV3 + SAM3,overlap__low_mask_area,overlap,low_mask_area,low_mask_area,,13,0.0007038116455078,0.1475409836065573,0.0,0.0,0.0,0.0,4.577617328519856
P1474_0017.jpg,remotesam_text,RemoteSAM text,overlap__low_mask_area,overlap,low_mask_area,low_mask_area,,13,0.0007038116455078,0.1475409836065573,0.25229960578186594,0.40293809024134314,0.48120300751879697,0.34657039711191334,0.720216606498195
P1474_0017.jpg,yolo_ringmo_sam,YOLO + RingMo-SAM,overlap__low_mask_area,overlap,low_mask_area,low_mask_area,,13,0.0007038116455078,0.1475409836065573,0.05114638447971781,0.09731543624161074,0.6904761904761905,0.052346570397111915,0.07581227436823104
P1474_0017.jpg,gt_box_ringmo_sam,GT bbox + RingMo-SAM,overlap__low_mask_area,overlap,low_mask_area,low_mask_area,,13,0.0007038116455078,0.1475409836065573,0.05114638447971781,0.09731543624161074,0.6904761904761905,0.052346570397111915,0.07581227436823104
P1474_0018.jpg,sam3_text,SAM3 text-only,overlap__low_mask_area,overlap,low_mask_area,low_mask_area,,17,0.0007667541503906,0.2191780821917808,0.1760752688172043,0.29942857142857143,0.48161764705882354,0.21724709784411278,0.45107794361525705
P1474_0018.jpg,yolo_sam3,YOLO + SAM3,overlap__low_mask_area,overlap,low_mask_area,low_mask_area,,17,0.0007667541503906,0.2191780821917808,0.2340686274509804,0.37934458788480635,0.47277227722772275,0.3167495854063018,0.6699834162520729
P1474_0018.jpg,gt_box_sam3,GT bbox + SAM3,overlap__low_mask_area,overlap,low_mask_area,low_mask_area,,17,0.0007667541503906,0.2191780821917808,0.24387254901960784,0.3921182266009852,0.4830097087378641,0.33001658374792703,0.6832504145936982
P1474_0018.jpg,yolo_sam2,YOLO + SAM2,overlap__low_mask_area,overlap,low_mask_area,low_mask_area,,17,0.0007667541503906,0.2191780821917808,0.182175622542595,0.3082039911308204,0.46488294314381273,0.23051409618573798,0.49585406301824214
P1474_0018.jpg,grounded_sam2,GroundingDINO + SAM2,overlap__low_mask_area,overlap,low_mask_area,low_mask_area,,17,0.0007667541503906,0.2191780821917808,0.010352693454992104,0.02049322681486627,0.010617239517725391,0.2935323383084577,27.64676616915423
P1474_0018.jpg,segearth_ov3,SegEarth-OV3 + SAM3,overlap__low_mask_area,overlap,low_mask_area,low_mask_area,,17,0.0007667541503906,0.2191780821917808,0.20078740157480315,0.3344262295081967,0.49038461538461536,0.2537313432835821,0.5174129353233831
P1474_0018.jpg,remotesam_text,RemoteSAM text,overlap__low_mask_area,overlap,low_mask_area,low_mask_area,,17,0.0007667541503906,0.2191780821917808,0.15128205128205127,0.26280623608017817,0.4,0.1956882255389718,0.4892205638474295
P1474_0018.jpg,yolo_ringmo_sam,YOLO + RingMo-SAM,overlap__low_mask_area,overlap,low_mask_area,low_mask_area,,17,0.0007667541503906,0.2191780821917808,0.13541666666666666,0.23853211009174313,0.56875,0.15091210613598674,0.26533996683250416
P1474_0018.jpg,gt_box_ringmo_sam,GT bbox + RingMo-SAM,overlap__low_mask_area,overlap,low_mask_area,low_mask_area,,17,0.0007667541503906,0.2191780821917808,0.15709969788519637,0.27154046997389036,0.6380368098159509,0.1724709784411277,0.2703150912106136
P1809_0036.jpg,sam3_text,SAM3 text-only,overlap__low_mask_area,overlap,low_mask_area,low_mask_area,,3,0.0006475448608398,0.09009009009009,0.3681948424068768,0.5382198952879581,0.7021857923497268,0.4363327674023769,0.6213921901528013
P1809_0036.jpg,yolo_sam3,YOLO + SAM3,overlap__low_mask_area,overlap,low_mask_area,low_mask_area,,3,0.0006475448608398,0.09009009009009,0.44841269841269843,0.6191780821917808,0.6699604743083004,0.5755517826825127,0.8590831918505942
P1809_0036.jpg,gt_box_sam3,GT bbox + SAM3,overlap__low_mask_area,overlap,low_mask_area,low_mask_area,,3,0.0006475448608398,0.09009009009009,0.6223224351747464,0.7671994440583739,0.6494117647058824,0.9371816638370118,1.4431239388794568
P1809_0036.jpg,yolo_sam2,YOLO + SAM2,overlap__low_mask_area,overlap,low_mask_area,low_mask_area,,3,0.0006475448608398,0.09009009009009,0.4355495251017639,0.6068052930056711,0.6844349680170576,0.5449915110356537,0.7962648556876061
P1809_0036.jpg,grounded_sam2,GroundingDINO + SAM2,overlap__low_mask_area,overlap,low_mask_area,low_mask_area,,3,0.0006475448608398,0.09009009009009,0.06091782861784215,0.11483986219216537,0.062086092715231786,0.7640067911714771,12.305602716468591
P1809_0036.jpg,segearth_ov3,SegEarth-OV3 + SAM3,overlap__low_mask_area,overlap,low_mask_area,low_mask_area,,3,0.0006475448608398,0.09009009009009,0.5167701863354037,0.6814086814086814,0.6582278481012658,0.7062818336162988,1.0730050933786077
P1809_0036.jpg,remotesam_text,RemoteSAM text,overlap__low_mask_area,overlap,low_mask_area,low_mask_area,,3,0.0006475448608398,0.09009009009009,0.38137082601054484,0.5521628498727735,0.44150559511698884,0.7368421052631579,1.66893039049236
P1809_0036.jpg,yolo_ringmo_sam,YOLO + RingMo-SAM,overlap__low_mask_area,overlap,low_mask_area,low_mask_area,,3,0.0006475448608398,0.09009009009009,0.011884550084889643,0.02348993288590604,1.0,0.011884550084889643,0.011884550084889643
P1809_0036.jpg,gt_box_ringmo_sam,GT bbox + RingMo-SAM,overlap__low_mask_area,overlap,low_mask_area,low_mask_area,,3,0.0006475448608398,0.09009009009009,0.011884550084889643,0.02348993288590604,1.0,0.011884550084889643,0.011884550084889643
P1854_0047.jpg,sam3_text,SAM3 text-only,overlap__low_mask_area,overlap,low_mask_area,low_mask_area,,9,0.0042552947998046,0.1981735159817351,0.1011147393311564,0.18365886082421515,0.10668461904007603,0.6594859241126071,6.181640146878825
P1854_0047.jpg,yolo_sam3,YOLO + SAM3,overlap__low_mask_area,overlap,low_mask_area,low_mask_area,,9,0.0042552947998046,0.1981735159817351,0.37109932694268816,0.5413164745258461,0.3887820512820513,0.8908200734394125,2.291309669522644
P1854_0047.jpg,gt_box_sam3,GT bbox + SAM3,overlap__low_mask_area,overlap,low_mask_area,low_mask_area,,9,0.0042552947998046,0.1981735159817351,0.6550347222222223,0.7915661386761775,0.6925477239353891,0.9236230110159118,1.3336597307221543
P1854_0047.jpg,yolo_sam2,YOLO + SAM2,overlap__low_mask_area,overlap,low_mask_area,low_mask_area,,9,0.0042552947998046,0.1981735159817351,0.41347357876283497,0.5850460666194188,0.4584201027349715,0.8083231334149327,1.76328029375765
P1854_0047.jpg,grounded_sam2,GroundingDINO + SAM2,overlap__low_mask_area,overlap,low_mask_area,low_mask_area,,9,0.0042552947998046,0.1981735159817351,0.04948421011027232,0.09430196211350883,0.055723695923090615,0.3064871481028152,5.500122399020808
P1854_0047.jpg,segearth_ov3,SegEarth-OV3 + SAM3,overlap__low_mask_area,overlap,low_mask_area,low_mask_area,,9,0.0042552947998046,0.1981735159817351,0.10304693742834312,0.18684053041040663,0.10721515326778484,0.7260709914320685,6.772093023255814
P1854_0047.jpg,remotesam_text,RemoteSAM text,overlap__low_mask_area,overlap,low_mask_area,low_mask_area,,9,0.0042552947998046,0.1981735159817351,0.2551239508100722,0.40653188180404354,0.5573560767590618,0.3199510403916769,0.5740514075887393
P1854_0047.jpg,yolo_ringmo_sam,YOLO + RingMo-SAM,overlap__low_mask_area,overlap,low_mask_area,low_mask_area,,9,0.0042552947998046,0.1981735159817351,0.3797893793412503,0.5505034101981162,0.8176555716353111,0.4149326805385557,0.5074663402692778
P1854_0047.jpg,gt_box_ringmo_sam,GT bbox + RingMo-SAM,overlap__low_mask_area,overlap,low_mask_area,low_mask_area,,9,0.0042552947998046,0.1981735159817351,0.4209571331367657,0.5924980047885076,0.8513761467889909,0.4543451652386781,0.5336597307221542
P2285_0007.jpg,sam3_text,SAM3 text-only,overlap__low_mask_area,overlap,low_mask_area,low_mask_area,,19,0.0025081634521484,0.2295081967213114,0.23039555863983344,0.3745064861816131,0.2735887927482489,0.5933869526362824,2.168900804289544
P2285_0007.jpg,yolo_sam3,YOLO + SAM3,overlap__low_mask_area,overlap,low_mask_area,low_mask_area,,19,0.0025081634521484,0.2295081967213114,0.449501246882793,0.6202150537634409,0.5978441127694859,0.644325290437891,1.0777479892761395
P2285_0007.jpg,gt_box_sam3,GT bbox + SAM3,overlap__low_mask_area,overlap,low_mask_area,low_mask_area,,19,0.0025081634521484,0.2295081967213114,0.5691699604743083,0.72544080604534,0.6404379062606911,0.8364611260053619,1.306076854334227
P2285_0007.jpg,yolo_sam2,YOLO + SAM2,overlap__low_mask_area,overlap,low_mask_area,low_mask_area,,19,0.0025081634521484,0.2295081967213114,0.4670458347273336,0.6367160775370582,0.6502095947834188,0.6237712243074174,0.9593386952636282
P2285_0007.jpg,grounded_sam2,GroundingDINO + SAM2,overlap__low_mask_area,overlap,low_mask_area,low_mask_area,,19,0.0025081634521484,0.2295081967213114,0.01012818483937332,0.020053266489111703,0.0121580547112462,0.05719392314566577,4.70420017873101
P2285_0007.jpg,segearth_ov3,SegEarth-OV3 + SAM3,overlap__low_mask_area,overlap,low_mask_area,low_mask_area,,19,0.0025081634521484,0.2295081967213114,0.2345809172377438,0.38001707941929974,0.27882205513784464,0.596514745308311,2.1394101876675604
P2285_0007.jpg,remotesam_text,RemoteSAM text,overlap__low_mask_area,overlap,low_mask_area,low_mask_area,,19,0.0025081634521484,0.2295081967213114,0.421978021978022,0.5935085007727975,0.5866433871671759,0.6005361930294906,1.0236818588025023
P2285_0007.jpg,yolo_ringmo_sam,YOLO + RingMo-SAM,overlap__low_mask_area,overlap,low_mask_area,low_mask_area,,19,0.0025081634521484,0.2295081967213114,0.0,0.0,0.0,0.0,0.0
P2285_0007.jpg,gt_box_ringmo_sam,GT bbox + RingMo-SAM,overlap__low_mask_area,overlap,low_mask_area,low_mask_area,,19,0.0025081634521484,0.2295081967213114,0.0,0.0,0.0,0.0,0.0
P2286_0004.jpg,sam3_text,SAM3 text-only,overlap__low_mask_area,overlap,low_mask_area,low_mask_area,,91,0.0023612976074218,0.2222222222222222,0.0,0.0,0.0,0.0,3.1183959261616803
P2286_0004.jpg,yolo_sam3,YOLO + SAM3,overlap__low_mask_area,overlap,low_mask_area,low_mask_area,,91,0.0023612976074218,0.2222222222222222,0.11293054771315642,0.20294266869609334,0.5,0.1273074474856779,0.2546148949713558
P2286_0004.jpg,gt_box_sam3,GT bbox + SAM3,overlap__low_mask_area,overlap,low_mask_area,low_mask_area,,91,0.0023612976074218,0.2222222222222222,0.04363419007770472,0.0836197021764032,0.41714285714285715,0.046467218332272436,0.11139401654996817
P2286_0004.jpg,yolo_sam2,YOLO + SAM2,overlap__low_mask_area,overlap,low_mask_area,low_mask_area,,91,0.0023612976074218,0.2222222222222222,0.08241469816272966,0.15227934044616878,0.319755600814664,0.09993634627625717,0.31253978357733925
P2286_0004.jpg,grounded_sam2,GroundingDINO + SAM2,overlap__low_mask_area,overlap,low_mask_area,low_mask_area,,91,0.0023612976074218,0.2222222222222222,0.0,0.0,0.0,0.0,1.5614258434118395
P2286_0004.jpg,segearth_ov3,SegEarth-OV3 + SAM3,overlap__low_mask_area,overlap,low_mask_area,low_mask_area,,91,0.0023612976074218,0.2222222222222222,0.00015842839036755386,0.0003168065895770632,0.00021088148460565162,0.0006365372374283895,3.0184595798854232
P2286_0004.jpg,remotesam_text,RemoteSAM text,overlap__low_mask_area,overlap,low_mask_area,low_mask_area,,91,0.0023612976074218,0.2222222222222222,0.10365853658536585,0.1878453038674033,0.33943427620632277,0.12985359643539146,0.3825588796944621
P2286_0004.jpg,yolo_ringmo_sam,YOLO + RingMo-SAM,overlap__low_mask_area,overlap,low_mask_area,low_mask_area,,91,0.0023612976074218,0.2222222222222222,0.007614213197969543,0.015113350125944584,0.7058823529411765,0.0076384468491406746,0.010821133036282623
P2286_0004.jpg,gt_box_ringmo_sam,GT bbox + RingMo-SAM,overlap__low_mask_area,overlap,low_mask_area,low_mask_area,,91,0.0023612976074218,0.2222222222222222,0.010069225928256766,0.019937694704049845,0.47058823529411764,0.010184595798854232,0.021642266072565246
P2331_0001.jpg,sam3_text,SAM3 text-only,overlap__low_mask_area,overlap,low_mask_area,low_mask_area,,53,0.0028228759765625,0.2057142857142857,0.08203952011291461,0.1516386760150008,0.11790060851926977,0.21242576518958428,1.8017359524897214
P2331_0001.jpg,yolo_sam3,YOLO + SAM3,overlap__low_mask_area,overlap,low_mask_area,low_mask_area,,53,0.0028228759765625,0.2057142857142857,0.006124234470691163,0.01217391304347826,0.008915304606240713,0.019186843307446324,2.152124257651896
P2331_0001.jpg,gt_box_sam3,GT bbox + SAM3,overlap__low_mask_area,overlap,low_mask_area,low_mask_area,,53,0.0028228759765625,0.2057142857142857,0.12216532553035844,0.21773142112125163,0.3799772468714448,0.1525810872544541,0.40155322064869803
P2331_0001.jpg,yolo_sam2,YOLO + SAM2,overlap__low_mask_area,overlap,low_mask_area,low_mask_area,,53,0.0028228759765625,0.2057142857142857,0.06910032742022186,0.1292681811948622,0.0718203982121089,0.6459570580173595,8.994061215166743
P2331_0001.jpg,grounded_sam2,GroundingDINO + SAM2,overlap__low_mask_area,overlap,low_mask_area,low_mask_area,,53,0.0028228759765625,0.2057142857142857,0.024844052484405247,0.048483576450834294,0.03147138964577657,0.10552763819095477,3.353129282777524
P2331_0001.jpg,segearth_ov3,SegEarth-OV3 + SAM3,overlap__low_mask_area,overlap,low_mask_area,low_mask_area,,53,0.0028228759765625,0.2057142857142857,0.0982379541556214,0.17890103649013206,0.12978986402966625,0.2878026496116948,2.217450890817725
P2331_0001.jpg,remotesam_text,RemoteSAM text,overlap__low_mask_area,overlap,low_mask_area,low_mask_area,,53,0.0028228759765625,0.2057142857142857,0.03550890738730044,0.06858252427184466,0.03747718687661814,0.403380539058931,10.763362265874829
P2331_0001.jpg,yolo_ringmo_sam,YOLO + RingMo-SAM,overlap__low_mask_area,overlap,low_mask_area,low_mask_area,,53,0.0028228759765625,0.2057142857142857,0.06863818912011684,0.1284591732148958,0.10259208731241473,0.1717679305619004,1.6742804933759707
P2331_0001.jpg,gt_box_ringmo_sam,GT bbox + RingMo-SAM,overlap__low_mask_area,overlap,low_mask_area,low_mask_area,,53,0.0028228759765625,0.2057142857142857,0.15752285951787198,0.27217235188509875,0.6359060402684564,0.17313841936957514,0.2722704431247145
P2337_0001.jpg,sam3_text,SAM3 text-only,overlap__low_mask_area,overlap,low_mask_area,low_mask_area,,11,0.0004472732543945,0.0862068965517241,0.0,0.0,0.0,0.0,0.0
P2337_0001.jpg,yolo_sam3,YOLO + SAM3,overlap__low_mask_area,overlap,low_mask_area,low_mask_area,,11,0.0004472732543945,0.0862068965517241,0.0,0.0,0.0,0.0,0.0
P2337_0001.jpg,gt_box_sam3,GT bbox + SAM3,overlap__low_mask_area,overlap,low_mask_area,low_mask_area,,11,0.0004472732543945,0.0862068965517241,0.0,0.0,0.0,0.0,0.0
P2337_0001.jpg,yolo_sam2,YOLO + SAM2,overlap__low_mask_area,overlap,low_mask_area,low_mask_area,,11,0.0004472732543945,0.0862068965517241,0.0,0.0,0.0,0.0,0.0
P2337_0001.jpg,grounded_sam2,GroundingDINO + SAM2,overlap__low_mask_area,overlap,low_mask_area,low_mask_area,,11,0.0004472732543945,0.0862068965517241,0.0024780801762190347,0.004943908949676844,0.0024788053535310067,0.8944099378881988,360.8229813664596
P2337_0001.jpg,segearth_ov3,SegEarth-OV3 + SAM3,overlap__low_mask_area,overlap,low_mask_area,low_mask_area,,11,0.0004472732543945,0.0862068965517241,0.0,0.0,0.0,0.0,0.0
P2337_0001.jpg,remotesam_text,RemoteSAM text,overlap__low_mask_area,overlap,low_mask_area,low_mask_area,,11,0.0004472732543945,0.0862068965517241,0.0,0.0,0.0,0.0,0.0
P2337_0001.jpg,yolo_ringmo_sam,YOLO + RingMo-SAM,overlap__low_mask_area,overlap,low_mask_area,low_mask_area,,11,0.0004472732543945,0.0862068965517241,0.0,0.0,0.0,0.0,0.0
P2337_0001.jpg,gt_box_ringmo_sam,GT bbox + RingMo-SAM,overlap__low_mask_area,overlap,low_mask_area,low_mask_area,,11,0.0004472732543945,0.0862068965517241,0.0,0.0,0.0,0.0,0.0
P2363_0003.jpg,sam3_text,SAM3 text-only,overlap__low_mask_area,overlap,low_mask_area,low_mask_area,,27,0.0012645721435546,0.2397260273972602,0.19120613150463897,0.3210294615645107,0.2404870624048706,0.48268839103869654,2.0071283095723014
P2363_0003.jpg,yolo_sam3,YOLO + SAM3,overlap__low_mask_area,overlap,low_mask_area,low_mask_area,,27,0.0012645721435546,0.2397260273972602,0.2506194690265487,0.4007925275969431,0.2775382203057625,0.7209775967413442,2.5977596741344198
P2363_0003.jpg,gt_box_sam3,GT bbox + SAM3,overlap__low_mask_area,overlap,low_mask_area,low_mask_area,,27,0.0012645721435546,0.2397260273972602,0.33078994614003593,0.49713322091062395,0.37165910237014627,0.7505091649694501,2.019348268839104
P2363_0003.jpg,yolo_sam2,YOLO + SAM2,overlap__low_mask_area,overlap,low_mask_area,low_mask_area,,27,0.0012645721435546,0.2397260273972602,0.26935312831389185,0.4243943191311612,0.29206592564200845,0.7759674134419552,2.6568228105906315
P2363_0003.jpg,grounded_sam2,GroundingDINO + SAM2,overlap__low_mask_area,overlap,low_mask_area,low_mask_area,,27,0.0012645721435546,0.2397260273972602,0.006903951112562392,0.013713226777854992,0.007016213141177586,0.3014256619144603,42.961303462321794
P2363_0003.jpg,segearth_ov3,SegEarth-OV3 + SAM3,overlap__low_mask_area,overlap,low_mask_area,low_mask_area,,27,0.0012645721435546,0.2397260273972602,0.22831692451945618,0.3717557251908397,0.2973137973137973,0.4959266802443992,1.6680244399185336
P2363_0003.jpg,remotesam_text,RemoteSAM text,overlap__low_mask_area,overlap,low_mask_area,low_mask_area,,27,0.0012645721435546,0.2397260273972602,0.19148073022312373,0.32141641130405174,0.24143222506393863,0.48065173116089616,1.990835030549898
P2363_0003.jpg,yolo_ringmo_sam,YOLO + RingMo-SAM,overlap__low_mask_area,overlap,low_mask_area,low_mask_area,,27,0.0012645721435546,0.2397260273972602,0.22971741112123975,0.37361008154188285,0.6866485013623979,0.25661914460285135,0.37372708757637474
P2363_0003.jpg,gt_box_ringmo_sam,GT bbox + RingMo-SAM,overlap__low_mask_area,overlap,low_mask_area,low_mask_area,,27,0.0012645721435546,0.2397260273972602,0.23485554520037277,0.38037735849056603,0.7346938775510204,0.25661914460285135,0.34928716904276985
P2404_0002.jpg,sam3_text,SAM3 text-only,overlap__low_mask_area,overlap,low_mask_area,low_mask_area,,30,0.0014076232910156,0.2347826086956521,0.12057178371659416,0.21519689406544648,0.2747875354107649,0.17684594348222424,0.6435733819507748
P2404_0002.jpg,yolo_sam3,YOLO + SAM3,overlap__low_mask_area,overlap,low_mask_area,low_mask_area,,30,0.0014076232910156,0.2347826086956521,0.15922190201729106,0.2747047855811063,0.20839226779820838,0.4029170464904284,1.9334548769371012
P2404_0002.jpg,gt_box_sam3,GT bbox + SAM3,overlap__low_mask_area,overlap,low_mask_area,low_mask_area,,30,0.0014076232910156,0.2347826086956521,0.22604790419161677,0.36874236874236876,0.33308823529411763,0.41294439380127623,1.2397447584320875
P2404_0002.jpg,yolo_sam2,YOLO + SAM2,overlap__low_mask_area,overlap,low_mask_area,low_mask_area,,30,0.0014076232910156,0.2347826086956521,0.16298979255844584,0.28029445073612685,0.16591251885369532,0.902461257976299,5.439380127620784
P2404_0002.jpg,grounded_sam2,GroundingDINO + SAM2,overlap__low_mask_area,overlap,low_mask_area,low_mask_area,,30,0.0014076232910156,0.2347826086956521,0.0,0.0,0.0,0.0,1.8304466727438469
P2404_0002.jpg,segearth_ov3,SegEarth-OV3 + SAM3,overlap__low_mask_area,overlap,low_mask_area,low_mask_area,,30,0.0014076232910156,0.2347826086956521,0.2206196581196581,0.3614879649890591,0.34764309764309764,0.3764813126709207,1.0829535095715588
P2404_0002.jpg,remotesam_text,RemoteSAM text,overlap__low_mask_area,overlap,low_mask_area,low_mask_area,,30,0.0014076232910156,0.2347826086956521,0.1607843137254902,0.27702702702702703,0.17442684944457576,0.6727438468550593,3.8568824065633547
P2404_0002.jpg,yolo_ringmo_sam,YOLO + RingMo-SAM,overlap__low_mask_area,overlap,low_mask_area,low_mask_area,,30,0.0014076232910156,0.2347826086956521,0.003587443946188341,0.0071492403932082215,0.18181818181818182,0.0036463081130355514,0.020054694621695533
P2404_0002.jpg,gt_box_ringmo_sam,GT bbox + RingMo-SAM,overlap__low_mask_area,overlap,low_mask_area,low_mask_area,,30,0.0014076232910156,0.2347826086956521,0.0036429872495446266,0.007259528130671506,0.8,0.0036463081130355514,0.004557885141294439
P2404_0027.jpg,sam3_text,SAM3 text-only,overlap__low_mask_area,overlap,low_mask_area,low_mask_area,,15,0.0005922317504882,0.3555555555555555,0.0,0.0,0.0,0.0,0.0
P2404_0027.jpg,yolo_sam3,YOLO + SAM3,overlap__low_mask_area,overlap,low_mask_area,low_mask_area,,15,0.0005922317504882,0.3555555555555555,0.25592885375494073,0.4075531077891424,0.31280193236714976,0.5846501128668171,1.8690744920993227
P2404_0027.jpg,gt_box_sam3,GT bbox + SAM3,overlap__low_mask_area,overlap,low_mask_area,low_mask_area,,15,0.0005922317504882,0.3555555555555555,0.3516355140186916,0.5203111495246326,0.4215686274509804,0.6794582392776524,1.6117381489841986
P2404_0027.jpg,yolo_sam2,YOLO + SAM2,overlap__low_mask_area,overlap,low_mask_area,low_mask_area,,15,0.0005922317504882,0.3555555555555555,0.1941860465116279,0.3252190847127556,0.20732464307883303,0.7539503386004515,3.636568848758465
P2404_0027.jpg,grounded_sam2,GroundingDINO + SAM2,overlap__low_mask_area,overlap,low_mask_area,low_mask_area,,15,0.0005922317504882,0.3555555555555555,0.02509860164933668,0.04896817068905212,0.028973509933774833,0.1580135440180587,5.45372460496614
P2404_0027.jpg,segearth_ov3,SegEarth-OV3 + SAM3,overlap__low_mask_area,overlap,low_mask_area,low_mask_area,,15,0.0005922317504882,0.3555555555555555,0.171875,0.29333333333333333,0.23249669749009247,0.3972911963882618,1.7088036117381489
P2404_0027.jpg,remotesam_text,RemoteSAM text,overlap__low_mask_area,overlap,low_mask_area,low_mask_area,,15,0.0005922317504882,0.3555555555555555,0.13,0.23008849557522124,0.14145077720207253,0.6162528216704289,4.356659142212189
P2404_0027.jpg,yolo_ringmo_sam,YOLO + RingMo-SAM,overlap__low_mask_area,overlap,low_mask_area,low_mask_area,,15,0.0005922317504882,0.3555555555555555,0.11602209944751381,0.2079207920792079,0.38650306748466257,0.14221218961625282,0.36794582392776526
P2404_0027.jpg,gt_box_ringmo_sam,GT bbox + RingMo-SAM,overlap__low_mask_area,overlap,low_mask_area,low_mask_area,,15,0.0005922317504882,0.3555555555555555,0.12962962962962962,0.22950819672131148,0.5943396226415094,0.14221218961625282,0.23927765237020315
P2420_0001.jpg,sam3_text,SAM3 text-only,overlap__low_mask_area,overlap,low_mask_area,low_mask_area,,19,0.0006084442138671,0.3684210526315789,0.0,0.0,0.0,0.0,0.0
P2420_0001.jpg,yolo_sam3,YOLO + SAM3,overlap__low_mask_area,overlap,low_mask_area,low_mask_area,,19,0.0006084442138671,0.3684210526315789,0.0,0.0,0.0,0.0,0.0
P2420_0001.jpg,gt_box_sam3,GT bbox + SAM3,overlap__low_mask_area,overlap,low_mask_area,low_mask_area,,19,0.0006084442138671,0.3684210526315789,0.2718579234972678,0.42749731471535984,0.381957773512476,0.4853658536585366,1.2707317073170732
P2420_0001.jpg,yolo_sam2,YOLO + SAM2,overlap__low_mask_area,overlap,low_mask_area,low_mask_area,,19,0.0006084442138671,0.3684210526315789,0.0,0.0,0.0,0.0,0.0
P2420_0001.jpg,grounded_sam2,GroundingDINO + SAM2,overlap__low_mask_area,overlap,low_mask_area,low_mask_area,,19,0.0006084442138671,0.3684210526315789,0.0,0.0,0.0,0.0,12.426829268292684
P2420_0001.jpg,segearth_ov3,SegEarth-OV3 + SAM3,overlap__low_mask_area,overlap,low_mask_area,low_mask_area,,19,0.0006084442138671,0.3684210526315789,0.0,0.0,0.0,0.0,0.0
P2420_0001.jpg,remotesam_text,RemoteSAM text,overlap__low_mask_area,overlap,low_mask_area,low_mask_area,,19,0.0006084442138671,0.3684210526315789,0.0,0.0,0.0,0.0,0.2048780487804878
P2420_0001.jpg,yolo_ringmo_sam,YOLO + RingMo-SAM,overlap__low_mask_area,overlap,low_mask_area,low_mask_area,,19,0.0006084442138671,0.3684210526315789,0.0,0.0,0.0,0.0,0.0
P2420_0001.jpg,gt_box_ringmo_sam,GT bbox + RingMo-SAM,overlap__low_mask_area,overlap,low_mask_area,low_mask_area,,19,0.0006084442138671,0.3684210526315789,0.20967741935483872,0.3466666666666667,0.44150943396226416,0.28536585365853656,0.6463414634146342
P2462_0000.jpg,sam3_text,SAM3 text-only,overlap__low_mask_area,overlap,low_mask_area,low_mask_area,,57,0.0019330978393554,0.0780487804878048,0.11786148238153099,0.2108695652173913,0.4127659574468085,0.1416058394160584,0.34306569343065696
P2462_0000.jpg,yolo_sam3,YOLO + SAM3,overlap__low_mask_area,overlap,low_mask_area,low_mask_area,,57,0.0019330978393554,0.0780487804878048,0.1276595744680851,0.22641509433962265,0.3756345177664975,0.16204379562043797,0.4313868613138686
P2462_0000.jpg,gt_box_sam3,GT bbox + SAM3,overlap__low_mask_area,overlap,low_mask_area,low_mask_area,,57,0.0019330978393554,0.0780487804878048,0.22475707646810308,0.36702311141773025,0.34793982995421846,0.3883211678832117,1.116058394160584
P2462_0000.jpg,yolo_sam2,YOLO + SAM2,overlap__low_mask_area,overlap,low_mask_area,low_mask_area,,57,0.0019330978393554,0.0780487804878048,0.1255517410495341,0.22309368191721132,0.27675675675675676,0.18686131386861313,0.6751824817518248
P2462_0000.jpg,grounded_sam2,GroundingDINO + SAM2,overlap__low_mask_area,overlap,low_mask_area,low_mask_area,,57,0.0019330978393554,0.0780487804878048,0.002663975782038345,0.005313795740912202,0.0028119807421924927,0.04817518248175182,17.132116788321166
P2462_0000.jpg,segearth_ov3,SegEarth-OV3 + SAM3,overlap__low_mask_area,overlap,low_mask_area,low_mask_area,,57,0.0019330978393554,0.0780487804878048,0.2035894559730791,0.3383038210624418,0.4677835051546392,0.26496350364963506,0.5664233576642336
P2462_0000.jpg,remotesam_text,RemoteSAM text,overlap__low_mask_area,overlap,low_mask_area,low_mask_area,,57,0.0019330978393554,0.0780487804878048,0.1021059349074665,0.18529241459177764,0.4481792717086835,0.11678832116788321,0.2605839416058394
P2462_0000.jpg,yolo_ringmo_sam,YOLO + RingMo-SAM,overlap__low_mask_area,overlap,low_mask_area,low_mask_area,,57,0.0019330978393554,0.0780487804878048,0.07510148849797023,0.13971050975456262,0.5068493150684932,0.08102189781021898,0.15985401459854015
P2462_0000.jpg,gt_box_ringmo_sam,GT bbox + RingMo-SAM,overlap__low_mask_area,overlap,low_mask_area,low_mask_area,,57,0.0019330978393554,0.0780487804878048,0.11893988364576599,0.21259387637203928,0.5096952908587258,0.1343065693430657,0.2635036496350365
P2547_0006.jpg,sam3_text,SAM3 text-only,overlap__low_mask_area,overlap,low_mask_area,low_mask_area,,72,0.0020599365234375,0.217391304347826,0.0,0.0,0.0,0.0,0.0
P2547_0006.jpg,yolo_sam3,YOLO + SAM3,overlap__low_mask_area,overlap,low_mask_area,low_mask_area,,72,0.0020599365234375,0.217391304347826,0.0,0.0,0.0,0.0,0.10814606741573034
P2547_0006.jpg,gt_box_sam3,GT bbox + SAM3,overlap__low_mask_area,overlap,low_mask_area,low_mask_area,,72,0.0020599365234375,0.217391304347826,0.0,0.0,0.0,0.0,0.0
P2547_0006.jpg,yolo_sam2,YOLO + SAM2,overlap__low_mask_area,overlap,low_mask_area,low_mask_area,,72,0.0020599365234375,0.217391304347826,0.0,0.0,0.0,0.0,0.10393258426966293
P2547_0006.jpg,grounded_sam2,GroundingDINO + SAM2,overlap__low_mask_area,overlap,low_mask_area,low_mask_area,,72,0.0020599365234375,0.217391304347826,0.0,0.0,0.0,0.0,6.166432584269663
P2547_0006.jpg,segearth_ov3,SegEarth-OV3 + SAM3,overlap__low_mask_area,overlap,low_mask_area,low_mask_area,,72,0.0020599365234375,0.217391304347826,0.011927181418706842,0.02357320099255583,0.10106382978723404,0.013342696629213483,0.13202247191011235
P2547_0006.jpg,remotesam_text,RemoteSAM text,overlap__low_mask_area,overlap,low_mask_area,low_mask_area,,72,0.0020599365234375,0.217391304347826,0.0,0.0,0.0,0.0,0.2050561797752809
P2547_0006.jpg,yolo_ringmo_sam,YOLO + RingMo-SAM,overlap__low_mask_area,overlap,low_mask_area,low_mask_area,,72,0.0020599365234375,0.217391304347826,0.0,0.0,0.0,0.0,0.0
P2547_0006.jpg,gt_box_ringmo_sam,GT bbox + RingMo-SAM,overlap__low_mask_area,overlap,low_mask_area,low_mask_area,,72,0.0020599365234375,0.217391304347826,0.0,0.0,0.0,0.0,0.0
P2547_0011.jpg,sam3_text,SAM3 text-only,overlap__low_mask_area,overlap,low_mask_area,low_mask_area,,109,0.003453254699707,0.2903225806451613,0.040844582900657664,0.0784835384103758,0.22519083969465647,0.04752315747080145,0.21103503826016914
P2547_0011.jpg,yolo_sam3,YOLO + SAM3,overlap__low_mask_area,overlap,low_mask_area,low_mask_area,,109,0.003453254699707,0.2903225806451613,0.048006194347657766,0.09161433321019578,0.5535714285714286,0.04993958920660491,0.09021345146999597
P2547_0011.jpg,gt_box_sam3,GT bbox + SAM3,overlap__low_mask_area,overlap,low_mask_area,low_mask_area,,109,0.003453254699707,0.2903225806451613,0.0,0.0,0.0,0.0,0.0
P2547_0011.jpg,yolo_sam2,YOLO + SAM2,overlap__low_mask_area,overlap,low_mask_area,low_mask_area,,109,0.003453254699707,0.2903225806451613,0.04909858074415036,0.09360146252285192,0.5079365079365079,0.05155054369714056,0.10149013290374546
P2547_0011.jpg,grounded_sam2,GroundingDINO + SAM2,overlap__low_mask_area,overlap,low_mask_area,low_mask_area,,109,0.003453254699707,0.2903225806451613,0.022290809327846366,0.04360952700436095,0.13052208835341367,0.02617801047120419,0.20056383407168749
P2547_0011.jpg,segearth_ov3,SegEarth-OV3 + SAM3,overlap__low_mask_area,overlap,low_mask_area,low_mask_area,,109,0.003453254699707,0.2903225806451613,0.09577114427860696,0.17480136208853575,0.29586935638808837,0.12404349577124446,0.4192509061619009
P2547_0011.jpg,remotesam_text,RemoteSAM text,overlap__low_mask_area,overlap,low_mask_area,low_mask_area,,109,0.003453254699707,0.2903225806451613,0.06268115942028986,0.11796795090351177,0.3844444444444444,0.06967378171566653,0.18123238018525978
P2547_0011.jpg,yolo_ringmo_sam,YOLO + RingMo-SAM,overlap__low_mask_area,overlap,low_mask_area,low_mask_area,,109,0.003453254699707,0.2903225806451613,0.0,0.0,0.0,0.0,0.0
P2547_0011.jpg,gt_box_ringmo_sam,GT bbox + RingMo-SAM,overlap__low_mask_area,overlap,low_mask_area,low_mask_area,,109,0.003453254699707,0.2903225806451613,0.012072434607645875,0.02385685884691849,0.9375,0.012082158679017317,0.01288763592428514
P2645_0010.jpg,sam3_text,SAM3 text-only,overlap__low_mask_area,overlap,low_mask_area,low_mask_area,,32,0.0027751922607421,0.2254098360655737,0.2885528398100932,0.4478711790393013,0.3303140096618358,0.6953389830508474,2.1050847457627118
P2645_0010.jpg,yolo_sam3,YOLO + SAM3,overlap__low_mask_area,overlap,low_mask_area,low_mask_area,,32,0.0027751922607421,0.2254098360655737,0.23731629392971246,0.38359843007643046,0.2536192297186561,0.786864406779661,3.102542372881356
P2645_0010.jpg,gt_box_sam3,GT bbox + SAM3,overlap__low_mask_area,overlap,low_mask_area,low_mask_area,,32,0.0027751922607421,0.2254098360655737,0.33577354807223037,0.5027402265253927,0.3527602119295847,0.8745762711864407,2.479237288135593
P2645_0010.jpg,yolo_sam2,YOLO + SAM2,overlap__low_mask_area,overlap,low_mask_area,low_mask_area,,32,0.0027751922607421,0.2254098360655737,0.2263009698612994,0.36907900331660853,0.23087562506649645,0.9194915254237288,3.982627118644068
P2645_0010.jpg,grounded_sam2,GroundingDINO + SAM2,overlap__low_mask_area,overlap,low_mask_area,low_mask_area,,32,0.0027751922607421,0.2254098360655737,0.08378475984109787,0.1546151282905698,0.12740252608456892,0.19661016949152543,1.5432203389830508
P2645_0010.jpg,segearth_ov3,SegEarth-OV3 + SAM3,overlap__low_mask_area,overlap,low_mask_area,low_mask_area,,32,0.0027751922607421,0.2254098360655737,0.2899917287014061,0.4496024621697871,0.32236116219198235,0.7427966101694915,2.3042372881355933
P2645_0010.jpg,remotesam_text,RemoteSAM text,overlap__low_mask_area,overlap,low_mask_area,low_mask_area,,32,0.0027751922607421,0.2254098360655737,0.28194413899274245,0.4398696174300909,0.3695589507062554,0.5432203389830509,1.4699152542372882
P2645_0010.jpg,yolo_ringmo_sam,YOLO + RingMo-SAM,overlap__low_mask_area,overlap,low_mask_area,low_mask_area,,32,0.0027751922607421,0.2254098360655737,0.32179226069246436,0.4869029275808937,0.5066422354557948,0.46864406779661016,0.925
P2645_0010.jpg,gt_box_ringmo_sam,GT bbox + RingMo-SAM,overlap__low_mask_area,overlap,low_mask_area,low_mask_area,,32,0.0027751922607421,0.2254098360655737,0.3945215225898257,0.5658163265306122,0.7108974358974359,0.46991525423728814,0.6610169491525424
P2689_0002.jpg,sam3_text,SAM3 text-only,overlap__low_mask_area,overlap,low_mask_area,low_mask_area,,80,0.0040006637573242,0.3333333333333333,0.02796725784447476,0.054412740544127404,0.05559322033898305,0.05328135152696556,0.958414554905783
P2689_0002.jpg,yolo_sam3,YOLO + SAM3,overlap__low_mask_area,overlap,low_mask_area,low_mask_area,,80,0.0040006637573242,0.3333333333333333,0.0,0.0,0.0,0.0,0.0
P2689_0002.jpg,gt_box_sam3,GT bbox + SAM3,overlap__low_mask_area,overlap,low_mask_area,low_mask_area,,80,0.0040006637573242,0.3333333333333333,0.10867084997147747,0.19603807563673784,0.47095179233621753,0.12378167641325535,0.26283300844704355
P2689_0002.jpg,yolo_sam2,YOLO + SAM2,overlap__low_mask_area,overlap,low_mask_area,low_mask_area,,80,0.0040006637573242,0.3333333333333333,0.025038944378264455,0.04885462062800313,0.026231790145678835,0.35510071474983756,13.537037037037036
P2689_0002.jpg,grounded_sam2,GroundingDINO + SAM2,overlap__low_mask_area,overlap,low_mask_area,low_mask_area,,80,0.0040006637573242,0.3333333333333333,0.002316533135382804,0.004622358424312073,0.0024057312226696973,0.05880441845354126,24.443469785575047
P2689_0002.jpg,segearth_ov3,SegEarth-OV3 + SAM3,overlap__low_mask_area,overlap,low_mask_area,low_mask_area,,80,0.0040006637573242,0.3333333333333333,0.03208245243128964,0.06217032826343012,0.0369019393276187,0.19720597790773228,5.344054580896686
P2689_0002.jpg,remotesam_text,RemoteSAM text,overlap__low_mask_area,overlap,low_mask_area,low_mask_area,,80,0.0040006637573242,0.3333333333333333,0.0222528661042613,0.043536911154019094,0.022375683097251298,0.8021442495126706,35.84892787524367
P2689_0002.jpg,yolo_ringmo_sam,YOLO + RingMo-SAM,overlap__low_mask_area,overlap,low_mask_area,low_mask_area,,80,0.0040006637573242,0.3333333333333333,0.02344772636730977,0.045821053216927095,0.027641730962764174,0.13385315139701104,4.842430149447694
P2689_0002.jpg,gt_box_ringmo_sam,GT bbox + RingMo-SAM,overlap__low_mask_area,overlap,low_mask_area,low_mask_area,,80,0.0040006637573242,0.3333333333333333,0.1963226571767497,0.32821021318790283,0.6924686192468619,0.21507472384665366,0.3105912930474334
P2689_0006.jpg,sam3_text,SAM3 text-only,overlap__low_mask_area,overlap,low_mask_area,low_mask_area,,19,0.001051902770996,0.08,0.35340572556762095,0.5222465353756383,0.37079233557742103,0.8828606658446363,2.381011097410604
P2689_0006.jpg,yolo_sam3,YOLO + SAM3,overlap__low_mask_area,overlap,low_mask_area,low_mask_area,,19,0.001051902770996,0.08,0.3665318503538928,0.536440991490936,0.3831923890063425,0.8939580764488286,2.3329223181257706
P2689_0006.jpg,gt_box_sam3,GT bbox + SAM3,overlap__low_mask_area,overlap,low_mask_area,low_mask_area,,19,0.001051902770996,0.08,0.37114479874542605,0.5413648494090736,0.39183222958057395,0.8754623921085081,2.2342786683107274
P2689_0006.jpg,yolo_sam2,YOLO + SAM2,overlap__low_mask_area,overlap,low_mask_area,low_mask_area,,19,0.001051902770996,0.08,0.35152374202693126,0.5201887781856319,0.45255474452554745,0.6115906288532675,1.3514180024660913
P2689_0006.jpg,grounded_sam2,GroundingDINO + SAM2,overlap__low_mask_area,overlap,low_mask_area,low_mask_area,,19,0.001051902770996,0.08,0.066611766858816,0.12490349146435618,0.06712151945417666,0.8976572133168927,13.373612823674476
P2689_0006.jpg,segearth_ov3,SegEarth-OV3 + SAM3,overlap__low_mask_area,overlap,low_mask_area,low_mask_area,,19,0.001051902770996,0.08,0.368,0.5380116959064327,0.38233766233766237,0.9075215782983971,2.373612823674476
P2689_0006.jpg,remotesam_text,RemoteSAM text,overlap__low_mask_area,overlap,low_mask_area,low_mask_area,,19,0.001051902770996,0.08,0.30603705917513446,0.46864988558352405,0.3726346433770015,0.6313193588162762,1.6942046855733661
P2689_0006.jpg,yolo_ringmo_sam,YOLO + RingMo-SAM,overlap__low_mask_area,overlap,low_mask_area,low_mask_area,,19,0.001051902770996,0.08,0.36774827925270404,0.5377426312005751,0.6448275862068965,0.46115906288532676,0.7151664611590629
P2689_0006.jpg,gt_box_ringmo_sam,GT bbox + RingMo-SAM,overlap__low_mask_area,overlap,low_mask_area,low_mask_area,,19,0.001051902770996,0.08,0.44788441692466463,0.6186742694226657,0.7331081081081081,0.5351418002466092,0.7299630086313194
P2709_0000.jpg,sam3_text,SAM3 text-only,overlap__low_mask_area,overlap,low_mask_area,low_mask_area,,13,0.0021448135375976,0.1384615384615384,0.0,0.0,0.0,0.0,0.0
P2709_0000.jpg,yolo_sam3,YOLO + SAM3,overlap__low_mask_area,overlap,low_mask_area,low_mask_area,,13,0.0021448135375976,0.1384615384615384,0.4846897663174859,0.6529172320217096,0.6823596142938173,0.6259105098855359,0.9172736732570239
P2709_0000.jpg,gt_box_sam3,GT bbox + SAM3,overlap__low_mask_area,overlap,low_mask_area,low_mask_area,,13,0.0021448135375976,0.1384615384615384,0.577639751552795,0.7322834645669292,0.6598497495826378,0.8225806451612904,1.2466181061394381
P2709_0000.jpg,yolo_sam2,YOLO + SAM2,overlap__low_mask_area,overlap,low_mask_area,low_mask_area,,13,0.0021448135375976,0.1384615384615384,0.49219391947411667,0.6596916299559471,0.7005847953216374,0.6233090530697191,0.8896982310093653
P2709_0000.jpg,grounded_sam2,GroundingDINO + SAM2,overlap__low_mask_area,overlap,low_mask_area,low_mask_area,,13,0.0021448135375976,0.1384615384615384,0.03833989045745584,0.07384843982169391,0.04307505633558676,0.25858480749219565,6.00312174817898
P2709_0000.jpg,segearth_ov3,SegEarth-OV3 + SAM3,overlap__low_mask_area,overlap,low_mask_area,low_mask_area,,13,0.0021448135375976,0.1384615384615384,0.4578696343402226,0.6281352235550709,0.6597938144329897,0.5993756503642039,0.9084287200832466
P2709_0000.jpg,remotesam_text,RemoteSAM text,overlap__low_mask_area,overlap,low_mask_area,low_mask_area,,13,0.0021448135375976,0.1384615384615384,0.3027440395861449,0.4647790055248619,0.6909650924024641,0.350156087408949,0.5067637877211238
P2709_0000.jpg,yolo_ringmo_sam,YOLO + RingMo-SAM,overlap__low_mask_area,overlap,low_mask_area,low_mask_area,,13,0.0021448135375976,0.1384615384615384,0.028066528066528068,0.054600606673407485,0.9642857142857143,0.02809573361082206,0.029136316337148804
P2709_0000.jpg,gt_box_ringmo_sam,GT bbox + RingMo-SAM,overlap__low_mask_area,overlap,low_mask_area,low_mask_area,,13,0.0021448135375976,0.1384615384615384,0.028066528066528068,0.054600606673407485,0.9642857142857143,0.02809573361082206,0.029136316337148804
P2709_0001.jpg,sam3_text,SAM3 text-only,overlap__low_mask_area,overlap,low_mask_area,low_mask_area,,15,0.0022134780883789,0.2,0.25591140377132593,0.4075309818875119,0.38375224416517056,0.4344512195121951,1.1321138211382114
P2709_0001.jpg,yolo_sam3,YOLO + SAM3,overlap__low_mask_area,overlap,low_mask_area,low_mask_area,,15,0.0022134780883789,0.2,0.3687040181097906,0.5387636965060988,0.4541652143604043,0.6620934959349594,1.4578252032520325
P2709_0001.jpg,gt_box_sam3,GT bbox + SAM3,overlap__low_mask_area,overlap,low_mask_area,low_mask_area,,15,0.0022134780883789,0.2,0.5574185384372035,0.7158236847450742,0.5962774957698815,0.8953252032520326,1.5015243902439024
P2709_0001.jpg,yolo_sam2,YOLO + SAM2,overlap__low_mask_area,overlap,low_mask_area,low_mask_area,,15,0.0022134780883789,0.2,0.4304932735426009,0.6018808777429467,0.572739788893988,0.6341463414634146,1.1072154471544715
P2709_0001.jpg,grounded_sam2,GroundingDINO + SAM2,overlap__low_mask_area,overlap,low_mask_area,low_mask_area,,15,0.0022134780883789,0.2,0.01699891496287471,0.03342956361658508,0.017432473709473317,0.4059959349593496,23.289634146341463
P2709_0001.jpg,segearth_ov3,SegEarth-OV3 + SAM3,overlap__low_mask_area,overlap,low_mask_area,low_mask_area,,15,0.0022134780883789,0.2,0.3468677494199536,0.5150732127476314,0.4469357249626308,0.6077235772357723,1.3597560975609757
P2709_0001.jpg,remotesam_text,RemoteSAM text,overlap__low_mask_area,overlap,low_mask_area,low_mask_area,,15,0.0022134780883789,0.2,0.27492130115424973,0.4312757201646091,0.46869409660107336,0.39939024390243905,0.8521341463414634
P2709_0001.jpg,yolo_ringmo_sam,YOLO + RingMo-SAM,overlap__low_mask_area,overlap,low_mask_area,low_mask_area,,15,0.0022134780883789,0.2,0.0,0.0,0.0,0.0,0.0
P2709_0001.jpg,gt_box_ringmo_sam,GT bbox + RingMo-SAM,overlap__low_mask_area,overlap,low_mask_area,low_mask_area,,15,0.0022134780883789,0.2,0.0,0.0,0.0,0.0,0.0
P2778_0007.jpg,sam3_text,SAM3 text-only,overlap__low_mask_area,overlap,low_mask_area,low_mask_area,,10,0.002511978149414,0.0525606469002695,0.09185100761539657,0.168248244448662,0.09447434326210902,0.7678648765699437,8.127760935469901
P2778_0007.jpg,yolo_sam3,YOLO + SAM3,overlap__low_mask_area,overlap,low_mask_area,low_mask_area,,10,0.002511978149414,0.0525606469002695,0.3457826269408309,0.5138758964764577,0.4014616321559074,0.7137288869640537,1.7778258986574274
P2778_0007.jpg,gt_box_sam3,GT bbox + SAM3,overlap__low_mask_area,overlap,low_mask_area,low_mask_area,,10,0.002511978149414,0.0525606469002695,0.36271748135874066,0.5323443579766537,0.37007607776838547,0.9480294499783456,2.5617150281507146
P2778_0007.jpg,yolo_sam2,YOLO + SAM2,overlap__low_mask_area,overlap,low_mask_area,low_mask_area,,10,0.002511978149414,0.0525606469002695,0.43825100133511347,0.6094221397075887,0.6565,0.5686444348202685,0.8661758336942399
P2778_0007.jpg,grounded_sam2,GroundingDINO + SAM2,overlap__low_mask_area,overlap,low_mask_area,low_mask_area,,10,0.002511978149414,0.0525606469002695,0.23759472011733074,0.3839620778194746,0.35294117647058826,0.4209614551754006,1.1927241229969683
P2778_0007.jpg,segearth_ov3,SegEarth-OV3 + SAM3,overlap__low_mask_area,overlap,low_mask_area,low_mask_area,,10,0.002511978149414,0.0525606469002695,0.0959855116208874,0.17515835857890388,0.09796169841351338,0.8263317453443049,8.435253356431355
P2778_0007.jpg,remotesam_text,RemoteSAM text,overlap__low_mask_area,overlap,low_mask_area,low_mask_area,,10,0.002511978149414,0.0525606469002695,0.15897244973938943,0.2743334404111789,0.5310945273631841,0.18492854049372023,0.34820268514508446
P2778_0007.jpg,yolo_ringmo_sam,YOLO + RingMo-SAM,overlap__low_mask_area,overlap,low_mask_area,low_mask_area,,10,0.002511978149414,0.0525606469002695,0.3559048770656993,0.5249702734839476,0.8369668246445497,0.38241663057600694,0.45690775227371155
P2778_0007.jpg,gt_box_ringmo_sam,GT bbox + RingMo-SAM,overlap__low_mask_area,overlap,low_mask_area,low_mask_area,,10,0.002511978149414,0.0525606469002695,0.4894380231167796,0.6572116671126572,0.8599439775910365,0.5318319618882633,0.6184495452576874
